Stock_ID,Date,Close,Daily_Return_Pct
1101_TW,2000-07-21,4.425703525543213,10.52
1101_TW,2000-09-04,3.925406694412232,11.48
1101_TW,2000-10-02,3.0787503719329834,-11.11
1101_TW,2000-11-20,2.867085695266724,-11.83
1102_TW,2000-08-03,2.544213056564331,10.64
1102_TW,2005-09-29,4.509330749511719,17.6
1102_TW,2005-12-22,4.055637359619141,-15.8
1102_TW,2005-12-23,4.767356872558594,17.55
1102_TW,2005-12-26,4.0661725997924805,-14.71
1102_TW,2005-12-27,4.767356872558594,17.24
1102_TW,2006-05-18,5.203858852386475,-15.29
1102_TW,2006-05-22,6.045206069946289,13.86
1102_TW,2006-05-29,5.214390277862549,-14.27
1102_TW,2006-05-30,6.082065582275391,16.64
1102_TW,2006-07-26,4.908901691436768,-15.89
1102_TW,2006-07-28,5.873187065124512,19.13
1102_TW,2006-08-02,5.087979793548584,-13.55
1102_TW,2006-08-03,5.946908950805664,16.88
1102_TW,2006-11-23,8.799139976501465,15.49
1102_TW,2009-04-02,11.397902488708496,10.54
1103_TW,2009-04-02,8.414362907409668,13.7
1104_TW,2000-09-18,0.8799708485603333,-12.4
1104_TW,2000-11-20,0.7039765119552612,-11.11
1104_TW,2001-09-20,1.1477689743041992,11.67
1104_TW,2005-07-21,2.7444615364074707,11.4
1104_TW,2005-09-30,3.520853281021118,26.54
1104_TW,2006-07-28,3.4624807834625244,10.55
1104_TW,2006-08-03,3.513903856277466,10.54
1108_TW,2000-09-20,2.9069042205810547,11.13
1108_TW,2001-09-20,1.428274154663086,12.64
1108_TW,2002-02-01,1.9638768434524536,14.4
1108_TW,2007-04-16,6.838175296783447,14.04
1108_TW,2009-04-02,3.990670680999756,14.45
1109_TW,2000-10-23,5.5086445808410645,14.04
1109_TW,2015-10-30,6.952165126800537,-11.29
1110_TW,2000-10-23,4.63182544708252,13.39
1110_TW,2000-11-20,3.081450939178467,-11.3
1110_TW,2018-12-24,16.084293365478516,20.92
1201_TW,2000-02-21,13.848868370056152,13.75
1201_TW,2000-05-02,9.892049789428713,14.04
1201_TW,2000-08-07,7.7234086990356445,14.04
1201_TW,2001-03-15,7.951686382293701,13.59
1203_TW,2000-02-21,9.28429126739502,10.91
1203_TW,2000-08-21,6.062693595886231,-11.48
1203_TW,2000-10-23,3.4499008655548096,13.33
1203_TW,2002-07-08,1.4306939840316772,14.17
1203_TW,2002-08-26,2.9679293632507324,-12.69
1210_TW,2001-03-15,1.4794288873672483,11.73
1210_TW,2007-08-06,10.305633544921877,12.22
1210_TW,2009-04-02,7.798645496368408,14.12
1213_TW,2000-02-21,11.575547218322754,14.0
1213_TW,2002-08-22,10.811967849731444,17.01
1213_TW,2005-09-29,6.524038314819336,20.0
1213_TW,2006-10-16,11.853846549987791,10.74
1213_TW,2007-10-01,13.1365385055542,14.23
1213_TW,2011-10-03,16.453845977783203,14.11
1215_TW,2000-02-21,3.200165271759033,10.59
1215_TW,2000-09-18,1.6566004753112793,-12.59
1215_TW,2000-11-20,1.078193426132202,-13.12
1215_TW,2001-04-27,2.0075759887695312,-10.62
1217_TW,2000-02-21,12.007099151611328,13.97
1217_TW,2002-12-03,7.729185104370117,13.84
1218_TW,2000-11-20,1.8316293954849243,-13.27
1218_TW,2010-08-12,12.357423782348633,35.48
1219_TW,2000-02-21,4.329352378845215,14.2
1225_TW,2000-01-17,3.9842376708984375,13.45
1225_TW,2000-03-06,4.4269304275512695,-10.71
1225_TW,2000-08-07,3.748134613037109,-13.01
1225_TW,2000-09-04,3.098851203918457,14.13
1225_TW,2000-10-09,2.715183973312378,13.3
1225_TW,2000-11-15,1.829797983169556,-13.17
1225_TW,2000-11-22,2.2429776191711426,13.77
1225_TW,2007-04-16,5.359537601470947,14.36
1225_TW,2009-01-12,4.62177038192749,11.58
1229_TW,2000-07-31,1.6575206518173218,11.11
1229_TW,2000-09-04,1.4662681818008425,14.43
1229_TW,2000-11-20,1.051888108253479,-13.16
1229_TW,2009-04-02,2.944594144821167,11.98
1231_TW,2000-10-09,4.487888336181641,13.31
1232_TW,2002-07-25,5.157421588897705,11.09
1233_TW,2000-02-21,4.7026143074035645,10.59
1233_TW,2000-06-21,4.505193710327148,12.57
1234_TW,2000-01-17,8.391462326049805,13.77
1234_TW,2013-11-12,21.499631881713867,-13.87
1235_TW,2005-09-29,2.378566265106201,24.08
1235_TW,2006-07-28,2.72369647026062,10.8
1235_TW,2007-07-23,3.843746900558472,-11.16
1235_TW,2016-09-12,8.541812896728516,19.55
1236_TW,2000-02-21,2.607490062713623,13.57
1236_TW,2000-03-06,2.8862786293029785,11.39
1236_TW,2001-09-20,1.2031103372573853,-40.76
1236_TW,2002-02-01,2.317917585372925,13.51
1240_TWO,2017-07-28,28.91123390197754,16.99
1259_TWO,2022-09-28,66.23141479492188,-11.14
1264_TWO,2014-10-31,114.46363067626952,11.43
1264_TWO,2017-07-03,123.37467193603516,-10.87
1264_TWO,2017-07-04,148.93701171875,20.72
1294_TWO,2022-10-03,29.56657791137696,22.33
1294_TWO,2022-10-05,36.34105682373047,11.44
1294_TWO,2022-10-06,48.3973274230957,33.18
1294_TWO,2022-10-07,42.02472686767578,-13.17
1294_TWO,2022-10-19,28.705415725708008,-13.64
1294_TWO,2023-03-09,33.011226654052734,12.97
1294_TWO,2023-07-05,66.88361358642578,11.48
1294_TWO,2023-07-12,68.63456726074219,-12.34
1294_TWO,2024-03-11,111.6144561767578,13.56
1294_TWO,2024-04-01,153.2616424560547,19.79
1294_TWO,2024-04-03,176.58407592773438,12.05
1294_TWO,2024-04-09,169.58734130859375,-10.86
1294_TWO,2024-04-17,150.26304626464844,12.47
1294_TWO,2024-09-26,110.02040100097656,-10.92
1295_TWO,2024-08-12,75.57035827636719,13.56
1295_TWO,2025-04-07,58.82608795166016,-16.89
1295_TWO,2025-05-29,78.3391342163086,15.35
1301_TW,2000-07-06,9.13107681274414,11.88
1301_TW,2001-07-05,7.235023975372314,11.35
1301_TW,2005-06-22,17.623289108276367,15.34
1301_TW,2025-08-04,37.84999847412109,-11.25
1303_TW,2000-07-28,9.033265113830566,13.67
1303_TW,2002-07-18,7.525923728942871,10.6
1304_TW,2000-09-04,3.5753092765808105,14.23
1304_TW,2000-09-18,3.0154736042022705,-11.24
1304_TW,2000-10-02,2.621044158935547,-13.08
1304_TW,2000-11-20,1.9339746236801147,-11.11
1304_TW,2001-01-02,1.819463014602661,13.49
1304_TW,2001-09-25,1.2850751876831057,-12.17
1304_TW,2002-01-04,2.0612096786499023,10.96
1304_TW,2009-04-02,4.689035892486572,11.35
1305_TW,2000-09-18,3.033693552017212,-12.65
1305_TW,2000-10-02,2.426954746246338,-12.78
1305_TW,2000-11-20,1.3390092849731443,-13.28
1305_TW,2001-01-02,1.510570049285889,13.17
1305_TW,2002-01-04,1.6319177150726318,14.04
1305_TW,2002-08-26,5.209583759307861,14.22
1307_TW,2000-02-21,6.607458591461182,14.05
1307_TW,2000-03-06,6.2199249267578125,-13.24
1307_TW,2000-07-17,2.884876251220703,14.12
1307_TW,2000-07-31,3.370647668838501,11.84
1307_TW,2000-09-04,2.547812461853028,11.74
1307_TW,2000-09-18,2.042215347290039,-11.97
1307_TW,2001-01-02,1.6357547044754028,10.74
1307_TW,2009-06-11,9.121905326843262,63.53
1308_TW,2000-09-18,2.424981117248535,-13.5
1308_TW,2000-10-02,1.82223916053772,-13.33
1308_TW,2000-10-09,2.0605313777923584,10.94
1308_TW,2000-11-20,1.43676495552063,-13.14
1308_TW,2001-01-02,1.647024393081665,14.08
1309_TW,2000-08-09,6.502690315246582,11.96
1309_TW,2000-09-18,4.654799461364746,-12.72
1309_TW,2000-10-02,4.02324914932251,-12.69
1309_TW,2001-01-02,3.508643627166748,13.64
1309_TW,2002-01-04,4.116810321807861,13.55
1310_TW,2000-01-17,17.59449005126953,13.27
1310_TW,2000-09-04,12.540322303771973,13.04
1310_TW,2000-10-02,8.904367446899414,-13.04
1310_TW,2001-01-02,8.459149360656738,14.0
1310_TW,2001-09-25,5.036661624908447,-12.96
1310_TW,2002-01-04,8.401582717895508,13.95
1310_TW,2009-04-02,7.096992492675781,14.15
1312_TW,2000-01-17,14.564130783081056,14.04
1312_TW,2000-09-04,11.986321449279783,13.37
1312_TW,2000-09-18,10.233609199523926,-11.71
1312_TW,2000-10-02,8.169925689697266,-12.95
1312_TW,2001-01-02,6.106237411499023,13.68
1312_TW,2002-01-04,4.617640018463135,13.77
1312_TW,2009-04-02,4.741169452667236,11.17
1313_TW,2000-07-21,3.416204929351806,11.78
1313_TW,2000-09-04,2.735485076904297,14.21
1313_TW,2000-09-18,2.3447020053863525,-13.08
1313_TW,2000-10-02,1.966522455215454,-12.36
1313_TW,2000-11-20,1.0588985681533811,-13.22
1313_TW,2001-01-02,1.4622864723205566,13.73
1313_TW,2002-08-26,3.664370536804199,12.3
1313_TW,2005-12-27,3.9207279682159424,13.76
1314_TW,2000-09-18,4.148630142211914,-12.85
1314_TW,2000-11-20,2.1913275718688965,-13.26
1315_TW,2009-04-02,12.799177169799805,14.09
1315_TW,2011-08-02,31.68671226501465,14.45
1316_TW,2000-01-17,19.51766586303711,10.98
1316_TW,2000-02-21,30.49635124206543,13.64
1316_TW,2000-04-10,51.23387145996094,14.03
1316_TW,2000-07-17,23.38053703308105,13.86
1316_TW,2000-09-18,10.368759155273438,-12.82
1316_TW,2000-10-02,7.522432804107666,-12.94
1316_TW,2000-10-09,9.413206100463867,13.2
1316_TW,2000-11-20,5.184379577636719,-13.27
1316_TW,2002-02-01,6.119600772857666,14.02
1316_TW,2012-02-06,23.17722511291504,12.87
1319_TW,2000-09-18,5.456267833709717,-11.29
1321_TW,2002-02-01,6.494689464569092,13.94
1321_TW,2009-04-02,12.514423370361328,12.61
1323_TW,2000-04-17,2.189329147338867,-12.34
1323_TW,2001-04-27,2.1832430362701416,13.84
1324_TW,2000-04-05,8.938950538635254,14.36
1324_TW,2000-09-14,6.908820629119873,13.36
1324_TW,2001-08-22,4.187620162963867,15.25
1325_TW,2000-09-13,7.40602970123291,-13.04
1325_TW,2001-08-28,5.069702625274658,12.31
1325_TW,2016-12-09,14.835536003112791,-11.69
1326_TW,2000-11-20,3.069870948791504,-10.74
1326_TW,2001-09-25,3.331336736679077,-13.06
1326_TW,2005-07-13,17.72364044189453,12.41
1340_TW,2013-12-17,80.25647735595703,19.6
1340_TW,2013-12-20,89.64321899414062,14.03
1340_TW,2014-01-14,73.6857681274414,-14.9
1342_TW,2019-10-08,39.27165603637695,-11.55
1342_TW,2019-10-14,42.31602478027344,12.01
1342_TW,2020-07-27,49.1878776550293,67.06
1402_TW,2000-08-09,5.073445796966553,16.13
1402_TW,2000-09-04,5.952431201934815,13.86
1402_TW,2005-09-29,6.303268432617188,13.32
1402_TW,2005-12-22,6.662637233734131,-11.61
1402_TW,2005-12-23,7.504674911499023,12.64
1402_TW,2006-05-29,7.702732563018799,-10.68
1409_TW,2000-09-04,2.0721323490142822,14.46
1409_TW,2000-11-20,1.02929425239563,-10.59
1409_TW,2002-01-04,1.3091901540756226,10.69
1409_TW,2009-04-02,2.7883877754211426,13.15
1410_TW,2000-05-02,20.62123680114746,-13.23
1410_TW,2007-10-01,15.52342128753662,10.96
1410_TW,2014-10-20,18.78866958618164,-13.86
1413_TW,2000-09-04,12.61111068725586,13.5
1413_TW,2000-09-18,9.388888359069824,-13.33
1413_TW,2000-11-20,6.25,-13.13
1413_TW,2002-02-01,7.083333015441895,13.84
1413_TW,2018-04-02,12.449999809265137,20.29
1414_TW,2000-09-18,2.272622585296631,-12.97
1414_TW,2000-11-20,1.4203886985778809,-12.75
1414_TW,2002-02-01,3.3543031215667725,14.13
1414_TW,2009-06-08,4.389297008514404,14.44
1416_TW,2000-02-21,12.356575965881348,14.14
1416_TW,2000-09-18,3.854343891143799,-13.04
1416_TW,2000-10-02,3.366883516311645,-11.61
1416_TW,2000-11-20,1.8364819288253784,-12.9
1416_TW,2002-02-01,7.198554515838623,13.39
1416_TW,2009-04-02,5.928889274597168,10.57
1416_TW,2013-11-01,14.418205261230469,-15.9
1416_TW,2016-10-14,16.13463020324707,-13.46
1417_TW,2000-02-21,11.284958839416504,13.96
1417_TW,2000-09-04,5.530967712402344,13.76
1417_TW,2000-09-18,4.549666881561279,-11.3
1417_TW,2000-11-20,2.6941165924072266,-13.22
1417_TW,2001-11-12,3.256133794784546,14.06
1417_TW,2002-02-01,4.255276679992676,14.39
1417_TW,2002-12-03,7.538173675537109,-12.89
1417_TW,2009-04-02,4.9957122802734375,12.0
1417_TW,2020-02-17,8.459929466247559,27.51
1418_TW,2000-04-17,20.075294494628903,-11.11
1418_TW,2000-11-20,10.874117851257324,-11.36
1418_TW,2009-06-08,4.570000171661377,14.25
1418_TW,2015-08-21,4.03000020980835,-26.86
1418_TW,2015-08-26,2.950000047683716,-18.73
1418_TW,2015-09-22,4.400000095367432,11.11
1418_TW,2017-11-28,11.100000381469728,141.3
1418_TW,2021-04-07,8.550000190734863,20.76
1419_TW,2000-09-04,7.633419036865234,12.15
1419_TW,2000-09-18,6.011317253112793,-10.85
1419_TW,2000-11-06,6.901886463165283,14.21
1419_TW,2009-06-08,26.11346244812012,14.31
1423_TW,2000-02-21,12.541529655456545,14.21
1423_TW,2000-05-02,7.397769451141357,-11.11
1423_TW,2000-09-04,6.068482398986816,14.13
1423_TW,2000-11-20,3.2365238666534424,-13.31
1423_TW,2001-04-27,5.294027805328369,12.81
1423_TW,2001-09-25,6.935407638549805,13.21
1423_TW,2009-04-02,6.225645065307617,10.59
1423_TW,2018-10-29,10.225951194763184,-25.05
1432_TW,2002-02-01,126.9480438232422,13.49
1432_TW,2003-02-06,120.84156036376952,-12.74
1432_TW,2004-12-03,67.98908233642578,-11.71
1432_TW,2005-10-05,12.51340675354004,-77.4
1432_TW,2005-11-17,4.363649845123291,-65.13
1432_TW,2005-12-22,12.075373649597168,163.18
1432_TW,2005-12-23,4.427820682525635,-63.33
1432_TW,2005-12-26,12.679129600524902,186.35
1432_TW,2005-12-27,4.7486772537231445,-62.55
1432_TW,2006-01-24,7.8289008140563965,-13.17
1432_TW,2006-02-20,5.614990234375,-34.7
1432_TW,2006-06-01,8.223722457885742,14.45
1432_TW,2007-12-20,7.758228778839111,-13.33
1432_TW,2008-01-22,6.540783882141113,-19.41
1432_TW,2008-01-25,5.6694746017456055,-13.32
1432_TW,2008-09-12,5.418824195861816,-24.96
1432_TW,2008-10-07,3.5210418701171875,-39.18
1432_TW,2008-11-27,1.5397099256515503,-49.81
1432_TW,2009-02-05,1.3129305839538574,-12.0
1432_TW,2009-05-14,3.843307256698608,180.0
1432_TW,2009-06-11,4.535579681396484,26.67
1432_TW,2009-07-06,5.430759906768799,-19.75
1432_TW,2010-07-02,8.844381332397461,-13.23
1432_TW,2010-11-01,14.859992027282717,14.22
1432_TW,2018-11-28,18.09967613220215,14.82
1434_TW,2000-09-04,4.189563751220703,11.83
1435_TW,2007-06-25,13.350000381469728,14.1
1435_TW,2017-02-20,7.090000152587891,19.56
1435_TW,2023-04-07,26.299999237060547,-12.19
1435_TW,2025-04-08,31.5,-15.66
1436_TW,2001-10-02,3.738368034362793,-13.05
1436_TW,2011-08-16,17.360292434692383,18.78
1436_TW,2011-09-29,16.15549087524414,15.76
1436_TW,2012-08-06,8.845500946044922,-54.69
1437_TW,2000-09-18,4.8041815757751465,-11.54
1437_TW,2000-11-20,3.6205434799194336,-12.61
1437_TW,2007-06-25,21.061817169189453,14.37
1437_TW,2009-04-02,7.324799537658691,13.91
1438_TW,2000-05-22,20.47951889038086,13.78
1438_TW,2000-07-20,12.948933601379396,-10.76
1438_TW,2000-07-31,11.846896171569824,13.16
1438_TW,2000-10-02,6.557118892669678,-10.97
1438_TW,2000-11-20,4.040801525115967,-13.04
1438_TW,2001-10-02,5.142838001251221,13.82
1438_TW,2001-11-12,3.526517152786255,-13.12
1438_TW,2001-11-22,2.185706377029419,-12.5
1438_TW,2001-12-06,1.4693818092346191,-23.08
1438_TW,2002-04-02,2.534684419631958,-13.21
1438_TW,2002-07-29,2.553051710128784,-13.13
1438_TW,2002-08-01,2.222440719604492,-12.95
1438_TW,2002-09-17,2.4979498386383057,-24.02
1438_TW,2002-10-28,2.1489717960357666,-18.75
1438_TW,2002-11-07,1.524483561515808,-23.85
1438_TW,2002-12-03,1.983666181564331,12.5
1438_TW,2003-01-06,2.2775425910949707,-12.68
1438_TW,2003-03-24,2.4795827865600586,-10.6
1438_TW,2003-05-26,2.4612152576446533,-18.79
1438_TW,2003-06-20,1.7081563472747805,-19.13
1438_TW,2003-09-08,2.0204007625579834,-12.0
1438_TW,2004-06-23,3.8754961490631104,-18.85
1438_TW,2004-11-01,2.406113624572754,-12.67
1438_TW,2004-11-09,2.075502634048462,-13.08
1438_TW,2005-01-24,2.075502634048462,-12.4
1438_TW,2005-03-18,1.965299129486084,-13.01
1438_TW,2005-06-02,1.7999926805496216,-53.11
1438_TW,2005-07-27,2.71835732460022,-13.45
1438_TW,2005-11-17,2.993866443634033,-24.88
1438_TW,2006-01-09,1.928564548492432,-42.31
1438_TW,2006-03-02,2.057135581970215,-13.18
1438_TW,2006-04-03,1.6530544757843018,-18.18
1438_TW,2006-05-29,0.973465383052826,12.77
1438_TW,2006-06-01,1.0836690664291382,11.32
1438_TW,2006-07-28,2.6999897956848145,-13.02
1438_TW,2007-02-05,3.4530482292175293,-13.36
1438_TW,2007-04-26,3.746925354003906,-13.19
1438_TW,2007-08-24,4.444881439208984,-13.26
1438_TW,2007-11-13,2.3693790435791016,-12.84
1438_TW,2008-02-26,3.2326407432556152,-19.27
1438_TW,2008-03-27,3.0122334957122803,-13.23
1438_TW,2008-11-05,1.928564548492432,-18.6
1438_TW,2008-12-26,1.6897889375686646,-12.38
1438_TW,2009-03-12,1.285709023475647,-23.91
1438_TW,2009-05-06,2.1489717960357666,-12.03
1438_TW,2009-05-26,1.855095386505127,-13.68
1438_TW,2010-03-05,3.710190773010254,-13.3
1438_TW,2010-05-28,3.5816190242767334,-12.95
1438_TW,2010-07-22,3.030601024627685,11.49
1438_TW,2012-03-05,4.389780044555664,13.81
1438_TW,2012-08-06,3.838761806488037,-11.06
1438_TW,2012-09-13,3.8020272254943848,-14.11
1438_TW,2018-04-02,15.336679458618164,17.11
1438_TW,2021-04-07,34.76008224487305,13.83
1439_TW,2000-09-04,4.532615661621094,11.24
1439_TW,2000-11-20,3.38801646232605,-10.84
1439_TW,2010-02-08,19.17580795288086,-11.36
1439_TW,2018-12-24,27.72998046875,-11.35
1440_TW,2000-09-04,2.5698001384735107,10.58
1440_TW,2000-11-20,1.3362958431243896,-13.33
1440_TW,2001-01-02,1.7653411626815796,11.58
1440_TW,2010-08-05,9.215621948242188,14.04
1441_TW,2000-09-04,20.481828689575195,14.17
1441_TW,2000-11-20,16.71505355834961,-13.2
1441_TW,2002-02-01,16.71505355834961,14.15
1442_TW,2000-01-17,6.832049369812012,14.46
1442_TW,2000-02-21,12.585351943969728,13.64
1442_TW,2000-03-06,7.407380104064941,-11.21
1442_TW,2000-04-17,8.198452949523926,-12.98
1442_TW,2001-11-12,1.3664132356643677,13.1
1442_TW,2002-01-08,1.1866202354431152,21.32
1442_TW,2004-09-07,4.9062604904174805,-13.09
1442_TW,2004-10-12,7.470177173614502,52.26
1442_TW,2005-09-29,3.991380214691162,-35.0
1442_TW,2005-12-22,6.147071361541748,57.09
1442_TW,2005-12-23,4.258845329284668,-30.72
1442_TW,2005-12-26,6.520577907562256,53.11
1442_TW,2005-12-27,4.155973434448242,-36.26
1442_TW,2006-02-08,6.014125823974609,53.69
1442_TW,2006-02-09,3.867936134338379,-35.69
1442_TW,2006-05-18,6.80546760559082,51.73
1442_TW,2006-05-22,4.3205671310424805,-35.92
1442_TW,2006-05-29,7.090339183807373,61.8
1442_TW,2006-05-30,4.6086039543151855,-35.0
1442_TW,2006-07-26,6.773805141448975,53.13
1442_TW,2006-07-28,4.773197174072266,-33.57
1442_TW,2006-09-13,6.172238349914551,53.06
1442_TW,2006-09-14,3.991380214691162,-35.33
1443_TW,2000-02-21,25.93221473693848,11.06
1443_TW,2000-09-04,10.32984447479248,14.29
1443_TW,2002-02-01,7.123288154602051,14.14
1443_TW,2013-09-16,7.610000133514404,14.09
1443_TW,2018-10-18,6.980000019073486,12.4
1444_TW,2000-01-17,5.565185070037842,13.17
1444_TW,2000-09-18,1.957409739494324,-13.19
1444_TW,2000-11-20,1.1418219804763794,-13.14
1444_TW,2001-09-20,1.6455672979354858,14.33
1444_TW,2009-04-02,2.4482014179229736,12.76
1445_TW,2000-11-20,2.3033525943756104,-12.9
1446_TW,2000-02-21,28.636474609375,13.77
1446_TW,2000-11-20,4.140429973602295,-11.67
1446_TW,2002-02-01,8.299101829528809,14.04
1446_TW,2002-10-15,7.0415778160095215,14.56
1446_TW,2009-06-08,7.3083176612854,14.45
1447_TW,2000-09-18,2.265010118484497,-13.29
1447_TW,2000-11-20,1.6880725622177124,-13.19
1447_TW,2001-09-20,1.656018614768982,11.11
1447_TW,2005-09-29,4.407148838043213,15.22
1447_TW,2005-12-22,3.360116004943848,-11.07
1447_TW,2006-10-27,4.230862617492676,10.92
1447_TW,2007-07-02,7.139581680297852,12.78
1447_TW,2009-04-02,3.0721232891082764,10.92
1447_TW,2012-01-06,7.6419196128845215,25.0
1449_TW,2000-11-20,135.49368286132812,-12.38
1449_TW,2005-09-29,34.35457229614258,-34.48
1449_TW,2009-04-02,16.704883575439453,13.61
1449_TW,2009-06-08,18.40538215637207,12.88
1449_TW,2012-11-01,20.78107643127441,-10.65
1449_TW,2012-11-19,16.804912567138672,-12.84
1449_TW,2016-09-29,12.572311401367188,12.14
1451_TW,2017-10-11,21.4578800201416,-28.69
1452_TW,2000-01-17,3.931504249572754,11.3
1452_TW,2000-09-04,1.965752124786377,12.28
1452_TW,2000-09-18,1.4712430238723757,-12.91
1452_TW,2000-12-04,1.1057363748550415,11.8
1452_TW,2001-09-20,1.7200345993041992,13.13
1452_TW,2001-11-12,1.4773849248886108,11.34
1453_TW,2000-02-21,184.0133209228516,11.26
1453_TW,2000-11-20,67.90965270996094,-12.68
1453_TW,2000-12-04,89.59691619873047,14.25
1453_TW,2001-04-27,291.3543701171875,-13.07
1453_TW,2003-11-19,61.41312026977539,-45.56
1453_TW,2005-09-29,5.866508960723877,-55.28
1453_TW,2006-07-28,3.9571259021759033,13.49
1453_TW,2007-03-05,4.535823822021484,11.45
1453_TW,2007-12-14,4.621636867523193,-13.33
1454_TW,2000-11-20,1.9005903005599976,-12.63
1455_TW,2000-01-17,4.629717826843262,12.28
1455_TW,2000-07-14,3.4137794971466064,13.03
1455_TW,2000-09-04,2.743217706680298,13.45
1455_TW,2000-09-18,2.15393328666687,-12.4
1455_TW,2000-11-20,1.2070144414901731,-10.54
1455_TW,2001-09-20,2.3849973678588867,14.0
1455_TW,2012-01-06,9.538947105407717,18.81
1455_TW,2017-10-02,9.118176460266112,12.77
1455_TW,2021-04-07,12.377279281616213,16.17
1456_TW,2000-02-21,220.62271118164065,14.06
1456_TW,2005-04-12,16.061248779296875,-27.46
1456_TW,2007-04-16,31.15975952148437,12.47
1456_TW,2008-11-26,12.212689399719238,-23.48
1456_TW,2009-05-19,8.22804069519043,-29.02
1456_TW,2010-02-08,7.141319274902344,-10.97
1456_TW,2012-12-24,15.11061668395996,13.62
1456_TW,2014-10-17,14.531031608581545,-12.25
1456_TW,2015-06-16,12.25408935546875,-11.51
1456_TW,2016-01-18,9.37686252593994,-11.0
1457_TW,2000-01-17,14.251163482666016,13.43
1457_TW,2000-02-21,18.56393241882324,12.5
1457_TW,2000-09-04,5.906558513641357,13.51
1457_TW,2000-11-20,2.9156768321990967,-12.15
1457_TW,2001-09-20,3.609523057937622,14.24
1457_TW,2001-11-12,3.468873977661133,11.78
1457_TW,2005-09-29,2.3165597915649414,-27.75
1457_TW,2006-05-29,2.887835502624512,41.94
1457_TW,2006-05-30,2.0215208530426025,-30.0
1457_TW,2012-01-06,3.7042195796966553,12.9
1459_TW,2000-09-04,3.1944823265075684,13.49
1459_TW,2000-09-18,2.25624418258667,-11.4
1459_TW,2000-11-20,2.83705997467041,-10.56
1459_TW,2001-01-02,2.9487550258636475,13.79
1459_TW,2002-02-01,4.668858528137207,12.97
1459_TW,2009-04-02,4.556322574615479,12.07
1459_TW,2012-01-06,8.81574535369873,13.45
1460_TW,2000-09-18,3.3775973320007324,-12.04
1463_TW,2000-07-14,4.369806289672852,18.4
1464_TW,2001-09-20,1.624455451965332,14.15
1464_TW,2009-04-02,2.6937222480773926,13.66
1465_TW,2000-06-27,3.2579867839813232,15.03
1466_TW,2000-02-21,13.822580337524414,13.48
1466_TW,2000-04-17,8.811905860900879,13.33
1466_TW,2000-09-18,2.4016759395599365,-13.13
1466_TW,2000-10-02,2.488067388534546,-11.11
1466_TW,2001-06-22,1.503207087516785,27.94
1466_TW,2002-02-01,1.693267583847046,13.95
1466_TW,2012-01-06,14.786125183105469,18.15
1467_TW,2021-08-18,14.254651069641112,10.74
1468_TW,2000-08-22,16.363649368286133,14.35
1468_TW,2000-09-04,16.198362350463867,10.73
1468_TW,2016-09-26,11.25,-11.76
1470_TW,2000-11-10,5.475059509277344,-12.77
1470_TW,2004-11-04,3.278358221054077,11.34
1470_TW,2005-06-23,2.6707608699798584,11.11
1470_TW,2005-07-15,2.664083480834961,11.14
1470_TW,2006-09-25,3.031313419342041,12.38
1470_TW,2008-01-09,3.538758516311645,12.77
1470_TW,2020-10-30,15.649476051330566,10.78
1471_TW,2000-01-31,7.900699138641357,12.94
1471_TW,2002-02-01,2.6090450286865234,14.24
1471_TW,2002-08-26,5.510193824768066,13.7
1471_TW,2005-09-29,26.82225608825684,12.52
1471_TW,2006-05-22,29.702211380004883,11.94
1471_TW,2006-05-29,25.00909805297852,-11.17
1471_TW,2018-01-22,8.720000267028809,52.18
1471_TW,2021-04-07,9.1899995803833,20.92
1472_TW,2000-09-13,48.77276992797852,-25.27
1472_TW,2000-10-12,42.2279052734375,13.54
1472_TW,2003-07-01,78.88729095458984,-12.82
1472_TW,2006-10-16,27.3226375579834,14.29
1472_TW,2017-10-30,128.84683227539062,92.4
1473_TW,2000-09-13,8.867548942565918,33.04
1473_TW,2001-06-04,9.679179191589355,19.85
1474_TW,2000-02-21,3.903503894805908,14.14
1474_TW,2000-11-01,1.6768256425857544,-39.75
1474_TW,2001-08-23,2.613638162612915,21.75
1474_TW,2002-08-15,5.12584924697876,12.31
1475_TW,2000-04-05,218.71925354003903,14.0
1475_TW,2000-04-10,282.6722412109375,13.92
1475_TW,2000-10-30,232.78890991210932,18.95
1475_TW,2001-09-25,258.0979309082031,-16.02
1475_TW,2004-09-27,180.51939392089844,-19.33
1475_TW,2004-12-09,173.05987548828125,14.29
1475_TW,2005-03-07,99.960693359375,-37.38
1475_TW,2005-06-16,109.6634292602539,11.72
1475_TW,2005-09-29,94.7708511352539,-31.37
1475_TW,2005-12-22,125.45857238769533,42.09
1475_TW,2005-12-27,87.1891860961914,-30.38
1475_TW,2006-05-15,112.8224639892578,36.57
1475_TW,2006-05-16,83.55630493164062,-25.94
1475_TW,2006-05-18,114.8532485961914,45.43
1475_TW,2006-05-22,78.18595886230469,-31.93
1475_TW,2006-07-05,101.54020690917967,34.21
1475_TW,2006-07-10,75.65873718261719,-25.49
1475_TW,2006-07-12,101.99148559570312,34.8
1475_TW,2006-07-13,71.39405059814453,-30.0
1475_TW,2006-07-19,99.28374481201172,34.02
1475_TW,2006-07-24,69.3406753540039,-29.84
1475_TW,2006-07-26,96.57601928710938,33.21
1475_TW,2006-07-31,73.76332092285156,-23.8
1475_TW,2006-08-11,85.29376983642578,33.0
1475_TW,2006-08-15,61.916954040527344,-27.41
1475_TW,2006-08-18,85.068115234375,32.98
1475_TW,2006-08-21,62.39081573486328,-26.66
1475_TW,2006-09-06,68.37040710449219,33.19
1475_TW,2006-09-07,51.1762580871582,-25.15
1475_TW,2006-09-11,69.04732513427734,34.92
1475_TW,2006-09-13,49.75469970703125,-26.99
1475_TW,2006-10-26,49.41624069213867,45.51
1475_TW,2006-10-27,34.433406829833984,-30.32
1475_TW,2007-01-31,42.33097839355469,42.86
1475_TW,2007-02-01,31.59028434753418,-25.37
1475_TW,2007-03-05,41.0673713684082,40.69
1475_TW,2007-03-06,28.3996639251709,-30.85
1475_TW,2007-07-20,82.81169128417969,42.47
1475_TW,2007-07-23,58.12612533569336,-29.81
1475_TW,2007-09-03,68.14476013183594,43.33
1475_TW,2007-09-04,47.54337692260742,-30.23
1475_TW,2007-09-10,67.91911315917969,41.91
1475_TW,2007-09-11,50.54446029663086,-25.58
1475_TW,2007-09-17,67.69346618652344,39.15
1475_TW,2007-09-19,47.54337692260742,-29.77
1475_TW,2007-10-26,68.59605407714844,42.86
1475_TW,2007-10-29,46.12181854248047,-32.76
1475_TW,2007-11-08,63.631874084472656,43.88
1475_TW,2007-11-09,41.54122543334961,-34.72
1475_TW,2007-11-26,58.66767883300781,42.86
1475_TW,2007-11-28,41.0673713684082,-30.0
1475_TW,2007-12-18,54.38043212890625,52.34
1475_TW,2007-12-19,40.43556594848633,-25.64
1475_TW,2008-11-25,22.88716125488281,-13.03
1475_TW,2009-01-13,11.631542205810549,13.12
1475_TW,2009-04-02,19.39327621459961,14.34
1475_TW,2009-06-08,16.56278419494629,14.35
1475_TW,2013-05-21,5.540682792663574,-13.33
1475_TW,2016-06-27,7.554752826690674,18.18
1475_TW,2017-11-13,97.91724395751952,201.84
1475_TW,2018-04-02,22.091089248657227,-18.86
1475_TW,2018-11-13,6.830324649810791,-13.33
1475_TW,2019-06-13,5.636212348937988,12.03
1475_TW,2021-04-15,43.45110321044922,15.76
1476_TW,2005-08-11,4.469850540161133,11.01
1476_TW,2006-09-11,4.786237716674805,11.0
1476_TW,2007-03-05,6.975173473358154,-12.3
1476_TW,2007-03-06,7.742441177368164,11.0
1476_TW,2007-07-23,9.334783554077148,14.12
1503_TW,2001-09-20,7.905702590942383,11.72
1504_TW,2000-04-17,10.724976539611816,-10.59
1504_TW,2000-06-01,13.13465404510498,16.34
1504_TW,2000-09-04,9.825407028198242,13.83
1504_TW,2000-09-18,7.983141422271728,-11.36
1504_TW,2000-11-20,5.936182498931885,-12.12
1504_TW,2002-02-01,5.558364868164063,13.81
1504_TW,2009-04-02,6.628890037536621,14.09
1506_TW,2000-02-21,16.07779884338379,12.39
1506_TW,2000-05-08,11.090399742126465,14.19
1506_TW,2000-09-18,7.809216022491455,-12.5
1506_TW,2000-11-20,5.171144962310791,-11.66
1506_TW,2014-12-29,23.152565002441406,12.21
1512_TW,2000-08-21,14.166794776916504,13.97
1512_TW,2007-06-25,31.135236740112305,13.71
1512_TW,2018-12-24,23.72653579711914,20.76
1513_TW,2000-08-09,4.445568561553955,14.48
1513_TW,2000-09-18,2.79958176612854,-12.72
1513_TW,2000-11-20,2.349398374557495,-12.11
1514_TW,2000-06-15,4.6261725425720215,18.05
1514_TW,2000-11-20,2.5206689834594727,-10.53
1514_TW,2001-09-20,2.8108248710632324,12.69
1514_TW,2018-04-02,9.720502853393556,20.72
1514_TW,2018-12-24,9.21477508544922,10.76
1515_TW,2000-08-02,16.12220001220703,18.08
1515_TW,2009-06-08,6.063076972961426,11.11
1515_TW,2017-10-02,37.440956115722656,17.78
1516_TW,2000-02-21,149.94029235839844,13.89
1516_TW,2000-09-04,53.48476791381836,13.59
1516_TW,2000-09-18,42.970664978027344,-11.32
1516_TW,2000-11-20,24.319568634033203,-13.07
1516_TW,2002-08-26,39.67930221557617,14.21
1516_TW,2004-01-05,41.60501480102539,13.48
1516_TW,2014-03-03,6.683861255645752,-12.08
1517_TW,2000-07-31,4.307806491851807,10.68
1517_TW,2000-08-10,4.618046283721924,10.6
1517_TW,2000-09-18,2.7433948516845703,-11.76
1517_TW,2000-10-09,2.811978816986084,13.89
1517_TW,2000-11-20,1.3442612886428833,-13.27
1517_TW,2000-12-04,1.650607347488403,14.24
1517_TW,2001-04-27,2.949147939682007,-11.03
1517_TW,2021-04-07,23.45249938964844,20.67
1519_TW,2000-06-27,6.8260178565979,19.34
1519_TW,2001-09-20,4.407898426055908,13.92
1519_TW,2024-04-01,598.1532592773438,10.78
1521_TW,2000-04-17,4.529125213623047,-10.86
1521_TW,2000-07-17,5.402763366699219,12.98
1521_TW,2000-07-31,6.48814058303833,12.55
1521_TW,2000-09-18,4.8238959312438965,-13.04
1522_TW,2000-10-09,3.444988489151001,10.7
1522_TW,2005-08-11,8.285327911376953,12.23
1522_TW,2006-10-16,9.937929153442385,14.07
1522_TW,2013-09-16,10.971231460571287,11.45
1522_TW,2024-04-01,53.90853500366211,11.24
1524_TW,2000-06-28,5.956810474395752,11.57
1524_TW,2000-07-17,5.854692935943604,13.91
1524_TW,2000-09-18,2.67205023765564,-12.78
1524_TW,2002-07-12,6.019991397857666,11.01
1525_TW,2005-07-07,9.221652030944824,11.01
1525_TW,2005-12-27,9.129865646362305,11.74
1526_TW,2000-07-06,42.21564865112305,18.88
1526_TW,2000-09-18,22.295137405395508,-11.98
1526_TW,2002-01-04,19.52474403381348,12.12
1526_TW,2002-12-03,42.47949981689453,-12.97
1526_TW,2005-09-29,4.8481125831604,-43.64
1526_TW,2007-04-16,7.844568729400635,14.46
1526_TW,2009-01-12,5.150983333587647,12.83
1526_TW,2017-10-02,29.00138282775879,11.14
1526_TW,2018-12-24,27.368141174316406,15.27
1527_TW,2001-07-31,8.009820938110352,20.0
1528_TW,2000-04-10,5.233940124511719,13.83
1528_TW,2000-11-06,4.075386047363281,15.0
1528_TW,2001-07-26,3.316524028778076,14.06
1528_TW,2005-09-29,4.258562088012695,11.28
1528_TW,2005-12-22,4.526425838470459,-12.52
1528_TW,2005-12-23,5.220171928405762,15.33
1528_TW,2005-12-26,4.649873733520508,-10.92
1528_TW,2006-05-29,5.678608417510986,-15.06
1528_TW,2006-05-30,6.319156169891357,11.28
1528_TW,2006-07-28,6.387844085693359,11.68
1528_TW,2009-04-02,4.9943132400512695,10.59
1528_TW,2025-08-04,16.895061492919922,17.65
1529_TW,2000-09-13,46.40727233886719,-13.41
1529_TW,2000-09-27,51.53168487548828,14.26
1529_TW,2000-11-20,37.6486930847168,-11.11
1529_TW,2016-06-02,16.28310775756836,-10.89
1529_TW,2017-01-05,19.29850006103516,-11.11
1530_TW,2000-04-10,2.0255370140075684,13.69
1530_TW,2000-04-17,1.834648609161377,-10.82
1530_TW,2005-08-09,9.948773384094238,13.4
1530_TW,2005-09-29,12.436628341674805,26.12
1530_TW,2005-12-22,11.112760543823242,-16.53
1530_TW,2005-12-27,13.207275390625,18.85
1530_TW,2006-05-29,12.759904861450195,-18.62
1530_TW,2006-05-30,15.439488410949709,21.0
1531_TW,2000-04-05,5.396723747253418,12.03
1531_TW,2001-08-23,5.394516468048096,12.33
1531_TW,2001-09-20,4.775146484375,12.21
1531_TW,2005-09-29,11.098936080932615,17.44
1531_TW,2005-12-22,9.127055168151855,-11.85
1531_TW,2005-12-23,10.673415184020996,16.94
1531_TW,2005-12-26,9.342900276184082,-12.47
1531_TW,2005-12-27,10.708876609802246,14.62
1531_TW,2006-05-18,7.600742340087891,-16.27
1531_TW,2006-05-29,6.598617076873779,-11.39
1531_TW,2006-05-30,7.588408946990967,15.0
1531_TW,2006-07-26,6.398191452026367,-13.04
1531_TW,2006-07-28,7.3933796882629395,15.83
1532_TW,2001-07-11,1.957316756248474,10.63
1532_TW,2001-09-20,1.5979218482971191,13.78
1532_TW,2005-09-29,4.522904396057129,18.62
1532_TW,2005-12-22,4.38298225402832,-12.19
1532_TW,2005-12-23,5.162508010864258,17.79
1532_TW,2005-12-26,4.441944599151611,-13.96
1532_TW,2005-12-27,5.0939788818359375,14.68
1532_TW,2006-05-18,9.30646514892578,-13.78
1532_TW,2006-05-29,9.227846145629885,-15.84
1532_TW,2006-05-30,10.724764823913574,16.22
1532_TW,2006-07-26,8.687345504760742,-14.92
1532_TW,2006-07-28,10.393542289733888,18.83
1532_TW,2006-10-27,16.10048484802246,14.22
1532_TW,2006-11-06,17.198244094848633,12.29
1532_TW,2006-12-15,16.685956954956055,10.51
1532_TW,2007-01-31,11.416374206542969,-12.2
1532_TW,2007-02-01,13.17312240600586,15.39
1532_TW,2007-07-23,14.270463943481444,-12.16
1532_TW,2007-07-24,15.880931854248049,11.29
1532_TW,2007-08-03,12.636441230773926,-11.45
1532_TW,2009-04-02,8.061542510986328,14.35
1533_TW,2001-08-22,16.443342208862305,22.05
1533_TW,2002-08-29,28.769529342651367,15.91
1533_TW,2007-10-01,35.6982307434082,14.37
1533_TW,2013-09-16,24.43478775024414,13.36
1535_TW,2001-09-20,3.232210159301758,-14.8
1535_TW,2001-10-02,2.8421177864074707,-11.69
1535_TW,2007-04-16,17.345346450805664,14.4
1535_TW,2008-01-02,14.082942962646484,13.92
1536_TW,2000-04-10,3.195678234100342,11.05
1536_TW,2000-05-16,3.898392677307129,14.22
1536_TW,2001-09-20,1.5948377847671509,-50.09
1536_TW,2003-07-16,5.121018886566162,10.73
1536_TW,2005-08-12,10.578736305236816,16.24
1536_TW,2005-09-29,15.378459930419922,30.53
1536_TW,2006-07-28,21.443931579589844,13.66
1536_TW,2006-10-26,20.138648986816406,-14.07
1536_TW,2006-10-27,23.184675216674805,15.13
1536_TW,2006-11-03,20.48965072631836,-13.04
1536_TW,2006-11-06,23.36127281188965,14.01
1536_TW,2006-12-14,22.025279998779297,-13.04
1536_TW,2006-12-15,25.177698135375977,14.31
1536_TW,2007-01-31,21.93752670288086,-13.04
1536_TW,2007-02-01,25.429981231689453,15.92
1536_TW,2013-08-01,27.74552154541016,12.28
1538_TW,2002-08-27,227.13365173339844,1360.37
1538_TW,2005-12-23,533.8453979492188,12.89
1538_TW,2006-07-28,593.1615600585938,13.49
1538_TW,2016-08-26,51.14623641967773,10.87
1538_TW,2016-09-20,58.16630935668945,11.15
1538_TW,2018-11-14,33.858306884765625,12.94
1539_TW,2013-09-16,10.254504203796388,14.13
1540_TW,2002-08-27,1.6942002773284912,20.88
1540_TW,2005-09-29,3.4963715076446533,20.41
1540_TW,2005-12-22,2.8938231468200684,-16.09
1540_TW,2005-12-23,3.4725871086120605,20.0
1540_TW,2006-05-18,3.983961582183838,-18.69
1540_TW,2006-05-22,4.768861293792725,19.4
1540_TW,2006-05-29,4.529031753540039,-16.12
1540_TW,2006-05-30,5.434835433959961,20.0
1540_TW,2006-10-26,5.935108661651611,-18.57
1540_TW,2006-10-27,7.00705099105835,18.06
1540_TW,2006-12-14,7.394911289215088,-13.29
1540_TW,2006-12-15,8.873893737792969,20.0
1541_TW,2003-07-23,11.602523803710938,17.6
1558_TW,2010-11-09,37.37541580200195,-11.84
1558_TW,2013-07-23,67.37928771972656,15.34
1560_TW,2006-07-28,66.16365814208984,14.2
1560_TW,2006-10-26,48.1129035949707,-13.65
1560_TW,2006-10-27,55.32984161376953,15.0
1560_TW,2006-11-03,45.75773620605469,-12.72
1560_TW,2006-11-06,51.654090881347656,12.89
1560_TW,2006-12-14,50.80456161499024,-10.68
1560_TW,2006-12-15,59.19906997680664,16.52
1560_TW,2007-03-01,50.13161849975586,-14.76
1560_TW,2007-03-02,58.03829956054688,15.77
1560_TW,2007-06-12,42.05672073364258,-12.34
1560_TW,2007-06-13,47.78486251831055,13.62
1560_TW,2007-07-18,45.2530403137207,-12.72
1560_TW,2007-07-19,51.26717758178711,13.29
1560_TW,2010-02-08,20.311765670776367,-10.7
1565_TWO,2008-08-18,56.63380813598633,-11.93
1565_TWO,2010-03-23,110.47129821777344,11.06
1568_TW,2013-03-12,8.438652038574219,20.19
1568_TW,2013-12-03,10.742867469787598,17.91
1568_TW,2013-12-13,14.545039176940918,29.48
1569_TWO,2020-03-16,10.340625762939451,-16.61
1569_TWO,2020-03-19,8.78564453125,-10.67
1569_TWO,2025-08-04,58.400001525878906,20.91
1580_TWO,2013-08-07,45.31257629394531,-12.17
1580_TWO,2013-08-08,51.011962890625,12.58
1580_TWO,2020-03-19,50.69498062133789,-11.07
1582_TW,2021-04-07,72.88727569580078,12.0
1584_TWO,2008-08-18,12.88927936553955,-810.81
1584_TWO,2020-03-16,6.467722892761231,-11.51
1586_TWO,2015-10-01,16.900121688842773,12.8
1586_TWO,2016-08-05,27.557111740112305,14.14
1586_TWO,2016-09-12,20.47099876403809,-13.62
1586_TWO,2021-04-07,45.88859176635742,12.11
1587_TW,2014-05-29,17.746963500976562,11.92
1587_TW,2017-04-10,21.43442344665528,11.68
1587_TW,2018-04-17,15.936236381530762,-13.27
1587_TW,2021-04-07,25.48481178283692,11.07
1587_TW,2025-08-04,32.45000076293945,11.32
1590_TW,2010-12-14,101.86442565917967,13.04
1591_TWO,2013-08-27,16.615427017211914,-11.38
1591_TWO,2013-08-28,19.303749084472656,16.18
1591_TWO,2017-08-22,28.695985794067383,14.01
1591_TWO,2020-03-16,16.652132034301758,-16.52
1595_TWO,2016-08-25,30.85649681091309,14.36
1595_TWO,2017-07-06,38.3632698059082,11.13
1595_TWO,2020-03-19,19.313270568847656,-15.47
1597_TW,2017-10-02,52.50531768798828,12.78
1597_TW,2018-07-27,77.49101257324219,-15.71
1597_TW,2018-07-30,101.13990783691406,30.52
1597_TW,2020-03-16,56.28916931152344,-14.89
1597_TW,2020-03-19,41.0579833984375,-18.95
1598_TW,2016-03-23,35.90592575073242,14.41
1598_TW,2016-09-20,32.25636672973633,-12.58
1599_TWO,2013-09-16,16.759363174438477,11.75
1599_TWO,2016-08-25,22.117441177368164,-16.07
1599_TWO,2016-08-26,27.33767890930176,23.6
1603_TW,2000-02-21,22.608959197998047,13.89
1603_TW,2000-09-04,8.891938209533691,13.16
1603_TW,2000-11-20,3.7635650634765625,-13.06
1603_TW,2002-02-01,5.486808776855469,14.37
1603_TW,2009-04-02,8.54728889465332,11.71
1603_TW,2015-12-01,13.730807304382324,-17.69
1603_TW,2016-12-09,17.62520980834961,-11.49
1603_TW,2021-08-18,25.43373680114746,10.81
1604_TW,2000-09-18,10.114663124084473,-12.85
1604_TW,2000-10-02,9.429609298706056,-10.69
1604_TW,2001-06-12,10.584007263183594,14.69
1604_TW,2009-04-02,3.1880037784576416,14.25
1604_TW,2018-12-11,7.840276718139648,-17.27
1605_TW,2000-11-20,4.566375732421875,-12.55
1605_TW,2001-11-12,3.15437388420105,11.63
1605_TW,2005-07-13,6.841519832611084,11.54
1608_TW,2000-02-21,6.126162052154541,14.19
1608_TW,2000-11-20,1.2193108797073364,-13.27
1609_TW,2000-07-31,3.372542381286621,10.65
1609_TW,2000-09-18,2.218303680419922,-11.51
1609_TW,2006-07-28,5.0558061599731445,13.87
1609_TW,2006-11-06,6.454220771789551,12.05
1611_TW,2000-07-17,5.033549308776856,18.0
1611_TW,2000-11-20,2.0009145736694336,-12.93
1612_TW,2000-01-17,4.57697868347168,11.48
1614_TW,2000-02-21,7.199491024017334,13.75
1614_TW,2009-04-02,16.974985122680664,14.08
1615_TW,2000-05-02,2.0524072647094727,-10.91
1615_TW,2000-09-18,1.0667576789855957,-11.66
1616_TW,2000-02-21,7.588106632232666,14.09
1616_TW,2000-04-10,9.039219856262209,14.12
1616_TW,2000-04-17,9.371766090393066,-12.68
1616_TW,2000-05-08,8.011347770690918,13.73
1616_TW,2000-09-13,4.320241928100586,-22.75
1616_TW,2001-07-31,1.840076208114624,13.28
1616_TW,2002-07-30,6.198757648468018,17.64
1616_TW,2003-08-21,5.633026123046875,10.77
1617_TW,2000-10-20,5.758401393890381,16.49
1617_TW,2002-08-22,9.02224826812744,11.93
1618_TW,2000-09-13,4.278703689575195,-24.05
1618_TW,2007-04-16,6.700564384460449,14.09
1618_TW,2009-04-02,8.112937927246094,12.27
1623_TW,2026-01-23,326.3999938964844,15.25
1623_TW,2026-01-26,283.67999267578125,-13.09
1702_TW,2000-02-21,6.561435699462891,14.29
1702_TW,2000-03-06,4.418385982513428,-11.64
1702_TW,2001-03-15,2.830942392349243,11.23
1702_TW,2002-01-04,3.571750402450561,13.45
1707_TW,2000-02-21,6.238661289215088,14.08
1707_TW,2000-09-04,3.395725965499878,13.91
1707_TW,2000-09-18,2.6257641315460205,-12.5
1708_TW,2000-09-04,3.293762922286988,13.85
1708_TW,2000-09-18,2.448065996170044,-13.16
1708_TW,2001-01-02,2.5964338779449463,13.64
1708_TW,2001-04-27,3.47180438041687,14.15
1708_TW,2007-10-22,8.842973709106445,-12.2
1709_TW,2000-02-21,3.9557719230651855,11.57
1709_TW,2000-11-20,1.616839051246643,-12.17
1709_TW,2001-09-20,2.059932470321656,14.29
1710_TW,2000-01-17,4.166659832000732,11.86
1710_TW,2000-05-15,3.2800655364990234,12.52
1710_TW,2000-09-04,2.035015344619751,13.94
1710_TW,2000-09-18,1.8117653131484983,-12.81
1710_TW,2000-10-17,2.0779478549957275,11.01
1710_TW,2000-11-20,1.1162521839141846,-12.75
1710_TW,2001-01-02,1.5971014499664309,12.73
1710_TW,2001-09-25,1.4081954956054688,-12.77
1710_TW,2004-06-21,7.95219612121582,15.74
1710_TW,2005-08-03,9.061695098876951,15.14
1711_TW,2000-01-17,5.636886119842529,10.84
1711_TW,2000-09-04,4.560589790344238,13.78
1711_TW,2000-11-20,2.3337411880493164,-12.08
1712_TW,2000-02-21,2.3128366470336914,13.45
1712_TW,2000-09-04,1.1444965600967407,14.29
1712_TW,2000-09-18,0.920366108417511,-12.47
1712_TW,2000-10-23,1.3590904474258425,14.0
1713_TW,2000-07-03,5.003726482391357,13.6
1713_TW,2000-09-18,3.4596071243286133,-12.81
1713_TW,2002-02-01,3.953519821166992,11.52
1713_TW,2007-04-16,8.682724952697754,14.34
1714_TW,2000-09-19,3.3564138412475586,12.7
1714_TW,2000-11-20,2.5395376682281494,-12.12
1714_TW,2002-08-08,4.82587480545044,13.23
1714_TW,2003-10-13,5.317203044891357,13.2
1717_TW,2000-04-05,3.8603570461273193,13.79
1717_TW,2000-05-02,2.719797372817993,-13.08
1717_TW,2000-06-08,3.810497522354126,29.01
1717_TW,2000-07-20,2.8492915630340576,-13.09
1717_TW,2000-09-04,1.6821115016937256,13.95
1717_TW,2001-06-21,1.5857765674591064,14.06
1717_TW,2005-07-28,3.5590262413024902,13.46
1717_TW,2005-09-29,4.46635103225708,24.83
1717_TW,2006-07-28,12.739259719848633,14.0
1717_TW,2006-09-18,12.90981674194336,17.24
1717_TW,2006-10-26,12.885451316833496,-10.71
1717_TW,2006-11-17,12.088896751403809,-11.4
1717_TW,2007-05-02,13.143160820007324,-10.71
1717_TW,2007-05-03,14.694098472595217,11.8
1717_TW,2007-06-12,11.995184898376465,-11.06
1717_TW,2007-06-13,13.303411483764648,10.91
1718_TW,2000-09-18,1.2790586948394775,-13.03
1718_TW,2000-10-02,1.258344292640686,-11.64
1718_TW,2000-11-20,0.9631779789924622,-13.08
1718_TW,2001-01-02,1.0667426586151123,13.81
1718_TW,2001-09-25,1.600117564201355,-13.2
1718_TW,2009-04-02,4.191079616546631,10.61
1720_TW,2000-02-21,8.0298490524292,11.25
1720_TW,2000-07-20,6.5560221672058105,14.2
1720_TW,2000-11-20,3.619471549987793,-11.67
1720_TW,2001-03-15,6.419438362121582,12.35
1720_TW,2001-08-07,6.190932750701904,12.38
1720_TW,2007-06-25,11.432958602905272,11.34
1721_TW,2000-02-21,23.65070152282715,14.18
1721_TW,2000-07-17,11.05245304107666,12.6
1721_TW,2000-09-18,5.935862064361572,-12.93
1722_TW,2000-11-20,4.786818027496338,-11.44
1723_TW,2000-04-05,5.166858196258545,14.14
1723_TW,2000-04-10,6.458574295043945,13.45
1723_TW,2000-04-17,6.00132942199707,-11.02
1723_TW,2000-08-15,6.019081115722656,10.85
1723_TW,2001-06-28,4.802619457244873,13.3
1723_TW,2007-04-16,26.74768829345703,13.11
1725_TW,2000-09-28,1.8571428060531616,11.57
1725_TW,2002-08-21,1.854350209236145,12.54
1725_TW,2003-08-06,2.7743093967437744,20.89
1725_TW,2004-08-23,2.633242130279541,12.0
1725_TW,2005-08-17,3.237942934036255,15.75
1725_TW,2005-09-29,4.392989158630371,37.7
1725_TW,2006-05-29,3.523643732070923,-26.55
1725_TW,2006-05-30,4.823162078857422,36.88
1725_TW,2006-10-26,4.2417311668396,-15.25
1725_TW,2006-10-27,5.035857677459717,18.72
1725_TW,2006-11-17,4.721683025360107,-16.18
1725_TW,2006-11-20,5.571585655212402,18.0
1725_TW,2006-11-28,4.877342224121094,-16.15
1725_TW,2006-11-29,5.755264759063721,18.0
1725_TW,2007-01-30,5.149747848510742,-14.83
1725_TW,2007-01-31,6.046090602874756,17.41
1725_TW,2007-03-05,5.551868915557861,-12.39
1725_TW,2007-03-06,6.367527484893799,14.69
1725_TW,2007-04-16,9.19923973083496,14.26
1725_TW,2007-05-02,8.41860580444336,-14.99
1725_TW,2007-06-12,8.561293601989746,-13.82
1725_TW,2007-06-13,9.505372047424316,11.03
1726_TW,2000-09-13,11.014404296875,12.38
1727_TW,2000-01-31,2.0797712802886963,13.73
1727_TW,2000-02-21,2.342730760574341,13.95
1727_TW,2001-08-09,1.4905227422714231,16.06
1727_TW,2001-11-12,1.27354633808136,13.45
1727_TW,2005-09-29,3.5739452838897705,10.57
1727_TW,2006-07-28,3.614591836929321,10.93
1730_TW,2001-09-20,2.672762155532837,-54.38
1730_TW,2002-01-04,2.885223388671875,13.51
1731_TW,2001-09-20,3.761704921722412,-26.84
1732_TW,2000-01-17,30.64326477050781,-13.36
1732_TW,2001-09-20,7.465458393096924,-66.07
1732_TW,2025-08-04,30.519229888916016,10.7
1733_TW,2000-06-19,11.839557647705078,14.35
1733_TW,2001-09-20,6.999236106872559,-50.48
1733_TW,2005-09-29,6.975693702697754,11.34
1733_TW,2005-12-22,6.7401204109191895,-11.74
1733_TW,2005-12-23,7.636386394500732,13.3
1733_TW,2005-12-26,6.645188808441162,-12.98
1733_TW,2005-12-27,7.605657577514648,14.45
1733_TW,2006-05-18,8.842168807983398,-12.67
1733_TW,2006-05-22,9.895037651062012,11.91
1733_TW,2006-05-29,8.611631393432617,-11.6
1733_TW,2006-05-30,9.75675106048584,13.3
1733_TW,2006-06-06,7.743680000305176,-15.3
1733_TW,2006-06-07,8.788759231567383,13.5
1733_TW,2006-07-26,8.45845890045166,-14.11
1733_TW,2006-11-17,12.903778076171877,-11.01
1733_TW,2008-08-07,28.59481430053711,19.3
1735_TW,2021-04-07,17.58847999572754,20.72
1736_TW,2007-06-12,56.03630828857422,-14.79
1736_TW,2007-06-13,66.31987762451172,18.35
1737_TW,2007-04-16,17.719284057617188,14.09
1737_TW,2009-04-02,11.878812789916992,12.32
1742_TWO,2009-01-12,12.710930824279783,-12.61
1742_TWO,2009-04-02,14.861039161682127,14.45
1742_TWO,2018-03-13,14.403961181640623,71.27
1742_TWO,2018-04-02,14.833929061889648,20.63
1742_TWO,2020-03-19,13.887998580932615,-11.02
1742_TWO,2024-11-25,17.299999237060547,11.61
1752_TW,2025-01-10,4030.989013671875,10130.58
1752_TW,2025-01-13,40.16643905639648,-99.0
1760_TW,2008-12-08,5.232893943786621,-44.95
1760_TW,2008-12-30,9.61108112335205,57.43
1760_TW,2013-03-12,95.95735931396484,898.4
1760_TW,2013-03-14,75.61857604980469,-21.2
1760_TW,2013-05-22,56.83909606933594,-15.84
1760_TW,2013-05-27,61.53787612915039,10.79
1760_TW,2013-07-09,82.919677734375,11.58
1760_TW,2013-10-02,133.10594177246094,16.52
1760_TW,2013-10-09,156.4914093017578,10.85
1760_TW,2013-10-24,203.2733917236328,14.06
1760_TW,2013-11-08,187.6849822998047,-15.75
1760_TW,2014-02-20,224.7151641845703,-11.11
1760_TW,2014-11-03,192.904052734375,12.5
1760_TW,2015-05-04,109.84507751464844,-10.67
1760_TW,2015-05-11,90.99559783935548,-11.02
1760_TW,2016-10-26,66.18694305419922,-34.89
1760_TW,2017-11-08,65.4394302368164,18.3
1760_TW,2018-01-23,52.78779983520508,-12.32
1760_TW,2018-04-02,97.72286224365234,20.43
1773_TW,2009-03-02,3.241516590118408,-11.35
1776_TW,2008-01-02,3.0881733894348145,-20.0
1776_TW,2009-02-03,2.6070868968963623,-11.96
1776_TW,2013-03-22,9.149259567260742,245.18
1776_TW,2015-12-07,26.29843711853028,20.29
1776_TW,2016-05-09,14.742117881774902,-21.33
1776_TW,2016-05-10,16.553647994995117,12.29
1776_TW,2021-08-18,17.626131057739258,13.46
1777_TWO,2009-04-02,14.752251625061035,10.56
1777_TWO,2020-03-19,46.876949310302734,-10.91
1781_TWO,2020-03-10,12.149999618530272,-15.03
1781_TWO,2020-03-19,7.199999809265137,-18.0
1783_TW,2013-04-12,24.040433883666992,10.99
1783_TW,2013-04-17,31.10662841796875,12.5
1784_TWO,2020-03-16,23.85565948486328,-15.92
1785_TWO,2009-04-02,20.963422775268555,11.23
1785_TWO,2020-03-19,11.36549186706543,-13.58
1785_TWO,2021-04-07,47.5224723815918,20.82
1786_TW,2013-04-02,54.19342422485352,15.63
1786_TW,2013-04-15,56.207366943359375,11.61
1786_TW,2013-10-11,76.33460998535156,15.57
1786_TW,2013-11-12,53.692989349365234,-17.25
1786_TW,2017-06-05,31.570789337158203,11.85
1788_TWO,2008-03-05,15.322639465332031,-18.32
1788_TWO,2008-03-12,17.963708877563477,20.45
1788_TWO,2008-06-03,16.82704734802246,-12.88
1788_TWO,2008-06-12,18.65462303161621,10.86
1788_TWO,2010-02-22,25.1392879486084,53.52
1789_TW,2011-10-03,25.63701438903809,-10.76
1795_TW,2008-01-29,12.018510818481444,-15.45
1795_TW,2008-05-21,17.446226119995117,12.5
1795_TW,2008-07-11,14.861600875854492,-13.21
1795_TW,2008-09-17,9.7492094039917,-13.11
1795_TW,2009-01-05,9.845809936523438,14.72
1795_TW,2010-02-22,20.9758529663086,101.63
1795_TW,2012-12-24,32.68941116333008,14.31
1796_TWO,2016-07-28,62.878074645996094,-12.2
1796_TWO,2016-07-29,74.23107147216797,18.06
1796_TWO,2017-08-14,56.946075439453125,-10.84
1796_TWO,2017-08-15,48.42658996582031,-14.96
1796_TWO,2017-08-17,40.35548400878906,-11.76
1796_TWO,2017-08-18,51.4218635559082,27.42
1796_TWO,2017-08-21,56.946075439453125,10.74
1796_TWO,2018-01-08,62.32680892944336,12.1
1796_TWO,2018-01-22,46.09493637084961,-23.28
1799_TWO,2008-01-23,28.43962478637696,-13.33
1799_TWO,2008-02-25,23.517383575439453,-19.09
1799_TWO,2008-02-26,30.9398136138916,31.56
1799_TWO,2008-03-04,37.45592880249024,12.54
1799_TWO,2008-08-18,37.1584358215332,-14.23
1799_TWO,2008-09-16,28.66031837463379,-14.85
1799_TWO,2008-10-16,25.494354248046875,-11.05
1799_TWO,2008-10-30,24.661205291748047,14.73
1799_TWO,2009-04-02,35.15888214111328,14.05
1799_TWO,2009-07-13,41.63768005371094,-13.98
1799_TWO,2010-07-26,43.65178680419922,-12.46
1799_TWO,2020-03-10,18.01614761352539,-13.56
1799_TWO,2020-03-19,11.092294692993164,-12.78
1802_TW,2000-05-02,5.51699161529541,-12.84
1802_TW,2000-09-04,6.045027732849121,10.78
1802_TW,2004-06-23,8.79126262664795,11.94
1802_TW,2005-09-29,12.18479824066162,16.93
1802_TW,2006-05-18,11.644028663635254,-11.17
1802_TW,2006-05-22,13.208523750305176,14.68
1802_TW,2006-05-29,11.011211395263672,-16.48
1802_TW,2006-05-30,13.033740997314451,18.37
1802_TW,2006-06-06,10.673690795898438,-15.68
1802_TW,2006-06-07,12.48442268371582,16.96
1802_TW,2007-03-05,12.831082344055176,-12.51
1805_TW,2000-05-22,96.48467254638672,11.9
1805_TW,2000-10-17,61.5859603881836,-11.24
1805_TW,2000-11-20,43.315460205078125,-12.81
1805_TW,2001-11-19,39.82558822631836,113.19
1805_TW,2008-09-19,16.217636108398438,-13.42
1805_TW,2008-11-03,10.18734359741211,-22.0
1805_TW,2008-11-10,8.622034072875977,-13.4
1806_TW,2001-03-15,7.0153093338012695,13.56
1806_TW,2002-11-07,1.9186766147613523,-26.7
1806_TW,2006-10-16,6.141643047332764,10.55
1806_TW,2007-03-05,7.77175235748291,-11.62
1806_TW,2007-10-01,11.655314445495604,12.61
1806_TW,2009-04-02,6.759018898010254,13.18
1806_TW,2021-04-07,9.221479415893556,10.94
1806_TW,2024-04-01,8.619243621826172,-10.81
1808_TW,2000-04-10,0.3711073696613312,14.09
1808_TW,2000-05-08,0.3070732951164245,-11.53
1808_TW,2000-09-21,0.2263026237487793,-20.66
1808_TW,2000-10-18,0.129523754119873,-42.77
1808_TW,2001-02-14,0.1760939508676529,-13.26
1808_TW,2001-03-20,0.1062384843826294,-12.57
1808_TW,2001-09-25,0.1324343085289001,-12.92
1808_TW,2001-12-11,0.3420009911060333,158.24
1808_TW,2002-06-05,0.5602997541427612,-18.95
1808_TW,2002-08-15,0.3965755701065063,-29.22
1808_TW,2002-08-26,0.2997966408729553,-13.26
1808_TW,2002-09-25,0.4402352273464203,13.08
1808_TW,2003-02-12,0.2619580328464508,-13.46
1808_TW,2004-05-12,0.5166398286819458,-18.86
1808_TW,2004-07-02,0.4002139866352081,-20.29
1808_TW,2004-10-19,0.7761731147766113,42.22
1808_TW,2007-10-01,2.0184133052825928,14.29
1809_TW,2000-02-21,10.19930362701416,13.31
1809_TW,2000-04-05,12.59553050994873,13.89
1809_TW,2000-08-21,9.0298490524292,11.34
1809_TW,2000-09-18,7.381541728973389,-11.21
1809_TW,2007-06-25,14.065370559692385,12.91
1809_TW,2007-10-01,13.439762115478516,10.69
1809_TW,2009-04-02,7.193125247955322,14.3
1809_TW,2016-10-14,10.613049507141112,-13.75
1810_TW,2000-11-20,5.059875011444092,-11.96
1810_TW,2001-03-15,10.879244804382324,13.37
1810_TW,2021-04-07,13.385785102844238,11.9
1810_TW,2022-10-21,9.960333824157717,-16.38
1813_TWO,2008-10-20,11.159730911254885,-12.5
1813_TWO,2010-02-22,25.41685485839844,165.71
1815_TWO,2008-08-18,8.335113525390625,-14.86
1903_TW,2000-09-18,22.3148136138916,-10.74
1904_TW,2000-11-20,2.0677731037139893,-11.35
1905_TW,2000-09-18,5.740739822387695,-13.18
1905_TW,2000-10-02,5.182304859161377,-10.77
1905_TW,2001-08-15,4.34903621673584,13.08
1905_TW,2009-04-02,8.584139823913574,12.59
1906_TW,2000-02-21,9.982537269592283,12.83
1906_TW,2000-03-06,6.528862953186035,-10.97
1906_TW,2000-09-04,3.018415927886963,13.93
1906_TW,2003-03-13,4.09712553024292,-10.72
1907_TW,2000-02-21,5.134705543518066,14.0
1907_TW,2000-03-06,4.301442623138428,-11.16
1909_TW,2000-09-04,2.16924786567688,12.73
1909_TW,2000-09-18,1.8718512058258057,-10.83
1909_TW,2000-11-20,1.66192364692688,-11.21
2007_TW,2000-09-04,11.617820739746094,12.5
2007_TW,2000-09-18,8.159443855285645,-13.07
2007_TW,2000-10-02,8.07979965209961,-11.52
2007_TW,2000-11-20,4.446334362030029,-13.08
2007_TW,2000-11-22,2.756967544555664,-36.4
2007_TW,2002-02-01,3.091764450073242,13.45
2007_TW,2006-10-16,6.470260620117188,11.23
2007_TW,2007-04-16,10.583178520202637,13.89
2007_TW,2008-11-11,2.8949496746063232,-23.75
2007_TW,2009-06-11,4.214251518249512,57.44
2007_TW,2009-09-01,7.469964027404785,67.09
2007_TW,2017-11-27,5.28000020980835,13.06
2008_TW,2000-02-21,11.182905197143556,13.49
2008_TW,2000-11-20,3.180711507797241,-11.03
2008_TW,2006-10-16,6.3247575759887695,12.56
2008_TW,2007-04-16,8.442176818847656,14.41
2008_TW,2008-08-08,8.112189292907715,11.88
2008_TW,2013-12-27,12.099535942077637,14.29
2009_TW,2000-09-04,3.448094606399536,11.61
2009_TW,2000-09-18,3.0067381858825684,-10.66
2009_TW,2000-11-20,1.6275005340576172,-13.24
2009_TW,2000-12-04,2.0909242630004883,12.8
2010_TW,2000-02-21,2.191816806793213,13.75
2010_TW,2005-09-29,4.932475090026856,12.87
2010_TW,2005-12-22,3.9168853759765625,-12.6
2010_TW,2005-12-23,4.421182632446289,12.87
2010_TW,2005-12-26,3.9302051067352295,-11.11
2010_TW,2005-12-27,4.526448726654053,15.17
2010_TW,2006-05-22,4.872323513031006,12.18
2010_TW,2006-05-29,4.263274192810059,-11.68
2010_TW,2006-05-30,4.812171936035156,12.88
2010_TW,2006-07-25,3.675067186355591,-11.41
2010_TW,2006-07-28,4.180897235870361,12.87
2010_TW,2006-08-17,4.2462239265441895,14.64
2010_TW,2006-12-04,4.990130424499512,12.12
2010_TW,2021-04-07,13.018932342529297,14.74
2012_TW,2000-09-04,2.542797565460205,14.0
2013_TW,2000-09-04,6.250415325164795,10.81
2013_TW,2018-04-02,24.63267517089844,20.96
2014_TW,2000-08-07,3.870774745941162,-12.88
2014_TW,2000-09-04,3.042766809463501,14.14
2014_TW,2000-09-18,2.3493921756744385,-13.4
2014_TW,2000-11-20,1.0972819328308103,-13.3
2014_TW,2002-01-04,0.5318068265914917,-12.22
2014_TW,2002-02-01,1.083815336227417,13.38
2014_TW,2004-08-23,9.983115196228027,11.92
2014_TW,2006-10-16,16.40058135986328,14.29
2015_TW,2007-10-01,19.88697052001953,11.46
2017_TW,2000-02-21,9.137210845947266,13.61
2017_TW,2000-07-31,3.750063419342041,13.22
2017_TW,2000-09-04,2.65550184249878,14.34
2017_TW,2000-09-18,2.2843027114868164,-13.04
2017_TW,2000-10-02,2.312855958938598,-12.9
2017_TW,2000-11-20,1.4276893138885498,-12.28
2017_TW,2006-10-16,7.227529048919678,14.29
2017_TW,2007-04-16,12.409335136413574,10.65
2017_TW,2021-04-07,11.87212085723877,20.73
2020_TW,2000-02-21,1.3967995643615725,10.83
2020_TW,2008-08-07,6.943536281585693,13.02
2020_TW,2010-01-26,6.827386856079102,-15.45
2022_TW,2000-02-21,38.96279525756836,11.74
2022_TW,2000-09-04,13.60874366760254,14.22
2022_TW,2000-09-18,10.587716102600098,-13.39
2022_TW,2000-10-02,8.639575958251953,-13.31
2022_TW,2000-11-20,5.731482982635498,-13.25
2023_TW,2000-07-20,1.8656105995178225,13.25
2023_TW,2000-10-02,1.1963320970535278,-12.8
2023_TW,2002-02-01,1.2248622179031372,10.68
2023_TW,2003-09-09,7.16284704208374,14.81
2023_TW,2005-12-22,4.214707374572754,-11.99
2023_TW,2005-12-23,4.665584564208984,10.7
2023_TW,2005-12-27,4.891669750213623,15.55
2023_TW,2006-05-18,4.848779201507568,-12.62
2023_TW,2006-05-29,4.774183750152588,-10.66
2023_TW,2006-07-28,5.160390377044678,11.12
2024_TW,2000-02-21,10.0706148147583,14.04
2024_TW,2000-07-31,3.958793878555298,11.45
2024_TW,2000-11-20,1.4287375211715698,-12.73
2024_TW,2001-11-12,0.6449162364006042,-12.16
2024_TW,2001-11-22,0.4464805424213409,-16.67
2024_TW,2001-12-17,0.386949747800827,18.18
2024_TW,2006-10-16,4.278122901916504,11.77
2024_TW,2007-04-16,6.451137065887451,12.24
2025_TW,2000-11-20,7.05114221572876,-13.23
2025_TW,2002-01-14,1.172476053237915,-12.2
2025_TW,2018-04-02,6.204354763031006,12.72
2027_TW,2000-06-13,1.9298958778381348,15.72
2027_TW,2021-04-07,25.332660675048828,20.73
2028_TW,2000-02-21,33.116580963134766,13.51
2028_TW,2000-07-31,11.70119857788086,10.75
2028_TW,2003-12-22,6.965651035308838,-53.99
2028_TW,2004-01-27,11.268123626708984,61.77
2028_TW,2018-04-02,9.997899055480955,19.61
2028_TW,2021-04-07,25.40449523925781,16.1
2029_TW,2000-09-04,4.281315803527832,10.53
2029_TW,2000-09-18,3.580505609512329,-11.08
2030_TW,2000-08-07,1.7925000190734863,11.74
2030_TW,2002-02-01,0.8605720400810242,10.81
2030_TW,2005-07-21,4.266293048858643,20.83
2030_TW,2005-09-29,5.95157527923584,33.13
2030_TW,2006-05-29,4.611173152923584,-23.81
2030_TW,2006-05-30,6.0521650314331055,31.25
2031_TW,2000-06-19,2.4743762016296387,17.2
2031_TW,2000-09-13,1.6003986597061155,-20.34
2031_TW,2000-09-18,1.299615740776062,-13.26
2031_TW,2003-07-16,7.368481636047363,17.13
2031_TW,2005-06-30,10.003090858459473,17.47
2031_TW,2005-12-27,5.824037551879883,11.49
2032_TW,2000-05-22,3.2926225662231445,11.35
2032_TW,2000-09-18,2.190596103668213,-11.11
2032_TW,2005-09-29,6.225062847137451,27.12
2032_TW,2006-10-16,15.303281784057615,14.34
2033_TW,2000-09-18,4.320687294006348,-11.11
2033_TW,2000-09-21,5.047750949859619,13.88
2033_TW,2001-01-02,2.794294595718384,10.71
2033_TW,2002-07-16,12.571270942687988,12.02
2033_TW,2007-04-16,7.969092845916748,11.61
2033_TW,2009-04-02,28.379295349121094,-13.35
2034_TW,2000-06-14,2.146794080734253,19.9
2034_TW,2001-09-20,0.9637850522994996,-52.08
2034_TW,2003-08-07,3.327515125274658,11.03
2034_TW,2005-09-29,4.308841228485107,24.05
2034_TW,2006-05-29,5.528069496154785,-16.61
2034_TW,2006-05-30,6.628987789154053,19.92
2034_TW,2006-08-16,6.253344535827637,-12.38
2034_TW,2006-09-13,5.122678279876709,-15.39
2034_TW,2006-09-14,6.010281085968018,17.33
2034_TW,2007-03-02,8.840776443481445,-16.33
2034_TW,2007-03-05,10.093294143676758,14.17
2038_TW,2009-06-02,16.2943115234375,13.66
2049_TW,2008-10-31,73.876220703125,19.18
2049_TW,2009-01-09,46.1726188659668,-15.25
2049_TW,2009-06-26,17.295490264892578,-65.32
2059_TW,2008-08-07,112.10740661621094,13.07
2061_TWO,2008-04-10,8.82548713684082,-10.64
2061_TWO,2008-09-30,10.666869163513184,14.78
2061_TWO,2008-10-20,8.37187671661377,-21.52
2061_TWO,2010-12-10,15.843546867370604,95.08
2061_TWO,2020-03-16,8.185956001281738,-13.04
2061_TWO,2021-04-07,30.138856887817383,16.06
2063_TWO,2015-06-17,12.929608345031738,12.36
2064_TWO,2018-07-04,12.853662490844728,10.56
2065_TWO,2014-02-18,10.531108856201172,-11.36
2065_TWO,2016-05-24,12.969676971435549,12.66
2065_TWO,2016-07-27,17.09339141845703,25.36
2065_TWO,2017-03-14,19.200794219970703,12.84
2065_TWO,2017-03-20,23.41169548034668,19.6
2065_TWO,2020-03-19,20.31366539001465,-11.02
2066_TWO,2013-07-15,33.98268508911133,13.33
2066_TWO,2013-08-06,39.979637145996094,14.75
2066_TWO,2013-09-24,68.53650665283203,14.29
2067_TWO,2013-12-05,17.610483169555664,11.05
2067_TWO,2020-10-29,9.020000457763672,11.22
2067_TWO,2024-10-30,10.350000381469728,-13.39
2069_TW,2015-11-24,11.83415699005127,11.48
2069_TW,2016-03-07,14.502643585205078,11.11
2069_TW,2016-03-22,11.718135833740234,-15.13
2070_TWO,2016-04-07,50.94877624511719,16.49
2070_TWO,2018-12-17,42.25899124145508,20.0
2070_TWO,2018-12-18,36.772727966308594,-12.98
2070_TWO,2024-03-27,36.84992599487305,10.79
2072_TW,2026-03-26,180.50987243652344,-24.09
2073_TWO,2021-09-24,35.530845642089844,-12.47
2073_TWO,2021-09-27,31.701913833618164,-10.78
2073_TWO,2021-10-07,26.84369468688965,-11.17
2073_TWO,2023-06-08,36.941627502441406,10.83
2101_TW,2000-09-04,9.372532844543455,-13.25
2101_TW,2000-09-18,4.651307582855225,-13.31
2101_TW,2000-10-02,2.4139695167541504,-13.0
2101_TW,2001-04-13,2.395570516586304,13.41
2101_TW,2025-09-01,43.208309173583984,13.2
2102_TW,2000-09-18,2.743247509002685,-12.96
2102_TW,2000-10-09,4.941740036010742,13.9
2102_TW,2000-10-17,4.202424049377441,-11.84
2102_TW,2000-12-04,3.171276092529297,13.99
2102_TW,2002-01-04,5.817243576049805,14.12
2102_TW,2006-05-29,11.593679428100586,-10.97
2102_TW,2009-04-02,8.497357368469238,11.84
2103_TW,2000-09-04,1.3522984981536863,10.57
2103_TW,2000-09-18,1.063938856124878,-10.83
2103_TW,2000-11-20,0.6483068466186523,-11.89
2104_TW,2000-07-24,7.202985286712647,17.42
2104_TW,2000-09-18,5.6679229736328125,-12.73
2104_TW,2000-11-20,3.034701347351074,-13.18
2105_TW,2000-09-04,1.4524654150009155,10.73
2105_TW,2005-09-29,4.941433906555176,16.04
2105_TW,2005-12-22,4.825738906860352,-14.83
2105_TW,2005-12-23,5.581467628479004,15.66
2105_TW,2005-12-26,4.817512512207031,-13.69
2105_TW,2005-12-27,5.393221378326416,11.95
2105_TW,2006-05-18,4.56266975402832,-13.44
2105_TW,2006-05-29,4.661323547363281,-12.96
2105_TW,2006-05-30,5.336747646331787,14.49
2105_TW,2006-07-26,4.55444860458374,-13.28
2105_TW,2006-07-28,5.139091968536377,15.98
2105_TW,2006-08-02,4.59555196762085,-13.43
2105_TW,2006-08-03,5.270862579345703,14.69
2105_TW,2008-08-07,11.472249031066896,17.54
2105_TW,2009-04-02,9.95224380493164,14.31
2106_TW,2000-11-20,1.35220468044281,-13.1
2106_TW,2001-01-02,1.432472586631775,13.73
2106_TW,2001-09-20,1.382243037223816,13.89
2106_TW,2003-07-24,5.572599411010742,13.93
2106_TW,2005-08-01,4.387888431549072,10.75
2106_TW,2005-09-29,4.128809452056885,13.86
2106_TW,2005-12-22,3.868113040924072,-12.9
2106_TW,2005-12-23,4.3732781410217285,13.06
2106_TW,2005-12-26,3.8197622299194336,-12.66
2106_TW,2005-12-27,4.291788578033447,12.36
2106_TW,2006-05-18,3.626354455947876,-12.46
2106_TW,2006-05-29,3.5296530723571777,-12.2
2106_TW,2006-05-30,3.965829372406006,12.36
2106_TW,2007-07-24,11.147647857666016,11.97
2107_TW,2000-09-18,2.755526542663574,-12.99
2107_TW,2000-11-20,2.42650842666626,-12.59
2107_TW,2009-04-02,6.197050094604492,14.06
2108_TW,2000-08-02,1.504880666732788,14.32
2108_TW,2000-11-20,0.6610729694366455,-12.77
2108_TW,2001-01-02,0.827684223651886,11.59
2108_TW,2005-09-29,2.721027135848999,11.72
2108_TW,2005-12-23,2.721027135848999,10.88
2108_TW,2005-12-26,2.426387071609497,-10.83
2108_TW,2006-05-18,2.7296853065490723,-11.35
2108_TW,2006-05-29,2.6745405197143555,-10.77
2108_TW,2006-05-30,2.9767627716064453,11.3
2108_TW,2006-07-19,2.884697675704956,12.09
2108_TW,2006-07-28,3.048367977142334,12.43
2108_TW,2006-08-03,3.0688273906707764,10.93
2108_TW,2007-09-11,8.561925888061523,12.25
2108_TW,2021-04-07,100.69403076171876,21.03
2109_TW,2001-03-15,5.79736852645874,13.94
2114_TW,2009-06-08,7.9239020347595215,14.34
2201_TW,2009-04-02,22.876203536987305,12.74
2204_TW,2001-06-28,13.76264190673828,12.07
2204_TW,2019-10-07,30.995437622070312,-19.46
2206_TW,2000-10-02,4.346256256103516,-10.51
2206_TW,2009-04-02,5.205978393554688,11.89
2206_TW,2009-06-08,9.043529510498049,11.36
2211_TW,2020-03-19,21.898962020874023,-12.08
2211_TW,2020-07-27,29.16501235961914,16.71
2211_TW,2021-04-01,52.78733825683594,14.99
2211_TW,2021-04-07,62.69441223144531,18.77
2221_TWO,2020-03-19,13.322846412658691,-13.01
2230_TWO,2008-01-02,19.900033950805664,13.54
2230_TWO,2008-01-03,17.412527084350586,-12.5
2230_TWO,2008-05-02,17.52695083618164,10.51
2230_TWO,2013-03-12,11.409547805786133,-39.59
2230_TWO,2013-04-01,13.511305809020996,23.63
2230_TWO,2013-04-19,13.721481323242188,11.46
2230_TWO,2020-03-16,6.810726165771484,-16.67
2230_TWO,2020-03-19,5.979100704193115,-11.65
2230_TWO,2022-08-23,23.06976318359375,12.59
2231_TW,2008-07-10,18.076210021972656,-14.11
2231_TW,2008-07-11,20.0129508972168,10.71
2231_TW,2008-08-27,16.723724365234375,-13.94
2231_TW,2008-10-08,12.636080741882324,-17.82
2231_TW,2009-02-27,9.926396369934082,11.73
2231_TW,2010-10-04,23.52385902404785,91.23
2233_TW,2013-08-28,47.46969985961914,-13.39
2233_TW,2013-08-29,55.43027877807617,16.77
2235_TWO,2013-09-16,27.547983169555664,21.18
2235_TWO,2014-01-22,40.81915664672852,10.92
2235_TWO,2014-03-06,46.26991271972656,14.87
2236_TW,2015-06-09,22.733442306518555,-17.13
2236_TW,2016-09-01,36.565208435058594,10.53
2239_TW,2016-01-27,114.20469665527344,-21.64
2241_TW,2016-08-10,78.16632843017578,10.52
2241_TW,2017-04-10,52.89453125,-19.1
2241_TW,2017-04-13,42.676361083984375,-16.77
2241_TW,2017-04-14,33.09431076049805,-22.45
2241_TW,2017-04-18,39.03679275512695,11.45
2241_TW,2017-10-18,43.39300155639648,17.15
2241_TW,2017-10-23,40.66332244873047,-12.31
2241_TW,2018-02-22,40.19075393676758,13.13
2241_TW,2018-05-24,37.53567886352539,10.76
2241_TW,2020-03-19,36.10895156860352,-14.16
2241_TW,2020-07-27,63.862266540527344,49.11
2243_TW,2017-09-29,46.82293701171875,14.82
2243_TW,2023-01-30,16.649999618530273,10.72
2247_TW,2019-11-27,167.04660034179688,10.58
2247_TW,2019-11-28,199.7296142578125,19.57
2247_TW,2019-12-26,193.9193115234375,11.25
2247_TW,2020-07-27,199.3665008544922,26.79
2247_TW,2020-09-11,300.6488342285156,33.83
2247_TW,2020-09-21,245.61102294921875,-11.95
2247_TW,2020-10-12,213.7864227294922,-12.29
2248_TW,2025-03-13,56.92544937133789,-14.57
2254_TW,2023-10-20,78.0,-29.41
2254_TW,2023-10-25,120.0,43.54
2301_TW,2000-02-21,5.524548530578613,14.33
2301_TW,2000-04-05,8.314424514770508,13.73
2301_TW,2000-07-27,7.674318313598633,14.62
2301_TW,2000-10-02,4.723315715789795,-13.26
2301_TW,2001-03-15,8.26451587677002,12.0
2302_TW,2000-09-04,35.71638107299805,10.81
2302_TW,2000-09-18,33.828914642333984,-11.07
2302_TW,2000-10-02,27.00506591796875,-13.08
2302_TW,2000-11-20,16.987051010131836,-12.69
2302_TW,2004-02-16,19.306196212768555,13.65
2302_TW,2007-11-27,6.064350605010986,-34.03
2302_TW,2007-12-13,7.965531349182129,31.35
2302_TW,2014-12-29,6.944137573242188,14.4
2303_TW,2000-05-10,20.08550262451172,18.99
2303_TW,2000-10-23,13.352294921875,12.5
2303_TW,2000-11-20,11.52634048461914,-11.4
2303_TW,2001-07-12,11.260435104370115,16.63
2303_TW,2001-09-25,7.968924045562744,-12.58
2303_TW,2005-08-02,12.146416664123535,15.23
2303_TW,2007-10-09,10.071122169494627,-14.85
2305_TW,2000-09-18,15.45250415802002,-13.04
2305_TW,2000-10-02,13.134628295898438,-11.19
2305_TW,2001-01-02,15.673254013061523,13.6
2305_TW,2001-03-15,22.07500648498535,12.99
2305_TW,2001-09-25,9.448101997375488,11.75
2305_TW,2001-11-12,10.816753387451172,11.62
2305_TW,2002-01-04,23.620256423950195,12.04
2305_TW,2016-02-01,5.5,13.4
2308_TW,2000-07-14,33.04472351074219,29.85
2308_TW,2000-07-17,26.212596893310547,-20.68
2308_TW,2000-10-02,21.73104476928711,-13.01
2308_TW,2005-12-23,29.801618576049805,12.39
2308_TW,2006-05-18,38.40615463256836,-10.86
2308_TW,2006-05-22,42.82344055175781,11.16
2308_TW,2007-05-03,53.49393081665039,11.93
2312_TW,2000-10-02,5.399516105651856,-13.09
2312_TW,2001-05-11,5.520257949829102,23.41
2313_TW,2000-04-05,67.0526123046875,11.0
2313_TW,2001-06-18,37.05653762817383,18.88
2313_TW,2001-09-25,17.588809967041016,-13.37
2313_TW,2009-04-02,5.04920768737793,14.32
2314_TW,2000-04-17,305.192626953125,-14.63
2314_TW,2000-05-22,351.3970642089844,-11.89
2314_TW,2000-06-02,416.7156066894531,26.0
2314_TW,2000-06-05,465.7410278320313,11.76
2314_TW,2000-10-02,281.89581298828125,-12.97
2314_TW,2000-10-17,231.1195678710937,-12.58
2314_TW,2001-05-31,194.1404266357422,20.78
2314_TW,2002-06-13,128.7428436279297,16.58
2314_TW,2012-01-06,63.84693145751953,30.08
2314_TW,2021-08-18,118.43359375,11.4
2316_TW,2000-04-05,26.508731842041016,14.2
2316_TW,2000-04-10,29.852170944213867,13.64
2316_TW,2000-10-02,21.268115997314453,-11.54
2316_TW,2000-10-23,15.141976356506348,12.45
2317_TW,2000-07-17,19.119335174560547,34.96
2317_TW,2000-10-02,14.139649391174316,-13.12
2317_TW,2000-10-23,13.827630996704102,12.18
2317_TW,2000-11-20,13.986406326293944,-10.58
2317_TW,2007-01-30,44.90019607543945,-16.67
2317_TW,2007-01-31,52.03025436401367,15.88
2317_TW,2007-07-10,57.61870193481445,-16.67
2317_TW,2007-07-11,67.87057495117188,17.79
2317_TW,2007-07-20,55.691627502441406,-12.9
2317_TW,2007-07-23,66.13623046875,18.75
2317_TW,2009-06-02,44.87542724609375,22.06
2321_TW,2000-04-05,1024.151123046875,13.72
2321_TW,2000-06-29,631.2276000976562,18.21
2321_TW,2000-10-02,465.9608154296875,-13.25
2321_TW,2000-10-17,329.3861389160156,-13.29
2321_TW,2001-07-19,302.32830810546875,19.2
2321_TW,2016-02-15,45.625,11.17
2321_TW,2016-02-18,40.625,-10.55
2321_TW,2016-06-06,30.0,-11.66
2321_TW,2016-09-09,55.83333206176758,14.04
2321_TW,2018-11-07,36.45833206176758,-15.46
2321_TW,2023-05-04,21.049999237060547,-11.18
2321_TW,2023-08-14,15.850000381469728,-10.96
2323_TW,2000-08-21,65.93687438964844,12.98
2323_TW,2000-10-02,39.2948112487793,-12.67
2323_TW,2000-11-20,27.8004093170166,-12.11
2323_TW,2009-04-02,10.412734985351562,12.21
2324_TW,2000-08-07,7.201996803283691,-12.78
2324_TW,2000-10-02,5.277278900146484,-13.26
2324_TW,2000-10-23,6.332469463348389,13.31
2324_TW,2003-07-28,13.27121639251709,17.92
2324_TW,2003-07-29,11.117406845092772,-16.23
2327_TW,2000-04-10,9.87716007232666,13.9
2327_TW,2000-07-20,9.97219467163086,15.21
2327_TW,2000-10-02,5.128385066986084,-13.31
2327_TW,2000-11-20,6.557307243347168,-13.15
2328_TW,2000-04-05,20.035789489746094,13.59
2328_TW,2000-04-10,23.03178977966309,10.81
2328_TW,2000-09-18,10.148967742919922,-12.3
2328_TW,2000-10-17,6.666112422943115,-13.17
2328_TW,2001-03-15,8.351367950439453,13.78
2328_TW,2005-07-28,22.2675838470459,15.21
2328_TW,2005-09-29,19.37677955627441,11.57
2328_TW,2005-12-22,22.505483627319336,-11.04
2328_TW,2005-12-23,25.06513404846192,11.37
2328_TW,2006-09-18,19.36051368713379,11.1
2328_TW,2006-10-16,29.50960350036621,10.65
2329_TW,2000-08-01,119.53762817382812,19.06
2329_TW,2000-10-02,68.61677551269531,-11.63
2329_TW,2000-11-20,32.6832389831543,-12.98
2329_TW,2001-03-15,51.82369995117188,13.89
2329_TW,2001-06-27,38.82265472412109,-11.16
2329_TW,2001-08-09,35.39542007446289,10.75
2329_TW,2004-11-08,9.334405899047852,13.62
2329_TW,2007-03-05,19.0378475189209,14.04
2330_TW,2000-10-23,23.918529510498047,14.37
2330_TW,2000-11-20,21.154157638549805,-10.66
2331_TW,2000-10-02,7.386374473571777,-10.57
2331_TW,2000-10-23,6.618369102478027,13.16
2331_TW,2001-03-15,16.21086883544922,13.67
2331_TW,2001-04-27,16.41510772705078,-12.58
2331_TW,2002-08-26,20.53996467590332,11.39
2331_TW,2003-07-24,12.606419563293455,13.01
2331_TW,2012-08-15,6.287409782409668,16.0
2331_TW,2013-11-25,10.348388671875,11.15
2331_TW,2014-10-20,15.02048110961914,-12.78
2332_TW,2000-06-23,11.750441551208496,14.61
2332_TW,2000-08-07,10.567898750305176,-11.18
2332_TW,2000-09-04,11.159171104431152,11.05
2332_TW,2000-10-02,6.53283166885376,-13.32
2332_TW,2001-07-11,7.323907852172852,17.45
2332_TW,2001-09-25,5.0218186378479,10.54
2332_TW,2002-07-09,8.952836036682129,16.21
2332_TW,2005-09-29,15.101651191711426,14.55
2332_TW,2005-12-22,15.51930809020996,-11.75
2332_TW,2005-12-23,17.585620880126953,13.31
2332_TW,2005-12-26,15.695164680480955,-10.75
2332_TW,2006-05-18,15.162101745605469,-11.46
2332_TW,2006-05-30,17.189943313598633,12.2
2332_TW,2008-02-14,24.52997779846192,16.02
2337_TW,2000-04-05,104.2742919921875,13.22
2337_TW,2000-09-04,81.28166198730469,10.85
2337_TW,2000-10-17,45.24489212036133,-13.29
2337_TW,2000-10-23,46.83642578125,11.35
2337_TW,2000-11-20,53.99829864501953,-12.04
2338_TW,2000-04-10,7.567893981933594,13.48
2338_TW,2000-06-05,9.197614669799805,14.19
2338_TW,2000-10-02,5.031902313232422,-12.94
2338_TW,2000-11-20,3.0146074295043945,-12.5
2338_TW,2002-07-10,8.610904693603516,10.6
2340_TW,2000-04-10,38.915802001953125,13.56
2340_TW,2000-04-17,36.59246444702149,-13.1
2340_TW,2000-07-06,37.38704299926758,23.78
2340_TW,2000-10-02,31.03040313720703,-13.11
2340_TW,2000-10-17,23.419172286987305,-13.31
2340_TW,2001-08-10,19.86448097229004,25.66
2340_TW,2002-12-03,20.90998077392578,13.07
2340_TW,2005-09-29,8.453934669494629,-32.12
2340_TW,2007-07-25,28.89154052734375,14.31
2342_TW,2000-10-17,1040.7340087890625,-12.96
2342_TW,2001-11-12,372.6714172363281,14.18
2342_TW,2004-05-07,278.6717834472656,14.41
2342_TW,2014-12-29,33.513816833496094,14.37
2344_TW,2000-10-17,19.50518798828125,-12.29
2344_TW,2000-11-20,17.082565307617188,-11.86
2344_TW,2001-11-12,11.454535484313965,12.0
2345_TW,2000-10-02,12.869622230529783,-12.4
2345_TW,2000-10-17,9.931459426879885,-13.35
2347_TW,2000-05-17,10.442178726196287,13.85
2347_TW,2000-10-02,6.426112651824951,-10.61
2347_TW,2001-10-02,2.7242746353149414,-13.2
2347_TW,2004-08-09,8.19542407989502,11.59
2347_TW,2005-08-16,8.08350658416748,13.09
2347_TW,2005-09-29,10.054638862609863,20.37
2347_TW,2005-12-22,8.643135070800781,-13.73
2347_TW,2005-12-23,10.054638862609863,16.33
2347_TW,2005-12-26,8.570598602294922,-14.76
2347_TW,2005-12-27,9.899030685424805,15.5
2347_TW,2006-05-18,7.254429340362549,-14.88
2347_TW,2006-05-22,8.498565673828125,15.01
2347_TW,2006-05-29,7.472060680389404,-12.94
2347_TW,2006-05-30,8.630231857299805,15.5
2347_TW,2006-07-18,6.508260726928711,-11.73
2347_TW,2006-07-19,7.552949905395508,16.05
2347_TW,2006-07-26,6.746620178222656,-12.48
2347_TW,2006-07-27,7.53748083114624,11.72
2347_TW,2007-03-05,9.131949424743652,-11.88
2347_TW,2007-07-25,18.54062271118164,12.2
2348_TW,2000-01-17,3777.478271484375,14.13
2348_TW,2000-08-21,1768.8193359375,14.34
2348_TW,2000-09-18,1307.127197265625,-12.8
2348_TW,2000-10-17,1109.25927734375,10.78
2348_TW,2001-03-15,905.3959350585938,13.53
2348_TW,2005-09-29,76.7293930053711,-42.91
2348_TW,2006-10-27,128.7135772705078,10.91
2348_TW,2008-11-10,30.71959686279297,-13.29
2348_TW,2008-11-17,26.62364959716797,-13.33
2348_TW,2008-12-01,17.61256980895996,-33.85
2348_TW,2009-04-02,22.937299728393555,13.71
2348_TW,2009-05-13,24.26848030090332,-13.19
2348_TW,2010-02-08,36.45392608642578,-13.17
2348_TW,2010-07-02,31.74358367919922,16.98
2348_TW,2010-11-01,18.12456321716309,-11.5
2348_TW,2011-03-10,18.70380210876465,-13.34
2348_TW,2011-05-10,16.11516761779785,-19.49
2348_TW,2011-06-09,10.500381469726562,-29.76
2348_TW,2011-06-27,9.917025566101074,-15.0
2348_TW,2011-11-10,7.911746025085449,-12.85
2348_TW,2011-11-22,6.781496047973633,-13.49
2348_TW,2011-11-29,5.870003700256348,-13.44
2348_TW,2012-01-16,6.89087438583374,-12.9
2348_TW,2013-06-17,18.661436080932617,-13.39
2348_TW,2013-08-19,16.23972511291504,-10.59
2348_TW,2014-02-05,16.738311767578125,-12.96
2348_TW,2014-09-03,18.483367919921875,-13.5
2348_TW,2014-11-18,17.450578689575195,-11.07
2348_TW,2015-10-13,14.296107292175291,22.22
2348_TW,2015-10-16,11.913422584533691,-16.67
2348_TW,2015-10-21,14.296107292175291,20.0
2348_TW,2015-12-15,9.657092094421388,-25.69
2348_TW,2016-04-20,11.01089096069336,14.02
2348_TW,2016-06-06,12.274436950683594,15.84
2348_TW,2017-10-02,10.830384254455566,15.38
2348_TW,2018-04-02,21.33585548400879,11.51
2349_TW,2000-10-02,205.4766387939453,-12.56
2349_TW,2000-10-17,140.7555694580078,-13.3
2349_TW,2009-04-02,24.10657119750977,14.29
2351_TW,2000-03-06,9.789371490478516,14.28
2351_TW,2000-06-12,8.630236625671387,-12.05
2351_TW,2000-06-13,9.743480682373049,12.9
2351_TW,2000-09-18,5.924061298370361,-10.87
2351_TW,2000-10-02,3.743388414382935,-13.45
2351_TW,2000-11-14,2.797952175140381,-15.24
2351_TW,2000-11-15,3.127407550811768,11.77
2351_TW,2001-11-05,2.5035548210144043,40.18
2351_TW,2001-12-19,3.6606605052948,-13.43
2351_TW,2013-02-25,16.86856460571289,12.66
2352_TW,2000-06-05,16.775772094726562,-10.83
2352_TW,2000-06-26,21.949922561645508,18.15
2352_TW,2000-11-20,8.12033462524414,-12.93
2352_TW,2001-06-12,11.685779571533203,24.39
2352_TW,2002-06-20,24.098520278930664,18.82
2352_TW,2005-09-29,26.8637924194336,21.29
2352_TW,2007-10-01,17.52815055847168,10.51
2352_TW,2013-02-25,5.3530120849609375,11.33
2353_TW,2000-06-21,17.600360870361328,15.24
2353_TW,2000-10-02,14.079885482788086,-12.89
2353_TW,2000-11-20,8.763949394226074,-12.87
2353_TW,2002-08-12,6.985640048980713,19.58
2353_TW,2002-12-03,8.153804779052734,11.86
2354_TW,2000-02-21,12.272782325744627,-11.52
2354_TW,2000-10-02,4.865562438964844,-12.99
2354_TW,2000-11-20,3.529034376144409,-13.2
2354_TW,2001-03-15,7.9159255027771,13.54
2354_TW,2001-09-25,3.949515581130981,12.39
2354_TW,2006-09-13,73.67294311523438,-11.94
2354_TW,2006-09-14,88.22236633300781,19.75
2354_TW,2006-10-26,85.84154510498047,-12.77
2354_TW,2006-10-27,99.17412567138672,15.53
2354_TW,2006-11-28,83.85753631591797,-14.92
2354_TW,2006-11-29,96.7403793334961,15.36
2354_TW,2007-01-30,103.16856384277344,-15.11
2354_TW,2007-01-31,119.5564956665039,15.88
2354_TW,2007-02-27,97.61336517333984,-10.87
2354_TW,2007-03-08,98.10935974121094,19.64
2354_TW,2007-05-02,85.84154510498047,-10.56
2354_TW,2007-05-03,99.32621002197266,15.71
2354_TW,2007-06-29,104.49126434326172,-13.81
2354_TW,2007-07-02,123.20708465576172,17.91
2354_TW,2007-07-23,103.96216583251952,-14.78
2354_TW,2007-07-24,119.70863342285156,15.15
2354_TW,2010-06-08,55.5377197265625,13.46
2355_TW,2000-04-05,5.638333320617676,13.08
2355_TW,2000-04-10,6.057713508605957,13.04
2355_TW,2000-07-10,5.320696830749512,15.57
2355_TW,2000-10-02,3.4258244037628174,-13.33
2355_TW,2001-06-08,5.106113433837891,12.71
2355_TW,2002-07-08,6.579211711883545,20.47
2356_TW,2000-06-12,5.461503982543945,-12.75
2356_TW,2000-08-07,4.440933227539063,-10.71
2356_TW,2000-10-02,3.5522193908691406,-13.43
2356_TW,2000-10-23,4.103379726409912,11.06
2356_TW,2000-11-22,3.918026924133301,33.67
2356_TW,2001-06-12,5.22905969619751,19.66
2356_TW,2001-06-13,4.49265718460083,-14.08
2356_TW,2005-12-23,5.302006721496582,11.21
2356_TW,2007-03-08,7.014917850494385,12.24
2357_TW,2000-10-02,48.76595306396485,-12.05
2357_TW,2000-10-23,54.11016845703125,11.34
2357_TW,2001-03-15,58.7863655090332,12.1
2357_TW,2003-08-01,57.90355682373047,15.07
2357_TW,2005-09-29,81.95874786376953,16.4
2357_TW,2005-12-22,80.56432342529297,-15.1
2357_TW,2005-12-23,94.42466735839844,17.2
2357_TW,2005-12-26,82.98123931884766,-12.12
2357_TW,2005-12-27,94.42466735839844,13.79
2357_TW,2006-05-18,59.69816207885742,-19.18
2357_TW,2006-05-22,66.98106384277344,11.45
2357_TW,2006-05-29,60.8260612487793,-15.09
2357_TW,2006-05-30,70.23706817626953,15.47
2357_TW,2006-07-18,59.61758804321289,-13.86
2357_TW,2006-07-19,69.77192687988281,17.03
2357_TW,2006-07-26,59.295352935791016,-13.87
2357_TW,2006-07-28,68.46951293945312,14.54
2357_TW,2006-10-27,84.56639862060547,11.69
2357_TW,2008-08-29,110.9703598022461,18.98
2357_TW,2008-11-18,54.57435607910156,-42.11
2357_TW,2008-12-04,51.61412811279297,-10.53
2357_TW,2009-06-11,63.07550048828125,24.22
2357_TW,2009-08-18,103.58636474609376,28.5
2357_TW,2010-06-24,75.330322265625,-26.41
2359_TW,2000-04-10,73.37273406982422,13.97
2359_TW,2000-10-02,27.51467704772949,-11.81
2359_TW,2001-09-25,16.208335876464844,11.22
2359_TW,2001-10-02,14.786553382873535,-11.11
2359_TW,2007-06-25,26.51626777648925,14.07
2359_TW,2008-05-20,21.17204666137696,-19.29
2359_TW,2009-07-24,7.1990742683410645,-14.81
2360_TW,2000-04-05,24.32499313354492,13.39
2360_TW,2000-05-02,18.004331588745117,-11.74
2360_TW,2000-09-04,19.421693801879883,12.23
2360_TW,2000-10-17,10.134140014648438,-13.22
2360_TW,2025-08-04,494.5,14.87
2362_TW,2000-09-18,2.1521315574646,-13.29
2362_TW,2000-10-02,2.180824518203736,-10.59
2362_TW,2000-11-20,1.4031901359558103,-12.68
2362_TW,2001-03-15,3.5725350379943848,14.22
2362_TW,2002-07-09,4.8684587478637695,17.01
2363_TW,2000-04-05,140.68194580078125,11.44
2363_TW,2000-10-02,99.43047332763672,-13.29
2363_TW,2000-10-17,64.73867797851562,-13.4
2363_TW,2005-09-29,38.341339111328125,11.63
2364_TW,2000-09-18,143.4409637451172,-12.88
2364_TW,2000-10-02,137.3800811767578,-10.53
2364_TW,2001-03-15,183.8468780517578,13.75
2364_TW,2010-02-08,40.81404495239258,-10.62
2365_TW,2000-03-06,5.599799156188965,13.65
2365_TW,2000-04-05,7.048246383666992,13.31
2365_TW,2000-10-02,4.810915470123291,-13.08
2365_TW,2000-10-23,3.646982908248901,14.17
2365_TW,2000-11-20,3.646982908248901,-12.15
2365_TW,2001-07-16,3.4428513050079346,15.75
2365_TW,2002-08-01,8.823562622070312,17.31
2365_TW,2005-07-19,9.18831729888916,11.55
2365_TW,2005-09-29,10.418030738830566,15.47
2365_TW,2005-12-22,10.297572135925291,-12.22
2365_TW,2005-12-23,12.226118087768556,18.73
2365_TW,2005-12-26,10.390008926391602,-15.02
2365_TW,2005-12-27,11.924766540527344,14.77
2365_TW,2006-05-18,11.33287239074707,-12.25
2365_TW,2006-05-22,12.914912223815918,14.9
2365_TW,2006-05-29,10.9076566696167,-13.52
2365_TW,2006-05-30,12.699663162231444,16.43
2365_TW,2006-07-26,10.7227783203125,-13.66
2365_TW,2006-07-28,12.3983154296875,16.23
2365_TW,2006-09-13,10.939444541931152,-10.52
2365_TW,2006-10-27,15.402447700500488,11.93
2365_TW,2007-03-01,18.9401969909668,11.76
2365_TW,2007-05-03,22.71861457824707,14.18
2365_TW,2007-07-02,25.028976440429688,12.19
2365_TW,2008-07-17,19.12904167175293,-12.3
2365_TW,2008-08-07,21.392223358154297,10.94
2367_TW,2000-04-05,14.854721069335938,13.19
2367_TW,2000-04-10,16.008485794067383,13.96
2367_TW,2000-05-02,11.27805233001709,-13.3
2367_TW,2000-08-01,11.97795867919922,16.65
2367_TW,2000-11-20,4.100734233856201,-13.31
2367_TW,2001-11-12,4.204662322998047,13.48
2367_TW,2007-07-24,18.82612609863281,10.85
2367_TW,2016-06-06,9.057336807250977,11.72
2368_TW,2000-06-27,20.10256576538086,14.71
2368_TW,2000-10-02,11.676599502563477,-13.06
2368_TW,2000-11-20,9.495253562927246,-10.84
2368_TW,2001-07-19,7.298515319824219,24.55
2368_TW,2001-11-12,6.087143421173096,13.56
2369_TW,2000-10-02,5.0465497970581055,-13.03
2369_TW,2021-04-07,16.52081871032715,14.6
2371_TW,2000-08-04,41.20446014404297,11.49
2371_TW,2017-06-05,11.461527824401855,14.9
2371_TW,2018-12-24,23.30670547485352,-18.59
2373_TW,2000-10-17,12.689190864562988,-13.08
2373_TW,2001-03-15,17.79855728149414,11.62
2374_TW,2015-11-17,15.184752464294434,-21.84
2375_TW,2000-01-17,113.81360626220705,13.09
2375_TW,2000-04-05,122.2006378173828,11.27
2375_TW,2000-04-10,133.78256225585938,11.67
2375_TW,2000-09-18,48.32136154174805,-13.26
2375_TW,2000-10-02,38.33758544921875,-11.52
2375_TW,2000-11-20,23.761341094970703,-12.5
2375_TW,2001-07-24,52.44462966918945,15.2
2375_TW,2002-07-04,63.28997802734375,10.98
2375_TW,2014-11-14,22.71976852416992,-24.91
2375_TW,2015-09-18,21.693416595458984,-21.77
2376_TW,2000-04-05,20.58664321899414,13.76
2376_TW,2000-10-02,11.122509002685549,-12.8
2376_TW,2002-09-10,12.551283836364746,19.59
2376_TW,2003-08-28,17.000829696655273,11.77
2376_TW,2018-12-24,30.560546875,12.39
2377_TW,2000-04-05,23.40830421447754,14.05
2377_TW,2000-05-10,17.21697425842285,-10.57
2377_TW,2000-10-02,11.990395545959473,-12.95
2377_TW,2000-10-17,8.239553451538086,-11.84
2377_TW,2003-08-21,18.76102638244629,18.92
2379_TW,2000-04-05,40.86771011352539,14.16
2379_TW,2000-10-02,29.71891021728516,-13.09
2379_TW,2000-10-17,27.653505325317383,-13.31
2379_TW,2000-11-20,26.965030670166016,-10.98
2380_TW,2000-04-05,87.92681884765625,13.98
2380_TW,2000-10-02,36.98526382446289,-12.77
2380_TW,2000-10-23,35.1806526184082,13.59
2380_TW,2001-06-07,41.46006393432617,-26.66
2380_TW,2021-04-07,10.503987312316896,13.95
2382_TW,2000-08-07,14.345340728759766,-11.54
2382_TW,2002-07-09,17.071060180664062,15.32
2383_TW,2000-04-10,10.701095581054688,14.16
2383_TW,2000-07-17,12.385128021240234,13.64
2383_TW,2000-10-02,7.967195987701416,-12.13
2383_TW,2000-10-17,5.87121057510376,-13.19
2383_TW,2000-11-20,5.163356304168701,-12.06
2383_TW,2005-09-29,3.3856379985809326,11.97
2383_TW,2005-12-27,4.384676933288574,18.88
2383_TW,2006-05-30,5.994242668151856,11.36
2383_TW,2006-07-28,5.032203197479248,13.44
2383_TW,2009-04-02,4.6263041496276855,14.1
2385_TW,2000-06-19,2.0591745376586914,10.71
2385_TW,2002-06-28,4.133031368255615,17.68
2385_TW,2005-07-12,5.817043304443359,14.33
2385_TW,2005-09-29,4.89031982421875,14.98
2385_TW,2005-12-22,6.27477502822876,-10.98
2385_TW,2005-12-23,7.181280612945557,14.45
2385_TW,2006-05-29,6.427354335784912,-12.9
2385_TW,2006-05-30,7.423595428466797,15.5
2385_TW,2006-10-11,9.333867073059082,13.92
2385_TW,2006-12-15,11.476849555969238,14.02
2385_TW,2007-01-19,12.334039688110352,14.65
2387_TW,2000-11-03,3.477881908416748,16.07
2387_TW,2002-09-05,5.034682273864746,16.9
2387_TW,2003-11-03,7.738274574279785,25.79
2387_TW,2005-09-29,13.07923984527588,31.76
2387_TW,2005-12-22,14.444731712341309,-22.03
2387_TW,2005-12-23,19.067039489746094,32.0
2387_TW,2005-12-26,14.24905014038086,-25.27
2387_TW,2005-12-27,18.90267562866211,32.66
2387_TW,2006-05-18,15.35197925567627,-24.24
2387_TW,2006-05-22,21.9083194732666,41.23
2387_TW,2006-05-29,15.08513069152832,-26.66
2387_TW,2006-05-30,19.912384033203125,32.0
2387_TW,2006-07-28,17.22391128540039,11.1
2387_TW,2006-10-27,16.739133834838867,10.75
2387_TW,2009-04-02,16.657581329345703,14.04
2387_TW,2016-01-05,11.584564208984377,-13.12
2388_TW,2000-04-05,342.29254150390625,10.99
2388_TW,2000-04-10,386.3497314453125,11.11
2388_TW,2000-08-28,626.8026733398438,52.85
2388_TW,2000-09-04,693.9069213867188,13.18
2388_TW,2000-10-02,448.369384765625,-11.18
2388_TW,2000-10-17,369.0668640136719,-13.26
2388_TW,2000-11-20,272.9873046875,-11.82
2388_TW,2002-09-02,171.1719970703125,19.35
2388_TW,2005-02-14,73.89484405517578,11.84
2388_TW,2009-01-19,55.42112731933594,13.55
2388_TW,2009-04-02,86.43871307373047,14.16
2388_TW,2009-06-08,77.54396057128906,-10.99
2388_TW,2018-04-02,41.34683609008789,13.93
2390_TW,2000-04-10,43.40341567993164,10.62
2390_TW,2000-06-09,66.5042953491211,40.52
2390_TW,2000-10-17,37.08417892456055,-13.29
2390_TW,2001-08-21,17.89314079284668,22.67
2392_TW,2000-10-17,8.455568313598633,-13.01
2392_TW,2002-07-09,14.359901428222656,20.25
2392_TW,2005-07-26,27.19553565979004,11.98
2392_TW,2005-09-29,32.596065521240234,15.14
2392_TW,2005-12-22,29.59859275817871,-14.42
2392_TW,2005-12-23,35.26178741455078,19.13
2392_TW,2005-12-26,30.03816795349121,-14.81
2392_TW,2005-12-27,34.755638122558594,15.7
2392_TW,2006-05-22,48.927833557128906,13.19
2392_TW,2006-05-30,50.95242691040039,15.14
2392_TW,2006-07-26,34.580535888671875,-12.41
2392_TW,2006-07-28,42.34788131713867,14.69
2393_TW,2000-01-17,6.531150817871094,12.7
2393_TW,2000-01-31,8.585549354553223,12.22
2393_TW,2000-03-06,11.115220069885254,13.28
2393_TW,2000-04-10,13.56823444366455,11.32
2393_TW,2000-10-02,6.323028087615967,-13.33
2393_TW,2001-09-25,2.258995532989502,14.0
2393_TW,2006-05-22,34.1700553894043,11.93
2395_TW,2007-03-01,31.08771324157715,-11.22
2397_TW,2000-10-02,6.690263748168945,-13.5
2397_TW,2001-03-15,11.118213653564451,13.86
2399_TW,2000-04-05,24.38996696472168,13.89
2399_TW,2000-04-10,31.825937271118164,14.44
2399_TW,2000-09-18,7.602530002593994,-13.06
2399_TW,2000-11-20,2.855411529541016,-12.57
2399_TW,2001-11-12,4.800660133361816,13.98
2399_TW,2005-12-23,7.784574508666992,13.32
2399_TW,2017-06-05,10.726383209228516,10.62
2399_TW,2021-04-07,36.84391784667969,20.9
2401_TW,2000-06-20,28.780012130737305,40.24
2401_TW,2000-10-23,24.93044853210449,11.93
2401_TW,2001-07-17,35.948848724365234,39.08
2401_TW,2002-06-26,40.54155731201172,23.19
2401_TW,2005-09-29,27.90595245361328,10.93
2401_TW,2005-12-23,36.59796524047852,12.31
2401_TW,2006-05-22,35.774513244628906,11.34
2401_TW,2006-07-28,31.1451358795166,11.98
2402_TW,2000-02-21,32.966163635253906,13.45
2402_TW,2000-03-06,36.02490997314453,13.98
2402_TW,2000-10-17,25.80805778503418,-11.96
2402_TW,2000-11-20,17.099163055419922,-13.44
2402_TW,2001-09-25,7.958227634429932,13.94
2404_TW,2001-07-03,2.795885801315308,11.59
2404_TW,2002-07-05,4.611611843109131,15.99
2405_TW,2000-04-10,22.60329246520996,13.51
2405_TW,2000-07-11,17.152667999267578,16.04
2405_TW,2000-09-18,11.262897491455078,-12.1
2405_TW,2000-10-02,7.69803524017334,-12.87
2405_TW,2000-11-20,4.159005165100098,-13.44
2405_TW,2001-03-15,7.723867416381836,14.12
2406_TW,2000-05-08,62.358341217041016,13.89
2406_TW,2000-05-10,71.17977142333984,14.15
2406_TW,2000-05-22,127.3144989013672,109.27
2406_TW,2000-09-18,47.82453536987305,-13.31
2406_TW,2000-10-02,36.88857269287109,-12.06
2406_TW,2001-03-15,53.04771423339844,10.54
2406_TW,2007-06-25,27.1210880279541,11.44
2406_TW,2025-08-04,14.449999809265137,17.48
2408_TW,2000-09-04,871.928466796875,12.6
2408_TW,2000-10-17,356.0882873535156,-13.1
2408_TW,2001-03-15,401.2091369628906,14.24
2408_TW,2001-11-12,141.4596710205078,14.29
2409_TW,2000-10-17,10.60085105895996,-13.34
2409_TW,2001-03-15,10.47011661529541,14.22
2412_TW,2005-09-29,27.530681610107425,12.39
2412_TW,2005-12-22,23.903648376464844,-11.65
2412_TW,2005-12-23,26.867286682128903,12.4
2412_TW,2005-12-26,23.945884704589844,-10.87
2412_TW,2005-12-27,27.009445190429688,12.79
2412_TW,2006-05-18,25.63518142700196,-11.31
2412_TW,2006-05-22,28.904842376708984,12.2
2412_TW,2006-05-29,25.55072593688965,-12.61
2412_TW,2006-05-30,28.667919158935547,12.2
2412_TW,2006-07-26,24.7060775756836,-10.57
2412_TW,2006-07-28,28.904842376708984,13.5
2412_TW,2007-03-01,28.744367599487305,-10.99
2413_TW,2000-01-17,26.472871780395508,10.94
2413_TW,2000-06-14,40.417667388916016,43.87
2413_TW,2000-09-13,44.47442626953125,48.23
2413_TW,2000-10-17,31.592363357543945,-13.1
2413_TW,2001-08-02,24.56168365478516,27.67
2413_TW,2002-07-25,18.86705017089844,16.33
2413_TW,2017-06-05,12.595420837402344,10.68
2414_TW,2000-01-17,5.518857479095459,12.08
2414_TW,2000-04-05,5.495068550109863,10.53
2414_TW,2000-06-29,4.864444255828857,23.93
2414_TW,2000-09-13,5.86949348449707,17.74
2414_TW,2000-10-17,4.301615715026856,-13.01
2414_TW,2000-11-20,2.1869890689849854,-13.1
2414_TW,2001-01-02,2.4764437675476074,13.65
2414_TW,2001-07-31,1.8573509454727173,28.33
2414_TW,2003-08-20,3.743710994720459,17.78
2414_TW,2005-09-29,4.085914611816406,11.71
2414_TW,2005-12-22,3.4564874172210693,-10.92
2414_TW,2005-12-23,3.850754499435425,11.41
2414_TW,2006-07-28,3.7625694274902335,17.02
2414_TW,2008-09-22,4.825809955596924,14.42
2414_TW,2009-02-09,3.2442424297332764,-16.58
2414_TW,2009-09-11,6.293830394744873,14.12
2415_TW,2000-01-31,7.590856075286865,13.28
2415_TW,2000-03-06,14.49811553955078,13.97
2415_TW,2000-04-05,16.550880432128906,13.62
2415_TW,2000-04-10,18.464942932128903,10.65
2415_TW,2000-06-19,11.490309715270996,-10.63
2415_TW,2000-06-21,15.717887878417969,32.85
2415_TW,2000-10-17,6.911028861999512,-13.34
2415_TW,2000-11-20,5.247023582458496,-12.69
2415_TW,2001-09-25,5.926497936248779,10.99
2415_TW,2017-02-20,26.96976661682129,17.42
2415_TW,2017-09-08,22.382837295532227,19.52
2417_TW,2000-04-10,7.6120924949646,13.51
2417_TW,2000-06-30,6.176671028137207,24.38
2417_TW,2001-03-15,4.628154277801514,14.16
2417_TW,2001-07-05,4.141849994659424,16.69
2417_TW,2005-06-29,12.706774711608888,13.5
2417_TW,2005-09-29,13.227838516235352,15.39
2417_TW,2005-12-22,20.211145401000977,-15.93
2417_TW,2005-12-23,24.067317962646484,19.08
2417_TW,2005-12-26,20.625507354736328,-14.3
2417_TW,2005-12-27,23.883594512939453,15.8
2417_TW,2006-05-18,22.32894325256348,-11.01
2417_TW,2006-05-22,25.090904235839844,12.14
2417_TW,2006-05-29,20.855682373046875,-13.63
2417_TW,2006-05-30,23.77861785888672,14.02
2417_TW,2021-10-12,26.431808471679688,-11.33
2419_TW,2000-03-06,68.72671508789062,13.57
2419_TW,2000-05-11,42.422000885009766,-14.42
2419_TW,2000-09-13,41.82686996459961,12.28
2419_TW,2000-10-02,26.4903507232666,-12.5
2419_TW,2000-10-17,20.51508140563965,-12.71
2419_TW,2000-11-20,14.499978065490724,-13.33
2419_TW,2018-09-10,17.826501846313477,-11.16
2420_TW,2000-04-10,3.2358264923095703,13.13
2420_TW,2000-05-02,1.849043250083924,-13.28
2420_TW,2000-09-13,2.1169896125793457,20.52
2420_TW,2003-09-09,2.7926583290100098,12.42
2420_TW,2005-09-29,4.616206645965576,22.13
2420_TW,2005-12-26,4.0348076820373535,-16.45
2420_TW,2005-12-27,4.797026634216309,18.89
2420_TW,2006-07-26,4.869906902313232,-15.53
2420_TW,2006-07-27,5.394144058227539,10.76
2420_TW,2006-10-27,6.1894211769104,13.35
2420_TW,2007-01-19,10.965508460998535,17.58
2421_TW,2000-04-10,5.674224853515625,13.54
2421_TW,2000-11-20,1.783098578453064,-13.09
2421_TW,2001-04-27,7.504164218902588,-12.8
2421_TW,2001-07-11,5.4723944664001465,19.71
2421_TW,2002-07-12,7.099662780761719,19.76
2421_TW,2005-12-27,5.037980079650879,10.91
2421_TW,2017-10-02,41.110294342041016,13.27
2423_TW,2000-03-06,3.3714873790740967,10.71
2423_TW,2000-06-20,3.2918758392333984,17.81
2423_TW,2001-03-15,3.055131196975708,13.87
2423_TW,2001-06-21,3.99560546875,16.97
2423_TW,2002-07-03,2.7734920978546143,14.47
2424_TW,2000-03-06,140.5950927734375,13.81
2424_TW,2000-04-10,281.7071228027344,13.31
2424_TW,2000-09-13,125.60518646240234,-15.03
2424_TW,2000-09-18,98.20980072021484,-12.84
2424_TW,2000-10-26,81.30948638916016,11.96
2424_TW,2001-09-25,49.36647415161133,11.84
2424_TW,2001-11-16,71.32875061035156,14.25
2424_TW,2002-12-03,88.32461547851562,14.0
2424_TW,2005-09-29,32.64204025268555,-21.79
2424_TW,2005-12-22,58.601810455322266,25.65
2424_TW,2005-12-23,46.036739349365234,-21.44
2424_TW,2005-12-26,58.83953857421875,27.81
2424_TW,2005-12-27,45.49370956420898,-22.68
2424_TW,2006-05-18,49.97007369995117,40.37
2424_TW,2006-05-22,43.56294250488281,-18.5
2424_TW,2006-05-29,55.43414688110352,37.33
2424_TW,2006-05-30,42.235538482666016,-23.81
2424_TW,2006-07-26,41.179649353027344,33.82
2424_TW,2006-07-28,30.530261993408203,-24.41
2424_TW,2006-09-15,31.122163772583008,29.93
2424_TW,2006-09-18,25.099977493286133,-19.35
2424_TW,2006-10-26,36.190425872802734,40.14
2424_TW,2006-10-27,27.15141868591309,-24.98
2424_TW,2006-12-01,52.504207611083984,40.35
2424_TW,2006-12-04,40.42544555664063,-23.01
2424_TW,2007-01-18,53.77127456665039,31.06
2424_TW,2007-01-19,40.42544555664063,-24.82
2424_TW,2007-01-31,48.703006744384766,28.74
2424_TW,2007-02-01,36.08121871948242,-25.92
2424_TW,2015-08-24,46.5,-11.57
2424_TW,2016-09-22,43.83333206176758,10.5
2425_TW,2000-02-21,140.747802734375,13.27
2425_TW,2000-09-13,81.8096694946289,-24.57
2425_TW,2000-11-20,30.084836959838867,-12.64
2425_TW,2002-01-04,73.07828521728516,14.16
2425_TW,2006-10-16,25.9998779296875,14.35
2425_TW,2012-01-06,12.352954864501951,-12.96
2425_TW,2012-03-05,27.11517906188965,14.21
2426_TW,2000-03-06,12.839574813842772,12.84
2426_TW,2000-04-05,14.135316848754885,13.21
2426_TW,2000-04-10,18.25811195373535,13.97
2426_TW,2000-05-02,13.428550720214844,-12.98
2426_TW,2000-06-05,15.784435272216797,11.67
2426_TW,2000-09-13,15.422513008117676,21.23
2426_TW,2000-10-02,11.12289810180664,-13.14
2426_TW,2000-10-17,7.259486675262451,-13.06
2426_TW,2001-08-09,6.427917957305908,14.62
2426_TW,2001-09-25,4.05865478515625,11.93
2426_TW,2005-07-26,11.38744068145752,12.37
2426_TW,2005-09-29,11.22895622253418,14.78
2426_TW,2005-12-22,10.39991283416748,-13.26
2426_TW,2005-12-23,11.816316604614258,13.62
2426_TW,2005-12-26,10.245610237121582,-13.29
2426_TW,2005-12-27,12.230924606323242,19.38
2426_TW,2006-05-22,20.69582748413086,19.76
2426_TW,2006-05-30,20.24667358398437,11.96
2426_TW,2006-09-18,16.860708236694336,17.24
2426_TW,2007-07-25,34.87677001953125,13.29
2427_TW,2000-04-10,38.89536666870117,14.04
2427_TW,2000-05-31,27.86254119873047,11.19
2427_TW,2000-10-17,18.69969749450684,-12.28
2428_TW,2000-03-06,11.49120044708252,13.77
2428_TW,2000-09-13,5.257671356201172,-12.4
2428_TW,2000-10-17,5.491744995117188,-11.59
2428_TW,2000-11-20,2.790886640548706,-12.92
2428_TW,2001-03-15,5.401717185974121,14.07
2428_TW,2003-07-24,6.846135139465332,11.68
2428_TW,2005-12-23,8.393450736999512,16.39
2428_TW,2005-12-27,8.717005729675293,12.69
2428_TW,2006-09-18,9.51271915435791,12.71
2428_TW,2006-12-04,10.843720436096191,14.36
2428_TW,2007-07-24,16.880386352539062,-10.91
2428_TW,2007-07-25,19.10373306274414,13.17
2429_TW,2000-04-05,10431.55859375,14.19
2429_TW,2000-04-10,11403.9921875,14.16
2429_TW,2000-09-13,8450.4462890625,16.57
2429_TW,2005-09-29,320.5489807128906,-54.37
2429_TW,2006-09-08,121.25904083251952,-12.82
2429_TW,2007-04-26,203.28721618652344,-12.58
2429_TW,2007-11-07,173.3291015625,-13.21
2429_TW,2007-12-04,136.95138549804688,-13.12
2429_TW,2007-12-14,104.1401138305664,-12.57
2429_TW,2008-04-03,173.3291015625,-13.21
2429_TW,2008-09-09,111.50226593017578,-13.37
2429_TW,2009-01-15,73.41712951660156,-34.16
2429_TW,2009-02-12,63.781131744384766,-13.12
2429_TW,2009-08-05,60.79855728149414,-13.11
2429_TW,2009-10-16,52.76855850219727,-13.21
2429_TW,2010-02-08,110.35511779785156,-13.33
2429_TW,2010-09-01,113.06399536132812,-10.51
2429_TW,2010-12-03,80.05538177490234,13.44
2429_TW,2010-12-08,84.98770141601562,14.05
2429_TW,2010-12-09,74.51600646972656,-12.32
2429_TW,2011-04-19,54.48318862915039,-30.29
2429_TW,2011-06-28,42.79737854003906,-19.43
2429_TW,2011-08-31,18.970468521118164,12.61
2429_TW,2011-10-04,23.44750022888184,14.02
2429_TW,2011-10-12,28.607467651367188,14.24
2429_TW,2011-10-19,37.409767150878906,14.39
2429_TW,2012-01-12,39.382694244384766,-31.89
2429_TW,2012-03-15,37.48564910888672,-13.33
2429_TW,2012-10-12,48.56440353393555,-39.62
2429_TW,2012-11-09,39.23093032836914,-19.22
2429_TW,2012-11-13,33.99508285522461,-13.35
2429_TW,2013-02-25,56.911407470703125,13.29
2429_TW,2013-04-29,49.41427993774414,-13.4
2429_TW,2013-09-18,39.50953674316406,16.22
2429_TW,2015-08-28,17.643051147460938,-11.9
2429_TW,2015-11-30,16.1444149017334,-10.9
2429_TW,2015-12-25,14.98637580871582,-10.93
2429_TW,2016-03-01,12.942778587341309,-10.8
2429_TW,2016-06-08,10.776565551757812,-17.86
2429_TW,2016-06-24,9.12806510925293,-12.99
2429_TW,2016-07-06,11.198909759521484,12.91
2429_TW,2017-06-05,22.752042770385746,15.97
2429_TW,2018-10-12,14.441415786743164,-12.76
2429_TW,2018-12-06,12.997275352478027,-12.07
2429_TW,2019-04-16,15.100000381469728,11.03
2429_TW,2024-06-24,21.018335342407227,-18.53
2429_TW,2024-07-02,42.75,41.17
2430_TW,2000-10-17,6.123838901519775,-13.3
2430_TW,2000-11-20,5.3412394523620605,-13.33
2430_TW,2001-01-02,5.008633613586426,13.78
2430_TW,2001-03-15,11.445510864257812,12.5
2431_TW,2000-01-31,11.81335163116455,11.89
2431_TW,2000-10-02,5.68919849395752,-12.35
2431_TW,2000-11-20,3.910100936889648,-12.28
2431_TW,2001-07-11,5.554041862487793,12.73
2431_TW,2002-08-26,9.580496788024902,10.67
2433_TW,2000-04-10,7.096381187438965,12.58
2433_TW,2000-06-14,7.239874839782715,29.43
2433_TW,2000-09-18,4.46132755279541,-10.94
2433_TW,2000-11-20,2.8568153381347656,-10.61
2433_TW,2001-06-21,3.5744292736053467,23.43
2434_TW,2000-01-17,92.14715576171876,14.33
2434_TW,2000-03-06,211.721923828125,13.55
2434_TW,2000-04-05,229.7664031982422,13.69
2434_TW,2000-04-10,299.5383605957031,14.22
2434_TW,2000-04-17,270.6672058105469,-10.71
2434_TW,2000-05-31,211.721923828125,10.69
2434_TW,2000-09-13,226.3500061035156,15.44
2434_TW,2000-10-02,146.3729705810547,-11.01
2434_TW,2000-10-17,104.42279052734376,-13.5
2434_TW,2000-11-20,77.56260681152344,-12.88
2434_TW,2001-03-15,111.66600036621094,13.5
2434_TW,2001-07-24,53.578861236572266,11.65
2434_TW,2002-01-04,103.37566375732422,12.84
2434_TW,2007-04-16,198.81521606445312,14.44
2434_TW,2017-10-02,42.36126708984375,48.91
2436_TW,2000-01-17,21.15187644958496,13.53
2436_TW,2000-04-05,31.12503242492676,14.06
2436_TW,2000-09-13,30.63185691833496,27.05
2436_TW,2000-10-17,16.81190299987793,-12.59
2436_TW,2000-11-20,14.95974349975586,-11.02
2436_TW,2001-11-12,11.028060913085938,14.18
2436_TW,2002-08-02,15.950969696044922,14.94
2436_TW,2003-07-28,17.163545608520508,14.42
2436_TW,2008-08-08,22.63300514221192,15.75
2436_TW,2021-04-07,56.01551818847656,12.91
2438_TW,2000-03-06,499.8770446777344,13.38
2438_TW,2000-04-10,524.7156372070312,14.19
2438_TW,2000-06-05,388.1033020019531,11.61
2438_TW,2000-10-02,225.62771606445312,-13.31
2438_TW,2000-11-10,218.8018341064453,13.31
2438_TW,2001-04-27,270.6825866699219,-13.36
2438_TW,2001-10-16,107.81063079833984,16.57
2438_TW,2008-08-08,47.86933135986328,-11.82
2438_TW,2009-01-12,10.19896411895752,10.71
2438_TW,2009-01-19,7.895971775054932,-11.11
2438_TW,2009-04-02,14.80494785308838,12.5
2438_TW,2011-09-08,18.45683479309082,13.33
2438_TW,2011-09-14,16.926990509033203,-12.5
2438_TW,2012-12-24,5.397747993469238,12.45
2439_TW,2000-01-31,4.620506286621094,12.9
2439_TW,2000-03-06,7.095779895782471,13.91
2439_TW,2000-04-17,6.765741348266602,-10.87
2439_TW,2000-05-02,7.21954345703125,11.46
2439_TW,2000-06-26,6.765741348266602,-14.14
2439_TW,2000-09-13,10.038869857788086,62.23
2439_TW,2000-10-02,7.826220512390137,-13.18
2439_TW,2001-06-14,7.97700834274292,18.71
2439_TW,2001-09-25,5.999455451965332,10.8
2439_TW,2001-11-12,6.2155375480651855,13.72
2439_TW,2002-07-05,6.862411022186279,19.98
2439_TW,2005-09-29,20.048185348510746,19.74
2439_TW,2006-05-18,23.50263214111328,-14.45
2439_TW,2006-05-22,29.57726287841797,18.01
2439_TW,2006-05-29,23.50263214111328,-14.84
2439_TW,2006-05-30,27.96845817565918,19.0
2439_TW,2006-07-26,26.01201820373535,-10.94
2439_TW,2006-07-28,29.553285598754883,12.54
2439_TW,2006-12-01,22.527156829833984,-12.42
2439_TW,2007-01-30,23.64729118347168,-10.91
2439_TW,2007-01-31,26.543228149414062,12.25
2439_TW,2009-01-12,7.917184829711914,-10.96
2440_TW,2001-03-15,129.4432830810547,14.08
2440_TW,2001-07-12,101.35134887695312,15.72
2440_TW,2002-08-15,115.65076446533205,12.2
2440_TW,2005-09-29,8.832551956176758,-63.87
2440_TW,2006-10-16,9.786653518676758,14.11
2440_TW,2007-01-30,15.293978691101074,45.9
2440_TW,2007-01-31,10.278634071350098,-32.79
2440_TW,2007-04-16,14.441055297851562,12.14
2440_TW,2016-09-12,8.680000305175781,-11.34
2441_TW,2002-08-14,3.6308090686798096,11.76
2441_TW,2005-08-25,5.012387275695801,11.19
2441_TW,2005-09-29,6.8668599128723145,19.47
2441_TW,2005-12-26,7.401625633239746,-12.04
2441_TW,2005-12-27,8.514113426208496,15.03
2441_TW,2006-05-18,7.0173444747924805,-14.28
2441_TW,2006-05-22,8.2362642288208,18.21
2441_TW,2006-05-29,6.741662979125977,-16.33
2441_TW,2006-05-30,8.00802993774414,18.78
2441_TW,2006-07-26,5.897913455963135,-15.69
2441_TW,2006-07-28,7.1844024658203125,19.11
2441_TW,2006-08-16,6.524458408355713,-15.16
2441_TW,2006-08-17,7.8194899559021,19.85
2441_TW,2010-08-25,12.506047248840332,16.88
2442_TW,2000-12-14,26.30781364440918,-21.14
2442_TW,2001-01-02,17.888071060180664,-32.0
2442_TW,2002-12-03,15.643406867980955,13.68
2442_TW,2007-04-16,12.263656616210938,13.9
2444_TW,2011-10-18,10.457765579223633,14.13
2449_TW,2001-05-25,5.903214454650879,66.98
2449_TW,2001-11-12,1.7201404571533203,13.55
2449_TW,2002-01-04,3.107983350753784,13.57
2449_TW,2005-07-19,7.898794174194336,22.12
2449_TW,2005-09-29,8.416985511779785,20.96
2449_TW,2005-12-26,9.837322235107422,-13.05
2449_TW,2005-12-27,11.347597122192385,15.35
2449_TW,2006-05-18,10.12665557861328,-12.6
2449_TW,2006-05-22,12.216554641723633,19.44
2449_TW,2006-05-29,9.634790420532228,-15.85
2449_TW,2006-05-30,11.347597122192385,17.78
2449_TW,2006-07-26,6.972926139831543,-15.27
2449_TW,2006-07-28,8.485139846801758,17.78
2449_TW,2006-12-01,9.168252944946287,-11.55
2449_TW,2006-12-04,10.215614318847656,11.42
2449_TW,2007-03-01,10.215614318847656,12.05
2451_TW,2001-11-12,3.816240310668945,12.76
2451_TW,2002-01-04,7.063694953918457,13.39
2451_TW,2003-08-21,12.102543830871582,12.27
2451_TW,2005-09-29,17.932153701782227,13.36
2451_TW,2008-08-07,25.29320335388184,12.29
2453_TW,2001-06-06,13.390719413757324,17.6
2454_TW,2003-08-13,53.783599853515625,-22.16
2454_TW,2003-08-19,75.79824829101562,39.92
2454_TW,2005-12-22,101.4320297241211,-13.91
2454_TW,2005-12-23,120.3068618774414,18.61
2454_TW,2005-12-27,123.79161834716795,14.88
2454_TW,2006-05-18,108.75926971435548,-15.76
2454_TW,2006-05-22,119.47715759277344,11.33
2454_TW,2006-05-29,101.4320297241211,-12.68
2454_TW,2006-05-30,117.15397644042967,15.5
2454_TW,2006-07-26,82.46739959716797,-14.9
2454_TW,2006-07-28,99.5643081665039,15.89
2455_TW,2002-02-01,15.745492935180664,14.33
2455_TW,2002-12-03,6.692905902862549,14.29
2455_TW,2007-06-25,24.41194725036621,14.26
2455_TW,2008-08-07,19.815837860107425,12.65
2455_TW,2009-08-13,29.980438232421875,10.74
2455_TW,2009-08-14,26.506404876708984,-11.59
2455_TW,2010-01-26,35.596221923828125,-14.18
2455_TW,2012-01-06,28.20134925842285,12.12
2457_TW,2000-02-21,35.0380973815918,13.89
2457_TW,2000-03-06,47.64326477050781,12.63
2457_TW,2001-09-20,10.355813026428224,-58.78
2457_TW,2021-04-07,38.059967041015625,20.81
2458_TW,2000-04-17,9.51453685760498,13.89
2458_TW,2000-05-22,14.20218563079834,-10.53
2458_TW,2000-06-05,22.10649871826172,37.56
2458_TW,2001-09-20,9.248111724853516,-52.77
2458_TW,2002-08-08,13.291939735412598,13.2
2458_TW,2012-01-06,20.96857452392578,12.83
2458_TW,2018-10-22,32.427494049072266,-15.35
2459_TW,2000-04-05,6.17425012588501,14.11
2459_TW,2000-04-10,6.937849044799805,13.57
2459_TW,2000-05-31,6.021530151367188,14.05
2459_TW,2000-06-05,7.1123881340026855,13.99
2459_TW,2000-06-14,10.39761447906494,37.74
2459_TW,2001-09-20,3.789788246154785,-56.63
2459_TW,2002-07-19,6.978433132171631,14.34
2459_TW,2003-07-18,9.55238151550293,13.94
2459_TW,2006-05-29,12.801420211791992,-11.1
2460_TW,2000-04-10,4.496029853820801,14.18
2460_TW,2001-09-20,1.2697216272354126,-42.54
2460_TW,2001-12-19,2.051962852478028,-12.98
2460_TW,2002-08-22,4.773758888244629,21.35
2460_TW,2003-08-04,7.288945198059082,13.23
2460_TW,2005-09-29,6.1869001388549805,35.49
2460_TW,2006-05-29,5.647343635559082,-23.49
2460_TW,2006-05-30,7.466948986053467,32.22
2460_TW,2006-09-04,10.693242073059082,-15.26
2460_TW,2006-09-05,13.384238243103027,25.17
2460_TW,2006-10-16,23.61362266540528,13.17
2460_TW,2006-10-26,18.204689025878903,-14.61
2460_TW,2006-10-27,21.462581634521484,17.9
2460_TW,2007-07-10,21.024003982543945,-16.86
2460_TW,2007-07-11,24.330629348754883,15.73
2460_TW,2016-07-05,8.933724403381348,11.53
2461_TW,2000-01-31,8.840238571166992,13.21
2461_TW,2000-04-10,15.617753982543944,13.98
2461_TW,2001-09-20,7.530375003814697,-36.51
2461_TW,2009-04-02,7.916670799255371,12.75
2462_TW,2000-02-21,3.808298110961914,13.94
2462_TW,2000-03-06,3.615471839904785,12.5
2462_TW,2000-04-17,3.213752269744873,-16.67
2462_TW,2001-09-20,2.9070422649383545,-12.6
2462_TW,2002-12-03,5.072978973388672,10.95
2464_TW,2001-09-20,1.563927412033081,-28.38
2464_TW,2002-08-08,2.983116149902344,14.61
2464_TW,2005-09-29,6.638487815856934,12.96
2464_TW,2005-12-23,8.160605430603027,10.87
2464_TW,2005-12-26,7.211220741271973,-11.63
2464_TW,2006-05-22,9.439698219299316,10.91
2464_TW,2006-05-30,9.286209106445312,11.21
2465_TW,2000-01-31,55.96000289916992,14.21
2465_TW,2000-03-06,75.33078002929688,13.33
2465_TW,2000-04-10,81.66109466552734,13.16
2465_TW,2001-09-20,51.57638168334961,-23.85
2465_TW,2001-09-25,56.188926696777344,12.61
2465_TW,2002-07-10,90.84779357910156,23.45
2465_TW,2003-07-16,62.1301383972168,12.35
2465_TW,2005-07-15,88.1350326538086,13.48
2465_TW,2005-09-29,41.12565231323242,-25.23
2465_TW,2005-12-22,54.501953125,41.56
2465_TW,2005-12-23,38.15060424804688,-30.0
2465_TW,2005-12-26,55.00197219848633,44.17
2465_TW,2005-12-27,39.20062255859375,-28.73
2465_TW,2006-05-18,50.00179290771485,44.16
2465_TW,2006-05-22,34.33554458618164,-31.12
2465_TW,2006-05-29,48.501739501953125,39.69
2465_TW,2006-05-30,33.950538635253906,-30.0
2465_TW,2006-07-26,32.55121612548828,36.57
2465_TW,2006-07-28,24.395387649536133,-25.17
2465_TW,2006-09-15,23.600873947143555,40.48
2465_TW,2006-09-18,17.325275421142578,-26.59
2465_TW,2006-10-26,30.90093994140625,42.4
2465_TW,2006-10-27,21.560340881347656,-30.23
2465_TW,2007-01-05,49.00077819824219,41.41
2465_TW,2007-01-08,34.300540924072266,-30.0
2465_TW,2007-03-12,45.00161361694336,44.14
2465_TW,2007-03-13,31.71050262451172,-29.53
2465_TW,2007-06-15,104.25373840332033,40.17
2465_TW,2007-06-20,70.00110626220703,-32.86
2465_TW,2007-06-25,102.50367736816406,43.56
2465_TW,2007-06-26,70.70111846923828,-31.03
2465_TW,2007-07-10,112.5040283203125,45.45
2465_TW,2007-07-11,84.17633056640625,-25.18
2465_TW,2007-07-23,123.00455474853516,52.8
2465_TW,2007-07-24,89.4264144897461,-27.3
2465_TW,2007-09-10,96.5034637451172,40.67
2465_TW,2007-09-11,71.40113830566406,-26.01
2465_TW,2018-04-02,25.85336685180664,20.87
2465_TW,2021-04-07,51.08802032470703,20.67
2466_TW,2000-01-31,44.26164245605469,14.29
2466_TW,2000-03-06,100.35183715820312,14.35
2466_TW,2000-04-10,112.56195068359376,13.46
2466_TW,2000-05-10,79.5317153930664,22.61
2466_TW,2001-09-20,7.152116775512695,-83.59
2466_TW,2006-10-16,21.53897285461425,14.34
2467_TW,2000-04-05,5.781983852386475,11.59
2467_TW,2001-09-20,1.889114618301392,-63.92
2467_TW,2002-07-12,4.176836013793945,33.0
2467_TW,2006-07-28,5.911700248718262,11.76
2467_TW,2016-02-01,8.064085006713867,11.72
2468_TW,2000-04-10,13.840051651000977,11.35
2468_TW,2001-09-20,2.290710687637329,-67.22
2468_TW,2001-09-25,2.471188306808472,11.25
2468_TW,2001-11-12,3.734550714492798,13.98
2468_TW,2005-12-23,3.9845356941223145,11.38
2468_TW,2006-05-22,4.263453006744385,15.2
2468_TW,2007-01-08,6.417173862457275,10.63
2468_TW,2011-09-27,7.817846298217773,-10.99
2471_TW,2000-04-10,19.24011993408203,13.18
2471_TW,2001-09-20,2.8010220527648926,-74.11
2471_TW,2001-10-24,3.801547765731812,14.5
2472_TW,2000-05-22,8.741170883178711,13.81
2472_TW,2000-05-31,13.833118438720703,13.99
2472_TW,2001-09-20,4.538115978240967,-64.82
2472_TW,2001-09-25,5.019266128540039,14.46
2472_TW,2001-10-02,7.188559532165527,37.53
2472_TW,2002-08-20,12.182044982910156,28.51
2472_TW,2003-08-14,9.18321704864502,13.23
2474_TW,2000-04-10,11.671957015991213,14.02
2474_TW,2000-08-21,7.572824954986572,14.1
2474_TW,2000-09-04,7.779802322387695,13.08
2474_TW,2017-10-02,197.50442504882807,10.8
2476_TW,2000-05-31,8.685494422912598,13.58
2476_TW,2000-06-07,12.205477714538574,32.6
2476_TW,2001-09-20,2.3870737552642822,-83.38
2476_TW,2002-07-30,3.877357721328736,20.01
2476_TW,2003-07-18,4.03307580947876,13.52
2476_TW,2005-09-29,6.0231242179870605,26.18
2476_TW,2006-10-26,12.090340614318848,-11.2
2476_TW,2007-01-08,15.248455047607422,15.34
2476_TW,2007-03-09,15.507107734680176,-11.31
2476_TW,2007-03-12,17.897798538208008,15.42
2476_TW,2007-06-12,21.28935813903809,-11.26
2476_TW,2007-06-15,20.10662078857422,-11.75
2476_TW,2007-06-25,19.685869216918945,-12.12
2476_TW,2007-06-26,22.519411087036133,14.39
2476_TW,2008-08-07,12.878334999084473,36.17
2476_TW,2008-08-08,10.011883735656738,-22.26
2476_TW,2009-04-02,6.731215476989746,14.09
2476_TW,2009-08-13,13.227232933044434,35.69
2476_TW,2009-08-14,10.409860610961914,-21.3
2476_TW,2010-01-25,14.52969455718994,36.78
2476_TW,2010-01-26,10.217674255371094,-29.68
2476_TW,2014-10-20,17.17100715637207,13.0
2477_TW,2000-03-06,3.0592024326324463,14.04
2477_TW,2000-04-17,3.164691925048828,-12.13
2477_TW,2000-06-21,4.017537593841553,46.48
2477_TW,2001-09-20,4.6275177001953125,24.3
2477_TW,2017-10-06,23.13060569763184,12.67
2478_TW,2000-02-21,7.320676326751709,13.59
2478_TW,2000-03-06,8.66804027557373,13.53
2478_TW,2000-05-16,9.054282188415527,24.44
2478_TW,2000-06-19,7.793150901794434,-12.04
2478_TW,2001-09-20,3.967129945755005,-45.47
2478_TW,2002-07-11,7.476489067077637,16.85
2478_TW,2005-09-29,7.961484432220459,11.2
2478_TW,2006-07-26,15.450143814086914,16.81
2478_TW,2007-04-16,63.39137268066406,-13.2
2478_TW,2007-06-25,48.447410583496094,-13.36
2478_TW,2010-08-25,36.902870178222656,51.06
2478_TW,2016-10-21,17.926469802856445,-22.51
2480_TW,2000-01-17,6.748641014099121,13.89
2480_TW,2000-04-10,16.8880615234375,14.25
2480_TW,2000-04-17,13.10224437713623,-13.29
2480_TW,2001-09-20,16.951637268066406,25.59
2480_TW,2002-07-11,15.607522010803224,-20.44
2480_TW,2017-09-05,22.27086639404297,18.6
2481_TW,2000-01-31,12.659648895263672,13.46
2481_TW,2000-03-06,16.650657653808594,12.79
2481_TW,2000-04-10,22.572784423828125,14.35
2481_TW,2000-05-22,22.62772560119629,34.51
2481_TW,2001-09-20,4.931713581085205,-72.13
2481_TW,2002-07-25,7.957071304321289,17.77
2481_TW,2005-08-08,7.716336250305176,12.5
2481_TW,2005-12-23,9.270509719848633,10.84
2481_TW,2006-09-18,8.080565452575684,13.89
2481_TW,2006-10-27,9.768628120422363,10.63
2481_TW,2007-03-12,17.120887756347656,10.67
2482_TW,2000-04-10,17.37725067138672,13.71
2482_TW,2001-09-20,5.635522365570068,-42.26
2482_TW,2002-07-16,11.27577304840088,12.05
2482_TW,2005-09-29,13.625935554504396,12.63
2482_TW,2005-12-22,11.825666427612305,-13.43
2482_TW,2005-12-23,13.863794326782228,17.23
2482_TW,2005-12-26,12.09786605834961,-12.74
2482_TW,2006-05-29,9.73878574371338,-12.08
2482_TW,2006-05-30,10.941523551940918,12.35
2482_TW,2006-07-21,8.952422142028809,-12.18
2482_TW,2006-07-24,10.193964958190918,13.87
2482_TW,2006-07-28,10.601726531982422,12.35
2482_TW,2006-08-16,9.345603942871094,-12.96
2482_TW,2006-08-17,10.56774616241455,13.08
2482_TW,2006-09-18,11.802959442138672,14.13
2482_TW,2007-06-25,46.62169647216797,14.29
2482_TW,2019-09-10,11.872562408447266,20.66
2483_TW,2000-01-17,9.200824737548828,13.82
2483_TW,2000-01-31,13.615092277526855,13.27
2483_TW,2000-04-10,18.50802230834961,13.73
2483_TW,2000-06-14,20.31307983398437,34.49
2483_TW,2001-09-20,6.105863571166992,-62.88
2483_TW,2001-09-25,6.67122220993042,12.92
2484_TW,2000-01-31,13.53115463256836,13.51
2484_TW,2000-03-06,20.08195877075196,11.31
2484_TW,2000-04-10,26.09580421447754,13.55
2484_TW,2000-06-29,19.82009696960449,23.87
2484_TW,2001-09-20,5.106680870056152,-75.33
2484_TW,2001-10-02,5.761380195617676,-10.57
2484_TW,2005-09-29,6.99431037902832,13.58
2484_TW,2005-12-26,8.01902961730957,-11.5
2484_TW,2005-12-27,8.936014175415039,11.44
2484_TW,2006-02-08,7.098202228546143,-11.46
2484_TW,2006-05-22,9.604129791259766,14.82
2485_TW,2000-04-10,27.004039764404297,11.11
2485_TW,2000-04-17,20.34946632385254,-12.08
2485_TW,2001-09-20,3.512195110321045,-76.04
2485_TW,2002-07-31,5.742110729217529,14.33
2485_TW,2004-08-23,9.231096267700195,11.58
2485_TW,2005-09-29,10.2125244140625,18.69
2485_TW,2005-12-22,9.402787208557127,-16.08
2485_TW,2005-12-23,11.72166347503662,24.66
2485_TW,2005-12-27,13.168780326843262,12.35
2485_TW,2006-05-18,15.150906562805176,-18.57
2485_TW,2006-05-22,16.74523162841797,13.31
2485_TW,2006-05-29,14.547711372375488,-12.47
2485_TW,2006-05-30,16.951961517333984,16.53
2485_TW,2006-07-26,11.78010082244873,-13.79
2485_TW,2006-07-28,13.830320358276367,15.66
2486_TW,2000-04-05,11.040475845336914,14.29
2486_TW,2000-04-10,14.245776176452637,13.27
2486_TW,2000-04-17,12.687644958496094,-12.98
2486_TW,2001-09-20,2.56331205368042,-76.01
2486_TW,2005-09-29,8.573702812194824,15.52
2486_TW,2005-12-22,11.848031044006348,-15.27
2486_TW,2005-12-23,13.98330307006836,18.02
2486_TW,2005-12-26,12.004517555236816,-14.15
2486_TW,2005-12-27,13.268827438354492,10.53
2486_TW,2006-05-18,16.631954193115234,-13.09
2486_TW,2006-05-22,19.49497032165528,13.11
2486_TW,2006-05-29,15.804834365844728,-12.14
2486_TW,2006-05-30,18.04050064086914,14.15
2486_TW,2006-07-26,13.815247535705566,-12.11
2486_TW,2006-07-28,16.25431251525879,13.26
2488_TW,2002-07-09,6.053554534912109,16.8
2489_TW,2001-09-20,3.057598829269409,12.17
2489_TW,2003-08-06,7.847873210906982,17.8
2489_TW,2004-09-15,5.105032444000244,13.26
2489_TW,2005-09-29,3.48378849029541,16.31
2489_TW,2005-12-23,4.736578941345215,14.73
2489_TW,2014-08-11,15.222368240356444,-11.05
2491_TW,2000-03-06,656.8436279296875,14.42
2491_TW,2000-04-05,1714.201416015625,14.23
2491_TW,2000-04-10,1986.5511474609373,14.11
2491_TW,2000-05-31,2237.539794921875,14.17
2491_TW,2000-06-14,3768.975830078125,37.85
2491_TW,2001-09-20,358.7823791503906,-89.27
2491_TW,2001-09-25,387.4849243164063,10.96
2491_TW,2002-08-26,416.1876831054688,12.26
2491_TW,2005-09-29,21.253494262695312,-17.73
2491_TW,2005-12-22,41.61882400512695,19.91
2491_TW,2005-12-23,31.587764739990234,-24.1
2491_TW,2005-12-26,36.117488861083984,14.34
2491_TW,2005-12-27,27.493053436279297,-23.88
2491_TW,2006-05-18,23.918760299682617,22.67
2491_TW,2006-05-22,19.888591766357425,-20.05
2491_TW,2006-05-29,25.114805221557617,25.05
2491_TW,2006-05-30,20.47354888916016,-18.48
2491_TW,2006-07-26,28.70254898071289,23.7
2491_TW,2006-07-28,24.373273849487305,-16.48
2491_TW,2007-03-01,33.990386962890625,-12.34
2491_TW,2007-06-25,117.2222137451172,13.78
2491_TW,2007-09-11,246.61282348632807,14.29
2491_TW,2007-10-12,172.7912139892578,-13.41
2491_TW,2007-12-03,97.7527847290039,13.68
2491_TW,2007-12-31,85.43710327148438,-17.07
2491_TW,2008-01-17,96.03394317626952,12.4
2491_TW,2009-06-08,19.869091033935547,14.07
2491_TW,2010-01-25,8.65023422241211,-59.22
2491_TW,2010-01-26,19.85789680480957,129.56
2491_TW,2012-01-06,8.740303993225098,39.46
2491_TW,2012-02-06,9.778569221496582,14.1
2491_TW,2013-11-28,1.8629004955291748,-10.75
2492_TW,2000-01-17,29.446334838867188,14.15
2492_TW,2000-01-31,38.25506210327149,10.95
2492_TW,2000-02-21,52.6007080078125,11.76
2492_TW,2000-04-10,72.23158264160156,13.89
2492_TW,2001-09-21,13.028958320617676,-69.37
2492_TW,2005-12-23,18.73556137084961,12.66
2492_TW,2016-09-23,31.549287796020508,16.01
2493_TW,2006-05-22,5.1782708168029785,13.49
2493_TW,2025-09-01,137.32070922851562,-17.88
2495_TW,2002-12-03,9.288762092590332,12.61
2495_TW,2004-08-26,18.40942573547364,11.25
2496_TW,2002-08-08,412.7865295410156,12.95
2496_TW,2005-09-14,55.26482391357422,-19.36
2496_TW,2005-09-21,41.79526519775391,-12.81
2496_TW,2007-03-05,104.58718872070312,14.29
2496_TW,2007-04-16,121.42415618896484,-12.3
2496_TW,2010-02-08,68.14014434814453,13.53
2496_TW,2010-03-01,59.22646713256836,-11.01
2496_TW,2010-08-31,26.211570739746094,-11.22
2496_TW,2010-09-07,29.826961517333984,12.5
2496_TW,2012-02-06,20.33656311035156,14.41
2496_TW,2015-09-23,19.643613815307617,-11.89
2496_TW,2015-10-16,19.5532283782959,-15.71
2497_TW,2003-07-18,18.00196647644043,15.6
2498_TW,2006-05-22,316.6796569824219,-11.33
2498_TW,2006-06-01,294.68798828125,12.92
2501_TW,2000-09-18,2.1328415870666504,-11.66
2501_TW,2007-03-05,6.78233528137207,-10.83
2501_TW,2016-10-27,10.382424354553224,13.09
2504_TW,2000-02-21,6.528005599975586,13.78
2504_TW,2000-09-18,1.9877656698226929,-11.82
2504_TW,2006-07-28,7.058615207672119,11.55
2504_TW,2009-04-02,7.250629901885986,11.42
2505_TW,2000-01-17,20.123992919921875,14.42
2505_TW,2000-02-21,40.90242767333984,14.29
2505_TW,2000-03-06,23.723407745361328,-11.45
2505_TW,2000-09-04,12.107118606567385,14.29
2505_TW,2000-09-18,8.344096183776855,-11.3
2505_TW,2002-02-01,8.057778358459473,13.87
2505_TW,2007-03-05,27.379295349121094,-11.27
2505_TW,2007-04-16,32.20433044433594,12.77
2505_TW,2009-04-02,11.313076972961426,14.34
2506_TW,2000-02-21,39.22190856933594,14.1
2506_TW,2000-05-08,34.52116012573242,11.9
2506_TW,2003-12-25,6.458641052246094,10.67
2506_TW,2006-06-01,5.166912078857422,-11.32
2509_TW,2000-09-04,3.337273597717285,13.89
2509_TW,2000-10-09,3.4797191619873047,14.0
2509_TW,2000-11-20,2.808193683624268,-12.1
2509_TW,2006-10-16,5.127387046813965,14.15
2509_TW,2009-04-02,4.759789943695068,14.29
2511_TW,2009-04-02,2.744004964828491,14.37
2514_TW,2000-01-17,7.681954860687256,13.87
2514_TW,2000-07-31,6.668092250823975,11.04
2514_TW,2000-08-01,7.549376487731934,13.22
2515_TW,2000-02-21,4.550395965576172,12.07
2515_TW,2000-09-18,1.2663695812225342,-13.19
2515_TW,2000-10-09,1.5909762382507324,13.75
2515_TW,2000-11-20,0.9377545714378356,-13.01
2515_TW,2002-09-10,1.147047519683838,14.03
2515_TW,2009-04-02,4.566656589508057,12.98
2516_TW,2000-09-18,5.084695816040039,-13.1
2516_TW,2000-11-20,3.813519239425659,-13.3
2516_TW,2005-09-29,3.712091207504273,-40.46
2516_TW,2007-03-05,4.104113578796387,-12.16
2516_TW,2009-04-02,4.974045276641846,14.35
2520_TW,2000-02-21,5.125175476074219,14.29
2520_TW,2000-09-18,2.8610379695892334,-13.08
2520_TW,2009-04-02,3.7328286170959473,13.54
2524_TW,2000-09-18,2.34578800201416,-10.59
2524_TW,2001-03-15,2.9013686180114746,11.9
2524_TW,2001-11-12,1.1790673732757568,-12.18
2527_TW,2001-04-30,2.7170588970184326,-11.53
2527_TW,2005-12-27,2.375818014144897,13.89
2527_TW,2007-03-05,7.16211462020874,-12.88
2527_TW,2009-04-02,2.5101449489593506,14.26
2527_TW,2009-06-08,7.038171291351318,10.54
2528_TW,2000-01-31,274.92755126953125,14.39
2528_TW,2000-02-21,557.6077880859375,14.02
2528_TW,2000-03-06,333.9682922363281,-12.5
2528_TW,2000-07-17,138.95469665527344,10.95
2528_TW,2000-09-18,86.47393798828125,-12.65
2528_TW,2002-02-01,47.70975112915039,12.68
2528_TW,2005-09-29,12.53936004638672,-73.72
2528_TW,2005-12-23,9.441400527954102,12.28
2528_TW,2006-06-01,12.22478485107422,-12.99
2528_TW,2007-09-12,12.042325019836426,-13.16
2528_TW,2008-10-09,4.634470462799072,-13.01
2528_TW,2009-04-02,3.0288264751434326,13.7
2528_TW,2009-06-08,5.291324138641357,13.28
2528_TW,2010-01-26,11.567931175231934,14.03
2528_TW,2016-05-10,5.579216480255127,10.76
2528_TW,2017-06-05,10.074646949768066,20.0
2530_TW,2000-01-17,9.269554138183594,11.06
2530_TW,2000-07-14,7.409774780273437,16.99
2530_TW,2000-07-17,8.272554397583008,11.64
2530_TW,2000-09-18,3.978945732116699,-13.27
2530_TW,2000-10-17,4.2733073234558105,-11.18
2530_TW,2000-11-20,2.111277341842652,-12.97
2530_TW,2002-02-01,1.999623417854309,11.3
2530_TW,2009-04-02,2.8401710987091064,14.25
2534_TW,2000-10-02,2.861267566680908,-11.2
2534_TW,2001-08-06,1.8870189189910889,10.92
2534_TW,2002-02-01,1.9026141166687007,10.91
2534_TW,2009-04-02,4.594344615936279,14.19
2535_TW,2000-11-20,1.3149007558822632,-12.3
2535_TW,2009-04-02,4.985409259796143,10.83
2536_TW,2000-09-18,1.7298033237457275,-10.91
2536_TW,2000-11-20,0.9766910672187804,11.56
2536_TW,2002-02-01,1.0004175901412964,14.19
2536_TW,2009-04-02,10.517866134643556,14.26
2537_TW,2000-01-31,2123.46826171875,14.04
2537_TW,2000-03-06,1743.1453857421875,-12.0
2537_TW,2000-09-18,1640.1414794921875,-11.91
2537_TW,2000-11-20,1283.5892333984375,-13.37
2537_TW,2001-01-04,768.5687255859375,-16.02
2537_TW,2001-01-11,625.9473876953125,-12.71
2537_TW,2001-03-15,455.5948486328125,-11.54
2537_TW,2001-09-25,114.88917541503906,-12.12
2537_TW,2002-02-01,169.56053161621094,14.44
2537_TW,2002-05-16,210.76220703125,-13.36
2537_TW,2002-11-01,18.61957359313965,-73.3
2537_TW,2002-12-09,34.66476821899414,86.17
2537_TW,2004-05-12,61.60434341430664,-13.37
2537_TW,2004-05-18,53.48289108276367,-13.18
2537_TW,2004-08-13,11.855462074279783,-40.15
2537_TW,2004-09-03,22.129762649536133,86.66
2537_TW,2005-09-29,3.966573476791382,-77.62
2537_TW,2005-12-23,4.090528964996338,-12.7
2537_TW,2005-12-27,4.586350440979004,12.12
2537_TW,2007-04-16,5.198425769805908,14.37
2537_TW,2007-09-26,4.572437763214111,12.3
2537_TW,2008-01-31,4.147854804992676,-13.41
2537_TW,2008-12-08,3.516422271728516,12.54
2537_TW,2009-06-08,5.345397472381592,14.45
2538_TW,2000-11-20,1.1897263526916504,-12.63
2538_TW,2005-12-22,1.5383192300796509,-13.42
2538_TW,2005-12-23,1.779192328453064,15.66
2538_TW,2005-12-26,1.5425351858139038,-13.3
2538_TW,2005-12-27,1.7060749530792236,10.6
2538_TW,2006-05-18,2.2473397254943848,-12.18
2538_TW,2006-05-22,2.44943642616272,11.61
2538_TW,2006-05-30,3.0831212997436523,15.5
2538_TW,2009-04-02,3.3154525756835938,11.66
2538_TW,2010-01-26,5.561920166015625,-12.08
2539_TW,2000-01-17,66.75834655761719,14.0
2539_TW,2000-03-06,77.88463592529297,-11.92
2539_TW,2000-05-10,62.07354736328125,11.58
2539_TW,2000-05-22,48.83896255493164,-12.21
2539_TW,2000-07-17,35.60438919067383,13.86
2539_TW,2000-07-31,38.41527938842773,14.29
2539_TW,2000-11-20,12.180490493774414,-12.61
2539_TW,2001-03-02,37.00983428955078,113.51
2539_TW,2001-03-15,46.49656677246094,-10.79
2539_TW,2001-12-19,18.97345924377441,-13.37
2539_TW,2002-02-01,26.58614730834961,11.82
2539_TW,2002-05-13,41.46039581298828,-19.18
2539_TW,2002-10-02,18.73921775817871,-18.37
2539_TW,2002-10-09,16.279695510864258,-13.12
2539_TW,2003-02-10,13.399847030639648,-13.32
2539_TW,2003-04-18,11.644407272338867,-13.29
2539_TW,2003-07-23,33.4064826965332,238.82
2539_TW,2003-10-03,32.87453842163086,12.77
2539_TW,2003-10-13,37.23653793334961,13.27
2539_TW,2003-10-23,33.08731842041016,-13.37
2539_TW,2003-11-26,37.34294128417969,10.73
2539_TW,2004-01-12,3.5410735607147217,-89.6
2539_TW,2004-08-10,6.907710552215576,13.79
2539_TW,2005-05-11,2.993340492248535,-13.42
2539_TW,2005-10-17,1.740882158279419,-13.37
2539_TW,2005-11-21,1.517602801322937,-13.69
2539_TW,2006-02-17,1.5001590251922607,-13.31
2539_TW,2006-02-22,1.29781174659729,-13.49
2539_TW,2006-02-27,1.123374581336975,-13.44
2539_TW,2006-09-01,1.5873775482177734,12.9
2539_TW,2007-10-16,1.9362519979476929,-13.28
2539_TW,2007-12-25,1.1687284708023071,-19.47
2539_TW,2008-01-04,1.2419923543930054,14.1
2539_TW,2009-01-07,1.088923692703247,-34.77
2539_TW,2009-04-02,1.5398433208465576,14.23
2540_TW,2000-07-17,16834.439453125,14.12
2540_TW,2000-07-20,15167.65625,-12.92
2540_TW,2000-09-04,6133.73388671875,-13.21
2540_TW,2000-10-02,4166.93896484375,-10.71
2540_TW,2000-11-20,1666.775146484375,-13.04
2540_TW,2001-09-25,1100.072021484375,-12.0
2540_TW,2002-01-04,1300.0850830078125,11.43
2540_TW,2002-02-01,3483.561279296875,13.59
2540_TW,2003-05-09,1816.78466796875,-33.94
2540_TW,2003-05-14,1483.4302978515625,-18.35
2540_TW,2005-02-18,64.9917984008789,-91.52
2540_TW,2005-09-14,32.01088333129883,-13.16
2540_TW,2005-09-29,3.0043113231658936,-89.77
2540_TW,2007-04-16,3.755389451980591,13.64
2540_TW,2008-08-11,1.193570613861084,-13.46
2540_TW,2009-02-23,1.2456772327423096,12.17
2540_TW,2009-04-22,0.6545907855033875,14.53
2540_TW,2009-06-05,0.9770015478134156,-12.02
2540_TW,2009-06-08,1.1316936016082764,15.83
2540_TW,2009-06-17,1.201712727546692,14.95
2540_TW,2009-06-26,1.0453914403915403,-13.01
2540_TW,2010-02-08,1.4964407682418823,-12.89
2540_TW,2010-02-09,1.709753394126892,14.25
2540_TW,2010-04-06,1.1903141736984253,-13.08
2540_TW,2010-04-26,1.579486608505249,12.14
2540_TW,2010-10-07,1.2538193464279177,13.24
2540_TW,2010-12-22,1.3840861320495603,14.25
2540_TW,2011-05-16,0.939549684524536,-35.17
2540_TW,2011-05-18,0.8141684532165527,-13.34
2540_TW,2012-02-06,0.9020978212356568,-28.05
2540_TW,2013-04-16,1.0991272926330566,14.41
2540_TW,2014-02-24,9.949138641357422,-12.71
2540_TW,2014-03-26,9.428070068359377,-13.58
2540_TW,2014-05-05,9.688604354858398,-11.06
2540_TW,2016-09-21,4.314108848571777,11.21
2540_TW,2021-04-07,13.073556900024414,13.21
2542_TW,2000-01-31,0.4154064357280731,10.55
2542_TW,2000-03-06,0.3447351455688476,-10.71
2542_TW,2000-07-31,0.248209610581398,11.63
2542_TW,2000-08-07,0.2895779013633728,12.0
2542_TW,2000-10-02,0.157198891043663,-13.14
2542_TW,2000-10-30,0.1782137602567672,17.49
2542_TW,2000-11-20,0.1156657934188842,-11.74
2542_TW,2009-04-02,2.8452608585357666,12.63
2543_TW,2000-08-04,1.5455477237701416,11.34
2543_TW,2000-11-20,0.8965890407562256,-12.5
2543_TW,2002-02-01,1.0466456413269043,14.09
2543_TW,2005-07-25,3.2321219444274902,10.67
2543_TW,2005-09-29,3.111538410186768,20.63
2543_TW,2005-12-26,2.706693649291992,-13.65
2543_TW,2005-12-27,3.157521963119507,16.66
2543_TW,2006-05-18,3.1684353351593018,-11.09
2543_TW,2006-05-22,3.586700201034546,14.93
2543_TW,2006-10-27,4.013308048248291,15.03
2543_TW,2009-04-02,2.9043126106262207,13.07
2545_TW,2000-04-17,0.8147380948066711,13.57
2545_TW,2000-06-16,0.7297672629356384,13.93
2545_TW,2000-09-13,0.5974070429801941,-26.75
2545_TW,2005-09-29,3.8541879653930655,12.34
2545_TW,2005-12-22,3.7592930793762207,-10.99
2545_TW,2005-12-23,4.175370216369629,11.07
2545_TW,2005-12-27,4.536701202392578,11.78
2545_TW,2006-07-26,10.350824356079102,-11.22
2545_TW,2006-07-28,11.562564849853516,11.86
2545_TW,2009-04-02,5.991458415985107,14.06
2546_TW,2000-09-13,1.902339458465576,-13.46
2546_TW,2000-11-20,0.9300326108932496,-11.11
2547_TW,2001-01-09,0.8705275654792786,20.65
2547_TW,2002-02-01,1.4071431159973145,13.64
2547_TW,2003-01-02,2.029949426651001,11.54
2547_TW,2005-09-29,4.86909294128418,15.71
2547_TW,2006-05-29,8.80748462677002,-11.03
2548_TW,2005-09-29,5.60214900970459,27.96
2548_TW,2006-07-26,10.721946716308594,-14.68
2548_TW,2006-07-28,12.69619083404541,17.19
2548_TW,2006-09-08,9.574875831604004,-14.65
2548_TW,2006-09-11,11.106855392456056,16.0
2548_TW,2006-10-26,10.944992065429688,-14.29
2548_TW,2006-10-27,12.529864311218262,14.48
2548_TW,2007-01-18,9.861642837524414,-13.23
2548_TW,2007-01-19,11.53191089630127,16.94
2548_TW,2007-01-31,10.164342880249023,-14.33
2548_TW,2007-02-01,11.790639877319336,16.0
2548_TW,2007-03-02,10.371452331542969,-13.53
2596_TWO,2008-01-02,5.697198390960693,13.31
2596_TWO,2008-01-25,4.700189113616943,-17.5
2596_TWO,2008-09-10,4.394288539886475,-14.77
2596_TWO,2008-10-27,3.661907196044922,-10.71
2596_TWO,2008-10-28,3.228336334228516,-11.84
2596_TWO,2010-02-22,6.969724655151367,98.26
2596_TWO,2016-07-21,7.396046161651611,16.1
2596_TWO,2017-07-04,11.345571517944336,12.08
2596_TWO,2018-08-20,14.89737319946289,10.97
2597_TW,2021-04-07,48.282562255859375,20.48
2601_TW,2002-01-04,5.409631729125977,14.1
2601_TW,2007-10-01,60.914154052734375,14.41
2601_TW,2008-08-08,33.237525939941406,-10.68
2603_TW,2000-05-22,6.801681041717529,-11.76
2603_TW,2000-08-18,6.493699073791504,11.11
2603_TW,2001-09-25,3.382608890533448,-13.36
2603_TW,2002-02-01,4.900043487548828,11.91
2603_TW,2005-08-18,12.175966262817385,15.14
2603_TW,2022-09-19,76.44943237304688,-16.34
2605_TW,2000-09-18,0.6356110572814941,-10.95
2605_TW,2000-11-20,0.6408208608627319,-12.77
2605_TW,2002-02-01,1.0600298643112185,13.46
2605_TW,2005-12-22,7.017399787902832,-10.66
2605_TW,2005-12-27,8.341936111450195,17.95
2606_TW,2005-07-27,10.721274375915527,20.86
2607_TW,2000-09-18,10.14086627960205,-13.12
2607_TW,2000-11-20,8.154085159301758,-10.86
2607_TW,2000-12-04,9.851126670837402,13.33
2607_TW,2001-01-02,11.423994064331056,11.29
2607_TW,2001-09-25,5.549840927124023,-10.88
2607_TW,2009-04-02,26.67409324645996,14.29
2608_TW,2000-07-17,8.34882640838623,10.6
2608_TW,2001-09-20,2.7926695346832275,13.45
2609_TW,2000-05-22,7.254549503326416,-10.7
2609_TW,2000-09-04,5.472252368927002,10.57
2609_TW,2021-04-07,22.83528518676757,15.44
2610_TW,2001-01-02,10.247089385986328,12.24
2610_TW,2001-09-25,6.119187355041504,-12.89
2610_TW,2003-07-22,10.144935607910156,13.96
2611_TW,2000-08-28,2.8563411235809326,10.59
2611_TW,2007-07-03,10.877012252807615,10.96
2612_TW,2005-09-29,7.420886039733887,15.0
2612_TW,2006-07-31,12.728569984436035,11.83
2612_TW,2016-10-07,18.87076568603516,-15.88
2612_TW,2021-08-18,55.77458190917969,11.74
2613_TW,2000-05-10,6.785694122314453,14.14
2613_TW,2000-05-22,5.260468482971191,-11.05
2613_TW,2000-09-18,5.042579174041748,-10.99
2613_TW,2001-09-25,3.2994649410247803,13.73
2614_TW,2000-02-21,57.81625747680664,14.17
2614_TW,2000-05-02,22.507543563842773,-13.04
2614_TW,2000-05-08,23.77358627319336,13.8
2614_TW,2000-05-10,27.00904655456543,13.61
2614_TW,2000-05-17,24.898969650268555,-10.61
2614_TW,2000-05-31,22.507543563842773,13.48
2614_TW,2000-07-17,18.287389755249023,14.04
2614_TW,2000-07-31,18.70940589904785,11.76
2614_TW,2000-09-18,8.932676315307617,-13.01
2614_TW,2000-11-20,6.527200698852539,-13.27
2614_TW,2001-03-15,16.106958389282227,10.63
2614_TW,2004-05-12,21.48324584960937,13.22
2614_TW,2005-08-19,19.76658821105957,23.36
2614_TW,2005-09-29,20.698596954345703,16.7
2614_TW,2005-12-22,17.52520179748535,-14.91
2614_TW,2005-12-23,21.20591735839844,21.0
2614_TW,2005-12-26,18.7959098815918,-11.36
2614_TW,2005-12-27,20.800058364868164,10.66
2614_TW,2009-04-02,16.461889266967773,11.6
2614_TW,2018-07-23,17.613313674926758,-16.69
2615_TW,2000-07-07,1.927720308303833,17.72
2615_TW,2002-02-01,1.835822820663452,13.71
2615_TW,2003-08-11,4.47881555557251,16.36
2615_TW,2005-12-22,4.683862209320068,-10.85
2615_TW,2005-12-27,5.203011512756348,10.81
2617_TW,2000-08-21,1.5423940420150757,12.42
2617_TW,2000-11-20,0.8207232356071472,-12.78
2618_TW,2001-09-20,6.830567836761475,-38.71
2618_TW,2001-09-25,5.767123222351074,-12.96
2618_TW,2001-11-12,5.93073034286499,13.28
2630_TW,2017-03-01,18.10506820678711,-14.71
2630_TW,2017-10-02,27.20120429992676,15.71
2630_TW,2018-02-02,26.865386962890625,11.11
2630_TW,2018-02-22,22.365434646606445,-13.51
2630_TW,2025-08-04,42.34090042114258,12.09
2633_TW,2008-11-25,8.761856079101562,15.18
2633_TW,2013-03-12,10.081634521484377,41.75
2633_TW,2015-12-25,7.728031158447266,-22.93
2633_TW,2016-01-25,8.83517837524414,11.27
2636_TW,2008-01-22,6.173200607299805,-14.09
2636_TW,2008-01-31,6.667054176330566,18.47
2636_TW,2008-02-14,5.605264663696289,-16.24
2636_TW,2008-03-03,6.667054176330566,20.0
2636_TW,2008-03-25,7.037446975708008,14.23
2636_TW,2008-04-08,6.099122047424316,-13.64
2636_TW,2008-04-16,7.012755393981934,16.16
2636_TW,2008-04-21,5.802806854248047,-17.54
2636_TW,2008-06-27,6.444820880889893,17.89
2636_TW,2008-06-30,5.50649356842041,-14.56
2636_TW,2008-07-24,4.8150954246521,-11.36
2636_TW,2008-07-25,5.383029937744141,11.79
2636_TW,2008-08-18,4.741017818450928,-11.93
2636_TW,2008-09-26,6.452530384063721,11.61
2636_TW,2008-09-30,7.613985538482666,18.0
2636_TW,2008-10-01,6.710629463195801,-11.86
2636_TW,2008-10-03,4.826492786407471,-28.08
2636_TW,2008-10-07,5.626605033874512,17.2
2636_TW,2008-10-22,4.000568866729736,-20.51
2636_TW,2008-11-20,3.923138380050659,-10.59
2636_TW,2008-11-24,3.794087409973145,-10.91
2636_TW,2015-09-08,12.000295639038086,13.9
2636_TW,2016-08-02,11.435362815856934,14.17
2640_TWO,2015-08-18,35.05776596069336,12.23
2640_TWO,2017-08-28,34.029754638671875,-11.08
2640_TWO,2017-08-29,37.70378875732422,10.8
2641_TWO,2014-05-12,14.0440673828125,13.31
2641_TWO,2014-10-09,12.158079147338867,-18.88
2642_TW,2013-08-14,28.92912673950196,12.75
2642_TW,2013-12-02,39.25485610961914,14.74
2642_TW,2013-12-06,45.51287078857422,16.05
2643_TWO,2015-08-14,13.167914390563965,11.28
2643_TWO,2015-11-16,16.70204734802246,12.72
2643_TWO,2015-11-20,20.38801383972168,17.29
2643_TWO,2015-11-27,28.27305603027344,21.35
2643_TWO,2015-12-01,23.03730773925781,-13.88
2643_TWO,2017-08-17,20.779741287231445,11.14
2645_TW,2025-08-04,130.5,11.54
2701_TW,2000-02-21,4.574668884277344,13.46
2701_TW,2005-09-29,5.141628742218018,19.9
2701_TW,2005-12-22,5.060482501983643,-15.5
2701_TW,2005-12-27,6.028118133544922,19.9
2701_TW,2006-05-18,6.572055339813232,-14.46
2701_TW,2006-05-22,7.091904163360596,13.59
2701_TW,2006-05-29,6.27631139755249,-16.16
2701_TW,2006-05-30,7.525299549102783,19.9
2701_TW,2006-08-16,5.816267013549805,-15.16
2701_TW,2006-08-17,6.973705291748047,19.9
2701_TW,2007-08-03,8.115071296691895,10.89
2701_TW,2007-09-11,8.379263877868652,13.58
2702_TW,2000-07-14,5.655261516571045,19.25
2704_TW,2000-09-18,4.840086936950684,-13.07
2705_TW,2000-09-04,24.052291870117188,11.83
2705_TW,2000-09-18,18.347579956054688,-13.14
2705_TW,2000-11-20,12.797052383422852,-11.7
2705_TW,2000-12-04,14.261770248413086,14.2
2706_TW,2001-09-20,9.3565673828125,17.24
2706_TW,2002-08-26,4.369773387908936,-13.25
2706_TW,2002-09-04,2.8423728942871094,-13.27
2706_TW,2002-09-19,2.908029556274414,20.29
2706_TW,2005-09-29,5.548115253448486,33.67
2706_TW,2005-12-22,5.079840183258057,-24.32
2706_TW,2005-12-23,6.76732873916626,33.22
2706_TW,2005-12-26,5.079840183258057,-24.94
2706_TW,2005-12-27,6.753628730773926,32.95
2706_TW,2006-05-18,6.773117542266846,-23.7
2706_TW,2006-05-22,8.301623344421387,25.63
2706_TW,2006-05-29,6.731820106506348,-27.73
2706_TW,2006-05-30,8.931778907775879,32.68
2706_TW,2006-07-26,6.194925308227539,-25.87
2706_TW,2006-07-28,8.657797813415527,35.25
2706_TW,2006-08-16,6.453048706054688,-23.65
2706_TW,2006-08-17,8.657797813415527,34.17
2706_TW,2006-09-08,6.504665374755859,-26.27
2706_TW,2006-09-11,8.493410110473633,30.57
2706_TW,2006-10-26,7.996399402618408,-19.59
2706_TW,2006-10-27,9.856689453125,23.26
2706_TW,2007-03-07,8.376036643981934,-19.81
2706_TW,2007-03-08,10.445146560668944,24.7
2706_TW,2007-06-15,8.601469039916992,-19.24
2706_TW,2007-06-20,10.768802642822266,25.2
2706_TW,2007-08-02,9.253993034362791,-20.07
2706_TW,2007-08-03,11.592645645141602,25.27
2706_TW,2007-09-10,9.301447868347168,-20.17
2706_TW,2007-09-11,11.709662437438965,25.89
2707_TW,2000-02-21,15.834752082824709,11.5
2707_TW,2000-04-10,14.829423904418944,14.01
2707_TW,2008-08-07,101.13782501220705,10.51
2707_TW,2009-04-02,82.66071319580078,10.65
2712_TW,2013-10-04,25.15797615051269,21.9
2712_TW,2013-10-07,29.609657287597656,17.69
2718_TWO,2007-07-04,18.50425910949707,-17.04
2718_TWO,2007-07-25,20.36191177368164,23.66
2718_TWO,2007-12-06,18.88641357421875,-12.69
2718_TWO,2007-12-31,23.60801124572754,14.29
2718_TWO,2008-01-02,20.9403076171875,-11.3
2718_TWO,2009-02-06,12.993653297424316,-19.08
2718_TWO,2009-02-27,9.159663200378418,-29.57
2718_TWO,2009-03-02,11.773187637329102,28.53
2718_TWO,2009-03-03,13.067620277404783,10.99
2718_TWO,2009-03-24,15.718128204345703,20.28
2718_TWO,2010-02-22,13.627947807312012,-14.8
2718_TWO,2010-04-19,13.467997550964355,-14.08
2718_TWO,2010-06-24,16.39832878112793,12.41
2718_TWO,2011-02-18,29.50166893005371,11.55
2718_TWO,2011-02-24,26.89090347290039,-14.17
2718_TWO,2011-03-28,28.06574821472168,-10.97
2718_TWO,2011-03-29,24.54121398925781,-12.56
2718_TWO,2015-08-26,23.760278701782227,-11.35
2718_TWO,2017-08-23,16.98343276977539,14.43
2718_TWO,2018-04-02,18.6628475189209,-10.65
2718_TWO,2018-11-06,15.607108116149902,-11.83
2718_TWO,2018-11-28,16.9655704498291,11.42
2718_TWO,2020-03-16,11.499337196350098,-18.86
2718_TWO,2022-08-11,30.576602935791016,12.79
2718_TWO,2023-03-23,41.114044189453125,22.88
2719_TWO,2008-01-29,4.306388378143311,-28.16
2719_TWO,2008-08-18,2.2413132190704346,-20.46
2719_TWO,2008-10-23,1.14505136013031,-11.54
2719_TWO,2012-02-24,254.56021118164065,31463.01
2719_TWO,2012-02-29,221.149169921875,-13.13
2719_TWO,2019-11-04,14.733970642089844,-14.99
2719_TWO,2020-02-12,12.29323673248291,11.36
2719_TWO,2020-02-17,11.62147617340088,-11.58
2719_TWO,2021-04-07,22.088096618652344,-13.21
2719_TWO,2025-01-17,46.75,10.78
2723_TW,2010-11-23,163.5679168701172,-19.0
2724_TWO,2018-12-24,5.880000114440918,13.51
2724_TWO,2019-09-23,6.78000020980835,17.3
2724_TWO,2019-12-25,5.980000019073486,15.0
2724_TWO,2021-04-14,12.0,12.15
2724_TWO,2022-04-18,16.0,11.11
2724_TWO,2023-03-14,15.600000381469728,23.81
2724_TWO,2023-04-12,13.800000190734863,-12.93
2724_TWO,2023-04-17,14.600000381469728,14.06
2724_TWO,2024-03-19,18.850000381469727,19.3
2724_TWO,2025-04-07,27.0,-11.33
2726_TWO,2016-09-02,68.43062591552734,-11.84
2726_TWO,2016-09-05,78.63204193115234,14.91
2726_TWO,2024-01-25,27.200000762939453,-11.69
2726_TWO,2024-02-29,27.0,11.34
2731_TW,2013-09-24,61.13321685791016,-15.68
2732_TWO,2013-07-25,62.324310302734375,24.17
2732_TWO,2015-07-07,49.64459991455078,15.16
2732_TWO,2016-07-15,38.08631896972656,-15.67
2732_TWO,2016-07-18,49.21563720703125,29.22
2732_TWO,2018-07-26,59.31330108642578,12.94
2732_TWO,2020-03-19,71.20800018310547,-15.88
2734_TWO,2013-07-30,33.18378448486328,12.64
2734_TWO,2013-08-05,41.310428619384766,15.97
2734_TWO,2013-08-07,35.642093658447266,-20.25
2734_TWO,2013-08-28,33.86101150512695,-11.55
2734_TWO,2013-09-02,39.95598602294922,11.32
2734_TWO,2013-11-28,42.18404006958008,11.23
2734_TWO,2013-12-06,46.93135452270508,14.55
2734_TWO,2013-12-11,50.79151153564453,16.46
2734_TWO,2013-12-13,58.24093246459961,13.68
2734_TWO,2014-08-27,33.148399353027344,13.44
2734_TWO,2018-04-02,18.97014617919922,13.33
2734_TWO,2020-01-15,11.67035961151123,13.06
2734_TWO,2021-05-05,19.80706596374512,11.23
2736_TWO,2014-07-21,40.60981369018555,12.15
2736_TWO,2014-12-29,46.60154724121094,10.66
2736_TWO,2016-01-06,38.45175552368164,-17.78
2736_TWO,2017-06-05,19.320756912231445,11.35
2736_TWO,2020-03-19,9.634724617004396,-17.43
2739_TW,2015-06-17,77.92544555664062,13.33
2739_TW,2016-05-19,49.79888534545898,-16.26
2740_TWO,2015-08-21,275.9142150878906,-17.49
2740_TWO,2015-12-18,331.0970764160156,11.24
2740_TWO,2020-05-14,21.09090805053711,-13.11
2740_TWO,2021-11-18,38.18181610107422,-11.76
2740_TWO,2022-08-12,75.7272720336914,12.87
2740_TWO,2024-04-11,72.54545593261719,13.03
2740_TWO,2024-04-16,64.36363220214844,-11.28
2740_TWO,2024-08-21,43.6363639831543,-13.51
2740_TWO,2024-09-13,55.909088134765625,17.82
2740_TWO,2024-12-06,61.54545211791992,32.75
2740_TWO,2024-12-13,42.727272033691406,-17.69
2740_TWO,2024-12-17,40.6363639831543,-13.54
2740_TWO,2025-01-17,37.34999847412109,-11.18
2743_TWO,2016-03-04,15.33971881866455,11.69
2743_TWO,2016-03-30,17.34249496459961,16.98
2743_TWO,2016-08-15,11.145674705505373,-17.08
2743_TWO,2017-03-27,9.04305934906006,11.68
2743_TWO,2017-08-10,11.663798332214355,12.56
2743_TWO,2018-01-03,13.790514945983888,11.12
2743_TWO,2019-03-13,11.19835376739502,13.23
2743_TWO,2019-07-29,11.01221752166748,10.57
2743_TWO,2020-01-30,11.971261024475098,-13.35
2745_TWO,2016-10-14,19.8323974609375,-16.81
2745_TWO,2017-05-05,31.15048599243164,14.97
2745_TWO,2020-03-19,10.396803855895996,-11.48
2748_TW,2016-11-23,33.466156005859375,-22.75
2751_TWO,2023-11-30,107.78392791748048,11.35
2751_TWO,2024-09-10,65.38343811035156,-16.48
2752_TWO,2019-09-25,74.36470794677734,-10.93
2753_TW,2020-09-30,137.24269104003906,-14.6
2753_TW,2021-05-18,146.7899627685547,10.81
2754_TWO,2019-08-05,137.36138916015625,11.08
2754_TWO,2019-08-19,135.163818359375,11.0
2754_TWO,2019-10-14,97.99568939208984,-13.43
2754_TWO,2020-01-30,85.62850189208984,-11.38
2754_TWO,2020-03-16,64.68988800048828,-10.54
2754_TWO,2020-03-18,53.32160186767578,-11.03
2754_TWO,2020-03-19,43.46590423583984,-18.48
2754_TWO,2020-07-28,93.03929138183594,25.38
2754_TWO,2020-08-24,102.29290008544922,11.57
2754_TWO,2020-09-09,136.23118591308594,28.96
2754_TWO,2020-09-10,234.2220458984375,71.93
2754_TWO,2020-09-14,196.459716796875,-19.41
2754_TWO,2020-09-17,103.24889373779295,-39.66
2754_TWO,2020-09-18,89.5779800415039,-13.24
2755_TWO,2019-08-27,32.83234786987305,11.29
2755_TWO,2019-09-27,40.99058532714844,14.57
2755_TWO,2020-07-28,39.47373580932617,20.19
2755_TWO,2020-09-11,55.37039566040039,34.01
2755_TWO,2020-09-15,46.61830139160156,-13.96
2755_TWO,2020-12-16,40.962188720703125,-10.65
2755_TWO,2025-09-01,129.86685180664062,-17.81
2756_TWO,2021-01-08,64.623779296875,-14.84
2756_TWO,2021-01-12,54.34272003173828,-15.91
2756_TWO,2021-06-10,70.25386810302734,10.81
2756_TWO,2021-10-19,60.52369689941406,11.6
2756_TWO,2021-10-20,67.64413452148438,11.76
2756_TWO,2021-11-10,70.90767669677734,12.21
2756_TWO,2021-11-17,84.55516052246094,12.2
2756_TWO,2022-01-05,88.70874786376953,13.26
2756_TWO,2022-01-14,72.09439849853516,-15.92
2756_TWO,2024-08-09,73.39517974853516,10.63
2756_TWO,2024-08-16,73.02403259277344,12.11
2756_TWO,2024-08-27,75.94950103759766,16.14
2762_TW,2024-01-26,86.26686096191406,-10.92
2801_TW,2000-08-04,6.467886447906494,11.43
2801_TW,2000-09-18,4.6080241203308105,-11.23
2801_TW,2009-04-02,4.551138877868652,11.84
2812_TW,2001-01-02,2.2526159286499023,14.29
2816_TW,2000-02-21,1109.335205078125,14.29
2816_TW,2000-03-06,837.136962890625,-11.41
2816_TW,2000-11-20,253.1131591796875,-12.09
2816_TW,2002-08-26,1302.3968505859375,11.47
2816_TW,2003-08-08,1406.5181884765625,14.74
2816_TW,2005-09-29,79.14380645751953,-91.38
2816_TW,2007-06-25,31.904842376708984,13.66
2816_TW,2009-04-02,18.64240455627441,14.19
2820_TW,2000-09-18,1.687436580657959,-12.78
2820_TW,2000-11-20,1.3528584241867063,-12.26
2820_TW,2010-04-06,3.490579843521118,-20.0
2832_TW,2000-09-18,2.106563091278076,-13.25
2832_TW,2000-11-15,2.4108238220214844,25.58
2832_TW,2001-08-08,3.02295470237732,26.66
2834_TW,2000-09-18,5.721982002258301,-12.68
2836_TW,2000-04-05,5.275604248046875,11.38
2836_TW,2001-01-02,2.7370729446411133,13.53
2838_TW,2000-07-20,4.527092456817627,-12.5
2838_TW,2000-09-18,3.056159734725952,-13.07
2845_TW,2000-09-18,1.6418006420135498,-11.11
2849_TW,2008-11-21,3.4819858074188232,-17.2
2849_TW,2009-01-12,4.687289237976074,-12.41
2849_TW,2012-01-06,7.195367813110352,-13.71
2850_TW,2000-07-31,2.049824476242065,17.46
2850_TW,2001-07-09,1.5474469661712646,10.69
2850_TW,2005-08-04,4.021693706512451,10.77
2850_TW,2005-12-26,3.049786329269409,-15.03
2850_TW,2005-12-27,3.5626821517944336,16.82
2850_TW,2006-05-19,3.7064945697784415,-15.57
2850_TW,2006-05-22,4.296567916870117,15.92
2850_TW,2006-12-04,5.5229573249816895,12.85
2850_TW,2007-01-31,5.371645450592041,10.69
2850_TW,2007-03-05,4.512153625488281,-15.52
2850_TW,2007-03-06,5.069016456604004,12.34
2850_TW,2007-06-25,6.824258327484131,10.81
2850_TW,2007-07-11,6.869650840759277,11.0
2852_TW,2001-07-31,1.7726184129714966,15.48
2852_TW,2005-07-19,5.0451765060424805,13.08
2852_TW,2005-09-29,4.559937953948975,12.62
2852_TW,2006-05-18,4.09719705581665,-10.84
2852_TW,2006-07-28,3.99102783203125,11.0
2852_TW,2006-12-04,5.968563079833984,17.05
2852_TW,2007-03-05,5.22984504699707,-12.38
2852_TW,2007-03-06,5.860697269439697,12.06
2852_TW,2007-05-03,6.435981273651123,10.62
2852_TW,2007-07-10,6.418003082275391,-10.53
2855_TW,2000-04-05,5.601701259613037,10.94
2855_TW,2002-09-17,2.6452252864837646,-23.37
2880_TW,2002-08-13,4.387133598327637,24.06
2883_TW,2002-09-25,4.4333977699279785,18.44
2885_TW,2000-04-05,15.27222728729248,11.01
2885_TW,2002-02-05,3.723281145095825,-60.03
2885_TW,2009-04-02,7.150926113128662,10.97
2886_TW,2000-09-18,2.6902294158935547,-13.3
2886_TW,2001-08-02,2.8802740573883057,13.1
2886_TW,2002-07-24,4.863386154174805,18.85
2887_TW,2005-07-28,6.747435569763184,18.39
2887_TW,2009-04-02,1.8822007179260247,14.18
2890_TW,2000-08-16,3.88395619392395,11.88
2890_TW,2000-09-04,3.4906458854675293,11.81
2890_TW,2000-09-18,2.7900586128234863,-12.02
2890_TW,2000-11-20,2.1140527725219727,-12.24
2890_TW,2001-09-20,2.738554000854492,10.75
2890_TW,2002-05-10,4.207304000854492,15.08
2891_TW,2003-08-21,4.312318325042725,13.35
2891_TW,2005-12-22,5.749186038970947,-10.89
2891_TW,2005-12-23,6.439084529876709,12.0
2891_TW,2005-12-26,5.7381272315979,-10.89
2891_TW,2005-12-27,6.401937484741211,11.57
2891_TW,2006-05-18,5.682847023010254,-13.9
2891_TW,2006-05-22,6.41431999206543,11.78
2891_TW,2006-05-30,6.860102653503418,12.0
2891_TW,2006-07-28,6.425024032592773,14.02
2891_TW,2009-04-02,4.280135154724121,12.1
2892_TW,2005-08-09,5.493919372558594,11.07
2897_TW,2008-03-17,4.259346008300781,10.63
2897_TW,2008-09-18,2.6097092628479004,-19.05
2897_TW,2008-09-30,2.8143930435180664,-11.72
2897_TW,2008-10-30,2.364090204238892,15.5
2897_TW,2008-12-22,1.6118791103363037,-24.28
2897_TW,2008-12-30,2.0775339603424072,10.63
2897_TW,2009-02-05,1.7449239492416382,-12.56
2897_TW,2013-03-12,3.865191221237183,115.81
2901_TW,2000-07-31,16.616455078125,14.22
2901_TW,2000-12-04,12.094767570495604,13.98
2901_TW,2006-10-16,18.272605895996094,14.25
2901_TW,2009-04-02,15.531081199645996,11.59
2903_TW,2000-07-05,3.258091688156128,14.52
2903_TW,2000-11-20,2.157675504684448,-10.71
2903_TW,2006-05-29,5.309107780456543,-11.41
2904_TW,2000-06-19,13.943514823913574,13.57
2904_TW,2001-10-02,6.314043045043945,13.39
2904_TW,2006-09-06,1.5960500240325928,-12.92
2905_TW,2000-09-18,4.625863075256348,-11.74
2905_TW,2007-04-16,4.860838413238525,13.78
2906_TW,2000-11-20,1.3689476251602173,-11.07
2908_TW,2000-02-21,4.048404693603516,11.85
2908_TW,2001-08-06,4.459596633911133,11.34
2910_TW,2000-07-19,23.64037322998047,21.0
2910_TW,2002-12-03,18.833913803100582,12.33
2910_TW,2003-02-11,16.364835739135742,-13.11
2910_TW,2009-01-12,17.031320571899414,-12.97
2910_TW,2012-01-06,19.03550720214844,-13.73
2910_TW,2020-01-30,26.54857635498047,-10.95
2911_TW,2000-11-20,5.139596462249756,-12.58
2911_TW,2001-03-15,7.904085159301758,14.04
2911_TW,2014-08-13,31.748517990112305,-26.23
2912_TW,2002-08-14,15.62169361114502,12.11
2912_TW,2003-08-12,15.090476989746094,12.11
2913_TW,2000-09-04,33.93124008178711,13.68
2913_TW,2000-09-18,25.93979835510254,-11.37
2913_TW,2000-11-20,16.846830368041992,-13.24
2913_TW,2000-12-04,18.76909828186035,14.34
2913_TW,2005-09-29,7.591591835021973,-44.24
2913_TW,2007-06-25,17.113868713378906,14.0
2915_TW,2018-10-29,39.6733283996582,-16.53
2916_TWO,2010-07-19,8.38392162322998,-13.71
2924_TWO,2011-12-05,41.03759765625,-11.32
2924_TWO,2013-07-16,42.025577545166016,-10.56
2924_TWO,2013-07-17,47.19742202758789,12.31
2924_TWO,2022-08-31,32.70000076293945,12.56
2924_TWO,2022-11-11,28.049999237060547,-12.62
2924_TWO,2024-08-20,40.0,-13.04
2924_TWO,2025-11-20,28.700000762939453,24.78
2924_TWO,2025-12-01,25.5,-10.53
2924_TWO,2026-05-12,17.25,-19.95
2926_TWO,2020-03-19,62.47163009643555,-10.6
2926_TWO,2022-10-31,45.600868225097656,11.3
2926_TWO,2023-12-11,67.50521850585938,11.33
2926_TWO,2024-04-26,59.14174270629883,12.08
2937_TWO,2016-03-22,14.191604614257812,10.87
2937_TWO,2016-03-23,16.508386611938477,16.33
2937_TWO,2016-03-24,12.520136833190918,-24.16
2937_TWO,2016-04-29,12.694690704345703,19.4
2937_TWO,2017-03-16,19.127349853515625,15.31
2937_TWO,2017-06-08,15.34510326385498,-10.61
2939_TW,2018-11-07,104.7763671875,18.1
2941_TWO,2022-07-01,35.822288513183594,-11.94
2941_TWO,2023-02-13,47.735382080078125,13.19
2941_TWO,2023-09-21,106.28287506103516,12.27
2941_TWO,2023-10-02,103.70110321044922,-10.74
2941_TWO,2024-01-05,98.53755950927734,-11.24
2941_TWO,2024-11-06,73.60054779052734,10.74
2941_TWO,2024-12-16,51.47578048706055,-11.64
2945_TW,2021-11-30,73.24443817138672,-13.31
2948_TWO,2020-12-11,30.98787498474121,-10.75
2948_TWO,2021-01-06,46.79801940917969,25.64
2948_TWO,2021-01-07,41.73877334594727,-10.81
2948_TWO,2021-01-11,45.65968704223633,14.79
2948_TWO,2021-04-14,60.71094512939453,12.28
2948_TWO,2023-09-11,85.88307189941406,18.32
2949_TWO,2022-12-15,93.40927124023438,-17.39
2949_TWO,2023-02-10,86.22394561767578,18.13
2949_TWO,2023-02-23,101.35094451904295,12.13
2949_TWO,2023-12-01,117.95164489746094,11.91
2949_TWO,2023-12-18,102.3515853881836,-15.41
3002_TW,2002-08-22,4.434729099273682,27.56
3002_TW,2005-09-29,6.340363025665283,15.85
3002_TW,2005-12-22,5.984043121337891,-12.94
3002_TW,2005-12-23,7.0258073806762695,17.41
3002_TW,2005-12-26,6.0170111656188965,-14.36
3002_TW,2005-12-27,6.930607318878174,15.18
3002_TW,2006-05-18,9.956917762756348,-12.84
3002_TW,2006-05-22,11.65256118774414,15.5
3002_TW,2006-05-29,9.248058319091797,-15.97
3002_TW,2006-05-30,10.681512832641602,15.5
3002_TW,2006-07-26,8.242477416992188,-13.25
3002_TW,2006-07-28,9.520065307617188,15.96
3003_TW,2002-08-01,6.441192626953125,14.24
3003_TW,2003-07-17,9.73655605316162,10.5
3003_TW,2004-08-23,8.495697021484375,14.28
3003_TW,2005-09-29,7.40582799911499,14.01
3003_TW,2005-12-23,8.098772048950195,13.25
3003_TW,2005-12-26,7.2091851234436035,-10.98
3003_TW,2005-12-27,7.990499973297119,10.84
3003_TW,2006-05-18,7.748910427093506,-12.72
3003_TW,2006-05-22,8.9432954788208,15.7
3003_TW,2006-05-29,7.479044914245605,-10.52
3003_TW,2006-05-30,8.401933670043945,12.34
3003_TW,2006-07-26,8.539222717285156,-12.37
3003_TW,2021-04-07,58.64630126953125,11.07
3004_TW,2008-10-09,9.290669441223145,-13.41
3004_TW,2008-10-21,8.705700874328613,-12.46
3004_TW,2008-11-26,7.329306125640869,-13.06
3004_TW,2009-05-11,4.170477867126465,-13.3
3005_TW,2002-06-27,5.690966606140137,11.8
3005_TW,2003-07-02,5.127974987030029,13.69
3005_TW,2011-08-05,6.038324356079102,14.01
3006_TW,2003-08-21,27.390411376953125,13.57
3006_TW,2004-08-23,38.88214111328125,16.56
3006_TW,2005-08-24,18.864749908447266,13.57
3006_TW,2005-09-29,18.227439880371094,13.91
3006_TW,2021-04-07,106.35418701171876,17.54
3008_TW,2002-03-12,50.76415252685547,-41.94
3008_TW,2003-07-28,83.8382797241211,15.82
3008_TW,2004-08-17,90.53600311279295,14.29
3010_TW,2002-09-05,9.08133029937744,13.4
3010_TW,2003-08-04,11.097529411315918,11.62
3010_TW,2005-09-29,16.91548728942871,11.16
3011_TW,2005-12-23,20.14571952819824,10.7
3011_TW,2009-04-02,7.450387954711914,14.29
3011_TW,2009-06-08,8.205229759216309,14.34
3013_TW,2003-07-24,8.975930213928223,24.3
3013_TW,2005-09-29,8.278691291809082,11.5
3013_TW,2005-12-23,8.08157730102539,10.63
3013_TW,2005-12-27,8.541504859924316,12.32
3013_TW,2006-05-22,8.278691291809082,12.86
3013_TW,2007-03-13,9.476076126098633,11.73
3014_TW,2013-10-17,10.608409881591797,-13.6
3015_TW,2003-06-02,5.006778717041016,17.0
3015_TW,2005-08-03,7.33822774887085,33.79
3015_TW,2005-09-29,9.13560676574707,31.67
3015_TW,2006-07-26,8.666582107543945,-15.99
3015_TW,2006-07-28,10.554944038391112,13.95
3015_TW,2006-09-11,10.150769233703612,-10.88
3015_TW,2006-09-12,11.270533561706545,11.03
3015_TW,2006-09-14,11.702869415283203,13.8
3015_TW,2006-10-26,10.800100326538086,-11.0
3015_TW,2006-10-27,12.999876022338867,20.37
3015_TW,2007-01-31,12.218026161193848,-13.27
3015_TW,2007-02-01,13.715463638305664,12.26
3015_TW,2007-03-01,11.926491737365724,-12.66
3015_TW,2007-03-02,13.417303085327148,12.5
3015_TW,2007-03-13,14.60994815826416,13.08
3015_TW,2007-06-15,14.60332489013672,-12.23
3015_TW,2007-06-20,16.220029830932617,11.07
3015_TW,2007-06-26,17.17414665222168,10.77
3016_TW,2005-09-29,11.053595542907717,13.25
3016_TW,2005-12-22,13.349069595336914,-12.09
3016_TW,2005-12-23,15.3973388671875,15.34
3016_TW,2005-12-26,13.663939476013184,-11.26
3016_TW,2006-05-18,22.101539611816406,-10.85
3016_TW,2006-05-29,20.21253967285156,-14.57
3016_TW,2006-05-30,22.67223358154297,12.17
3016_TW,2006-07-28,26.22715950012207,13.92
3016_TW,2007-03-01,30.30109977722168,-11.3
3016_TW,2007-03-02,33.5446891784668,10.7
3016_TW,2007-03-13,36.94986343383789,14.83
3016_TW,2007-06-20,63.39438629150391,14.43
3016_TW,2007-07-19,93.09917449951172,12.17
3016_TW,2007-07-25,111.57410430908205,17.63
3016_TW,2009-04-02,18.67938232421875,14.32
3017_TW,2004-09-02,14.167888641357422,11.54
3017_TW,2008-08-07,9.774896621704102,15.39
3018_TW,2006-10-16,114.49576568603516,14.34
3018_TW,2008-08-08,21.4118595123291,12.84
3018_TW,2009-01-12,8.574177742004395,14.02
3018_TW,2013-02-25,25.43516731262207,11.03
3018_TW,2017-02-20,41.5545539855957,15.4
3019_TW,2004-07-20,66.69631958007812,12.76
3019_TW,2017-02-20,42.48124313354492,20.79
3019_TW,2025-08-04,151.0,15.71
3021_TW,2002-09-09,275.49627685546875,28.39
3021_TW,2006-10-16,7.629523754119873,-12.81
3021_TW,2007-01-23,8.56965446472168,12.32
3021_TW,2007-12-19,6.147010326385498,12.43
3021_TW,2009-01-19,5.163487911224365,13.15
3023_TW,2005-12-26,8.593669891357422,-16.48
3023_TW,2005-12-27,9.983657836914062,16.17
3023_TW,2006-05-29,9.882718086242676,-15.3
3023_TW,2006-05-30,11.622082710266112,17.6
3023_TW,2006-08-02,9.440006256103516,-14.61
3023_TW,2006-08-03,11.162711143493652,18.25
3023_TW,2006-09-18,11.65138816833496,15.26
3023_TW,2006-10-26,11.3177490234375,-11.08
3023_TW,2006-10-27,12.936339378356934,14.3
3023_TW,2007-01-08,14.655393600463867,10.69
3023_TW,2007-02-27,13.054171562194824,-11.14
3023_TW,2007-03-12,12.29448699951172,-10.71
3023_TW,2007-03-13,14.082379341125488,14.54
3023_TW,2007-06-15,12.201460838317873,-11.17
3023_TW,2007-07-10,12.24797248840332,-12.6
3023_TW,2007-07-11,13.75245475769043,12.28
3023_TW,2007-07-18,12.465027809143066,-10.71
3023_TW,2007-07-19,14.082379341125488,12.98
3023_TW,2007-07-24,14.134469985961914,10.51
3024_TW,2000-01-17,3.6715126037597656,13.87
3024_TW,2000-02-21,6.679175853729248,14.39
3024_TW,2000-03-06,7.5191545486450195,14.2
3024_TW,2002-08-27,9.276344299316406,90.72
3024_TW,2003-08-07,12.008825302124023,23.55
3024_TW,2005-08-12,13.083767890930176,11.76
3024_TW,2006-07-28,11.519285202026367,10.87
3024_TW,2014-12-29,6.089770317077637,14.19
3024_TW,2016-08-26,3.595372676849365,10.58
3024_TW,2017-02-20,7.560605049133301,11.27
3025_TW,2007-10-01,16.51823616027832,14.36
3025_TW,2018-12-24,18.243825912475582,11.11
3026_TW,2000-01-17,2.1042680740356445,14.02
3026_TW,2000-01-31,4.321063995361328,13.61
3026_TW,2000-02-21,8.912199020385742,14.12
3026_TW,2000-03-06,11.072729110717772,14.42
3026_TW,2000-04-05,16.271509170532227,11.75
3026_TW,2000-04-10,19.804882049560547,14.29
3026_TW,2000-05-04,20.77622032165528,24.08
3026_TW,2002-09-19,15.417757987976074,13.52
3026_TW,2005-09-29,20.197528839111328,11.88
3026_TW,2005-12-23,25.894264221191406,14.64
3027_TW,2000-01-31,9.33201026916504,13.86
3027_TW,2000-04-10,13.691039085388184,13.78
3027_TW,2000-05-31,9.884562492370604,13.38
3027_TW,2002-08-27,15.797310829162598,68.17
3027_TW,2012-12-24,10.464617729187012,13.74
3028_TW,2002-09-10,4.697055816650391,15.57
3029_TW,2000-01-31,10.709390640258787,14.08
3029_TW,2000-03-06,12.760124206542969,13.36
3029_TW,2000-04-10,11.529685974121094,13.96
3029_TW,2002-08-27,4.7186055183410645,-39.8
3030_TW,2011-06-24,15.499429702758787,25.14
3030_TW,2014-08-08,26.229860305786133,-11.45
3031_TW,2002-09-27,4.881180763244629,15.03
3031_TW,2003-07-23,5.6016340255737305,15.04
3031_TW,2005-08-09,7.775812149047852,19.56
3031_TW,2005-09-29,10.454936027526855,26.84
3031_TW,2006-07-28,13.203568458557127,11.86
3031_TW,2008-08-07,22.48399353027344,10.6
3032_TW,2002-09-19,6.2225189208984375,22.95
3032_TW,2006-10-16,5.76921272277832,10.9
3033_TW,2003-07-31,2.351731538772583,12.34
3033_TW,2005-09-29,2.460757255554199,16.99
3033_TW,2005-12-22,2.5477514266967773,-15.02
3033_TW,2005-12-23,2.980634450912476,16.99
3033_TW,2006-05-29,2.9402825832366943,-15.16
3033_TW,2006-05-30,3.4398610591888428,16.99
3033_TW,2006-07-28,3.457190990447998,16.99
3034_TW,2005-07-21,28.13217544555664,15.64
3034_TW,2005-09-29,34.32493591308594,16.0
3034_TW,2005-12-23,44.587032318115234,19.53
3034_TW,2005-12-26,39.38505172729492,-11.67
3034_TW,2005-12-27,46.474308013916016,18.0
3034_TW,2006-05-30,40.81247329711914,13.21
3035_TW,2000-05-31,9.94515895843506,12.74
3035_TW,2002-08-27,29.990243911743164,159.75
3035_TW,2004-07-26,25.434017181396484,12.72
3035_TW,2005-09-29,40.273414611816406,12.59
3035_TW,2005-12-22,37.03289413452149,-11.09
3035_TW,2005-12-23,41.23721694946289,11.35
3035_TW,2015-09-25,31.438501358032227,-16.35
3036_TW,2005-08-18,3.351639747619629,17.35
3037_TW,2000-04-05,9.855180740356444,12.39
3037_TW,2000-04-10,10.55357837677002,13.33
3037_TW,2002-08-27,9.561760902404783,-25.77
3037_TW,2003-08-12,7.563042163848877,11.15
3037_TW,2005-09-29,12.348553657531738,12.41
3037_TW,2005-12-23,20.634727478027344,12.39
3038_TW,2003-07-28,9.581528663635254,17.55
3038_TW,2005-08-09,10.948942184448242,18.69
3038_TW,2005-09-29,11.473831176757812,17.64
3038_TW,2005-12-22,9.3967924118042,-14.5
3038_TW,2005-12-23,10.86994457244873,15.68
3038_TW,2005-12-26,9.711417198181152,-10.66
3038_TW,2005-12-27,11.4979887008667,18.4
3038_TW,2006-05-18,10.88601779937744,-11.29
3038_TW,2006-05-22,12.39173698425293,15.39
3038_TW,2006-05-29,10.151890754699709,-11.71
3038_TW,2006-05-30,11.691229820251465,15.16
3038_TW,2006-07-26,8.872435569763184,-13.78
3038_TW,2006-07-28,10.314370155334473,14.63
3038_TW,2007-07-24,13.6399564743042,12.3
3040_TW,2002-09-20,15.85975170135498,24.03
3041_TW,2000-04-10,69.71246337890625,12.94
3041_TW,2000-04-17,51.28627395629883,-13.02
3041_TW,2003-07-22,50.8519287109375,16.48
3041_TW,2005-09-29,42.98810195922852,12.51
3041_TW,2007-09-11,226.5666961669922,12.04
3041_TW,2008-01-02,107.4968032836914,11.3
3042_TW,2002-09-12,3.1871910095214844,17.35
3042_TW,2005-09-29,6.06311559677124,18.95
3042_TW,2005-12-26,6.656565189361572,-16.07
3042_TW,2005-12-27,7.552382469177246,13.46
3042_TW,2006-05-18,11.708784103393556,-13.31
3042_TW,2006-05-22,15.023527145385742,19.96
3042_TW,2006-05-29,11.638834953308104,-14.52
3042_TW,2006-05-30,13.534263610839844,16.29
3042_TW,2006-07-26,10.603116989135742,-14.47
3042_TW,2006-07-28,12.911478996276855,16.3
3042_TW,2007-03-05,13.7928466796875,-15.22
3042_TW,2007-04-17,15.785822868347168,-11.39
3042_TW,2007-04-18,17.49443244934082,10.82
3042_TW,2008-08-07,18.13982963562012,12.35
3043_TW,2002-09-18,62.29938507080078,26.38
3043_TW,2004-10-21,56.4059944152832,13.78
3043_TW,2005-09-29,102.31412506103516,28.21
3043_TW,2006-05-22,454.0295104980469,11.75
3043_TW,2014-12-29,25.549999237060547,14.06
3044_TW,2005-09-29,19.69096565246582,15.48
3044_TW,2005-12-22,21.71434593200684,-12.78
3044_TW,2005-12-23,25.20442771911621,16.07
3044_TW,2005-12-26,22.281869888305664,-11.6
3044_TW,2005-12-27,25.260684967041016,13.37
3044_TW,2006-05-18,29.240345001220703,-13.38
3044_TW,2006-05-22,33.19333267211914,14.49
3044_TW,2006-05-29,29.11696434020996,-15.16
3044_TW,2006-05-30,33.19333267211914,14.0
3044_TW,2006-10-26,28.598203659057617,-12.28
3044_TW,2006-10-27,33.07673645019531,15.66
3044_TW,2007-04-17,36.2336540222168,-12.95
3044_TW,2007-04-18,40.98983001708984,13.13
3044_TW,2007-06-12,42.48081970214844,-11.99
3044_TW,2007-06-13,48.2698860168457,13.63
3044_TW,2007-06-29,46.50677108764648,-14.58
3044_TW,2007-07-02,53.17599487304688,14.34
3044_TW,2007-07-17,45.673824310302734,-12.81
3044_TW,2007-07-18,51.43511199951172,12.61
3045_TW,2002-09-20,11.9851713180542,19.43
3046_TW,2002-09-12,192.7213134765625,24.27
3046_TW,2005-09-29,28.10894203186035,-38.4
3046_TW,2005-12-22,35.70296096801758,65.86
3046_TW,2005-12-23,21.31681632995605,-40.29
3046_TW,2005-12-26,35.70296096801758,67.49
3046_TW,2005-12-27,21.83928871154785,-38.83
3046_TW,2006-05-18,27.587013244628903,65.0
3046_TW,2006-05-22,16.69817352294922,-41.11
3046_TW,2006-05-29,27.865678787231445,68.57
3046_TW,2006-05-30,16.719072341918945,-40.0
3046_TW,2006-07-26,20.44638061523437,65.82
3046_TW,2006-07-28,12.037732124328612,-40.92
3046_TW,2006-10-26,23.755483627319336,74.34
3046_TW,2006-10-27,13.584247589111328,-42.82
3046_TW,2014-12-29,7.562007427215576,14.38
3046_TW,2017-12-11,14.261296272277832,200.0
3046_TW,2021-04-07,21.1312313079834,20.92
3047_TW,2003-07-28,5.264325141906738,14.45
3047_TW,2005-09-29,3.70180344581604,17.66
3047_TW,2005-12-22,3.394026756286621,-16.49
3047_TW,2005-12-23,4.178839683532715,23.12
3047_TW,2006-05-29,4.745204448699951,-15.13
3047_TW,2006-05-30,5.629031181335449,18.63
3047_TW,2006-07-28,6.169036865234375,14.54
3047_TW,2007-03-05,7.102924823760986,-11.54
3047_TW,2007-03-06,8.009632110595703,12.77
3047_TW,2007-04-17,9.524785995483398,-15.91
3047_TW,2007-04-18,10.841322898864746,13.82
3047_TW,2007-06-12,13.808225631713867,-11.45
3047_TW,2007-06-13,16.261987686157227,17.77
3047_TW,2008-08-07,12.525416374206545,13.39
3048_TW,2005-12-22,4.696391105651856,-10.7
3048_TW,2005-12-23,5.410370826721191,15.2
3048_TW,2006-05-22,4.398108005523682,12.68
3048_TW,2007-06-25,5.402907848358154,14.36
3048_TW,2021-04-07,25.77957344055176,11.34
3049_TW,2005-09-16,19.188793182373047,11.03
3049_TW,2017-10-02,10.170209884643556,10.73
3050_TW,2002-11-08,21.81100845336914,19.28
3050_TW,2003-08-07,12.89137840270996,12.84
3050_TW,2005-09-29,5.133821964263916,11.47
3050_TW,2006-10-16,3.2920498847961426,14.41
3051_TW,2003-07-09,146.79103088378906,14.0
3051_TW,2003-07-10,125.71762084960938,-14.36
3051_TW,2007-03-05,50.86688995361328,-13.0
3051_TW,2011-12-06,3.1556155681610107,-13.24
3051_TW,2012-02-06,3.20544171333313,12.21
3051_TW,2016-02-01,9.583106994628906,11.39
3052_TW,2001-04-27,4.580813407897949,-11.42
3052_TW,2018-04-02,7.139422416687012,14.86
3054_TW,2011-08-17,16.92449188232422,22.08
3054_TW,2011-09-13,15.42409324645996,13.72
3054_TW,2011-10-12,16.44436264038086,13.69
3055_TW,2002-12-18,12.148589134216309,35.54
3055_TW,2003-07-22,12.158001899719238,13.98
3055_TW,2005-09-29,24.295787811279297,10.86
3055_TW,2005-12-23,26.294809341430664,11.13
3055_TW,2006-07-28,23.68070411682129,11.24
3055_TW,2006-08-03,23.68070411682129,10.52
3055_TW,2008-12-04,7.107016086578369,-36.61
3056_TW,2005-09-29,1.9007006883621216,-47.59
3056_TW,2005-12-27,2.068876028060913,14.19
3056_TW,2006-11-08,1.2692493200302124,-13.42
3056_TW,2008-05-05,1.7528342008590698,12.63
3056_TW,2008-10-30,0.7601073980331421,-22.02
3056_TW,2008-11-11,0.6585413813591003,-13.36
3057_TW,2003-07-24,85.76764678955078,24.9
3057_TW,2005-08-31,30.152502059936523,11.68
3057_TW,2006-10-16,52.69536590576172,14.06
3057_TW,2008-08-07,53.02989959716797,15.19
3058_TW,2021-04-07,19.38618850708008,20.71
3059_TW,2005-08-10,22.900440216064453,13.73
3059_TW,2005-09-29,23.266586303710938,18.96
3059_TW,2005-12-22,23.51165580749512,-13.56
3059_TW,2005-12-23,27.76073455810547,18.07
3059_TW,2005-12-26,23.837644577026367,-14.13
3059_TW,2005-12-27,27.33940696716309,14.69
3059_TW,2006-05-18,29.46088409423828,-13.32
3059_TW,2006-05-22,34.87647247314453,14.89
3059_TW,2006-05-29,26.52701568603516,-14.53
3059_TW,2006-05-30,30.4759521484375,14.89
3059_TW,2006-07-28,29.11834144592285,20.3
3059_TW,2014-10-24,22.72345733642578,-18.4
3059_TW,2021-04-07,39.64764404296875,12.6
3060_TW,2005-09-29,18.597944259643555,17.23
3060_TW,2005-12-22,16.409006118774414,-15.14
3060_TW,2005-12-23,18.63309669494629,13.55
3060_TW,2006-07-28,14.240729331970217,10.74
3060_TW,2007-01-08,25.50749015808105,10.52
3060_TW,2007-04-17,22.870237350463867,-11.79
3060_TW,2007-05-04,23.601104736328125,11.68
3060_TW,2007-06-13,26.61319732666016,12.6
3060_TW,2007-07-18,28.36186981201172,-10.91
3060_TW,2013-09-16,86.58057403564453,-12.96
3060_TW,2017-11-07,28.84748649597168,16.55
3062_TW,2005-09-29,11.566940307617188,14.46
3062_TW,2005-12-23,18.61923217773437,12.04
3064_TWO,2012-02-06,495.9675903320313,12.74
3064_TWO,2020-03-19,115.3340835571289,-11.65
3064_TWO,2020-03-31,152.0312957763672,11.54
3064_TWO,2021-04-14,88.33333587646484,-12.97
3064_TWO,2021-08-16,54.66666412353516,-14.58
3064_TWO,2021-10-12,50.66666412353516,-10.59
3064_TWO,2022-12-16,38.0,-12.98
3064_TWO,2023-07-31,45.0,-13.18
3064_TWO,2023-08-16,50.5,12.22
3064_TWO,2023-08-23,46.0,-10.97
3064_TWO,2023-09-07,46.16666412353516,-13.98
3064_TWO,2023-10-18,35.0,-11.02
3064_TWO,2024-04-08,38.20000076293945,-10.96
3064_TWO,2026-05-15,18.299999237060547,-10.73
3067_TWO,2019-11-18,18.79382705688477,12.61
3067_TWO,2019-12-16,25.03424835205078,20.21
3067_TWO,2020-03-19,49.27030563354492,-18.88
3067_TWO,2020-06-11,39.69198226928711,12.55
3067_TWO,2022-01-05,35.04999923706055,-13.03
3067_TWO,2023-06-30,43.84999847412109,17.88
3067_TWO,2023-08-31,38.400001525878906,-10.7
3067_TWO,2023-12-08,40.04999923706055,11.56
3067_TWO,2023-12-13,36.75,-12.4
3067_TWO,2024-02-23,32.650001525878906,-10.55
3067_TWO,2024-02-27,32.0,-10.86
3067_TWO,2024-04-29,33.95000076293945,-14.05
3067_TWO,2024-05-23,36.29999923706055,-12.53
3067_TWO,2024-05-29,35.20000076293945,-13.94
3067_TWO,2024-10-16,31.049999237060547,-10.9
3067_TWO,2024-12-27,26.850000381469727,-12.97
3067_TWO,2026-03-27,19.200000762939453,10.98
3071_TWO,2012-01-18,6.365179538726807,18.25
3071_TWO,2013-10-07,4.74819278717041,-23.21
3071_TWO,2017-08-30,10.819097518920898,13.52
3071_TWO,2017-11-27,17.77181053161621,17.75
3071_TWO,2020-03-19,8.869020462036133,-12.27
3073_TWO,2015-09-16,12.14778995513916,-15.61
3073_TWO,2016-02-01,23.46215438842773,-12.36
3073_TWO,2020-03-19,9.320640563964844,-18.95
3073_TWO,2020-04-06,12.89826202392578,12.82
3073_TWO,2023-10-31,25.60796546936035,-10.55
3078_TWO,2015-07-24,8.556429862976074,11.19
3078_TWO,2017-07-27,16.81247329711914,11.46
3078_TWO,2020-03-19,11.228236198425291,-11.73
3081_TWO,2015-09-07,248.4031219482422,10.58
3085_TWO,2010-02-08,139.5968017578125,14.33
3085_TWO,2017-06-05,251.4263916015625,20.84
3085_TWO,2019-12-02,15.747431755065918,20.35
3085_TWO,2019-12-04,18.942562103271484,20.29
3085_TWO,2019-12-09,25.104602813720703,20.88
3085_TWO,2019-12-12,22.441993713378903,-18.73
3085_TWO,2019-12-16,18.48611640930176,-17.63
3085_TWO,2020-11-03,14.300000190734863,16.07
3085_TWO,2023-12-06,11.550000190734863,-14.76
3085_TWO,2023-12-08,11.300000190734863,-11.02
3085_TWO,2024-01-03,11.199999809265137,-13.18
3085_TWO,2024-01-30,10.600000381469728,-16.21
3085_TWO,2024-04-08,11.699999809265137,15.84
3085_TWO,2024-05-15,15.399999618530272,16.23
3085_TWO,2024-07-01,13.5,-13.74
3085_TWO,2024-07-23,14.050000190734863,-12.73
3085_TWO,2025-01-21,23.200000762939453,-11.45
3086_TWO,2008-08-18,8.733068466186523,-17.49
3086_TWO,2014-11-27,7.26036262512207,16.67
3086_TWO,2019-12-23,2.4036848545074463,20.81
3086_TWO,2020-01-30,1.3967254161834717,-10.89
3086_TWO,2020-03-12,1.2328065633773804,-11.52
3086_TWO,2020-03-16,1.0074182748794556,-18.28
3088_TWO,2015-07-30,24.30412673950196,12.3
3092_TW,2008-09-09,14.271392822265623,-12.62
3092_TW,2008-09-11,12.51491355895996,-12.98
3092_TW,2008-09-30,8.233494758605957,-11.76
3092_TW,2008-10-31,10.429095268249512,26.67
3092_TW,2008-11-03,8.343274116516113,-20.0
3092_TW,2008-12-17,8.562834739685059,20.93
3092_TW,2008-12-18,7.053361892700195,-17.63
3092_TW,2010-05-11,24.99420738220215,333.67
3092_TW,2010-05-14,29.654146194458008,26.13
3092_TW,2015-08-27,5.177934169769287,12.98
3092_TW,2016-06-06,13.538140296936035,16.2
3092_TW,2017-08-04,27.79120445251465,-11.54
3092_TW,2017-08-07,32.542606353759766,17.1
3092_TW,2018-07-24,30.391016006469727,14.81
3093_TWO,2015-07-08,4.377440929412842,-13.75
3093_TWO,2021-04-07,13.692338943481444,10.61
3094_TW,2007-08-07,61.25029754638672,-21.35
3094_TW,2007-08-08,69.0105209350586,12.67
3095_TWO,2010-02-08,431.061767578125,-12.27
3095_TWO,2018-04-02,39.12092208862305,20.54
3095_TWO,2019-11-26,23.275856018066406,-18.08
3095_TWO,2023-02-20,32.04999923706055,-13.96
3095_TWO,2023-03-06,32.150001525878906,-12.75
3095_TWO,2023-04-12,20.5,-23.93
3095_TWO,2023-08-30,22.799999237060547,-14.12
3095_TWO,2024-06-07,36.09999847412109,-12.27
3105_TWO,2015-08-28,36.014495849609375,14.0
3114_TWO,2008-08-18,5.395388126373291,-12.3
3114_TWO,2020-03-16,13.117838859558104,-11.31
3114_TWO,2020-03-19,10.541119575500488,-10.76
3114_TWO,2025-04-25,2118.962646484375,10036.36
3114_TWO,2025-04-28,21.56970977783203,-98.98
3115_TWO,2008-08-18,13.300253868103027,12.64
3115_TWO,2018-04-02,37.52571868896485,20.74
3115_TWO,2020-03-16,13.4359712600708,-11.21
3115_TWO,2024-09-18,12.051658630371094,-14.62
3118_TWO,2009-04-02,14.403027534484863,14.24
3118_TWO,2012-12-24,19.055456161499023,14.35
3118_TWO,2020-03-16,19.68436622619629,-11.82
3118_TWO,2020-03-19,14.589156150817873,-18.78
3122_TWO,2013-03-14,5.056314945220947,32.55
3122_TWO,2013-03-22,5.613996505737305,11.85
3122_TWO,2013-03-27,6.803717613220215,16.41
3122_TWO,2013-05-13,6.655002117156982,17.45
3122_TWO,2013-05-14,7.881902694702148,18.44
3122_TWO,2013-05-30,7.510116100311279,10.75
3122_TWO,2013-08-23,8.315821647644043,10.55
3122_TWO,2014-01-20,13.21745491027832,17.47
3122_TWO,2014-08-21,19.393917083740234,11.26
3122_TWO,2014-10-07,18.43223571777344,12.09
3122_TWO,2014-10-09,15.63534164428711,-15.17
3122_TWO,2014-11-11,17.470548629760742,14.14
3122_TWO,2015-01-26,19.19356346130371,13.78
3122_TWO,2020-03-16,8.368148803710938,-13.04
3128_TWO,2016-02-01,10.261514663696287,-10.79
3131_TWO,2013-02-25,140.79698181152344,14.12
3131_TWO,2013-07-10,143.99356079101562,11.87
3131_TWO,2020-03-19,119.23892211914062,-14.97
3131_TWO,2024-03-19,943.4786987304688,14.29
3135_TW,2003-08-06,9.030732154846191,-22.22
3135_TW,2003-09-29,8.063152313232422,-15.54
3135_TW,2003-12-22,9.482269287109377,13.95
3135_TW,2004-01-07,10.514352798461914,10.88
3135_TW,2004-01-27,9.030732154846191,-12.5
3135_TW,2004-04-08,8.411481857299805,-13.07
3135_TW,2004-10-20,6.321512222290039,-20.33
3135_TW,2004-11-01,7.611617088317871,18.0
3135_TW,2004-11-29,6.4505228996276855,-15.25
3135_TW,2005-04-06,4.321849822998047,-14.1
3135_TW,2005-04-08,3.741303682327272,-14.71
3135_TW,2005-05-12,2.61246109008789,-27.03
3135_TW,2005-06-07,3.392974615097046,29.88
3135_TW,2005-07-01,2.52860426902771,-20.0
3135_TW,2005-07-19,3.0510973930358887,20.66
3135_TW,2005-08-24,2.9027352333068848,-10.89
3135_TW,2005-09-22,2.5802090167999268,-13.98
3135_TW,2005-10-19,2.077068328857422,-10.56
3135_TW,2021-11-22,42.70246505737305,1968.75
3135_TW,2022-02-21,35.8004035949707,11.56
3135_TW,2022-03-30,33.86524963378906,11.46
3135_TW,2022-08-26,23.189632415771484,14.31
3135_TW,2023-04-12,27.37739562988281,11.71
3135_TW,2023-05-31,30.01164627075196,14.95
3135_TW,2023-06-16,34.90382766723633,12.59
3135_TW,2023-12-08,32.90644073486328,13.26
3135_TW,2024-03-20,33.23931121826172,-13.6
3135_TW,2024-08-05,28.10362243652344,-13.72
3135_TW,2025-04-07,24.14627456665039,-20.32
3135_TW,2025-04-10,27.127899169921875,16.11
3135_TW,2025-06-06,35.3395881652832,12.62
3135_TW,2025-08-06,31.62477302551269,-11.37
3135_TW,2025-08-12,36.1705322265625,17.46
3138_TW,2008-07-03,9.130839347839355,12.5
3138_TW,2008-07-15,7.237035274505615,-21.03
3138_TW,2013-03-12,5.681410312652588,31.25
3138_TW,2013-06-20,6.939436435699463,25.12
3138_TW,2013-11-19,5.634066104888916,13.33
3138_TW,2014-02-06,6.019589424133301,10.56
3138_TW,2014-02-12,7.406124114990234,24.72
3138_TW,2014-02-17,6.695948123931885,-12.39
3138_TW,2014-03-06,6.222497463226318,-10.68
3138_TW,2014-04-11,6.831218719482422,14.77
3138_TW,2014-09-09,7.913393020629883,15.27
3138_TW,2014-10-13,6.898856163024902,-10.92
3138_TW,2014-12-01,8.44771671295166,13.55
3138_TW,2015-03-05,10.44973850250244,20.61
3138_TW,2015-05-29,8.995567321777344,13.68
3138_TW,2016-02-22,9.87229061126709,13.44
3138_TW,2016-10-06,11.153901100158691,11.11
3138_TW,2016-10-24,8.915684700012207,-18.44
3138_TW,2017-01-19,8.997480392456055,10.6
3138_TW,2017-03-07,9.666714668273926,14.44
3138_TW,2019-03-14,17.352861404418945,19.48
3138_TW,2019-03-15,20.14097023010254,16.07
3138_TW,2019-03-27,30.377912521362305,23.35
3138_TW,2019-04-01,28.45536231994629,-11.17
3138_TW,2019-04-10,31.368309020996094,12.51
3138_TW,2019-05-29,23.96941947937012,11.89
3138_TW,2019-07-25,33.03285598754883,12.53
3138_TW,2019-08-15,31.978036880493164,-13.19
3138_TW,2019-10-24,39.01320266723633,12.57
3138_TW,2020-01-30,36.29938888549805,-12.3
3138_TW,2020-03-19,23.1624698638916,-17.23
3138_TW,2020-04-13,33.27444076538086,16.67
3138_TW,2020-07-27,64.32659912109375,82.87
3138_TW,2020-09-14,90.37621307373048,12.09
3138_TW,2020-12-14,87.62947845458984,13.68
3141_TWO,2008-01-02,7.692951679229736,23.46
3141_TWO,2008-01-04,6.231290340423584,-19.0
3141_TWO,2008-01-30,6.154360294342041,11.11
3141_TWO,2008-01-31,5.38506555557251,-12.5
3141_TWO,2008-02-01,6.154360294342041,14.29
3141_TWO,2008-02-14,5.231205940246582,-15.53
3141_TWO,2008-04-25,3.2695040702819824,-27.72
3141_TWO,2008-05-05,4.2311224937438965,12.24
3141_TWO,2008-05-20,4.769628524780273,12.73
3141_TWO,2008-07-01,4.115728855133057,-17.05
3141_TWO,2008-08-18,3.231039762496948,-20.75
3141_TWO,2008-11-10,3.231039762496948,20.0
3141_TWO,2008-11-11,2.6540677547454834,-17.86
3141_TWO,2008-11-14,1.800149917602539,-27.55
3141_TWO,2009-01-06,1.3539587259292605,16.56
3141_TWO,2013-03-12,8.154526710510254,430.0
3141_TWO,2013-03-22,10.308553695678713,26.42
3141_TWO,2013-10-01,10.231624603271484,15.95
3141_TWO,2014-03-14,14.231958389282228,13.36
3141_TWO,2015-12-31,20.66593360900879,33.94
3141_TWO,2020-03-16,15.171110153198242,-18.48
3147_TWO,2013-12-17,6.818212985992432,11.79
3147_TWO,2014-01-08,7.276182651519775,11.11
3147_TWO,2016-03-30,11.4921293258667,19.69
3149_TW,2008-01-21,104.19721221923828,19.11
3149_TW,2008-01-22,79.0903091430664,-24.1
3149_TW,2008-02-21,74.39610290527344,-13.12
3149_TW,2008-03-31,73.96934509277344,11.11
3149_TW,2008-04-01,64.01193237304688,-13.46
3149_TW,2008-04-02,73.68485260009766,15.11
3149_TW,2008-04-03,65.4344253540039,-11.2
3149_TW,2008-07-22,49.32802963256836,-15.06
3149_TW,2008-07-24,60.01577377319336,18.09
3149_TW,2008-08-18,44.99314498901367,-24.75
3149_TW,2008-08-27,35.874935150146484,-12.41
3149_TW,2008-09-01,37.369720458984375,19.62
3149_TW,2008-09-03,29.29785919189453,-21.91
3149_TW,2008-09-18,19.20803451538086,-26.15
3149_TW,2008-09-30,21.37547874450684,-11.73
3149_TW,2008-10-02,26.158803939819336,11.46
3149_TW,2008-10-06,31.390565872192383,11.64
3149_TW,2008-12-05,20.92704200744629,12.0
3149_TW,2009-01-19,15.022626876831056,-16.25
3149_TW,2009-02-05,17.63850975036621,17.41
3149_TW,2009-02-11,21.39042854309082,11.8
3149_TW,2011-11-23,142.6958770751953,532.2
3149_TW,2012-01-06,168.19400024414062,13.23
3149_TW,2018-04-02,28.174192428588867,10.54
3149_TW,2021-04-07,81.06797790527344,14.29
3152_TWO,2008-03-28,43.795631408691406,13.13
3152_TWO,2008-08-18,38.08702850341797,-12.68
3152_TWO,2015-08-06,133.93568420410156,14.1
3158_TWO,2020-07-28,27.22078895568848,17.14
3158_TWO,2025-04-07,109.89142608642578,-12.72
3158_TWO,2025-04-10,125.24623107910156,17.03
3158_TWO,2025-08-14,130.38693237304688,11.16
3158_TWO,2025-11-17,93.93467712402344,-14.83
3162_TWO,2009-04-02,14.589271545410156,10.89
3163_TWO,2015-09-03,22.755016326904297,11.39
3164_TW,2009-04-02,12.825403213500977,14.29
3167_TW,2008-01-02,6.30120849609375,-13.18
3167_TW,2008-01-18,7.024681091308594,16.89
3167_TW,2008-01-21,6.184517860412598,-11.96
3167_TW,2008-01-30,7.024681091308594,19.92
3167_TW,2008-02-12,5.892796993255615,-15.83
3167_TW,2008-02-27,7.001341819763184,18.81
3167_TW,2008-06-30,6.417897701263428,18.28
3167_TW,2008-07-07,5.099311828613281,-20.83
3167_TW,2008-08-29,5.3910346031188965,15.5
3167_TW,2008-09-03,4.2008056640625,-21.74
3167_TW,2008-09-12,3.3373074531555176,-15.88
3167_TW,2008-09-15,1.797011375427246,-46.15
3167_TW,2008-09-16,1.2135661840438845,-32.47
3167_TW,2008-09-17,1.3535926342010498,11.54
3167_TW,2008-09-18,1.645315647125244,21.55
3167_TW,2008-09-19,2.217092037200928,34.75
3167_TW,2013-03-12,15.437644004821776,765.47
3167_TW,2021-04-07,64.7658462524414,18.86
3168_TW,2008-08-18,11.611749649047852,-10.78
3168_TW,2008-09-09,9.76081085205078,-12.9
3168_TW,2008-10-17,7.230230331420898,-13.04
3168_TW,2008-10-31,8.365044593811035,28.24
3168_TW,2008-11-06,6.906917572021484,-17.43
3168_TW,2008-11-20,6.13948392868042,-11.11
3168_TW,2008-12-01,4.796471118927002,-13.79
3168_TW,2009-02-11,3.146484375,-18.0
3168_TW,2013-10-09,2.532536506652832,17.44
3168_TW,2013-12-05,1.995331883430481,-11.86
3168_TW,2013-12-11,2.225562334060669,11.54
3168_TW,2014-01-03,2.2562596797943115,13.51
3168_TW,2014-03-04,3.2999720573425293,10.54
3168_TW,2014-04-28,2.532536506652832,-14.29
3168_TW,2015-04-14,6.039716720581055,19.24
3168_TW,2015-04-16,7.712725162506103,16.86
3168_TW,2015-04-23,8.173187255859375,11.64
3168_TW,2015-05-11,9.439454078674316,11.51
3168_TW,2015-05-21,9.700383186340332,11.37
3168_TW,2015-07-31,8.134815216064453,11.11
3168_TW,2015-12-01,7.411970138549805,23.6
3168_TW,2016-12-30,5.0792388916015625,11.45
3168_TW,2017-04-11,5.433045864105225,13.25
3168_TW,2017-05-15,6.062704086303711,11.96
3168_TW,2017-08-14,6.656381130218506,15.26
3168_TW,2018-02-21,10.273959159851074,14.24
3168_TW,2019-02-26,13.02838897705078,14.29
3168_TW,2020-03-19,11.54139232635498,-16.3
3168_TW,2020-07-28,14.783166885375977,11.67
3168_TW,2021-04-08,26.992151260375977,15.23
3168_TW,2021-11-15,28.26793670654297,16.24
3168_TW,2024-03-26,56.46016693115234,-13.94
3169_TWO,2008-01-17,12.873047828674316,-10.82
3169_TWO,2008-01-25,12.662019729614258,14.37
3169_TWO,2008-01-31,15.61648654937744,19.35
3169_TWO,2008-02-12,13.843802452087402,-11.71
3169_TWO,2008-02-15,16.03855323791504,11.76
3169_TWO,2008-03-31,15.61648654937744,15.62
3169_TWO,2008-04-01,13.50615119934082,-13.51
3169_TWO,2008-04-02,15.827521324157717,17.19
3169_TWO,2008-04-08,13.590566635131836,-12.5
3169_TWO,2008-06-26,16.101865768432617,15.22
3169_TWO,2008-07-01,16.94600486755371,12.78
3169_TWO,2008-07-22,15.30606460571289,-12.17
3169_TWO,2008-07-23,17.492643356323242,14.29
3169_TWO,2008-08-25,17.492643356323242,13.8
3169_TWO,2008-08-28,15.393527030944824,-12.0
3169_TWO,2008-09-05,13.03201961517334,-11.04
3169_TWO,2008-10-14,13.163213729858398,20.4
3169_TWO,2008-10-15,10.932903289794922,-16.94
3169_TWO,2010-02-22,25.02419853210449,177.78
3169_TWO,2015-06-18,19.49765396118164,14.69
3171_TWO,2012-02-06,15.453624725341797,14.06
3171_TWO,2020-03-16,12.348153114318848,-12.96
3171_TWO,2024-10-07,38.96308517456055,-12.71
3176_TWO,2008-01-18,33.54331588745117,-13.58
3176_TWO,2008-04-30,50.79416275024414,16.48
3176_TWO,2008-05-02,57.73283767700195,13.66
3176_TWO,2008-05-05,49.64410400390625,-14.01
3176_TWO,2008-05-28,52.9217643737793,22.71
3176_TWO,2008-05-29,44.27717590332031,-16.33
3176_TWO,2008-09-18,19.503040313720703,-19.57
3176_TWO,2008-09-19,22.042749404907227,13.02
3176_TWO,2008-10-23,11.970170974731444,-30.18
3176_TWO,2008-12-05,7.044095993041992,-17.79
3176_TWO,2008-12-08,9.075861930847168,28.84
3176_TWO,2008-12-26,13.417325019836426,15.7
3176_TWO,2008-12-30,15.334086418151855,11.89
3176_TWO,2011-11-23,22.330263137817383,50.32
3176_TWO,2011-11-29,24.726213455200195,11.21
3176_TWO,2016-02-01,78.5,12.14
3178_TWO,2008-06-03,13.38747787475586,-10.67
3178_TWO,2008-07-03,10.237483024597168,-13.33
3178_TWO,2008-07-10,8.662485122680664,-15.38
3178_TWO,2008-08-26,7.1898627281188965,-17.0
3178_TWO,2008-09-02,7.874988079071045,11.11
3178_TWO,2009-02-03,6.299989700317383,29.03
3178_TWO,2013-05-31,9.016860961914062,52.67
3178_TWO,2013-07-03,6.299989700317383,-11.11
3178_TWO,2013-08-09,7.481237888336182,15.15
3178_TWO,2013-09-02,7.615112781524658,16.51
3178_TWO,2014-02-07,9.599610328674316,15.0
3178_TWO,2014-02-26,11.01710605621338,13.74
3178_TWO,2014-03-04,13.663104057312012,14.9
3178_TWO,2014-08-13,14.482100486755373,14.22
3178_TWO,2014-12-29,11.891231536865234,11.85
3178_TWO,2015-03-27,16.939096450805664,11.16
3178_TWO,2015-06-03,15.74997615814209,-13.04
3178_TWO,2015-06-16,16.490222930908203,11.38
3178_TWO,2015-06-22,18.89997100830078,12.15
3178_TWO,2015-08-12,15.1036376953125,-16.26
3178_TWO,2015-11-10,17.396860122680664,11.11
3178_TWO,2016-08-01,26.095291137695312,17.86
3178_TWO,2016-09-08,32.80793762207031,11.94
3178_TWO,2016-09-29,37.8960189819336,12.99
3178_TWO,2016-10-25,39.80913543701172,11.9
3178_TWO,2016-11-10,37.04121780395508,12.6
3178_TWO,2017-03-21,65.94151306152344,14.08
3178_TWO,2017-03-27,83.6073226928711,25.55
3178_TWO,2017-04-11,81.41741943359375,-13.03
3178_TWO,2017-05-23,76.52472686767578,11.67
3178_TWO,2017-08-21,48.15843963623047,11.46
3178_TWO,2018-02-08,33.27157211303711,10.93
3178_TWO,2025-08-04,64.07048797607422,14.95
3189_TW,2007-01-16,46.947715759277344,-11.21
3189_TW,2007-01-17,52.13432693481445,11.05
3189_TW,2007-03-02,58.77406692504883,15.81
3189_TW,2007-05-04,61.97099304199219,12.68
3189_TW,2007-06-25,59.91424560546875,-11.08
3191_TWO,2013-09-16,43.70000076293945,14.1
3191_TWO,2017-02-20,25.700000762939453,-11.07
3191_TWO,2019-09-10,62.70000076293945,20.81
3191_TWO,2020-03-19,82.80000305175781,-14.46
3191_TWO,2021-04-07,11.539999961853027,-18.96
3191_TWO,2025-07-14,15.149999618530272,11.4
3191_TWO,2025-10-22,16.25,-11.44
3205_TWO,2012-02-06,15.20964527130127,14.1
3205_TWO,2012-12-24,18.755714416503903,14.03
3205_TWO,2018-04-02,80.10556030273438,14.74
3206_TWO,2012-03-05,8.924352645874023,14.35
3206_TWO,2020-03-19,14.60378646850586,-10.63
3207_TWO,2016-09-12,13.724297523498535,20.66
3207_TWO,2024-03-19,133.12103271484375,20.72
3211_TWO,2008-08-18,29.192604064941406,-16.22
3211_TWO,2015-07-02,28.667604446411133,10.54
3213_TWO,2020-03-19,22.0644588470459,-12.96
3218_TWO,2020-03-16,43.65264129638672,-15.09
3218_TWO,2020-03-19,35.71244430541992,-14.73
3219_TWO,2010-11-09,27.57030868530273,-19.33
3219_TWO,2011-10-26,13.729494094848633,-11.48
3219_TWO,2011-12-23,18.553369522094727,-16.81
3219_TWO,2012-01-16,19.18418502807617,-13.26
3219_TWO,2012-02-17,22.041404724121094,-13.28
3219_TWO,2012-07-04,15.77036476135254,-13.97
3219_TWO,2012-07-23,13.432639122009276,14.2
3219_TWO,2012-08-10,16.289857864379883,-19.45
3219_TWO,2012-11-27,9.67743682861328,-13.36
3219_TWO,2013-01-10,8.890774726867676,14.31
3219_TWO,2013-01-25,8.757190704345703,-13.24
3219_TWO,2013-09-16,18.553369522094727,14.16
3219_TWO,2016-09-12,17.143314361572266,15.5
3219_TWO,2017-11-30,32.87657165527344,32.63
3219_TWO,2017-12-04,39.70421600341797,20.77
3219_TWO,2020-08-24,17.799266815185547,20.77
3219_TWO,2021-04-07,113.9529800415039,13.08
3221_TWO,2020-03-16,13.775354385375977,-16.18
3221_TWO,2020-03-19,10.559782028198242,-16.88
3224_TWO,2020-03-16,38.13508987426758,-12.19
3224_TWO,2022-08-23,47.95000076293945,11.12
3226_TWO,2010-03-23,18.028553009033203,14.24
3226_TWO,2012-02-06,15.91941261291504,14.43
3226_TWO,2023-11-01,51.46583557128906,-11.91
3227_TWO,2008-08-18,92.55870819091795,-17.72
3227_TWO,2020-03-19,88.66816711425781,-17.99
3228_TWO,2008-08-18,101.49330139160156,-12.86
3228_TWO,2012-02-06,26.256244659423828,14.29
3228_TWO,2016-06-06,17.037599563598633,13.5
3228_TWO,2020-03-16,29.098936080932617,-14.16
3228_TWO,2020-03-19,22.69717025756836,-18.75
3228_TWO,2024-03-26,560.0,16.91
3229_TW,2013-06-20,44.78260803222656,14.02
3229_TW,2021-04-07,18.84057807922364,17.12
3229_TW,2025-08-04,17.25,20.63
3230_TWO,2018-04-02,13.520511627197266,11.93
3230_TWO,2020-03-16,7.5963921546936035,-14.26
3230_TWO,2020-03-19,6.315502166748047,-11.69
3230_TWO,2021-04-07,23.773801803588867,20.79
3231_TW,2005-09-29,7.084217071533203,12.45
3231_TW,2005-12-22,7.281740188598633,-12.12
3231_TW,2005-12-23,8.415614128112793,15.57
3231_TW,2005-12-26,7.32637357711792,-12.94
3231_TW,2005-12-27,8.117539405822754,10.8
3231_TW,2006-05-18,7.0497331619262695,-13.89
3231_TW,2006-05-30,7.720107555389404,11.34
3231_TW,2006-07-26,6.514308929443359,-11.4
3231_TW,2007-05-04,11.506962776184082,11.05
3232_TWO,2009-01-19,4.537980079650879,13.25
3232_TWO,2012-02-06,7.364841461181641,14.39
3232_TWO,2017-10-02,26.63105773925781,12.78
3232_TWO,2020-03-19,10.021455764770508,-18.71
3234_TWO,2008-01-08,18.12371826171875,14.37
3234_TWO,2008-01-17,18.81846046447754,24.6
3234_TWO,2008-01-18,15.405160903930664,-18.14
3234_TWO,2008-01-24,13.471964836120604,-10.8
3234_TWO,2008-04-29,16.31134605407715,13.02
3234_TWO,2008-08-29,13.894848823547363,24.32
3234_TWO,2008-09-01,10.004292488098145,-28.0
3234_TWO,2008-09-02,13.955262184143066,39.49
3234_TWO,2008-09-03,9.001445770263672,-35.5
3234_TWO,2008-09-18,6.307791709899902,-25.42
3234_TWO,2008-09-19,7.101914882659912,12.59
3234_TWO,2008-10-30,5.952695846557617,14.68
3234_TWO,2008-11-04,5.16502857208252,-11.11
3234_TWO,2008-11-05,5.810657978057861,12.5
3234_TWO,2009-02-10,5.487842559814453,19.72
3234_TWO,2009-02-12,4.732458114624023,-13.76
3234_TWO,2009-03-16,8.55457878112793,73.66
3234_TWO,2009-03-17,9.458459854125977,10.57
3234_TWO,2009-07-10,8.070357322692871,17.37
3234_TWO,2009-10-05,8.457735061645508,11.97
3234_TWO,2009-12-02,10.394619941711426,10.65
3234_TWO,2009-12-04,11.68587875366211,11.73
3234_TWO,2009-12-07,13.429075241088867,14.92
3234_TWO,2009-12-14,10.394619941711426,-15.71
3234_TWO,2009-12-16,12.202381134033203,17.39
3234_TWO,2010-03-05,14.849456787109377,14.43
3234_TWO,2010-04-09,19.026674270629883,13.78
3234_TWO,2010-08-10,14.19878101348877,-13.31
3234_TWO,2010-08-11,16.312088012695312,14.88
3234_TWO,2013-08-22,17.52964210510254,10.87
3234_TWO,2016-09-01,72.83416748046875,22.77
3234_TWO,2020-03-16,23.891735076904297,-16.8
3236_TWO,2012-02-06,6.145142555236816,13.84
3236_TWO,2017-02-20,16.373516082763672,12.5
3236_TWO,2018-08-24,22.88995742797852,-13.13
3236_TWO,2018-08-27,27.878522872924805,21.79
3236_TWO,2020-03-16,11.989616394042969,-10.59
3252_TWO,2008-08-18,12.308601379394531,-12.09
3252_TWO,2009-05-20,7.244149684906006,-12.99
3252_TWO,2009-06-08,5.550711154937744,13.46
3252_TWO,2010-11-18,17.27743148803711,31.55
3252_TWO,2010-12-23,20.077016830444336,-12.54
3252_TWO,2011-10-03,40.55397415161133,50.89
3252_TWO,2017-02-20,28.15578842163086,12.0
3259_TWO,2009-01-12,35.23032760620117,14.29
3259_TWO,2018-02-12,39.97797775268555,-14.23
3259_TWO,2020-03-16,19.34418296813965,-12.5
3259_TWO,2023-10-26,24.0,-10.95
3260_TWO,2020-03-16,39.86955261230469,-12.21
3260_TWO,2020-03-19,29.106992721557617,-18.95
3264_TWO,2008-08-18,8.328951835632324,12.55
3264_TWO,2013-08-26,10.106050491333008,10.65
3264_TWO,2016-08-23,15.016522407531738,10.6
3264_TWO,2020-03-16,17.755048751831055,-10.96
3264_TWO,2020-03-19,15.014334678649902,-12.09
3264_TWO,2024-03-19,77.4394760131836,11.46
3265_TWO,2011-06-27,16.20922088623047,46.95
3266_TW,2008-08-18,11.225214958190918,-10.67
3266_TW,2009-04-02,10.02503490447998,12.7
3272_TWO,2008-01-02,5.630148410797119,17.19
3272_TWO,2008-01-03,4.6917901039123535,-16.67
3272_TWO,2008-04-14,4.128775119781494,14.82
3272_TWO,2008-05-07,3.0027449131011963,-11.41
3272_TWO,2008-07-23,2.2708256244659424,12.04
3272_TWO,2008-08-25,2.176990509033203,-10.77
3272_TWO,2008-09-11,1.628989338874817,-21.66
3272_TWO,2008-09-30,1.3324676752090454,-11.47
3272_TWO,2008-12-02,1.5764414072036743,17.65
3272_TWO,2008-12-08,1.12602961063385,-28.57
3272_TWO,2013-03-12,6.455904483795166,537.04
3272_TWO,2013-03-19,8.57283878326416,15.35
3272_TWO,2013-03-25,8.182482719421387,-10.66
3272_TWO,2013-06-11,12.817968368530272,11.6
3272_TWO,2013-10-03,8.620869636535645,-10.89
3272_TWO,2014-01-07,16.187660217285156,13.16
3272_TWO,2014-03-26,27.48138236999512,10.62
3272_TWO,2014-05-15,37.45749282836914,10.53
3272_TWO,2014-05-19,45.55132675170898,13.62
3272_TWO,2014-05-21,47.81007385253906,14.72
3272_TWO,2014-05-29,57.04833221435547,14.03
3272_TWO,2014-08-26,67.16362762451172,17.6
3272_TWO,2017-10-02,48.77878189086914,10.66
3272_TWO,2018-08-13,28.14716911315918,-11.17
3272_TWO,2020-03-16,14.591967582702637,-13.1
3276_TWO,2008-08-18,8.961063385009766,-11.76
3276_TWO,2011-03-25,13.569607734680176,36.48
3276_TWO,2020-03-16,5.581647872924805,-17.81
3284_TWO,2016-07-19,11.525993347167969,10.81
3285_TWO,2008-01-23,3.176720142364502,-10.74
3285_TWO,2008-01-31,3.662052631378174,18.12
3285_TWO,2008-02-12,3.117892503738404,-14.52
3285_TWO,2008-03-26,3.2561376094818115,12.61
3285_TWO,2008-03-31,3.129657506942749,14.53
3285_TWO,2008-07-16,2.9414069652557373,-11.89
3285_TWO,2008-10-23,2.329767227172852,-12.35
3285_TWO,2008-10-24,1.968817353248596,-15.49
3285_TWO,2012-07-23,9.590312004089355,370.64
3285_TWO,2014-12-29,34.23149871826172,14.27
3285_TWO,2015-08-26,17.06141471862793,-12.45
3285_TWO,2015-08-27,19.423763275146484,13.85
3287_TWO,2020-03-19,5.206891059875488,-11.2
3288_TWO,2008-08-18,138.63095092773438,13.98
3288_TWO,2012-03-05,85.73056030273438,14.07
3288_TWO,2017-11-20,13.21836757659912,12.18
3288_TWO,2018-02-12,23.793062210083008,13.11
3288_TWO,2020-03-19,12.206217765808104,-13.86
3288_TWO,2020-08-18,14.72903823852539,-11.36
3288_TWO,2020-09-14,15.862041473388672,10.53
3288_TWO,2020-12-14,20.469587326049805,12.45
3288_TWO,2021-02-19,19.48765182495117,-11.34
3288_TWO,2022-02-16,25.152666091918945,-10.96
3288_TWO,2022-04-07,21.90472412109375,-16.91
3288_TWO,2022-04-11,21.149389266967773,-11.95
3288_TWO,2022-06-22,20.394052505493164,-16.41
3288_TWO,2022-07-29,21.37598991394043,-11.01
3288_TWO,2022-11-08,23.799999237060547,15.53
3288_TWO,2023-08-14,20.25,-13.83
3288_TWO,2024-08-09,24.200000762939453,-14.34
3288_TWO,2024-11-22,23.600000381469727,-11.78
3289_TWO,2012-11-08,14.69544506072998,-19.66
3289_TWO,2015-08-27,49.22366714477539,10.73
3289_TWO,2020-03-19,20.28111457824707,-15.03
3290_TWO,2016-06-29,12.999093055725098,10.62
3290_TWO,2020-03-16,12.725281715393066,-13.36
3293_TWO,2020-03-19,79.42294311523438,-14.5
3294_TWO,2025-08-04,50.29999923706055,20.91
3296_TW,2009-06-08,21.43001937866211,14.02
3296_TW,2021-04-07,27.59731101989746,20.78
3297_TWO,2015-07-30,15.69187831878662,11.66
3297_TWO,2021-08-18,15.75,14.96
3303_TWO,2008-08-18,10.425804138183594,-13.0
3305_TW,2012-01-06,18.930805206298828,13.86
3306_TWO,2008-08-18,15.464226722717283,-17.31
3306_TWO,2011-11-15,16.72088623046875,26.92
3306_TWO,2013-09-16,17.696277618408203,14.25
3306_TWO,2016-08-04,26.847261428833008,13.62
3306_TWO,2020-07-22,15.903897285461426,11.8
3306_TWO,2025-08-04,46.0,16.6
3308_TW,2012-02-06,15.731963157653809,14.37
3308_TW,2021-04-07,16.242633819580078,20.83
3310_TWO,2009-01-12,10.13629150390625,-13.44
3310_TWO,2017-11-14,22.25147247314453,17.41
3311_TW,2005-07-27,89.35013580322266,20.99
3311_TW,2005-09-29,115.9896469116211,29.81
3311_TW,2005-12-22,106.91471099853516,-22.65
3311_TW,2005-12-23,141.12075805664062,31.99
3311_TW,2007-06-13,180.51126098632807,12.85
3311_TW,2019-09-23,21.78715705871582,-37.36
3312_TW,2018-04-10,4.582369327545166,25.69
3312_TW,2021-04-07,15.48899745941162,17.06
3313_TWO,2016-06-06,6.630000114440918,-12.76
3313_TWO,2020-03-16,10.550000190734863,-17.9
3317_TWO,2020-03-16,19.763776779174805,-13.52
3317_TWO,2020-03-19,15.64242172241211,-12.11
3321_TW,2008-01-03,13.663863182067873,25.0
3321_TW,2008-01-04,10.849105834960938,-20.6
3321_TW,2008-02-27,9.200334548950195,12.22
3321_TW,2008-07-09,8.243863105773926,19.08
3321_TW,2008-07-14,6.868368148803711,-17.14
3321_TW,2008-07-21,7.742855072021484,15.65
3321_TW,2008-08-28,6.740839004516602,-10.84
3321_TW,2008-09-09,7.779292106628418,18.61
3321_TW,2008-09-12,9.601140975952148,19.77
3321_TW,2008-09-15,7.688199520111084,-19.92
3321_TW,2008-09-16,6.831931591033936,-11.14
3321_TW,2008-09-30,7.560670375823975,15.28
3321_TW,2008-10-02,6.558653831481934,-13.25
3321_TW,2008-10-03,7.606217384338379,15.97
3321_TW,2008-10-07,5.802586555480957,-23.71
3321_TW,2008-10-24,4.326889991760254,-13.64
3321_TW,2008-10-29,3.689242839813232,-11.18
3321_TW,2008-10-30,4.135595798492432,12.1
3321_TW,2008-11-05,5.638620853424072,40.05
3321_TW,2008-11-14,4.144705295562744,-15.43
3321_TW,2008-11-18,2.2955288887023926,-43.88
3321_TW,2008-11-21,2.705444812774658,16.47
3321_TW,2008-11-26,3.543495178222656,18.24
3321_TW,2008-11-27,4.691259384155273,32.39
3321_TW,2008-12-31,4.099158763885498,21.62
3321_TW,2009-01-15,2.987831354141236,-27.43
3321_TW,2009-01-20,3.825881242752075,38.16
3321_TW,2009-01-21,4.481746673583984,17.14
3321_TW,2009-02-02,3.926083087921143,-12.4
3321_TW,2009-02-04,4.554620742797852,23.76
3321_TW,2009-02-05,5.556637287139893,22.0
3321_TW,2014-12-05,142.62046813964844,2826.48
3321_TW,2015-08-27,120.69757843017578,14.06
3321_TW,2015-09-11,140.4690704345703,10.69
3321_TW,2015-12-15,129.88714599609375,-13.51
3321_TW,2025-11-26,14.847464561462402,-14.67
3322_TWO,2008-07-09,23.64599609375,10.86
3322_TWO,2008-09-01,15.813031196594238,-14.68
3322_TWO,2008-09-02,18.46079063415528,16.74
3322_TWO,2008-09-04,15.445284843444824,-16.33
3322_TWO,2008-09-05,18.46079063415528,19.52
3322_TWO,2008-09-09,14.709795951843262,-20.32
3322_TWO,2008-10-06,11.976876258850098,17.78
3322_TWO,2008-10-07,10.395026206970217,-13.21
3322_TWO,2008-10-09,12.504159927368164,16.9
3322_TWO,2008-10-13,9.18980598449707,-26.51
3322_TWO,2008-11-21,8.436543464660645,-13.85
3322_TWO,2008-11-26,9.717089653015137,15.7
3322_TWO,2008-12-23,8.624858856201172,-11.92
3322_TWO,2010-02-22,19.54558563232422,116.23
3322_TWO,2025-08-04,13.649999618530272,10.53
3323_TWO,2009-06-08,22.332508087158203,11.56
3323_TWO,2012-03-05,14.105339050292969,14.32
3323_TWO,2020-03-16,16.482770919799805,-15.0
3323_TWO,2020-03-19,13.776040077209473,-11.43
3324_TWO,2020-03-16,100.00069427490234,-17.14
3325_TWO,2021-08-18,17.700000762939453,-14.13
3332_TWO,2015-08-06,24.7282772064209,11.11
3332_TWO,2020-03-17,22.6461181640625,-18.81
3338_TW,2008-01-03,7.215940952301025,18.34
3338_TW,2008-01-07,5.880992889404297,-18.5
3338_TW,2008-07-09,3.3914928436279297,-10.82
3338_TW,2008-08-18,3.2471745014190674,12.5
3338_TW,2008-09-30,3.167810678482056,17.4
3338_TW,2008-10-02,2.6716468334198,-15.66
3338_TW,2008-10-20,1.9083192348480225,-25.37
3338_TW,2008-10-21,2.3777661323547363,24.6
3338_TW,2008-11-07,2.148767709732056,18.28
3338_TW,2008-12-08,2.9922451972961426,13.62
3338_TW,2008-12-10,4.026553630828857,23.54
3338_TW,2008-12-11,4.755532264709473,18.1
3338_TW,2008-12-16,4.6753830909729,12.49
3338_TW,2008-12-18,3.530390977859497,-23.24
3338_TW,2008-12-19,3.072394371032715,-12.97
3338_TW,2008-12-26,1.1449918746948242,-60.26
3338_TW,2013-03-12,11.45649528503418,884.17
3338_TW,2013-12-13,18.89044570922852,15.38
3338_TW,2016-08-30,23.44395065307617,10.56
3338_TW,2018-12-24,28.2418212890625,10.68
3338_TW,2025-08-04,59.70000076293945,13.07
3339_TWO,2018-02-12,21.305814743041992,-12.89
3339_TWO,2020-03-16,6.887378215789795,-17.69
3339_TWO,2025-08-04,37.29999923706055,12.18
3346_TW,2013-03-14,13.92719268798828,11.36
3346_TW,2014-01-15,19.468997955322266,12.87
3346_TW,2014-03-06,27.87753677368164,17.01
3346_TW,2014-08-07,18.31911277770996,11.26
3346_TW,2014-12-29,18.15199279785156,19.0
3346_TW,2016-12-20,45.02072525024414,16.44
3349_TWO,2013-03-11,8.168482780456543,76.52
3349_TWO,2015-11-23,19.84291648864746,12.03
3349_TWO,2016-02-15,25.35483741760254,13.11
3349_TWO,2016-02-16,28.95595932006836,14.2
3349_TWO,2016-09-30,21.296857833862305,13.33
3349_TWO,2016-10-03,25.055126190185547,17.65
3349_TWO,2017-09-21,10.234603881835938,10.89
3349_TWO,2018-01-29,10.192030906677246,19.46
3349_TWO,2018-10-01,9.19581699371338,18.81
3349_TWO,2018-10-03,8.054854393005371,-13.53
3349_TWO,2018-10-29,6.811716079711914,14.29
3349_TWO,2019-02-14,9.80887222290039,14.06
3349_TWO,2019-05-20,10.243118286132812,12.12
3349_TWO,2019-08-16,7.254477977752685,-16.06
3349_TWO,2020-02-18,10.11746311187744,17.29
3349_TWO,2020-07-29,10.553560256958008,51.63
3349_TWO,2020-08-27,13.082926750183104,11.11
3349_TWO,2020-08-28,14.827317237854004,13.33
3349_TWO,2020-09-01,17.44390106201172,11.11
3349_TWO,2021-12-16,28.3271713256836,12.55
3354_TWO,2008-08-18,5.817487716674805,12.5
3354_TWO,2009-04-02,6.306684970855713,10.7
3354_TWO,2010-02-08,7.115424156188965,-10.6
3354_TWO,2020-03-16,8.843125343322754,-18.18
3356_TW,2005-07-22,28.24248504638672,23.1
3357_TWO,2013-06-14,9.41343879699707,-17.83
3357_TWO,2013-06-17,10.957438468933104,16.4
3357_TWO,2013-10-02,9.906521797180176,-16.78
3357_TWO,2018-04-19,21.450414657592773,13.34
3357_TWO,2018-05-28,31.238466262817383,28.24
3357_TWO,2018-06-11,37.86480712890625,11.82
3357_TWO,2020-07-27,46.53146743774414,71.1
3357_TWO,2021-03-22,112.82714080810548,12.4
3357_TWO,2021-03-31,131.50198364257812,10.82
3357_TWO,2021-04-07,153.289306640625,11.3
3357_TWO,2021-04-21,166.1282501220703,-10.67
3357_TWO,2021-04-27,137.33787536621094,-12.19
3357_TWO,2021-05-03,113.60525512695312,-11.25
3360_TWO,2010-02-08,9.034490585327148,-11.64
3360_TWO,2014-07-07,15.536953926086426,10.57
3360_TWO,2020-03-16,8.945770263671875,-13.87
3362_TWO,2020-03-16,24.295934677124023,-17.91
3363_TWO,2008-01-03,5.072242736816406,11.11
3363_TWO,2008-02-14,5.072242736816406,12.36
3363_TWO,2008-10-24,2.9502370357513428,-11.49
3363_TWO,2008-11-21,1.9740158319473269,-19.38
3363_TWO,2008-12-09,2.1573946475982666,11.11
3363_TWO,2011-02-25,41.72858047485352,1674.51
3363_TWO,2013-07-15,17.053203582763672,13.39
3363_TWO,2020-03-16,16.159507751464844,-12.1
3363_TWO,2020-03-19,13.76706314086914,-11.11
3363_TWO,2024-03-27,98.1999969482422,-13.1
3372_TWO,2024-03-19,20.700000762939453,11.89
3373_TWO,2012-03-05,17.550931930541992,-13.4
3373_TWO,2020-02-10,17.80398941040039,20.0
3373_TWO,2020-03-10,34.074302673339844,-18.76
3373_TWO,2021-08-18,39.32755661010742,-12.12
3374_TWO,2008-01-22,34.28751754760742,-12.65
3374_TWO,2008-01-25,39.25439453125,11.16
3374_TWO,2008-01-31,44.0610580444336,13.87
3374_TWO,2008-02-12,36.04996490478516,-18.48
3374_TWO,2008-04-01,40.45606994628906,10.99
3374_TWO,2008-04-30,49.66883087158203,15.89
3374_TWO,2008-07-01,42.218509674072266,15.82
3374_TWO,2008-07-11,37.40748596191406,-11.26
3374_TWO,2008-07-15,41.832027435302734,13.04
3374_TWO,2008-07-17,36.60301971435547,-12.84
3374_TWO,2008-10-06,28.03550338745117,11.88
3374_TWO,2008-10-07,24.375200271606445,-13.06
3374_TWO,2008-10-23,16.571918487548828,-12.71
3374_TWO,2008-10-24,14.721654891967772,-11.17
3374_TWO,2008-10-31,18.502626419067383,18.56
3374_TWO,2008-11-03,15.767457962036133,-14.78
3374_TWO,2008-11-05,17.69816780090332,11.68
3374_TWO,2009-01-19,18.502626419067383,16.16
3374_TWO,2009-02-05,20.996461868286133,13.48
3374_TWO,2009-02-09,25.421003341674805,14.08
3374_TWO,2013-03-12,19.18429183959961,-17.77
3374_TWO,2013-03-29,25.762252807617188,10.7
3374_TWO,2014-08-18,44.73818206787109,-12.93
3374_TWO,2014-12-26,39.19585418701172,10.89
3374_TWO,2017-02-20,42.71223831176758,12.23
3374_TWO,2018-02-12,47.09297943115234,-18.87
3374_TWO,2020-03-16,54.66801452636719,-18.83
3374_TWO,2020-03-19,40.293701171875,-18.99
3379_TWO,2008-01-03,5.36786413192749,13.74
3379_TWO,2008-01-04,4.160093784332275,-22.5
3379_TWO,2008-06-25,4.585050582885742,11.41
3379_TWO,2008-07-17,4.025898456573486,-12.2
3379_TWO,2008-09-30,4.249558925628662,12.16
3379_TWO,2011-10-20,24.871984481811523,450.51
3379_TWO,2011-10-25,27.957368850708008,13.41
3379_TWO,2011-10-26,34.0022087097168,21.62
3379_TWO,2013-08-23,22.063390731811523,-10.71
3379_TWO,2013-08-26,25.05997467041016,13.58
3379_TWO,2018-04-02,13.276957511901855,20.51
3379_TWO,2020-03-19,7.1469573974609375,-12.05
3380_TW,2005-07-22,8.701336860656738,12.03
3380_TW,2005-09-29,12.824115753173828,14.41
3380_TW,2005-12-23,14.11794376373291,12.29
3380_TW,2005-12-26,12.555508613586426,-11.07
3380_TW,2005-12-27,14.07988739013672,12.14
3380_TW,2006-05-18,11.915948867797852,-12.29
3380_TW,2006-05-22,13.623244285583496,14.65
3380_TW,2006-05-29,11.545684814453123,-12.81
3380_TW,2006-05-30,13.052437782287598,13.05
3380_TW,2016-09-12,14.653095245361328,-11.55
3388_TWO,2008-08-18,30.05129623413086,-19.24
3388_TWO,2016-07-07,32.288814544677734,10.98
3390_TWO,2008-08-18,6.145552158355713,14.35
3390_TWO,2013-07-10,22.30732727050781,-14.95
3390_TWO,2015-07-16,14.445242881774902,11.02
3390_TWO,2020-03-16,11.083897590637209,-18.63
3402_TWO,2010-05-10,10.081791877746582,14.26
3406_TW,2005-12-23,324.2483825683594,11.21
3406_TW,2006-05-18,156.76324462890625,-12.96
3406_TW,2006-05-30,173.1743621826172,11.1
3413_TW,2008-01-25,169.9608917236328,26.17
3413_TW,2008-01-28,150.07186889648438,-11.7
3413_TW,2008-03-05,151.8799591064453,-13.4
3413_TW,2008-04-10,160.55882263183594,16.32
3413_TW,2008-06-30,93.11688232421876,-14.45
3413_TW,2008-07-01,79.5561752319336,-14.56
3413_TW,2008-07-09,90.76636505126952,12.05
3413_TW,2008-07-16,57.85902786254883,-20.79
3413_TW,2008-07-23,73.5894546508789,23.33
3413_TW,2008-07-24,87.69258880615234,19.16
3413_TW,2008-08-18,71.962158203125,-15.14
3413_TW,2008-08-29,68.97880554199219,19.78
3413_TW,2008-09-02,59.66712951660156,-13.16
3413_TW,2008-09-16,43.39426803588867,-11.11
3413_TW,2008-09-18,37.60836410522461,-12.61
3413_TW,2008-09-24,46.82964706420898,23.92
3413_TW,2008-10-23,21.516328811645508,-11.19
3413_TW,2008-10-28,22.239564895629883,18.84
3413_TW,2008-11-18,14.103140830993652,-13.33
3413_TW,2008-11-24,15.20607566833496,11.39
3413_TW,2008-11-25,19.34661293029785,27.23
3413_TW,2008-11-27,23.14361000061035,15.32
3413_TW,2008-12-01,27.97122001647949,18.09
3413_TW,2008-12-15,28.567895889282227,23.24
3413_TW,2009-02-11,35.257843017578125,13.37
3413_TW,2013-03-12,22.5499324798584,-37.3
3413_TW,2013-03-22,24.255529403686523,11.29
3413_TW,2013-03-29,21.13953399658203,-11.53
3413_TW,2013-04-01,18.85994529724121,-10.78
3413_TW,2013-06-07,22.27113342285156,17.47
3413_TW,2013-10-03,18.62454414367676,13.56
3413_TW,2013-10-11,12.12505340576172,-26.49
3413_TW,2013-10-21,12.304471969604492,10.67
3413_TW,2014-01-10,17.47859764099121,-10.91
3413_TW,2014-02-05,23.3240909576416,11.94
3413_TW,2014-02-27,37.72945785522461,23.0
3413_TW,2014-03-05,44.55885696411133,18.43
3413_TW,2014-06-11,47.458438873291016,17.14
3413_TW,2021-04-07,216.01080322265625,16.17
3416_TW,2013-07-23,23.36394500732422,15.62
3419_TW,2008-08-08,12.872589111328123,15.59
3426_TWO,2016-09-19,26.902000427246094,14.92
3426_TWO,2018-08-07,32.212013244628906,-17.1
3426_TWO,2018-08-08,39.885887145996094,23.82
3426_TWO,2020-03-19,18.920429229736328,-11.22
3430_TWO,2015-08-24,12.882567405700684,-10.78
3430_TWO,2015-11-30,14.627960205078123,11.5
3430_TWO,2018-02-23,16.55738067626953,14.29
3430_TWO,2018-06-05,21.310731887817383,20.85
3430_TWO,2018-07-06,22.42145729064941,10.54
3430_TWO,2019-11-26,35.870643615722656,12.99
3430_TWO,2020-07-28,19.448848724365234,-19.31
3430_TWO,2021-03-08,22.522850036621094,11.58
3430_TWO,2021-03-09,25.786449432373047,14.49
3430_TWO,2021-04-01,30.25878524780273,12.43
3430_TWO,2021-04-08,34.811702728271484,11.77
3430_TWO,2021-05-12,22.48255920410156,-12.81
3430_TWO,2021-05-21,23.368968963623047,13.73
3430_TWO,2021-07-13,27.398101806640625,11.48
3430_TWO,2021-10-13,33.72383499145508,14.03
3430_TWO,2021-12-16,48.98771667480469,24.97
3430_TWO,2022-04-27,38.448692321777344,-14.38
3434_TWO,2018-04-02,13.870951652526855,13.2
3434_TWO,2020-03-16,7.832132816314697,-14.56
3434_TWO,2021-10-05,9.716997146606444,13.45
3437_TW,2008-01-22,32.70503234863281,-12.13
3437_TW,2008-01-24,30.52470016479492,-11.21
3437_TW,2008-01-25,35.04111099243164,14.8
3437_TW,2008-02-13,35.04111099243164,11.94
3437_TW,2008-02-19,36.59848785400391,14.08
3437_TW,2008-03-06,31.14765167236328,-11.41
3437_TW,2008-03-27,28.81157493591309,-11.9
3437_TW,2008-03-28,32.860774993896484,14.05
3437_TW,2008-06-24,27.370996475219727,11.59
3437_TW,2008-07-01,19.54515266418457,-15.2
3437_TW,2008-07-14,26.47550392150879,17.24
3437_TW,2008-07-16,22.582046508789062,-15.08
3437_TW,2008-08-29,21.8812255859375,11.51
3437_TW,2008-09-02,18.68859100341797,-14.29
3437_TW,2008-09-04,20.245973587036133,10.64
3437_TW,2008-09-09,16.586122512817383,-18.39
3437_TW,2008-09-16,11.446763038635254,-23.83
3437_TW,2008-09-18,10.51233196258545,-12.9
3437_TW,2008-09-19,11.641435623168944,10.74
3437_TW,2008-10-01,10.045117378234863,-15.13
3437_TW,2008-10-03,11.758238792419434,17.97
3437_TW,2008-10-06,10.122986793518066,-13.91
3437_TW,2008-11-17,4.983624458312988,-19.09
3437_TW,2008-11-20,4.010260105133057,-11.97
3437_TW,2008-11-25,4.905755043029785,26.0
3437_TW,2008-11-27,6.463138580322266,38.33
3437_TW,2009-01-05,7.171746730804443,14.69
3437_TW,2009-01-07,7.771338939666748,16.05
3437_TW,2009-01-12,6.268465042114258,-16.15
3437_TW,2009-01-21,5.061493396759033,-10.59
3437_TW,2009-02-03,6.470925331115723,18.71
3437_TW,2009-02-11,10.901678085327148,47.37
3437_TW,2009-02-13,9.26642608642578,-13.77
3437_TW,2013-06-25,39.713260650634766,328.57
3438_TWO,2020-03-16,27.04530906677246,-18.76
3438_TWO,2020-03-19,21.636245727539062,-11.21
3441_TWO,2008-06-18,6.820843696594238,-15.63
3441_TWO,2008-06-19,8.109227180480957,18.89
3441_TWO,2008-06-20,6.820843696594238,-15.89
3441_TWO,2008-06-23,7.982914447784424,17.04
3441_TWO,2008-11-04,5.043764591217041,-31.07
3441_TWO,2008-11-13,2.613349437713623,-47.37
3441_TWO,2010-10-04,22.84431266784668,482.76
3443_TW,2006-11-06,37.86710739135742,15.31
3443_TW,2006-11-07,42.957427978515625,13.44
3443_TW,2017-10-02,200.04669189453125,17.66
3444_TWO,2009-04-02,6.793976783752441,14.29
3444_TWO,2010-08-11,12.875977516174316,-14.09
3444_TWO,2013-09-16,11.293599128723145,14.12
3444_TWO,2015-07-08,10.349964141845703,-12.62
3444_TWO,2015-07-09,11.476284980773926,10.88
3444_TWO,2020-03-19,21.530681610107425,-18.84
3444_TWO,2021-04-07,38.0801010131836,20.95
3447_TW,2021-09-30,31.041858673095703,-11.55
3447_TW,2021-11-16,33.70001220703125,17.06
3447_TW,2021-12-08,31.537446975708008,10.76
3447_TW,2021-12-16,39.01632308959961,22.84
3447_TW,2021-12-22,40.63824844360352,11.77
3447_TW,2022-06-06,33.79011917114258,18.67
3447_TW,2022-12-15,45.00478744506836,16.79
3450_TW,2006-05-18,11.050915718078612,-13.77
3450_TW,2006-05-22,12.482053756713867,12.95
3450_TW,2006-05-29,10.271869659423828,-13.31
3450_TW,2006-05-30,11.849624633789062,15.36
3450_TW,2009-02-02,3.0253612995147705,-31.37
3455_TWO,2009-04-02,7.253142833709717,10.62
3455_TWO,2016-02-01,19.57328414916992,13.5
3455_TWO,2016-08-26,19.898902893066406,12.62
3455_TWO,2020-03-16,25.683563232421875,-15.1
3465_TWO,2008-08-18,14.19748592376709,-18.75
3465_TWO,2015-03-13,13.299558639526367,64.11
3465_TWO,2015-10-23,18.07462310791016,-14.0
3465_TWO,2016-01-29,15.149056434631348,-14.19
3465_TWO,2016-05-20,10.928840637207031,14.44
3466_TWO,2020-03-16,14.04322338104248,-18.26
3467_TWO,2023-12-27,61.69003677368164,23.92
3467_TWO,2024-02-19,60.71393203735352,14.76
3467_TWO,2025-02-20,57.21762847900391,10.69
3467_TWO,2025-02-24,69.25305938720703,12.86
3467_TWO,2025-02-26,85.53048706054688,12.02
3467_TWO,2025-03-03,70.04226684570312,-13.73
3467_TWO,2025-03-18,70.83148193359375,14.51
3467_TWO,2025-03-24,76.15863037109375,13.53
3467_TWO,2025-03-25,65.60296630859375,-13.86
3479_TWO,2008-03-28,19.011869430541992,17.84
3479_TWO,2008-04-07,16.56844139099121,-13.16
3479_TWO,2008-04-16,18.342435836791992,16.6
3479_TWO,2008-04-30,16.735797882080078,11.11
3479_TWO,2008-06-12,13.231321334838867,-12.45
3479_TWO,2008-06-13,15.129164695739746,14.34
3479_TWO,2008-06-20,13.438848495483398,-11.17
3479_TWO,2008-06-23,15.129164695739746,12.58
3479_TWO,2008-06-25,13.38864040374756,-11.5
3479_TWO,2008-06-27,15.129164695739746,13.0
3479_TWO,2008-08-18,10.983701705932615,-27.4
3479_TWO,2008-08-19,12.400954246520996,12.9
3479_TWO,2008-09-05,13.463892936706545,15.15
3479_TWO,2008-09-09,11.947431564331056,-11.61
3479_TWO,2008-10-06,12.046639442443848,-18.37
3479_TWO,2008-10-07,13.499320030212402,12.06
3479_TWO,2008-10-09,11.338014602661133,-16.01
3479_TWO,2008-10-20,9.21213722229004,-13.76
3479_TWO,2008-10-22,10.983701705932615,22.53
3479_TWO,2008-10-23,8.85782241821289,-19.35
3479_TWO,2008-10-28,8.893254280090332,11.56
3479_TWO,2008-10-31,10.629387855529783,33.33
3479_TWO,2008-11-04,8.85782241821289,-16.67
3479_TWO,2008-11-11,7.794884204864502,-12.0
3479_TWO,2008-11-28,11.338014602661133,45.45
3479_TWO,2008-12-08,7.794884204864502,-31.25
3479_TWO,2009-01-21,10.629387855529783,34.53
3479_TWO,2009-02-12,7.19255256652832,-32.33
3479_TWO,2010-06-08,17.024927139282227,136.7
3481_TW,2007-07-05,94.9284896850586,11.11
3483_TWO,2008-08-18,36.67058563232422,-16.2
3483_TWO,2017-08-25,10.920953750610352,-11.13
3483_TWO,2017-08-28,12.754593849182127,16.79
3483_TWO,2018-12-24,17.654098510742188,17.03
3483_TWO,2020-03-19,20.5223331451416,-11.52
3484_TWO,2012-03-05,11.58788013458252,-12.62
3484_TWO,2015-08-06,15.372190475463867,-11.53
3484_TWO,2015-08-07,18.00064468383789,17.1
3484_TWO,2020-03-19,14.411378860473633,-11.47
3485_TWO,2014-10-14,8.910545349121094,-14.54
3485_TWO,2015-03-10,11.367835998535156,10.59
3485_TWO,2015-08-11,7.201926708221436,-10.81
3485_TWO,2016-09-21,4.428822040557861,-10.89
3485_TWO,2016-10-12,6.397188186645508,19.82
3485_TWO,2016-10-27,9.059401512145996,21.52
3485_TWO,2017-01-09,9.344816207885742,11.97
3485_TWO,2017-02-08,10.235501289367676,11.71
3485_TWO,2017-02-20,15.29911994934082,19.53
3485_TWO,2017-03-22,16.189807891845703,15.44
3485_TWO,2019-04-08,9.693109512329102,15.52
3485_TWO,2019-12-25,13.214240074157717,18.09
3485_TWO,2020-03-19,8.538799285888672,-12.27
3485_TWO,2020-03-20,9.494190216064451,11.19
3485_TWO,2020-04-17,10.867563247680664,12.35
3485_TWO,2020-07-30,13.649782180786133,23.56
3485_TWO,2021-04-26,22.29464340209961,-31.4
3485_TWO,2021-04-28,22.65213966369629,10.81
3485_TWO,2021-05-12,17.549720764160156,-12.05
3485_TWO,2021-05-18,21.059663772583008,19.56
3485_TWO,2021-06-08,25.15460205078125,16.39
3485_TWO,2022-08-12,31.32318687438965,17.13
3485_TWO,2023-04-11,44.69420623779297,13.42
3485_TWO,2024-03-25,53.136966705322266,18.4
3485_TWO,2024-08-05,64.51554870605469,-10.84
3485_TWO,2025-04-07,57.22409057617188,-14.84
3485_TWO,2025-08-25,76.9000015258789,13.25
3485_TWO,2025-10-17,86.30000305175781,10.64
3485_TWO,2025-12-23,114.0,18.01
3485_TWO,2026-01-02,135.5,16.31
3485_TWO,2026-03-19,206.5,11.92
3485_TWO,2026-04-08,240.0,13.74
3485_TWO,2026-04-10,295.0,18.71
3485_TWO,2026-04-20,334.0,12.65
3485_TWO,2026-05-11,314.5,16.48
3489_TWO,2009-06-08,13.451597213745115,14.2
3491_TWO,2015-07-08,43.474422454833984,-13.89
3491_TWO,2020-03-19,45.86420440673828,-11.75
3492_TWO,2008-01-02,19.162872314453125,-11.72
3492_TWO,2008-02-29,19.58097076416016,16.6
3492_TWO,2008-03-04,16.863327026367188,-13.57
3492_TWO,2008-08-26,7.181957721710205,-10.71
3492_TWO,2008-10-13,8.65425968170166,20.5
3492_TWO,2008-10-14,6.772585391998291,-21.74
3492_TWO,2008-11-20,4.165534973144531,-17.5
3492_TWO,2008-11-24,5.767111778259277,26.06
3492_TWO,2008-12-08,5.099189281463623,11.64
3492_TWO,2008-12-11,4.352266311645508,-14.65
3492_TWO,2008-12-15,5.120735168457031,29.64
3492_TWO,2008-12-17,4.093715190887451,-19.94
3492_TWO,2008-12-18,5.099189281463623,24.56
3492_TWO,2008-12-24,4.108079433441162,-20.89
3492_TWO,2008-12-25,5.242828369140625,27.62
3492_TWO,2008-12-30,4.165534973144531,-27.5
3492_TWO,2008-12-31,5.027370452880859,20.69
3492_TWO,2009-01-06,3.741799354553223,-25.89
3492_TWO,2009-01-08,2.5855040550231934,-30.9
3492_TWO,2013-03-12,11.386150360107422,272.16
3492_TWO,2013-11-15,13.761679649353027,14.95
3492_TWO,2014-02-11,16.571985244750977,15.35
3492_TWO,2014-02-27,17.643177032470703,11.11
3492_TWO,2014-07-21,10.760971069335938,-16.5
3492_TWO,2014-07-28,8.711875915527344,-14.43
3492_TWO,2014-07-29,10.084383010864258,15.75
3492_TWO,2015-03-25,13.499539375305176,-11.94
3492_TWO,2015-05-19,11.437557220458984,-11.91
3494_TW,2009-01-12,26.829978942871094,14.08
3498_TWO,2017-02-20,82.40628051757812,11.01
3498_TWO,2018-10-15,34.65620040893555,-18.63
3498_TWO,2024-03-19,38.5,20.88
3499_TWO,2008-08-18,9.472543716430664,-11.4
3499_TWO,2010-09-09,21.208473205566406,17.52
3504_TW,2007-03-01,34.75971603393555,-16.65
3504_TW,2007-03-02,39.50478744506836,13.65
3504_TW,2007-06-12,46.02142333984375,-19.57
3504_TW,2011-08-17,88.67955017089844,14.75
3504_TW,2011-08-24,97.24762725830078,13.73
3504_TW,2012-03-05,115.24058532714844,13.98
3508_TWO,2012-03-05,93.63530731201172,-10.7
3508_TWO,2020-03-16,15.5,-16.89
3508_TWO,2020-03-19,12.800000190734863,-14.09
3508_TWO,2024-03-19,25.64999961853028,11.28
3511_TWO,2008-01-18,38.57756805419922,-18.5
3511_TWO,2008-06-27,44.52396774291992,11.98
3511_TWO,2008-06-30,52.0678939819336,16.94
3511_TWO,2008-07-02,41.41763687133789,-20.45
3511_TWO,2008-08-28,35.34139633178711,-14.67
3511_TWO,2008-09-30,37.07746505737305,19.22
3511_TWO,2008-10-23,29.14115524291992,-21.67
3511_TWO,2008-11-21,23.31292152404785,-11.74
3511_TWO,2009-03-27,21.20484161376953,-10.7
3511_TWO,2010-08-09,38.41039276123047,-17.51
3511_TWO,2016-06-06,23.11390495300293,11.73
3515_TW,2007-11-14,57.6485710144043,-15.66
3516_TWO,2013-02-25,12.67148494720459,11.02
3516_TWO,2017-11-13,12.896156311035156,30.45
3520_TWO,2015-11-24,163.16603088378906,12.12
3520_TWO,2022-08-23,25.3037052154541,10.85
3521_TWO,2015-11-24,15.800000190734863,12.06
3521_TWO,2020-03-16,11.0,-16.98
3521_TWO,2025-08-04,12.800000190734863,10.82
3522_TWO,2010-08-27,41.03854751586914,-12.76
3523_TWO,2008-08-18,132.94998168945312,-30.09
3523_TWO,2022-01-13,10.899999618530272,-14.84
3523_TWO,2022-01-24,9.699999809265137,-11.42
3523_TWO,2024-10-23,26.850000381469727,11.41
3523_TWO,2024-11-12,22.89999961853028,-10.89
3527_TWO,2020-03-19,54.68120574951172,-10.53
3528_TW,2008-05-05,9.45743465423584,12.15
3528_TW,2011-05-18,12.987102508544922,79.6
3528_TW,2013-07-04,11.56100082397461,11.24
3529_TWO,2008-03-03,48.05153274536133,11.68
3529_TWO,2008-03-04,42.95515441894531,-10.61
3529_TWO,2008-11-19,15.94467067718506,-11.51
3529_TWO,2008-12-01,19.26892852783203,11.97
3529_TWO,2009-03-02,22.79911422729492,13.97
3529_TWO,2009-03-04,28.41064071655273,18.39
3529_TWO,2009-04-09,36.69922256469727,10.89
3529_TWO,2009-05-11,48.54004669189453,14.38
3529_TWO,2009-07-03,52.21732711791992,16.39
3529_TWO,2009-12-09,89.49153900146484,17.65
3529_TWO,2009-12-14,76.44068145751953,-11.26
3529_TWO,2009-12-16,59.66102981567383,-17.61
3529_TWO,2010-12-02,85.30455017089844,11.5
3530_TW,2008-01-31,13.43102741241455,-10.56
3530_TW,2008-02-01,15.099477767944336,12.42
3530_TW,2008-02-13,12.930493354797363,-14.36
3530_TW,2008-07-01,10.844930648803713,14.54
3530_TW,2008-09-11,3.5261123180389404,-54.55
3530_TW,2008-09-12,5.015895366668701,42.25
3530_TW,2008-10-03,5.112863540649414,-10.77
3530_TW,2008-10-06,5.756379127502441,12.59
3530_TW,2008-11-17,3.764125108718872,-11.04
3530_TW,2008-12-15,4.407641410827637,11.11
3530_TW,2009-02-16,7.713372230529785,24.11
3530_TW,2009-03-17,9.273676872253418,14.35
3530_TW,2009-03-18,10.948580741882324,18.06
3530_TW,2009-03-25,8.947511672973633,-16.53
3530_TW,2009-03-26,10.578339576721191,18.23
3530_TW,2009-04-14,11.107255935668944,13.51
3530_TW,2009-05-04,14.404173851013184,29.17
3530_TW,2009-05-05,11.724325180053713,-18.6
3530_TW,2013-03-11,15.46886157989502,36.03
3530_TW,2013-04-24,21.21443748474121,13.21
3530_TW,2013-06-27,30.84933090209961,16.33
3530_TW,2014-02-17,32.26361846923828,26.69
3530_TW,2014-03-14,42.56146240234375,21.9
3530_TW,2014-03-17,53.30126953125,25.23
3530_TW,2014-06-13,42.61449813842773,10.83
3530_TW,2014-06-17,52.152156829833984,20.43
3530_TW,2014-06-24,50.81741714477539,12.5
3530_TW,2014-08-05,43.816654205322266,13.93
3530_TW,2015-02-06,42.7470932006836,11.94
3530_TW,2015-11-27,44.638710021972656,20.18
3530_TW,2015-11-30,53.036094665527344,18.81
3530_TW,2016-01-08,62.75937271118164,14.52
3530_TW,2016-03-21,78.66136932373047,10.89
3530_TW,2016-06-02,97.0560531616211,11.68
3530_TW,2016-06-08,110.50070190429688,10.62
3530_TW,2016-06-17,143.7012939453125,24.68
3530_TW,2016-06-20,165.41957092285156,15.11
3530_TW,2016-10-05,113.58563232421876,11.74
3530_TW,2016-11-24,106.07218933105467,13.74
3530_TW,2017-04-27,142.30467224121094,15.41
3530_TW,2017-06-13,213.0194702148437,13.14
3530_TW,2017-08-24,239.69908142089844,12.28
3530_TW,2017-08-25,212.6032867431641,-11.3
3530_TW,2017-08-29,173.56076049804688,-15.17
3530_TW,2018-05-03,178.7913360595703,14.2
3530_TW,2018-07-20,154.43125915527344,12.46
3531_TWO,2015-07-30,9.212263107299805,18.56
3532_TW,2012-02-06,61.25443649291992,14.38
3532_TW,2021-04-07,133.8963165283203,10.95
3533_TW,2011-08-29,43.39384078979492,14.4
3535_TW,2008-02-01,17.960012435913086,15.65
3535_TW,2012-02-06,13.093725204467772,14.06
3537_TWO,2008-01-25,9.438712120056152,13.5
3537_TWO,2008-01-29,7.766989707946777,-17.71
3537_TWO,2008-09-01,7.129852771759033,17.5
3537_TWO,2008-09-04,5.976939678192139,-16.53
3537_TWO,2008-09-19,5.356456279754639,-11.76
3537_TWO,2008-10-21,6.148993968963623,14.65
3537_TWO,2008-10-23,4.867953777313232,-21.18
3537_TWO,2008-11-21,3.7338063716888414,-10.85
3537_TWO,2009-01-05,3.928523778915405,15.0
3537_TWO,2009-01-07,3.4366042613983154,-12.98
3537_TWO,2010-02-22,8.781896591186523,157.07
3537_TWO,2010-03-23,16.76392364501953,14.32
3537_TWO,2010-09-13,13.123602867126465,-17.27
3537_TWO,2018-04-02,16.06561851501465,17.28
3537_TWO,2020-03-19,14.118020057678224,-10.69
3540_TWO,2008-08-18,36.55026245117188,10.76
3540_TWO,2020-03-19,11.719078063964844,-13.89
3541_TWO,2008-09-18,7.486743927001953,-17.5
3541_TWO,2008-10-02,6.918785572052002,-15.24
3541_TWO,2008-11-24,6.041027069091797,29.28
3541_TWO,2008-11-26,4.569495677947998,-23.04
3541_TWO,2009-03-26,5.886129856109619,11.22
3541_TWO,2009-04-28,10.584708213806152,16.81
3541_TWO,2015-07-14,47.9599609375,16.37
3541_TWO,2016-07-05,66.15019226074219,13.73
3541_TWO,2017-08-02,86.6795654296875,-10.59
3541_TWO,2017-08-03,96.31061553955078,11.11
3541_TWO,2020-03-16,46.954551696777344,-10.74
3543_TW,2008-01-14,4.817473411560059,14.64
3543_TW,2008-01-29,4.483414173126221,21.43
3543_TW,2008-01-31,3.8680436611175537,-12.35
3543_TW,2008-05-26,5.274605751037598,-11.76
3543_TW,2008-09-16,3.607712984085083,-12.56
3543_TW,2008-10-24,2.024019718170166,-10.77
3543_TW,2008-10-27,1.659548282623291,-18.01
3543_TW,2008-10-31,1.7280023097991943,29.01
3543_TW,2008-11-27,1.3413292169570925,21.24
3543_TW,2008-12-31,1.2950763702392578,16.67
3543_TW,2009-01-05,1.1100655794143677,-14.29
3543_TW,2009-01-19,1.276575207710266,12.01
3543_TW,2013-03-12,6.701444149017334,318.75
3543_TW,2013-11-04,7.031757354736328,11.46
3543_TW,2014-07-25,8.133010864257812,11.71
3543_TW,2014-07-28,9.715683937072754,19.46
3543_TW,2015-01-16,9.68984317779541,22.35
3543_TW,2015-01-19,8.58520221710205,-11.4
3543_TW,2015-02-09,8.307426452636719,11.44
3543_TW,2017-09-01,10.609537124633787,22.68
3543_TW,2017-09-05,12.165502548217772,19.22
3543_TW,2017-09-07,11.499693870544434,-11.62
3543_TW,2017-10-05,12.860262870788574,17.53
3543_TW,2017-10-25,15.79127311706543,13.06
3543_TW,2017-10-26,18.30977249145508,15.95
3543_TW,2017-12-19,12.23063850402832,-19.91
3543_TW,2017-12-20,13.793845176696776,12.78
3543_TW,2018-04-03,11.28981876373291,11.83
3543_TW,2018-10-11,9.733519554138184,-13.33
3543_TW,2020-01-30,16.168004989624023,-16.8
3543_TW,2020-01-31,18.02577209472656,11.49
3543_TW,2020-04-16,18.65538787841797,19.4
3545_TW,2011-09-28,48.32069396972656,13.62
3545_TW,2015-12-15,34.64413070678711,-12.84
3546_TWO,2016-06-06,16.131532669067383,10.96
3546_TWO,2017-07-27,29.744251251220703,-11.86
3546_TWO,2017-07-28,33.16971969604492,11.52
3546_TWO,2018-07-25,33.33808898925781,-11.51
3546_TWO,2018-07-26,37.9831657409668,13.93
3546_TWO,2020-03-16,39.95733642578125,-12.92
3548_TWO,2016-06-06,40.95623779296875,10.58
3548_TWO,2020-03-19,44.33079528808594,-14.24
3550_TW,2008-04-16,10.450907707214355,-14.29
3550_TW,2008-04-18,12.192724227905272,16.67
3550_TW,2008-11-13,5.584038734436035,-11.11
3550_TW,2008-12-01,4.030978679656982,-14.44
3550_TW,2008-12-02,4.8860344886779785,21.21
3550_TW,2008-12-12,4.013528347015381,-11.54
3550_TW,2008-12-24,3.1200814247131348,-24.43
3550_TW,2010-11-10,15.689146995544434,483.82
3550_TW,2016-09-20,12.847308158874512,10.77
3551_TWO,2020-03-19,22.602069854736328,-10.92
3551_TWO,2021-04-07,50.59794235229492,12.13
3552_TWO,2008-01-31,24.87843132019043,-32.39
3552_TWO,2008-03-10,28.432497024536133,-11.11
3552_TWO,2008-03-11,35.540626525878906,25.0
3552_TWO,2008-10-13,21.502073287963867,-11.29
3552_TWO,2008-10-14,24.74693489074707,15.09
3552_TWO,2008-10-17,20.329235076904297,-17.85
3552_TWO,2008-10-23,17.89754867553711,-12.47
3552_TWO,2008-10-24,20.79837226867676,16.21
3552_TWO,2008-11-17,14.859890937805176,-22.43
3552_TWO,2008-11-19,12.119349479675291,-11.43
3552_TWO,2008-12-08,9.871407508850098,-13.17
3552_TWO,2008-12-09,11.728404998779297,18.81
3552_TWO,2008-12-30,12.9794340133667,10.67
3552_TWO,2009-03-10,10.594658851623535,-11.15
3552_TWO,2009-06-08,24.43417358398437,12.61
3552_TWO,2013-09-03,48.48343276977539,12.74
3552_TWO,2020-03-16,30.417449951171875,-18.97
3552_TWO,2020-03-19,22.209566116333008,-18.94
3555_TWO,2008-02-15,542.679443359375,14.35
3555_TWO,2008-04-22,705.396728515625,12.41
3555_TWO,2008-07-02,588.5518188476562,10.57
3555_TWO,2008-08-21,605.8621826171875,22.81
3555_TWO,2008-08-28,506.3277587890625,-16.43
3555_TWO,2008-09-03,571.2415161132812,18.92
3555_TWO,2008-09-05,415.4483337402344,-26.15
3555_TWO,2008-09-08,461.3208312988281,11.04
3555_TWO,2008-09-10,536.620849609375,12.73
3555_TWO,2008-09-15,411.120849609375,-25.78
3555_TWO,2008-09-16,527.9656982421875,28.42
3555_TWO,2008-09-19,369.5759582519531,-26.38
3555_TWO,2008-09-24,450.069091796875,22.93
3555_TWO,2008-09-25,372.1725158691406,-17.31
3555_TWO,2008-10-08,251.00006103515625,-13.17
3555_TWO,2008-10-14,288.4769897460937,23.44
3555_TWO,2008-10-22,301.2000732421875,17.97
3555_TWO,2008-10-23,242.34490966796875,-19.54
3555_TWO,2008-12-02,173.10350036621094,-14.89
3555_TWO,2009-02-12,194.741439819336,-11.07
3555_TWO,2009-04-09,298.6034851074219,18.15
3555_TWO,2009-06-08,275.2345275878906,17.34
3555_TWO,2009-08-28,190.41384887695312,-10.93
3555_TWO,2009-10-12,253.49557495117188,14.23
3555_TWO,2009-12-03,435.9942932128906,72.61
3555_TWO,2009-12-04,264.3210144042969,-39.38
3555_TWO,2009-12-28,360.8477783203125,12.68
3555_TWO,2010-01-20,427.6046752929688,14.22
3555_TWO,2010-01-26,315.5614013671875,-14.01
3555_TWO,2010-04-28,389.7156372070313,20.6
3555_TWO,2010-04-29,433.0173950195313,11.11
3555_TWO,2010-10-06,452.82659912109375,11.47
3555_TWO,2010-12-22,1172.69091796875,13.35
3555_TWO,2010-12-23,1310.8138427734375,11.78
3555_TWO,2011-03-21,937.0694580078124,10.9
3555_TWO,2011-08-03,618.956298828125,-26.49
3555_TWO,2011-11-07,622.0982666015625,11.24
3555_TWO,2014-09-15,80.79197692871094,50.6
3555_TWO,2022-01-19,36.09577941894531,-10.81
3555_TWO,2022-03-15,32.36687469482422,-17.8
3555_TWO,2022-03-16,36.09577941894531,11.52
3555_TWO,2022-03-24,34.00759506225586,-11.51
3555_TWO,2022-04-22,30.97475242614746,-14.89
3555_TWO,2022-05-24,35.25056076049805,14.91
3555_TWO,2022-06-14,34.85280990600586,-11.27
3555_TWO,2022-07-14,32.79999923706055,-11.59
3555_TWO,2024-04-16,31.049999237060547,-11.16
3555_TWO,2024-05-15,35.5,-10.58
3556_TWO,2013-09-04,39.09999084472656,13.38
3556_TWO,2015-08-04,21.515056610107425,-11.38
3556_TWO,2017-07-17,29.20959854125977,11.87
3556_TWO,2020-03-19,24.77237129211425,-10.95
3557_TW,2008-02-29,46.325157165527344,10.93
3557_TW,2016-09-01,5.521047115325928,11.3
3557_TW,2017-10-16,11.022771835327148,99.1
3558_TWO,2008-02-18,13.852950096130373,18.15
3558_TWO,2008-02-20,12.886128425598145,-11.03
3558_TWO,2008-04-25,17.316184997558594,17.07
3558_TWO,2008-06-12,17.857315063476562,16.47
3558_TWO,2008-06-13,15.15166187286377,-15.15
3558_TWO,2008-06-16,19.19210433959961,26.67
3558_TWO,2008-06-18,15.51241683959961,-19.17
3558_TWO,2008-06-30,18.091806411743164,23.83
3558_TWO,2008-07-02,14.069400787353516,-22.23
3558_TWO,2008-07-08,11.255517959594728,-13.33
3558_TWO,2008-09-30,8.445982933044434,-11.23
3558_TWO,2008-10-17,6.356755256652832,-12.78
3558_TWO,2008-12-03,5.627956390380859,12.1
3558_TWO,2013-03-12,38.950965881347656,508.87
3558_TWO,2016-08-09,101.95433807373048,-11.56
3558_TWO,2020-03-19,65.17889404296875,-12.2
3563_TW,2008-01-04,9.907086372375488,16.67
3563_TW,2008-01-07,8.406868934631348,-15.14
3563_TW,2008-03-25,8.534247398376465,18.24
3563_TW,2008-03-26,10.869487762451172,27.36
3563_TW,2008-03-31,7.218021392822266,-33.59
3563_TW,2008-05-23,8.534247398376465,14.64
3563_TW,2008-05-26,7.0764899253845215,-17.08
3563_TW,2008-06-20,8.534247398376465,18.24
3563_TW,2008-07-01,6.99157190322876,-18.08
3563_TW,2008-08-18,3.679774284362793,-27.58
3563_TW,2008-12-02,2.848247766494751,-12.87
3563_TW,2008-12-03,3.4308438301086426,20.45
3563_TW,2008-12-10,2.72849178314209,-21.44
3563_TW,2009-01-08,2.58931565284729,-10.61
3563_TW,2010-01-18,4.951760292053223,11.65
3563_TW,2010-03-22,6.447977066040039,11.04
3563_TW,2010-05-05,9.79664707183838,11.79
3563_TW,2013-07-12,43.36452865600586,21.97
3563_TW,2025-11-03,492.6363525390625,-12.32
3564_TWO,2008-01-29,18.446941375732425,-17.88
3564_TWO,2008-01-30,23.597562789916992,27.92
3564_TWO,2008-02-01,27.77251625061035,20.0
3564_TWO,2008-02-21,17.453123092651367,-37.16
3564_TWO,2008-02-22,20.874765396118164,19.6
3564_TWO,2008-02-25,24.505163192749023,17.39
3564_TWO,2008-03-06,17.69817352294922,-25.23
3564_TWO,2008-03-13,21.32856750488281,20.51
3564_TWO,2008-03-18,17.017475128173828,-20.21
3564_TWO,2008-03-21,20.420970916748047,18.42
3564_TWO,2008-03-24,17.244375228881836,-15.56
3564_TWO,2008-03-31,18.605770111083984,20.59
3564_TWO,2008-04-01,14.294679641723633,-23.17
3564_TWO,2008-04-03,15.519940376281738,17.93
3564_TWO,2008-04-10,13.61397647857666,-12.28
3564_TWO,2008-04-25,16.563674926757812,21.67
3564_TWO,2008-04-30,14.067777633666992,-15.07
3564_TWO,2008-05-02,20.194068908691406,43.55
3564_TWO,2008-05-05,14.52157974243164,-28.09
3564_TWO,2008-05-09,16.563674926757812,21.67
3564_TWO,2008-05-13,14.067777633666992,-15.07
3564_TWO,2008-05-16,17.017475128173828,19.05
3564_TWO,2008-05-20,14.430819511413574,-15.2
3564_TWO,2008-05-23,17.244375228881836,19.5
3564_TWO,2008-05-28,13.8408784866333,-19.74
3564_TWO,2008-05-30,17.471271514892578,26.23
3564_TWO,2008-06-02,13.977018356323242,-20.0
3564_TWO,2008-06-06,16.79057502746582,17.46
3564_TWO,2008-06-10,13.160179138183594,-21.62
3564_TWO,2008-06-13,15.429177284240724,19.72
3564_TWO,2008-06-20,18.378870010375977,19.12
3564_TWO,2008-06-25,12.252581596374512,-33.33
3564_TWO,2008-06-27,14.52157974243164,21.67
3564_TWO,2008-07-03,11.435744285583496,-21.25
3564_TWO,2008-07-04,13.61397647857666,19.05
3564_TWO,2008-07-09,10.437382698059082,-23.33
3564_TWO,2008-07-11,12.706379890441896,21.74
3564_TWO,2008-07-14,10.482763290405272,-17.5
3564_TWO,2008-07-17,12.706379890441896,17.94
3564_TWO,2008-07-18,15.202279090881348,19.64
3564_TWO,2008-07-25,10.891182899475098,-28.36
3564_TWO,2008-08-18,12.706379890441896,16.67
3564_TWO,2008-08-19,10.528142929077148,-17.14
3564_TWO,2008-08-21,12.706379890441896,20.69
3564_TWO,2008-08-22,15.202279090881348,19.64
3564_TWO,2008-08-27,10.210485458374023,-32.84
3564_TWO,2008-08-28,12.252581596374512,20.0
3564_TWO,2008-08-29,14.52157974243164,18.52
3564_TWO,2008-09-03,9.302885055541992,-35.94
3564_TWO,2008-09-04,11.344983100891112,21.95
3564_TWO,2008-09-08,8.622187614440918,-29.63
3564_TWO,2008-09-11,7.850729465484619,-12.63
3564_TWO,2008-09-12,9.52978515625,21.39
3564_TWO,2008-09-18,11.344983100891112,19.05
3564_TWO,2008-09-19,13.61397647857666,20.0
3564_TWO,2008-10-08,15.882977485656738,16.67
3564_TWO,2008-10-22,7.4876885414123535,-52.86
3564_TWO,2008-10-23,8.423650741577148,12.5
3564_TWO,2008-10-24,11.23153305053711,33.33
3564_TWO,2008-10-27,8.11478328704834,-27.75
3564_TWO,2008-10-30,9.546804428100586,17.65
3564_TWO,2008-11-12,7.862072944641113,-17.65
3564_TWO,2008-11-14,9.546804428100586,21.43
3564_TWO,2008-11-21,11.23153305053711,17.65
3564_TWO,2008-12-22,7.749758720397949,-33.01
3564_TWO,2008-12-23,9.266016006469728,19.57
3564_TWO,2008-12-26,7.356653690338135,-20.61
3564_TWO,2013-03-12,22.182275772094727,201.53
3564_TWO,2013-03-18,26.95568084716797,15.05
3564_TWO,2013-05-06,32.57144546508789,11.13
3564_TWO,2013-12-03,44.39195251464844,29.91
3564_TWO,2013-12-04,54.32172775268555,22.37
3564_TWO,2013-12-05,63.37535858154297,16.67
3564_TWO,2014-09-23,34.225914001464844,17.66
3564_TWO,2017-08-30,20.079797744750977,-11.48
3564_TWO,2017-08-31,23.89455223083496,19.0
3564_TWO,2020-03-16,21.8619327545166,-11.52
3564_TWO,2024-03-26,57.0058822631836,-11.45
3567_TWO,2008-01-31,3.15531063079834,22.5
3567_TWO,2008-02-12,2.5242481231689453,-20.0
3567_TWO,2008-09-26,1.740137815475464,15.38
3567_TWO,2008-09-30,2.0533626079559326,18.0
3567_TWO,2008-10-01,1.6676321029663086,-18.79
3567_TWO,2008-10-13,1.5081194639205933,-16.13
3567_TWO,2008-10-23,1.4501148462295532,-14.53
3567_TWO,2010-11-22,6.171997547149658,362.63
3567_TWO,2010-11-26,7.314960479736328,11.63
3570_TWO,2008-08-15,17.335487365722656,-24.83
3570_TWO,2008-10-17,12.778413772583008,-18.0
3570_TWO,2009-03-10,8.94912052154541,-29.5
3570_TWO,2020-03-16,58.34695053100586,-13.59
3570_TWO,2020-03-19,47.460262298583984,-18.16
3577_TWO,2008-06-23,22.102706909179688,-11.15
3577_TWO,2008-09-30,22.54671669006348,19.19
3577_TWO,2008-10-01,18.6870231628418,-17.12
3577_TWO,2009-03-10,6.935981750488281,-31.51
3577_TWO,2017-07-10,19.315921783447266,-10.95
3577_TWO,2017-07-11,22.355806350708008,15.74
3577_TWO,2021-01-25,20.530424118041992,-11.0
3580_TWO,2008-09-16,6.263245582580566,-24.14
3580_TWO,2008-10-30,6.996329307556152,23.06
3580_TWO,2008-11-03,5.693860530853272,-24.53
3580_TWO,2008-11-17,4.237653732299805,-12.44
3580_TWO,2008-12-17,4.270394325256348,18.11
3580_TWO,2008-12-18,3.7437124252319336,-12.33
3580_TWO,2008-12-30,4.014170169830322,28.18
3580_TWO,2009-03-12,3.1458568572998047,-21.46
3580_TWO,2009-03-13,3.772181987762451,19.91
3580_TWO,2009-04-02,4.982126712799072,12.9
3580_TWO,2009-04-17,6.120898246765137,16.53
3580_TWO,2010-07-09,44.48024368286133,760.82
3580_TWO,2020-03-16,13.485417366027832,-11.55
3580_TWO,2020-03-19,11.12546730041504,-12.65
3581_TWO,2008-07-04,6.540048122406006,-11.06
3581_TWO,2008-07-08,5.236210823059082,-19.94
3581_TWO,2008-07-09,6.759092330932617,29.08
3581_TWO,2008-08-18,4.48520040512085,-18.87
3581_TWO,2008-09-25,4.244361400604248,12.9
3581_TWO,2008-09-30,5.0326008796691895,18.07
3581_TWO,2008-10-07,3.850242137908936,-23.77
3581_TWO,2008-10-24,2.607250690460205,-12.6
3581_TWO,2008-11-19,2.1524977684021,-11.69
3581_TWO,2008-12-05,2.5163004398345947,29.69
3581_TWO,2008-12-15,1.849328875541687,-26.51
3581_TWO,2009-01-08,2.122180700302124,12.9
3581_TWO,2013-03-12,11.884212493896484,573.54
3581_TWO,2013-11-06,15.782963752746582,15.95
3581_TWO,2014-01-23,14.430826187133787,11.79
3581_TWO,2014-07-01,20.99140167236328,13.14
3581_TWO,2017-07-13,16.591951370239258,15.12
3581_TWO,2020-03-16,10.931039810180664,-12.33
3581_TWO,2021-04-07,27.94970321655273,20.0
3583_TW,2017-10-02,59.11518096923828,13.16
3583_TW,2021-04-07,68.49905395507812,11.55
3587_TWO,2008-11-19,5.820118427276611,-14.85
3587_TWO,2009-02-12,7.149352550506592,13.29
3587_TWO,2010-02-22,11.187353134155272,49.05
3587_TWO,2013-02-25,47.214637756347656,14.36
3587_TWO,2017-02-20,84.92325592041016,10.86
3587_TWO,2017-10-02,72.80216217041016,11.72
3587_TWO,2020-03-16,43.645015716552734,-11.15
3587_TWO,2021-04-07,115.40789031982422,12.65
3588_TW,2008-05-07,45.574310302734375,12.89
3588_TW,2008-09-25,22.062240600585938,-18.25
3588_TW,2008-10-01,23.99000358581543,12.0
3588_TW,2008-11-25,16.407447814941406,16.06
3588_TW,2009-03-27,32.98625946044922,13.24
3588_TW,2009-03-30,28.91653251647949,-12.34
3588_TW,2009-05-15,43.2676887512207,11.6
3588_TW,2009-08-14,107.96249389648438,126.02
3588_TW,2016-09-12,23.50043678283692,11.39
3591_TW,2005-11-08,0.5397861003875732,-12.22
3591_TW,2005-11-18,0.6661913990974426,11.43
3591_TW,2005-12-05,0.5534515380859375,11.72
3591_TW,2005-12-07,0.5261204838752747,-11.49
3591_TW,2005-12-09,0.5876153111457825,13.91
3591_TW,2006-01-12,0.4612098038196563,-27.03
3591_TW,2006-01-13,0.5602841377258301,21.48
3591_TW,2006-01-18,0.5124546885490417,-10.71
3591_TW,2006-02-06,0.5807827711105347,11.84
3591_TW,2006-02-24,0.3382202088832855,-16.81
3591_TW,2006-03-01,0.3758004307746887,17.02
3591_TW,2006-03-21,0.2698930501937866,-14.13
3591_TW,2006-03-28,0.1605690270662307,-29.85
3591_TW,2006-03-29,0.1947326213121414,21.28
3591_TW,2006-04-17,0.2049815952777862,25.0
3591_TW,2006-04-18,0.2630598247051239,28.33
3591_TW,2006-04-19,0.2015657871961593,-23.38
3591_TW,2006-04-25,0.232312798500061,51.11
3591_TW,2006-04-26,0.3518857657909393,51.47
3591_TW,2006-04-28,0.2391452044248581,-32.04
3591_TW,2006-05-25,0.1776512116193771,-14.75
3591_TW,2006-05-29,0.1537365913391113,-13.46
3591_TW,2006-06-09,0.0614940635859966,-61.7
3591_TW,2006-06-13,0.0546616315841674,-11.11
3591_TW,2006-06-15,0.0409960411489009,-25.0
3591_TW,2006-06-20,0.0170814450830221,-58.33
3591_TW,2006-06-23,0.0136648677289485,-20.0
3591_TW,2006-06-28,0.0102490102872252,-25.0
3591_TW,2006-07-03,0.0068324338644742,-33.34
3591_TW,2006-07-05,0.0034158565104007,-50.01
3591_TW,2007-10-24,42.77517318725586,1252153.22
3591_TW,2008-09-23,20.09238815307617,-20.63
3591_TW,2008-10-23,12.453961372375488,-20.53
3591_TW,2009-05-06,27.723896026611328,17.54
3591_TW,2009-07-13,35.950439453125,-10.54
3591_TW,2009-10-01,57.84442901611328,15.05
3591_TW,2010-06-07,77.5361328125,-15.38
3591_TW,2010-06-08,91.13013458251952,17.53
3591_TW,2010-11-04,100.04478454589844,19.72
3591_TW,2010-11-05,81.79989624023438,-18.24
3591_TW,2010-11-11,92.39004516601562,29.21
3591_TW,2010-11-12,80.96915435791016,-12.36
3593_TW,2008-01-28,104.26104736328124,16.74
3593_TW,2008-01-29,90.34573364257812,-13.35
3593_TW,2008-02-27,94.18802642822266,10.61
3593_TW,2008-04-08,107.99950408935548,11.35
3593_TW,2008-04-10,126.69172668457033,12.55
3593_TW,2008-07-01,83.34652709960938,-17.85
3593_TW,2008-07-02,93.04571533203124,11.64
3593_TW,2008-08-18,73.91207122802734,-19.48
3593_TW,2008-09-16,46.49307632446289,-15.22
3593_TW,2008-11-18,23.84260368347168,-14.53
3593_TW,2008-12-22,19.07408332824707,-11.11
3593_TW,2008-12-30,21.1007022857666,10.62
3593_TW,2009-01-12,30.709272384643555,22.43
3593_TW,2009-03-16,48.63891220092773,47.83
3593_TW,2009-03-17,54.241920471191406,11.52
3593_TW,2009-04-02,70.09725189208984,10.94
3593_TW,2021-04-07,33.25,10.53
3594_TWO,2008-10-30,12.74692440032959,23.04
3594_TWO,2008-10-31,15.187821388244627,19.15
3594_TWO,2008-11-03,10.306022644042969,-32.14
3594_TWO,2009-05-07,6.53618860244751,19.31
3594_TWO,2009-05-11,5.586949825286865,-14.52
3594_TWO,2009-06-09,5.695433139801025,-14.98
3594_TWO,2009-06-11,6.807400226593018,19.52
3594_TWO,2013-03-12,16.281641006469727,130.9
3594_TWO,2013-03-29,17.320898056030273,12.61
3594_TWO,2013-07-11,16.547513961791992,11.5
3594_TWO,2020-03-19,14.386852264404297,-11.02
3594_TWO,2024-03-19,41.59326553344727,10.82
3597_TWO,2013-06-27,6.309930324554443,20.11
3597_TWO,2014-09-01,7.840170383453369,25.43
3597_TWO,2015-04-21,6.402372360229492,11.73
3597_TWO,2019-11-28,16.660490036010742,12.5
3597_TWO,2020-03-10,11.551271438598633,-13.81
3605_TW,2009-03-27,29.82758331298828,-10.99
3607_TW,2008-03-24,31.345327377319336,10.57
3607_TW,2008-11-24,22.49639320373535,29.01
3607_TW,2008-11-25,17.68275260925293,-21.4
3607_TW,2009-03-12,24.559375762939453,19.05
3607_TW,2009-04-02,27.506511688232425,12.0
3607_TW,2009-10-28,41.69593048095703,29.6
3609_TWO,2011-01-13,46.25455856323242,19.69
3611_TWO,2015-07-17,123.32435607910156,11.59
3623_TWO,2010-04-29,75.13423156738281,11.76
3623_TWO,2013-02-25,14.869309425354004,12.12
3623_TWO,2016-01-08,42.74345016479492,-14.01
3623_TWO,2017-11-06,36.45310974121094,14.52
3623_TWO,2020-03-16,16.0,-11.11
3623_TWO,2020-03-19,12.699999809265137,-12.11
3623_TWO,2025-08-04,24.200000762939453,12.56
3624_TWO,2016-07-21,18.66602325439453,11.9
3629_TWO,2012-02-06,31.356714248657227,13.48
3629_TWO,2015-03-17,6.699999809265137,11.67
3629_TWO,2015-11-27,19.39999961853028,128.24
3629_TWO,2018-01-02,19.700000762939453,19.39
3629_TWO,2018-04-03,33.70000076293945,52.49
3629_TWO,2020-12-31,66.9000015258789,14.36
3629_TWO,2021-03-11,50.0,21.07
3629_TWO,2021-11-11,59.59999847412109,11.4
3629_TWO,2022-02-23,59.70000076293945,12.43
3629_TWO,2022-05-12,35.0,-12.06
3629_TWO,2022-07-01,47.650001525878906,12.12
3629_TWO,2022-10-21,38.79999923706055,-11.52
3629_TWO,2023-06-02,67.80000305175781,10.78
3629_TWO,2023-07-06,50.70000076293945,-18.23
3629_TWO,2023-08-24,37.650001525878906,-12.44
3629_TWO,2023-08-25,42.59999847412109,13.15
3629_TWO,2023-08-28,37.5,-11.97
3629_TWO,2023-10-18,35.099998474121094,12.32
3629_TWO,2023-10-19,30.5,-13.11
3629_TWO,2023-11-01,32.150001525878906,11.44
3629_TWO,2023-11-27,41.0,13.73
3629_TWO,2023-12-22,38.650001525878906,14.69
3629_TWO,2024-04-17,27.25,11.91
3629_TWO,2024-05-30,26.549999237060547,-11.35
3629_TWO,2024-11-29,21.299999237060547,-15.81
3629_TWO,2024-12-20,21.799999237060547,26.38
3629_TWO,2025-08-04,33.150001525878906,20.77
3629_TWO,2025-11-03,27.700000762939453,18.63
3629_TWO,2026-01-12,25.0,12.11
3630_TWO,2010-04-27,90.24205780029295,23.35
3630_TWO,2010-04-29,118.27843475341795,31.07
3630_TWO,2013-02-25,71.06144714355469,14.26
3630_TWO,2016-06-06,15.256319999694824,20.69
3630_TWO,2020-03-19,36.04999923706055,-17.03
3631_TWO,2020-03-19,29.60063934326172,-18.92
3632_TWO,2013-08-13,32.574424743652344,11.77
3632_TWO,2017-06-05,19.62714576721192,11.27
3632_TWO,2023-06-26,17.450000762939453,21.18
3632_TWO,2024-03-07,14.0,-10.83
3645_TW,2025-08-04,71.9000015258789,14.49
3652_TW,2020-03-16,12.25728988647461,-10.63
3653_TW,2009-11-19,70.08346557617188,14.44
3661_TW,2013-07-09,24.98568153381348,-10.83
3661_TW,2013-09-09,34.13222122192383,14.86
3661_TW,2013-10-16,40.155555725097656,20.97
3661_TW,2013-10-17,45.68810272216797,13.78
3661_TW,2013-11-06,44.52804946899414,13.8
3661_TW,2013-11-25,57.119049072265625,15.86
3661_TW,2014-01-13,58.27017974853516,10.66
3661_TW,2014-02-19,77.63408660888672,20.87
3661_TW,2014-05-15,87.14649200439453,12.25
3661_TW,2014-06-05,111.54322052001952,22.55
3661_TW,2017-10-02,97.09349060058594,20.67
3663_TWO,2020-03-16,13.31419849395752,-12.43
3664_TWO,2013-09-16,18.950000762939453,14.16
3664_TWO,2017-10-30,20.200000762939453,14.12
3664_TWO,2018-02-12,17.149999618530273,-10.68
3666_TWO,2013-04-09,161419.4375,11.64
3666_TWO,2013-04-18,211891.421875,14.22
3666_TWO,2013-05-08,270820.875,14.54
3666_TWO,2013-06-13,295556.71875,-10.67
3666_TWO,2014-05-20,510241.96875,11.38
3666_TWO,2014-12-04,519395.25,10.88
3666_TWO,2020-03-19,110251.8671875,-13.79
3666_TWO,2022-05-05,21.64999961853028,-99.99
3666_TWO,2024-04-01,29.75,12.48
3672_TWO,2014-02-11,21.07058334350586,14.13
3672_TWO,2014-02-20,28.2212028503418,11.61
3672_TWO,2014-03-11,33.11091232299805,15.14
3672_TWO,2014-05-19,40.26822280883789,11.5
3672_TWO,2014-11-28,31.436185836791992,10.84
3672_TWO,2015-04-20,42.64386367797852,13.45
3672_TWO,2020-03-19,11.428601264953612,-11.57
3672_TWO,2020-06-29,11.91082000732422,-10.51
3672_TWO,2024-03-19,24.299999237060547,20.9
3675_TWO,2012-07-03,18.32929420471192,-12.31
3675_TWO,2021-04-07,64.32068634033203,13.08
3680_TWO,2012-08-03,42.79582214355469,10.87
3680_TWO,2013-07-09,46.70978164672852,14.94
3680_TWO,2016-06-08,27.152894973754883,10.92
3680_TWO,2018-04-02,34.33740997314453,11.62
3680_TWO,2020-03-16,103.01526641845705,-18.47
3684_TWO,2013-03-22,9.376749992370604,10.83
3684_TWO,2013-07-11,7.7814202308654785,-13.49
3684_TWO,2013-10-03,12.100297927856444,12.85
3684_TWO,2014-03-28,20.663583755493164,12.12
3684_TWO,2014-04-01,29.413028717041016,43.64
3684_TWO,2015-07-21,21.658388137817383,-10.51
3684_TWO,2016-07-11,17.55476951599121,-18.25
3684_TWO,2016-07-12,21.92129707336425,24.87
3684_TWO,2021-04-07,29.42070579528809,20.82
3685_TWO,2019-12-11,27.091455459594727,20.79
3686_TW,2022-08-23,20.99764633178711,11.86
3687_TWO,2020-03-19,21.6052474975586,-12.64
3689_TWO,2020-03-19,12.596446990966797,-11.27
3691_TWO,2020-03-16,79.23418426513672,-17.58
3691_TWO,2020-03-19,65.57952117919922,-10.63
3694_TW,2011-08-16,30.58227729797364,22.12
3701_TW,2005-09-29,137.44912719726562,-80.86
3701_TW,2007-10-01,68.0586929321289,14.26
3701_TW,2008-09-10,17.538623809814453,-13.11
3701_TW,2013-09-23,11.157432556152344,14.23
3701_TW,2013-11-14,13.39664077758789,-12.81
3701_TW,2016-04-19,14.303906440734863,-18.93
3701_TW,2016-07-06,10.365988731384276,-13.39
3701_TW,2016-12-23,11.929573059082031,15.08
3701_TW,2018-04-02,16.52381134033203,13.38
3702_TW,2000-04-05,28.675443649291992,10.6
3702_TW,2000-04-10,30.907670974731445,13.92
3702_TW,2000-05-31,32.79647445678711,13.69
3702_TW,2000-06-05,37.08919906616211,11.34
3702_TW,2000-09-13,25.722055435180664,-25.17
3702_TW,2000-09-18,20.673791885375977,-12.69
3702_TW,2000-10-17,16.466920852661133,-13.29
3702_TW,2001-03-15,23.077726364135746,12.94
3702_TW,2001-08-08,12.12065315246582,-16.49
3702_TW,2004-07-29,7.378549098968506,-18.51
3702_TW,2005-11-09,2.7934935092926025,-28.55
3702_TW,2006-08-03,3.1291604042053223,11.31
3702_TW,2006-10-16,3.5607683658599854,10.92
3704_TW,2000-03-06,35.330596923828125,11.91
3704_TW,2000-09-04,26.999418258666992,12.57
3704_TW,2000-11-20,17.95592498779297,-12.74
3704_TW,2003-08-07,34.342872619628906,20.08
3705_TW,2000-02-21,10.54092788696289,13.64
3705_TW,2000-07-28,8.390347480773926,14.36
3705_TW,2000-10-02,8.152884483337402,11.55
3706_TW,2000-04-10,11.697402954101562,10.93
3706_TW,2000-06-22,10.79905605316162,15.59
3706_TW,2000-09-04,10.202789306640623,13.24
3706_TW,2000-09-18,7.320833206176758,-12.3
3706_TW,2000-10-02,6.0951738357543945,-12.8
3706_TW,2001-07-02,5.730788707733154,-13.07
3706_TW,2013-09-12,7.558147430419922,40.11
3707_TWO,2014-10-01,18.261608123779297,86.12
3707_TWO,2021-04-07,67.59264373779297,15.19
3708_TW,2008-05-19,34.407867431640625,10.83
3708_TW,2008-07-04,39.84069061279297,11.59
3708_TW,2008-07-08,31.04469490051269,-22.38
3708_TW,2008-09-12,23.697450637817383,-13.91
3708_TW,2008-12-01,25.35316467285156,11.87
3708_TW,2011-05-09,36.27992630004883,11.46
3708_TW,2018-04-02,114.38973236083984,20.62
3711_TW,2000-11-20,10.58156681060791,-10.95
3711_TW,2003-06-19,9.916367530822754,13.53
3711_TW,2005-09-07,12.171771049499512,12.1
3713_TWO,2020-03-19,11.0,-11.29
3713_TWO,2024-03-08,22.5,-10.71
4102_TWO,2012-12-24,30.53636932373047,14.17
4105_TWO,2009-04-02,12.592206954956056,11.57
4105_TWO,2010-09-20,44.47692108154297,16.0
4105_TWO,2013-08-19,45.430763244628906,-11.06
4105_TWO,2014-08-13,39.51667022705078,11.18
4106_TW,2007-06-25,10.8883638381958,14.29
4107_TWO,2015-09-02,66.9909439086914,16.93
4107_TWO,2020-03-16,76.65880584716797,-14.2
4109_TWO,2009-04-02,13.634056091308594,14.08
4109_TWO,2012-12-24,17.525588989257812,14.37
4109_TWO,2020-03-16,12.662178993225098,-18.21
4109_TWO,2023-10-30,12.901087760925291,-10.6
4111_TWO,2009-04-02,8.485852241516113,14.19
4113_TWO,2008-09-18,3.0092549324035645,-13.37
4113_TWO,2008-10-28,2.6229074001312256,-13.35
4113_TWO,2009-01-12,1.8785685300827024,-13.26
4113_TWO,2009-04-02,4.022973537445068,13.73
4113_TWO,2009-06-08,6.22054386138916,13.96
4113_TWO,2013-08-20,9.82776165008545,-16.49
4113_TWO,2013-08-22,11.716604232788086,19.22
4113_TWO,2016-08-11,8.303483963012695,11.41
4113_TWO,2024-08-06,40.20228576660156,-12.44
4114_TWO,2015-07-31,9.170061111450195,-10.83
4114_TWO,2017-08-09,9.91458797454834,-13.94
4114_TWO,2018-08-08,12.937700271606444,-10.52
4114_TWO,2018-08-09,14.632766723632812,13.1
4116_TWO,2008-04-11,2.9312987327575684,38.46
4116_TWO,2008-09-08,1.6298060417175293,-19.35
4116_TWO,2008-10-06,1.307104468345642,-19.8
4116_TWO,2008-10-13,1.111527919769287,-14.75
4116_TWO,2008-10-14,1.2712485790252686,14.37
4116_TWO,2008-10-17,0.9909221529960632,-21.04
4116_TWO,2008-10-20,0.8800952434539795,-11.18
4116_TWO,2008-10-22,0.6519225239753723,-25.93
4116_TWO,2008-10-28,0.3259612619876861,-50.0
4116_TWO,2008-10-29,0.6519225239753723,100.0
4116_TWO,2008-11-10,0.9778836965560912,50.0
4116_TWO,2008-11-11,1.3038450479507446,33.33
4116_TWO,2008-11-19,1.9231714010238647,47.5
4116_TWO,2009-01-14,1.6102484464645386,-17.67
4116_TWO,2013-03-12,14.910234451293944,1015.67
4116_TWO,2013-07-11,16.959115982055664,14.44
4116_TWO,2014-01-06,15.856952667236328,11.5
4116_TWO,2014-01-08,18.84346580505371,11.11
4116_TWO,2014-03-06,23.948978424072266,16.94
4116_TWO,2014-03-12,28.442960739135746,28.62
4116_TWO,2014-04-17,25.8191032409668,12.94
4116_TWO,2015-08-12,24.95956993103028,12.07
4116_TWO,2015-08-28,20.46061134338379,-11.95
4116_TWO,2015-11-18,29.770339965820312,12.93
4116_TWO,2015-11-19,35.25669479370117,18.43
4116_TWO,2015-11-27,62.12423706054688,43.04
4116_TWO,2015-11-30,107.64836883544922,73.28
4116_TWO,2015-12-02,89.9272232055664,-12.86
4116_TWO,2015-12-07,91.5382308959961,19.07
4116_TWO,2015-12-17,83.14908599853516,-13.85
4116_TWO,2015-12-18,68.67222595214844,-17.41
4116_TWO,2020-03-16,22.98521041870117,-12.52
4116_TWO,2020-03-19,18.36318588256836,-15.84
4119_TW,2007-06-25,10.8084077835083,13.26
4119_TW,2009-04-02,21.634397506713867,12.07
4120_TWO,2021-05-10,40.991817474365234,11.43
4121_TWO,2012-12-24,12.04896068572998,13.91
4123_TWO,2009-04-02,5.900492191314697,14.35
4123_TWO,2012-12-24,11.041766166687012,13.31
4123_TWO,2013-09-26,17.5288028717041,-10.69
4123_TWO,2013-09-27,19.54898834228516,11.52
4123_TWO,2014-08-11,34.268310546875,22.71
4123_TWO,2016-09-07,26.450634002685547,11.05
4123_TWO,2017-09-07,24.31224250793457,10.8
4123_TWO,2018-08-09,42.77030563354492,10.62
4123_TWO,2020-03-16,23.09144592285156,-13.28
4126_TWO,2010-10-01,46.672645568847656,30.63
4126_TWO,2016-06-14,66.9684066772461,35.06
4127_TWO,2009-04-02,13.36165714263916,14.07
4127_TWO,2012-12-24,22.665218353271484,11.31
4127_TWO,2024-03-19,18.6299991607666,20.77
4127_TWO,2024-03-27,32.28214263916016,32.86
4128_TWO,2012-12-24,25.702579498291016,12.09
4129_TWO,2009-04-02,17.351783752441406,14.32
4129_TWO,2020-03-16,24.47508811950684,-16.79
4130_TWO,2008-06-27,11.513383865356444,-11.33
4130_TWO,2008-06-30,14.802921295166016,28.57
4130_TWO,2008-07-02,11.253684997558594,-23.98
4130_TWO,2008-09-18,10.388016700744627,22.45
4130_TWO,2008-09-24,8.656681060791016,-16.67
4130_TWO,2008-09-25,11.686518669128418,35.0
4130_TWO,2008-09-26,12.985020637512209,11.11
4130_TWO,2008-09-30,14.543222427368164,12.0
4130_TWO,2008-10-02,8.743247032165527,-39.88
4130_TWO,2012-01-12,15.99043083190918,99.69
4130_TWO,2012-12-24,34.31908416748047,14.32
4131_TWO,2008-08-18,89.21309661865234,-13.55
4131_TWO,2012-12-24,69.00670623779297,12.19
4131_TWO,2013-09-16,24.24766159057617,14.39
4131_TWO,2015-01-30,29.73769760131836,17.59
4131_TWO,2016-02-01,26.560592651367188,11.65
4131_TWO,2016-09-12,20.740137100219727,14.13
4131_TWO,2020-03-16,11.615493774414062,-18.83
4131_TWO,2024-10-01,30.75,-12.02
4133_TW,2012-12-24,42.19522857666016,13.6
4138_TWO,2015-11-24,29.76641082763672,12.57
4139_TWO,2013-07-10,39.081764221191406,-16.79
4139_TWO,2013-07-11,48.66240310668945,24.51
4139_TWO,2014-07-10,59.56957244873047,15.13
4139_TWO,2015-07-15,50.8621711730957,16.54
4139_TWO,2017-02-20,32.8983268737793,20.9
4139_TWO,2018-07-10,58.8349494934082,12.14
4139_TWO,2024-08-27,33.099998474121094,12.01
4139_TWO,2024-10-04,35.79999923706055,10.84
4147_TWO,2013-10-11,91.0,11.93
4147_TWO,2014-04-22,105.0,11.52
4147_TWO,2014-05-15,178.99000549316406,12.22
4147_TWO,2014-05-19,159.57000732421875,-11.35
4147_TWO,2014-08-06,124.0,-11.61
4147_TWO,2014-08-11,142.99000549316406,14.39
4147_TWO,2014-08-19,138.6999969482422,14.07
4147_TWO,2015-08-10,114.9800033569336,11.27
4147_TWO,2015-11-24,175.0,15.52
4147_TWO,2015-11-25,202.0,15.43
4153_TWO,2013-05-06,25.74233627319336,27.03
4153_TWO,2015-08-12,47.21358489990234,-20.59
4153_TWO,2015-08-13,59.233863830566406,25.46
4153_TWO,2016-08-12,38.35062789916992,-17.53
4153_TWO,2016-08-15,45.52896499633789,18.72
4153_TWO,2020-03-16,17.976333618164062,-18.83
4154_TWO,2022-07-22,67.78532409667969,15.41
4154_TWO,2022-09-26,64.30915832519531,10.86
4154_TWO,2022-11-16,57.356815338134766,-12.0
4154_TWO,2022-11-22,57.356815338134766,-12.0
4154_TWO,2024-08-16,14.600000381469728,-30.96
4154_TWO,2024-08-19,20.929443359375,43.35
4155_TW,2013-07-29,32.57452392578125,15.24
4155_TW,2014-06-05,19.33576011657715,17.19
4155_TW,2014-08-11,20.51454734802246,10.53
4155_TW,2014-10-17,13.827784538269045,15.6
4155_TW,2014-11-28,18.145606994628903,17.19
4155_TW,2015-08-13,14.848625183105469,16.48
4155_TW,2015-08-19,12.308730125427246,-10.86
4155_TW,2015-10-05,14.639134407043455,12.08
4155_TW,2015-12-29,20.54900550842285,11.11
4155_TW,2017-05-18,22.820640563964844,13.8
4157_TWO,2013-09-02,50.05379104614258,11.78
4157_TWO,2013-09-04,59.31673431396485,10.78
4157_TWO,2013-10-30,70.97268676757812,11.32
4157_TWO,2013-12-27,65.82772064208984,10.9
4157_TWO,2014-01-17,52.84563827514648,-11.96
4160_TWO,2012-09-19,38.62590789794922,10.73
4160_TWO,2015-03-17,28.647550582885746,14.29
4162_TWO,2012-09-19,79.34606170654297,15.38
4162_TWO,2013-08-28,119.60855102539062,11.79
4164_TW,2012-10-29,64.53887176513672,-16.41
4166_TWO,2013-04-11,50.49946594238281,14.68
4166_TWO,2014-05-20,54.48442840576172,15.14
4166_TWO,2014-07-01,55.490631103515625,18.74
4166_TWO,2015-10-27,24.22858428955078,13.7
4166_TWO,2015-11-26,32.22840118408203,11.59
4166_TWO,2015-12-01,36.960548400878906,24.33
4166_TWO,2015-12-17,43.35641479492188,17.62
4166_TWO,2016-02-01,27.396631240844727,-12.42
4166_TWO,2016-04-14,21.518808364868164,-13.08
4166_TWO,2016-06-06,24.69681739807129,24.95
4166_TWO,2016-06-15,26.101518630981445,10.55
4166_TWO,2017-02-24,25.26467514038086,-12.25
4166_TWO,2017-11-27,19.99456024169922,11.5
4166_TWO,2018-09-14,18.53008460998535,16.25
4166_TWO,2020-02-06,16.238731384277344,11.64
4166_TWO,2020-07-27,20.049999237060547,50.75
4166_TWO,2020-09-09,18.0,12.15
4166_TWO,2021-06-28,17.049999237060547,14.43
4166_TWO,2021-06-29,19.799999237060547,16.13
4166_TWO,2021-10-18,16.899999618530273,12.29
4166_TWO,2021-11-25,18.799999237060547,10.91
4166_TWO,2024-10-28,34.54999923706055,11.09
4166_TWO,2024-11-07,36.54999923706055,-20.02
4166_TWO,2024-11-19,39.34999847412109,12.91
4166_TWO,2025-04-07,26.100000381469727,-27.09
4166_TWO,2025-04-10,30.100000381469727,16.44
4166_TWO,2025-08-21,27.950000762939453,-11.41
4167_TWO,2014-06-03,31.09164428710937,10.73
4167_TWO,2014-06-16,36.51128768920898,11.0
4167_TWO,2014-08-07,31.92064094543457,-14.84
4167_TWO,2014-11-03,34.96028137207031,14.54
4168_TWO,2012-12-19,136.2380828857422,10.89
4168_TWO,2013-08-05,91.2154541015625,16.91
4169_TW,2026-04-08,145.0,-15.2
4169_TW,2026-04-09,168.5,16.21
4171_TWO,2013-05-24,30.452598571777344,13.64
4171_TWO,2014-03-31,31.0007438659668,13.11
4171_TWO,2014-08-20,22.230398178100582,-10.87
4171_TWO,2017-02-20,15.591730117797852,20.75
4171_TWO,2020-03-10,44.765323638916016,-13.22
4173_TWO,2013-04-02,29.919334411621094,15.56
4173_TWO,2013-04-08,33.83185577392578,13.08
4173_TWO,2013-04-19,35.87443542480469,18.76
4173_TWO,2013-06-05,35.155216217041016,11.6
4173_TWO,2013-09-25,47.639068603515625,11.96
4173_TWO,2013-09-30,40.43384552001953,-10.6
4173_TWO,2013-10-31,39.66983795166016,-21.05
4174_TWO,2013-10-11,403.7936401367188,12.14
4174_TWO,2013-10-30,555.779541015625,11.29
4174_TWO,2014-07-28,682.77587890625,-11.39
4174_TWO,2016-06-06,1043.671630859375,-11.57
4175_TWO,2013-08-05,32.8502197265625,10.86
4175_TWO,2021-08-25,61.68441009521485,12.45
4178_TW,2024-12-06,36.900001525878906,-12.77
4178_TW,2025-02-05,38.150001525878906,11.71
4178_TW,2025-04-07,25.600000381469727,-14.38
4178_TW,2025-04-10,30.5,19.61
4178_TW,2025-12-19,30.75,13.47
4178_TW,2026-04-30,19.100000381469727,-21.72
4183_TWO,2014-03-19,12.824755668640137,10.63
4183_TWO,2014-03-24,11.459003448486328,-12.2
4183_TWO,2016-04-13,13.352408409118652,12.39
4183_TWO,2016-04-26,14.315119743347168,14.0
4183_TWO,2016-07-13,14.56626319885254,16.58
4183_TWO,2016-10-31,16.239635467529297,11.86
4183_TWO,2016-11-07,17.7910099029541,13.02
4183_TWO,2017-02-20,28.82143783569336,36.04
4183_TWO,2017-02-21,35.04829406738281,21.6
4183_TWO,2017-02-22,31.312179565429688,-10.66
4183_TWO,2017-03-15,29.60424041748047,20.58
4183_TWO,2021-03-17,19.15569305419922,12.59
4183_TWO,2022-09-22,16.208812713623047,-11.89
4183_TWO,2022-09-28,15.85159397125244,-11.25
4183_TWO,2022-10-07,17.726991653442383,10.58
4188_TWO,2014-04-23,60.781394958496094,11.84
4188_TWO,2014-08-18,42.69157791137695,-12.02
4188_TWO,2014-12-09,43.6523551940918,15.33
4188_TWO,2020-03-16,14.199999809265137,-18.86
4190_TW,2015-10-22,99.24617767333984,13.93
4192_TWO,2013-10-30,452.02447509765625,26.29
4192_TWO,2014-05-16,450.5592346191406,20.01
4192_TWO,2014-08-18,300.3728332519531,-12.29
4192_TWO,2014-10-28,256.7821350097656,-24.34
4192_TWO,2024-12-18,34.54999923706055,-10.72
4195_TW,2026-05-11,22.299999237060547,-24.28
4198_TWO,2013-11-11,980.7378540039062,-17.59
4198_TWO,2014-06-03,1212.1666259765625,13.64
4198_TWO,2014-12-23,833.3333129882812,-15.02
4198_TWO,2018-04-02,120.5,-11.94
4198_TWO,2020-02-11,25.049999237060547,20.72
4198_TWO,2020-03-10,20.600000381469727,-12.34
4198_TWO,2020-03-16,17.100000381469727,-15.76
4198_TWO,2024-03-27,31.89999961853028,10.96
4205_TWO,2013-08-30,20.2438907623291,17.45
4205_TWO,2017-07-21,37.056419372558594,-13.45
4205_TWO,2017-07-24,41.06784057617188,10.83
4205_TWO,2022-03-15,96.60076141357422,-11.19
4303_TWO,2008-11-26,-2.417411088943481,70.87
4303_TWO,2017-10-06,-39.374473571777344,-11.64
4303_TWO,2018-04-02,-69.72563171386719,15.8
4303_TWO,2018-08-28,-12.649046897888184,-76.64
4303_TWO,2018-08-29,28.24858665466309,-323.33
4304_TWO,2009-01-12,8.061153411865234,11.36
4304_TWO,2010-06-29,31.257532119750977,13.86
4304_TWO,2020-02-03,7.539999961853027,15.82
4304_TWO,2020-02-19,6.989999771118164,-14.23
4304_TWO,2020-03-19,5.630000114440918,-18.88
4304_TWO,2020-04-14,4.690000057220459,10.87
4304_TWO,2020-04-27,5.389999866485596,13.95
4304_TWO,2020-05-06,4.309999942779541,-16.63
4304_TWO,2020-06-29,4.909999847412109,-10.89
4304_TWO,2021-04-07,6.300000190734863,20.92
4304_TWO,2021-06-28,5.829999923706055,-11.67
4304_TWO,2021-09-24,6.579999923706055,-12.73
4304_TWO,2023-12-14,7.860000133514404,-10.58
4306_TW,2000-05-02,1.76199471950531,-13.33
4306_TW,2000-05-10,1.7145565748214722,10.96
4306_TW,2008-01-21,4.4401021003723145,172.99
4306_TW,2015-12-15,6.874755859375,-12.3
4401_TWO,2020-03-16,21.84731101989746,-18.85
4402_TWO,2010-03-23,14.42088508605957,-12.39
4402_TWO,2017-06-05,8.789999961853027,11.55
4402_TWO,2018-12-24,3.5999999046325684,20.4
4406_TWO,2008-11-21,5.316799163818359,-13.82
4406_TWO,2025-01-07,11.100000381469728,14.2
4406_TWO,2025-01-16,10.550000190734863,11.64
4413_TWO,2008-10-03,66.75872802734375,-19.28
4413_TWO,2008-11-03,46.854736328125,-13.27
4413_TWO,2010-02-24,51.55257415771485,19.14
4413_TWO,2010-03-17,40.302494049072266,-21.82
4413_TWO,2010-03-23,40.920631408691406,-10.78
4413_TWO,2011-05-04,43.8876838684082,-12.99
4413_TWO,2011-06-07,47.59650039672852,-15.01
4413_TWO,2011-06-24,46.97836685180664,-10.59
4413_TWO,2011-10-19,49.4509162902832,-13.98
4413_TWO,2012-06-08,25.869009017944336,-22.5
4413_TWO,2012-07-20,19.00769424438477,-29.31
4413_TWO,2012-07-25,15.29887580871582,-19.51
4413_TWO,2012-08-03,12.331820487976074,-19.39
4413_TWO,2012-08-23,10.415597915649414,-13.37
4413_TWO,2015-06-18,25.54448509216309,-18.97
4413_TWO,2015-07-20,24.756362915039062,-18.35
4413_TWO,2015-12-24,15.29887580871582,-13.16
4413_TWO,2017-01-17,9.92108917236328,-35.15
4413_TWO,2017-03-31,6.8613128662109375,20.92
4413_TWO,2017-06-30,8.771354675292969,10.64
4413_TWO,2017-07-11,8.975340843200684,21.0
4413_TWO,2017-08-11,8.678633689880371,12.1
4413_TWO,2017-09-25,8.632274627685547,-10.91
4413_TWO,2022-12-12,15.569430351257324,-15.74
4414_TW,2004-09-06,106.05673217773438,285.45
4414_TW,2009-01-12,18.404033660888672,-13.07
4414_TW,2011-08-29,36.42243194580078,14.22
4416_TWO,2008-08-18,28.62038803100586,-11.2
4416_TWO,2009-01-19,22.177433013916016,14.34
4416_TWO,2009-06-08,33.37043380737305,10.94
4416_TWO,2013-09-16,68.03658294677734,13.84
4416_TWO,2023-04-18,70.15396881103516,-11.46
4417_TWO,2008-08-18,6.087969303131104,-10.68
4417_TWO,2010-02-08,7.401944160461426,-12.8
4419_TWO,2009-04-02,35.10416412353516,14.24
4419_TWO,2013-12-26,13.541666030883787,-13.33
4419_TWO,2013-12-30,11.729166030883787,-13.38
4419_TWO,2014-11-27,8.8125,-13.67
4419_TWO,2015-07-23,6.75,-21.05
4419_TWO,2015-08-04,9.862500190734863,32.83
4419_TWO,2015-08-21,5.599999904632568,-17.04
4419_TWO,2015-09-08,6.0,17.07
4419_TWO,2015-09-17,9.0625,19.64
4419_TWO,2015-12-11,7.912499904632568,-11.72
4419_TWO,2016-02-17,8.475000381469727,12.62
4419_TWO,2016-06-27,5.3125,-18.27
4419_TWO,2018-12-06,12.475000381469728,13.54
4419_TWO,2018-12-17,11.587499618530272,-11.29
4419_TWO,2019-12-09,6.375,-17.87
4419_TWO,2019-12-23,6.512499809265137,-14.59
4419_TWO,2021-02-24,13.6875,13.83
4419_TWO,2021-10-28,13.75,-11.29
4419_TWO,2023-12-25,36.0,14.29
4419_TWO,2024-01-10,39.0,-10.55
4419_TWO,2024-04-08,46.0,13.3
4420_TWO,2015-11-24,11.574177742004396,-13.0
4430_TWO,2015-08-27,15.991610527038574,12.72
4432_TWO,2015-08-06,52.28727722167969,11.47
4432_TWO,2020-03-16,10.996745109558104,-17.97
4433_TWO,2014-04-18,46.77641296386719,12.66
4433_TWO,2014-07-01,43.012794494628906,14.29
4433_TWO,2014-11-03,23.62369728088379,-22.8
4440_TW,2021-02-23,20.97176742553711,13.2
4440_TW,2021-06-08,31.658954620361328,22.06
4440_TW,2021-10-25,31.268104553222656,-12.0
4442_TWO,2024-04-19,21.035219192504883,-12.31
4502_TWO,2008-08-18,28.819250106811523,27.44
4502_TWO,2011-10-21,15.021272659301758,-10.67
4502_TWO,2011-11-11,10.851188659667969,-11.68
4502_TWO,2017-10-02,96.19190979003906,11.22
4502_TWO,2020-03-16,40.81777191162109,-11.91
4502_TWO,2021-04-07,53.5,12.39
4503_TWO,2025-08-04,56.29999923706055,11.05
4506_TWO,2008-03-28,6.258711338043213,17.71
4510_TWO,2013-09-16,11.88198947906494,14.15
4510_TWO,2025-08-04,50.70000076293945,11.43
4513_TWO,2022-08-23,25.20022964477539,11.11
4513_TWO,2024-08-16,82.98995208740234,12.13
4523_TWO,2024-03-21,57.79999923706055,20.42
4523_TWO,2024-03-27,63.0,12.7
4526_TW,2005-07-26,10.044187545776367,15.97
4526_TW,2005-09-29,13.314396858215332,24.39
4526_TW,2005-12-22,13.687090873718262,-16.16
4526_TW,2005-12-23,16.416250228881836,19.94
4527_TWO,2009-06-08,6.6911163330078125,14.12
4528_TWO,2008-08-18,6.497324466705322,10.69
4528_TWO,2013-07-25,13.055843353271484,14.78
4528_TWO,2019-09-10,41.73944091796875,11.84
4529_TWO,2020-03-16,8.8100004196167,-18.05
4530_TWO,2008-08-18,63.65729522705078,-12.2
4530_TWO,2017-02-20,28.136524200439453,15.1
4530_TWO,2017-06-05,26.48143577575684,17.12
4530_TWO,2020-04-13,28.263839721679688,-14.29
4530_TWO,2021-06-04,22.45829391479492,-11.53
4530_TWO,2023-12-01,16.5508975982666,-10.71
4530_TWO,2024-05-02,17.97681999206543,-11.53
4532_TW,2005-11-09,5.717292785644531,33.13
4532_TW,2006-05-18,5.332565784454346,-13.51
4532_TW,2006-05-22,5.979978561401367,13.3
4532_TW,2006-05-30,6.227213382720947,13.3
4532_TW,2006-07-26,5.0870680809021,-12.44
4532_TW,2006-07-28,5.887266635894775,13.6
4533_TWO,2021-03-31,10.699784278869627,11.87
4534_TWO,2008-08-18,7.201586723327637,-11.82
4534_TWO,2009-01-12,4.702066898345947,13.77
4538_TWO,2014-07-02,9.859865188598633,17.17
4538_TWO,2016-04-20,10.286657333374023,16.11
4538_TWO,2016-10-24,11.935812950134276,15.95
4538_TWO,2018-12-14,18.438196182250977,16.49
4538_TWO,2019-01-14,14.605944633483888,-11.79
4538_TWO,2019-01-16,18.58281135559082,27.86
4538_TWO,2019-01-17,16.558225631713867,-10.89
4540_TW,2016-08-30,17.9608154296875,15.03
4540_TW,2017-01-04,17.53419303894043,10.84
4540_TW,2017-01-05,22.09905815124512,26.03
4540_TW,2017-02-20,25.512041091918945,11.36
4540_TW,2017-10-05,41.08990478515625,10.57
4540_TW,2018-01-23,60.62697982788086,10.5
4540_TW,2018-03-28,99.76145935058594,14.96
4540_TW,2018-04-19,137.41429138183594,10.8
4540_TW,2018-07-06,101.54460906982422,10.69
4540_TW,2018-08-15,99.55487823486328,-11.51
4541_TWO,2013-06-26,22.32413482666016,-11.88
4541_TWO,2013-08-22,26.788965225219727,13.76
4541_TWO,2013-12-18,33.92258071899414,12.07
4541_TWO,2014-06-27,48.58422088623047,10.98
4541_TWO,2014-07-01,53.81840896606445,10.77
4541_TWO,2025-08-04,46.75,10.52
4542_TWO,2013-03-29,26.374027252197266,12.11
4542_TWO,2014-02-06,34.44813919067383,10.6
4542_TWO,2014-02-21,39.69314956665039,10.76
4542_TWO,2014-08-25,35.21589279174805,-16.29
4542_TWO,2015-07-23,16.97394371032715,-15.86
4542_TWO,2015-07-24,19.13017845153809,12.7
4542_TWO,2018-12-21,17.088735580444336,-11.84
4542_TWO,2018-12-24,19.739070892333984,15.51
4542_TWO,2025-04-09,54.90006637573242,-11.4
4543_TWO,2015-01-06,32.61116409301758,15.66
4543_TWO,2016-03-15,26.94881820678711,21.22
4543_TWO,2020-03-16,11.23617458343506,-18.54
4545_TW,2013-06-03,28.49765014648437,17.65
4545_TW,2013-07-04,34.243289947509766,10.65
4545_TW,2014-01-02,51.338478088378906,11.52
4545_TW,2014-03-21,73.19702911376953,12.26
4545_TW,2014-03-26,82.32681274414062,10.72
4545_TW,2014-04-14,64.5700454711914,-15.86
4545_TW,2014-08-19,58.38368225097656,-16.24
4545_TW,2016-01-06,63.16276550292969,-20.87
4545_TW,2016-01-12,50.32198715209961,-11.59
4549_TWO,2013-12-17,42.59041213989258,13.18
4549_TWO,2015-11-24,36.413272857666016,10.67
4549_TWO,2017-08-29,42.514102935791016,12.74
4550_TWO,2014-09-30,15.018804550170898,-12.44
4550_TWO,2014-10-16,12.681440353393556,-16.37
4550_TWO,2015-03-18,14.521491050720217,-11.49
4550_TWO,2016-09-12,11.829532623291016,-13.9
4550_TWO,2022-11-30,19.469709396362305,11.58
4550_TWO,2022-12-14,19.71720695495605,11.42
4551_TW,2014-01-10,60.96133041381836,12.15
4551_TW,2017-01-05,104.33882904052734,83.4
4551_TW,2025-08-04,141.0,20.51
4554_TWO,2014-09-22,48.37550735473633,-12.37
4554_TWO,2014-10-02,63.1727180480957,21.31
4554_TWO,2015-02-03,60.04254150390625,13.08
4554_TWO,2015-08-03,47.39345169067383,-10.71
4554_TWO,2015-08-21,33.421966552734375,-10.95
4554_TWO,2015-08-25,33.88084030151367,12.3
4554_TWO,2016-08-08,63.407997131347656,13.41
4554_TWO,2020-03-16,11.160554885864258,-15.76
4556_TWO,2015-12-01,50.612281799316406,85.24
4556_TWO,2015-12-03,39.50226211547852,-15.86
4556_TWO,2015-12-07,42.79412078857422,11.83
4556_TWO,2015-12-15,41.148193359375,-11.5
4556_TWO,2015-12-22,34.235294342041016,-11.49
4558_TWO,2020-07-28,13.68666648864746,12.72
4558_TWO,2020-08-24,18.10587310791016,10.76
4558_TWO,2020-12-22,18.27749252319336,12.11
4558_TWO,2021-02-22,21.96731376647949,11.3
4558_TWO,2021-03-03,27.54495048522949,17.37
4558_TWO,2021-04-19,32.60773086547852,11.76
4558_TWO,2021-09-06,48.22511672973633,19.57
4558_TWO,2022-02-11,52.99557876586914,12.2
4558_TWO,2022-03-17,38.240631103515625,-19.49
4560_TW,2017-03-20,42.32796096801758,22.95
4560_TW,2017-05-26,27.13243293762207,-17.08
4561_TWO,2016-12-08,17.58295440673828,11.36
4561_TWO,2016-12-19,20.81247901916504,15.45
4561_TWO,2016-12-26,26.912687301635746,13.36
4561_TWO,2017-12-08,22.684627532958984,12.53
4561_TWO,2018-06-11,41.19649505615234,18.56
4561_TWO,2020-03-16,17.07840347290039,-13.29
4562_TW,2017-08-21,39.788333892822266,-16.76
4563_TWO,2017-04-17,48.47826385498047,-10.64
4563_TWO,2018-07-12,66.10032653808594,-10.98
4564_TW,2017-11-07,21.359935760498047,11.64
4566_TW,2017-10-26,69.09596252441406,12.61
4566_TW,2018-02-08,58.205848693847656,10.56
4576_TW,2019-02-13,88.02133178710938,20.51
4576_TW,2019-09-04,84.93998718261719,-10.89
4577_TWO,2020-12-15,19.71316719055176,-19.72
4577_TWO,2021-12-21,35.42390441894531,18.98
4577_TWO,2022-06-14,30.760501861572266,-11.83
4577_TWO,2024-04-22,19.350000381469727,-11.44
4577_TWO,2024-08-05,20.0,-16.32
4577_TWO,2025-08-04,24.799999237060547,20.98
4580_TWO,2020-01-06,91.44989013671876,11.31
4584_TWO,2022-09-26,46.20201873779297,-10.82
4584_TWO,2022-10-05,42.35185241699219,-14.24
4584_TWO,2024-03-19,53.36944580078125,11.31
4584_TWO,2024-03-26,61.24362564086914,13.09
4585_TW,2025-09-26,493.0,-19.71
4588_TW,2022-11-17,36.53428268432617,24.96
4590_TW,2024-12-26,94.04973602294922,15.6
4590_TW,2025-01-03,110.90314483642578,13.93
4590_TW,2025-01-14,134.1492156982422,13.06
4590_TW,2025-03-17,98.79581451416016,10.75
4590_TW,2025-04-07,75.35602569580078,-29.27
4590_TW,2025-04-08,84.07330322265625,11.57
4590_TW,2025-04-10,91.9188461303711,21.2
4590_TW,2025-08-28,91.6999969482422,17.87
4590_TW,2025-12-30,100.5,10.8
4609_TWO,2009-01-12,7.210140228271484,-13.33
4609_TWO,2011-01-06,112.2042236328125,-47.07
4609_TWO,2011-01-11,97.40281677246094,-13.19
4609_TWO,2016-09-12,10.699999809265137,20.9
4609_TWO,2020-03-16,8.3100004196167,-12.98
4609_TWO,2020-03-19,7.059999942779541,-11.08
4609_TWO,2020-04-07,9.09000015258789,18.05
4609_TWO,2020-09-16,7.78000020980835,-13.46
4609_TWO,2020-10-15,8.9399995803833,15.8
4609_TWO,2021-08-18,8.479999542236328,15.53
4609_TWO,2021-09-15,7.570000171661377,-10.94
4609_TWO,2021-12-14,9.119999885559082,16.18
4609_TWO,2023-12-11,5.820000171661377,-13.39
4609_TWO,2024-02-20,6.579999923706055,-10.96
4609_TWO,2024-02-26,7.050000190734863,12.98
4609_TWO,2024-02-27,6.239999771118164,-11.49
4609_TWO,2024-05-08,8.239999771118164,-11.4
4702_TWO,2020-03-16,9.0600004196167,-12.04
4706_TWO,2020-03-16,12.886690139770508,-11.08
4707_TWO,2009-04-02,4.596521854400635,13.43
4707_TWO,2017-08-29,4.970419883728027,10.82
4707_TWO,2018-08-29,6.68295431137085,12.11
4707_TWO,2020-02-10,8.034685134887695,20.39
4711_TWO,2015-07-20,8.049147605895996,-12.38
4711_TWO,2020-03-16,9.083205223083496,-11.79
4720_TW,2009-04-02,6.848724842071533,12.76
4720_TW,2013-07-29,9.425450325012209,10.7
4720_TW,2021-04-07,15.669675827026367,14.6
4721_TWO,2020-03-16,32.34127426147461,-12.68
4721_TWO,2021-08-18,101.88597869873048,11.54
4726_TWO,2013-03-18,45.900001525878906,-13.22
4728_TWO,2012-12-24,28.0924015045166,14.4
4729_TWO,2008-01-14,38.62023162841797,-13.42
4729_TWO,2008-02-19,38.394378662109375,19.3
4729_TWO,2008-04-03,53.074588775634766,23.68
4729_TWO,2008-04-07,47.4283561706543,-10.64
4729_TWO,2008-08-18,36.83555603027344,13.57
4729_TWO,2008-12-31,21.93916320800781,17.28
4729_TWO,2009-03-10,45.81277084350586,83.95
4729_TWO,2013-02-25,16.899831771850586,12.96
4729_TWO,2018-04-02,26.4703426361084,20.72
4729_TWO,2020-03-26,10.46699047088623,14.74
4729_TWO,2020-04-24,14.052905082702637,20.83
4729_TWO,2021-04-07,15.809517860412598,10.59
4735_TWO,2012-12-24,8.43664264678955,13.91
4735_TWO,2013-02-25,13.726943016052246,-13.2
4741_TWO,2014-03-11,40.46806716918945,10.94
4741_TWO,2014-05-07,42.45429611206055,11.36
4741_TWO,2014-05-22,57.93928146362305,20.69
4741_TWO,2014-06-11,71.07093811035156,11.85
4741_TWO,2014-10-13,56.467811584472656,-11.29
4741_TWO,2015-10-05,41.310665130615234,12.1
4741_TWO,2015-12-04,46.92177963256836,11.96
4741_TWO,2016-06-20,57.65660858154297,13.33
4743_TWO,2012-12-24,31.37167358398437,14.32
4743_TWO,2020-03-16,21.16366195678711,-10.88
4744_TWO,2013-10-24,9.557849884033203,11.4
4744_TWO,2013-10-28,12.583643913269045,20.81
4744_TWO,2013-10-29,11.153682708740234,-11.36
4744_TWO,2014-04-08,12.437336921691896,11.41
4744_TWO,2014-04-16,12.899516105651855,15.12
4744_TWO,2014-07-18,12.905440330505373,12.27
4744_TWO,2015-03-20,11.898130416870115,11.56
4744_TWO,2015-08-24,6.026094436645508,-12.33
4744_TWO,2015-09-09,6.77405309677124,18.53
4744_TWO,2015-11-19,7.832885265350342,13.45
4744_TWO,2015-11-23,9.535687446594238,17.56
4744_TWO,2015-11-30,18.718429565429688,88.94
4744_TWO,2015-12-02,12.38400936126709,-33.33
4744_TWO,2015-12-03,15.572891235351562,25.75
4744_TWO,2015-12-10,18.57601356506348,17.19
4744_TWO,2015-12-25,18.514095306396484,21.05
4744_TWO,2015-12-30,29.9816837310791,43.68
4744_TWO,2015-12-31,24.82993698120117,-17.18
4744_TWO,2016-01-08,24.94758987426757,16.82
4744_TWO,2016-01-11,28.353191375732425,13.65
4744_TWO,2016-01-12,24.76801872253418,-12.64
4744_TWO,2016-02-01,22.39029121398925,-11.74
4744_TWO,2016-04-07,19.820606231689453,12.71
4744_TWO,2016-04-15,22.229297637939453,13.72
4744_TWO,2017-10-02,27.21631050109864,10.77
4745_TWO,2020-03-16,22.96903419494629,-12.33
4746_TW,2017-10-02,64.96758270263672,10.94
4747_TWO,2013-07-05,26.0676326751709,11.68
4747_TWO,2013-07-12,34.07533264160156,15.91
4747_TWO,2013-09-16,42.43488693237305,11.92
4747_TWO,2013-10-30,50.13927459716797,10.91
4747_TWO,2013-12-25,56.38542556762695,28.04
4747_TWO,2013-12-26,48.12204360961914,-14.66
4747_TWO,2014-07-29,35.92140197753906,-13.57
4747_TWO,2014-07-30,40.74418258666992,13.43
4749_TWO,2022-05-13,134.13145446777344,11.69
4749_TWO,2022-07-07,161.248291015625,11.74
4749_TWO,2022-08-18,244.504623413086,12.81
4749_TWO,2022-09-28,187.5184936523437,-18.09
4749_TWO,2022-10-11,184.5961151123047,-13.07
4749_TWO,2022-10-13,161.70425415039062,-11.47
4749_TWO,2022-11-07,155.85951232910156,-14.67
4749_TWO,2024-08-05,487.099853515625,-15.61
4749_TWO,2025-01-20,757.5382080078125,11.19
4754_TWO,2013-03-22,7.371781826019287,12.56
4754_TWO,2014-11-28,9.310341835021973,14.29
4754_TWO,2015-08-24,7.283369541168213,-11.37
4754_TWO,2015-08-31,8.712162971496582,11.26
4754_TWO,2015-11-30,9.409137725830078,12.5
4754_TWO,2015-12-01,8.363676071166992,-11.11
4754_TWO,2016-08-29,16.552629470825195,13.07
4754_TWO,2016-09-29,24.27719116210937,27.17
4754_TWO,2017-07-18,17.477209091186523,12.06
4755_TW,2013-11-26,23.86553192138672,11.36
4755_TW,2013-11-27,19.043588638305664,-20.2
4760_TWO,2015-11-09,13.82917308807373,12.44
4760_TWO,2015-12-31,15.533071517944336,29.77
4760_TWO,2016-01-04,12.197271347045898,-21.48
4760_TWO,2017-10-31,20.62158393859864,13.66
4760_TWO,2017-12-12,16.32402801513672,13.93
4760_TWO,2018-01-15,14.65680980682373,-12.72
4760_TWO,2018-01-16,16.558378219604492,12.97
4760_TWO,2018-02-23,19.81916618347168,11.15
4760_TWO,2019-03-04,25.987398147583008,10.62
4764_TW,2018-01-05,54.054481506347656,17.01
4766_TW,2018-11-29,81.5911865234375,19.68
4767_TWO,2017-10-05,23.81032943725586,-10.92
4767_TWO,2018-10-29,13.32553768157959,-13.86
4768_TWO,2019-11-27,24.206031799316406,-18.86
4768_TWO,2020-03-10,25.76913833618164,10.95
4768_TWO,2020-07-27,96.2195281982422,314.29
4768_TWO,2020-07-29,126.08077239990234,22.14
4768_TWO,2020-08-06,125.3434600830078,12.58
4768_TWO,2020-10-12,127.11278533935548,11.84
4768_TWO,2021-03-18,99.67913818359376,11.86
4768_TWO,2021-11-15,107.0743179321289,17.45
4768_TWO,2022-04-14,93.10809326171876,15.38
4770_TW,2021-04-20,195.9775848388672,13.49
4770_TW,2021-12-22,213.90850830078125,-10.64
4772_TWO,2022-10-13,81.88630676269531,-11.52
4772_TWO,2022-11-02,84.45179748535156,14.12
4772_TWO,2024-01-31,105.42479705810548,13.83
4772_TWO,2024-02-15,156.65927124023438,14.39
4772_TWO,2024-02-21,186.21762084960932,20.77
4772_TWO,2024-03-12,179.3206787109375,10.64
4772_TWO,2024-09-20,195.2449951171875,13.87
4804_TWO,2014-12-30,71.25949096679688,-10.92
4804_TWO,2015-11-23,85.1170654296875,12.04
4804_TWO,2015-11-27,96.0204849243164,13.75
4804_TWO,2015-12-02,118.1790542602539,24.54
4804_TWO,2018-02-12,25.91330909729004,-15.04
4804_TWO,2025-08-04,9.899999618530272,11.49
4806_TWO,2015-04-07,167.4031524658203,11.96
4806_TWO,2016-03-09,177.21670532226562,-18.94
4806_TWO,2017-06-29,89.15254211425781,-16.19
4806_TWO,2017-06-30,116.0,30.11
4806_TWO,2021-12-13,19.239999771118164,15.9
4806_TWO,2024-11-27,26.0,12.55
4806_TWO,2025-04-23,20.600000381469727,12.45
4807_TW,2017-06-26,48.46869659423828,-13.95
4903_TWO,2015-08-26,13.244492530822754,14.3
4903_TWO,2020-03-19,15.756607055664062,-13.2
4903_TWO,2021-06-04,10.499564170837402,-10.52
4905_TWO,2010-02-08,16.261289596557617,12.93
4905_TWO,2017-10-02,59.70110321044922,11.96
4906_TW,2003-08-05,16.22272300720215,17.32
4906_TW,2005-12-22,14.194771766662598,-11.13
4906_TW,2005-12-23,16.325443267822266,15.01
4906_TW,2005-12-26,14.36965274810791,-11.98
4906_TW,2005-12-27,16.140501022338867,12.32
4906_TW,2006-05-18,16.468250274658203,-13.78
4906_TW,2006-05-22,18.99871253967285,15.37
4906_TW,2006-05-30,20.20924949645996,15.37
4906_TW,2006-07-26,16.992916107177734,-10.87
4906_TW,2006-07-28,17.98992919921875,13.67
4906_TW,2008-08-07,30.64883041381836,14.49
4907_TWO,2010-03-23,9.632193565368652,14.32
4907_TWO,2010-05-27,7.60845947265625,-13.4
4907_TWO,2010-07-23,7.7544026374816895,-13.37
4907_TWO,2011-05-25,3.8917953968048096,-13.04
4907_TWO,2011-08-15,3.599910259246826,-21.28
4907_TWO,2011-10-26,2.7729039192199707,-28.75
4907_TWO,2011-11-04,3.1523540019989014,13.29
4907_TWO,2012-02-21,2.792363166809082,-19.83
4907_TWO,2012-04-25,2.977223396301269,-13.31
4907_TWO,2012-05-25,2.4323718547821045,-12.28
4907_TWO,2012-07-17,1.8583319187164309,-24.51
4907_TWO,2012-07-20,1.615094542503357,-13.09
4907_TWO,2012-07-27,1.4107757806777954,-12.65
4907_TWO,2012-08-20,1.128620147705078,-12.12
4907_TWO,2012-09-07,1.1188910007476809,13.86
4907_TWO,2012-09-12,1.3621281385421753,13.82
4907_TWO,2012-09-14,1.5469887256622314,13.57
4907_TWO,2012-09-18,1.7610371112823486,13.84
4907_TWO,2012-09-21,2.140486717224121,13.99
4907_TWO,2012-09-25,2.44210171699524,14.09
4907_TWO,2012-10-03,3.629099369049072,21.9
4907_TWO,2012-10-05,4.14476203918457,14.21
4907_TWO,2012-11-23,7.637648105621338,11.35
4908_TWO,2008-08-18,13.655243873596191,17.03
4908_TWO,2020-03-19,18.03475952148437,-11.72
4908_TWO,2025-08-04,91.65113067626952,10.91
4909_TWO,2020-03-16,11.500840187072754,-13.91
4911_TWO,2017-06-05,59.55127716064453,15.89
4911_TWO,2020-07-08,38.92101287841797,10.77
4911_TWO,2022-06-13,29.137590408325195,11.93
4916_TW,2013-05-29,33.377132415771484,16.02
4916_TW,2013-09-04,29.01488304138184,13.28
4916_TW,2016-06-06,36.07163238525391,11.11
4923_TWO,2013-05-23,8.366479873657227,11.17
4923_TWO,2013-05-24,9.426300048828123,12.67
4923_TWO,2016-11-14,4.182561874389648,-20.27
4923_TWO,2016-11-21,5.7181596755981445,47.23
4923_TWO,2017-04-10,7.421059131622314,32.13
4923_TWO,2017-04-11,9.30321216583252,25.36
4923_TWO,2017-04-12,11.053912162780762,18.82
4923_TWO,2017-04-13,9.022383689880373,-18.38
4923_TWO,2017-04-21,8.544376373291016,-11.56
4923_TWO,2017-05-10,6.04081392288208,-15.75
4923_TWO,2017-05-24,6.243967056274414,12.0
4923_TWO,2017-05-26,5.01309871673584,-12.6
4923_TWO,2017-06-08,5.909361839294434,17.18
4923_TWO,2017-06-13,5.3417277336120605,-12.01
4923_TWO,2017-07-12,5.795835018157959,13.32
4923_TWO,2017-07-28,6.157999038696289,-11.66
4923_TWO,2017-08-08,6.80458927154541,13.33
4923_TWO,2017-10-27,6.311948776245117,13.89
4923_TWO,2017-10-30,7.389598369598389,17.07
4923_TWO,2018-01-22,8.750516891479492,23.57
4923_TWO,2018-01-23,10.776497840881348,23.15
4923_TWO,2018-01-24,9.483318328857422,-12.0
4923_TWO,2018-01-29,9.939010620117188,15.12
4923_TWO,2018-02-06,8.036188125610352,-12.42
4923_TWO,2018-02-12,10.456281661987305,23.67
4923_TWO,2018-04-11,15.641318321228027,24.21
4923_TWO,2018-05-28,21.06035804748535,12.17
4923_TWO,2018-05-30,26.602554321289062,19.01
4923_TWO,2018-06-11,35.71639633178711,26.09
4923_TWO,2018-11-21,21.035873413085938,13.9
4923_TWO,2020-01-30,14.494868278503418,-13.28
4923_TWO,2020-03-16,9.938347816467283,-12.09
4923_TWO,2020-03-19,7.074051380157471,-22.2
4923_TWO,2020-03-20,7.906291961669922,11.76
4923_TWO,2020-04-06,10.368338584899902,15.0
4923_TWO,2020-04-15,10.541723251342772,13.86
4923_TWO,2020-07-28,13.385212898254396,36.4
4923_TWO,2020-10-07,13.940041542053224,11.67
4923_TWO,2020-11-06,15.292433738708496,17.91
4923_TWO,2020-11-24,16.852886199951172,13.82
4923_TWO,2020-12-01,17.19965362548828,12.22
4923_TWO,2020-12-07,20.11249542236328,13.28
4923_TWO,2021-02-03,19.97379302978516,15.2
4923_TWO,2021-02-19,27.04784202575684,13.87
4923_TWO,2021-03-29,37.72826766967773,12.86
4923_TWO,2021-04-08,47.29904556274414,12.73
4923_TWO,2021-04-09,42.23624420166016,-10.7
4923_TWO,2021-05-12,32.59611511230469,-15.16
4923_TWO,2021-05-17,28.434907913208008,-11.54
4923_TWO,2021-05-18,32.665470123291016,14.88
4923_TWO,2021-06-18,40.01693344116211,11.39
4923_TWO,2021-11-15,58.72584915161133,12.93
4924_TWO,2011-10-24,33.94175338745117,20.13
4924_TWO,2024-11-27,16.100000381469727,-10.56
4930_TW,2014-11-26,18.13040351867676,-30.64
4931_TWO,2013-11-11,1.0281322002410889,-19.74
4931_TWO,2014-01-27,1.4207522869110107,18.28
4931_TWO,2014-02-12,1.663644313812256,12.36
4931_TWO,2014-03-25,1.869936347007752,15.64
4931_TWO,2014-08-29,1.197824001312256,24.14
4931_TWO,2018-03-12,12.089366912841797,909.28
4931_TWO,2018-06-07,18.41426467895508,12.2
4931_TWO,2019-04-17,19.47612190246582,18.72
4931_TWO,2019-08-16,26.898462295532227,10.73
4931_TWO,2019-08-19,33.43454360961914,24.3
4931_TWO,2019-09-18,32.68037796020508,16.59
4933_TWO,2013-09-03,31.57049369812012,-24.05
4933_TWO,2013-09-04,43.0932502746582,36.5
4933_TWO,2022-06-16,28.52906990051269,10.52
4938_TW,2010-06-25,16.061378479003906,-10.65
4938_TW,2012-01-06,17.7557315826416,10.77
4939_TWO,2011-09-20,14.084095001220703,15.91
4939_TWO,2011-09-23,12.703301429748535,-11.03
4939_TWO,2016-02-01,6.333445072174072,10.96
4939_TWO,2020-03-16,8.075236320495605,-13.1
4939_TWO,2020-03-19,6.354683876037598,-12.71
4943_TW,2015-01-21,40.6153450012207,13.37
4943_TW,2016-03-17,54.427513122558594,-14.13
4943_TW,2016-11-11,71.76850891113281,-16.9
4943_TW,2016-11-15,60.27338409423828,-10.72
4943_TW,2016-11-16,71.40359497070312,18.47
4946_TWO,2011-06-15,443.9801940917969,10.98
4946_TWO,2023-11-20,72.07823181152344,82.26
4946_TWO,2024-09-09,50.00083160400391,-14.77
4946_TWO,2024-10-01,43.20000076293945,-11.84
4946_TWO,2024-10-09,41.84999847412109,-11.24
4950_TWO,2012-05-03,21.03279685974121,14.9
4950_TWO,2013-09-16,11.413702011108398,13.98
4950_TWO,2017-07-25,18.049999237060547,13.24
4950_TWO,2018-11-30,14.649999618530272,-10.94
4950_TWO,2019-01-15,14.899999618530272,-10.51
4950_TWO,2020-03-16,6.380000114440918,-16.93
4950_TWO,2025-11-03,26.18480491638184,161.85
4951_TWO,2013-11-29,5.183204650878906,11.18
4951_TWO,2014-03-20,5.759115219116211,23.53
4951_TWO,2014-03-21,4.8541107177734375,-15.71
4951_TWO,2014-07-21,7.730791091918945,22.04
4951_TWO,2014-07-28,9.905951499938965,22.71
4951_TWO,2014-07-29,8.543673515319824,-13.75
4951_TWO,2014-12-08,6.671241283416748,14.75
4951_TWO,2015-01-27,6.710483551025391,10.73
4951_TWO,2016-10-21,9.828828811645508,18.32
4951_TWO,2018-04-13,8.663910865783691,15.91
4951_TWO,2018-08-06,9.861724853515623,10.53
4951_TWO,2019-02-22,10.845004081726074,15.38
4951_TWO,2020-02-10,13.15305995941162,16.29
4951_TWO,2020-07-27,19.653976440429688,42.6
4951_TWO,2021-02-17,23.44613265991211,12.75
4951_TWO,2021-02-18,26.708202362060547,13.91
4951_TWO,2021-02-22,30.33725357055664,11.88
4951_TWO,2021-03-31,32.29449844360352,13.14
4951_TWO,2021-04-12,40.77588272094727,13.64
4951_TWO,2021-06-09,33.966312408447266,13.03
4951_TWO,2021-09-27,43.25185775756836,13.81
4951_TWO,2022-10-04,48.9489631652832,10.58
4951_TWO,2022-11-03,39.40656661987305,-12.55
4953_TWO,2013-04-01,12.812325477600098,-10.94
4953_TWO,2013-05-15,12.58755111694336,12.04
4953_TWO,2013-09-05,16.457321166992188,15.41
4953_TWO,2013-12-13,19.271896362304688,16.77
4953_TWO,2013-12-26,24.17636680603028,17.52
4953_TWO,2015-08-27,11.00757884979248,17.71
4953_TWO,2020-03-16,46.06270217895508,-15.43
4956_TW,2011-10-25,29.36126708984375,15.33
4956_TW,2016-08-29,20.0604190826416,11.7
4956_TW,2016-08-31,24.2635555267334,12.14
4958_TW,2012-01-06,31.271339416503903,14.37
4958_TW,2012-02-06,45.30940246582031,14.27
4961_TW,2014-02-10,32.990455627441406,12.38
4961_TW,2014-06-20,45.55292510986328,15.99
4961_TW,2015-08-27,30.59673309326172,18.59
4961_TW,2015-08-28,34.313819885253906,12.15
4961_TW,2015-10-21,39.2922477722168,10.66
4961_TW,2016-02-25,42.99977493286133,12.19
4961_TW,2016-08-10,33.24361038208008,12.01
4961_TW,2018-04-30,31.849943161010746,23.51
4961_TW,2021-04-07,373.2247619628906,12.31
4966_TWO,2011-09-14,105.13312530517578,10.61
4966_TWO,2011-09-15,130.61993408203125,24.24
4966_TWO,2025-08-04,622.5855102539062,11.65
4967_TW,2013-04-29,10.346830368041992,10.89
4967_TW,2013-08-13,11.588117599487305,31.6
4967_TW,2013-08-22,9.630383491516112,-11.76
4967_TW,2013-09-16,11.345208168029783,16.48
4967_TW,2013-11-13,9.454340934753418,-11.63
4967_TW,2014-02-07,12.639402389526367,14.63
4967_TW,2014-05-23,12.773863792419434,15.15
4967_TW,2014-05-27,13.782328605651855,10.51
4967_TW,2014-06-18,15.118538856506348,12.37
4967_TW,2014-08-13,14.866425514221191,23.62
4967_TW,2014-08-14,16.547197341918945,11.31
4967_TW,2014-11-28,18.65323638916016,16.89
4967_TW,2015-11-16,6.244786739349365,-12.68
4967_TW,2015-11-25,6.861786365509033,20.92
4967_TW,2016-05-26,4.898605346679688,13.42
4967_TW,2016-06-17,5.739968299865723,16.73
4967_TW,2016-06-20,6.721559047698975,17.1
4967_TW,2017-02-06,8.133182525634766,12.26
4967_TW,2017-03-10,8.619302749633789,12.44
4967_TW,2017-03-27,15.051058769226074,39.51
4967_TW,2017-03-30,16.42528533935547,11.91
4967_TW,2017-05-25,15.88307285308838,11.78
4967_TW,2017-08-07,20.5666618347168,-13.89
4967_TW,2018-01-25,23.52078628540039,11.38
4967_TW,2018-06-04,31.429601669311523,11.36
4967_TW,2018-06-06,36.48712921142578,12.84
4967_TW,2018-08-03,41.17193222045898,14.36
4967_TW,2019-01-14,30.935935974121094,-16.47
4967_TW,2022-10-11,28.25180435180664,-11.88
4968_TW,2013-12-19,12.938681602478027,11.47
4968_TW,2014-02-06,19.77921485900879,20.52
4968_TW,2015-07-17,37.3949089050293,16.37
4968_TW,2018-04-02,47.99321746826172,15.47
4968_TW,2025-08-04,131.99427795410156,14.16
4972_TWO,2013-03-14,15.992653846740724,19.7
4972_TWO,2013-06-17,13.684853553771973,-11.52
4972_TWO,2015-07-14,17.655729293823242,12.24
4972_TWO,2016-07-26,22.827905654907227,12.86
4972_TWO,2017-07-18,19.634246826171875,13.17
4973_TWO,2015-09-01,6.828024387359619,-11.54
4973_TWO,2015-09-02,7.892103672027588,15.58
4973_TWO,2016-06-08,13.81118392944336,11.43
4973_TWO,2020-03-16,16.636634826660156,-15.09
4974_TWO,2016-07-19,16.80413246154785,11.29
4976_TW,2017-02-20,26.46333312988281,13.18
4977_TW,2013-07-16,33.23967361450195,11.02
4977_TW,2013-11-21,42.197879791259766,10.9
4979_TWO,2020-03-16,13.616815567016602,-18.79
4979_TWO,2024-03-27,117.8818588256836,-13.31
4987_TWO,2015-07-27,29.263378143310547,12.24
4989_TW,2014-01-10,3.246619939804077,13.26
4989_TW,2014-06-13,2.4783358573913574,16.73
4989_TW,2014-06-17,2.1809353828430176,-12.0
4989_TW,2014-06-25,2.4783358573913574,17.65
4989_TW,2014-07-07,3.560542106628418,46.6
4989_TW,2014-07-10,2.907914400100708,-11.56
4989_TW,2014-07-17,3.1144418716430664,14.94
4989_TW,2014-07-24,3.387059211730957,14.21
4989_TW,2014-08-12,5.782783508300781,74.56
4989_TW,2014-08-13,7.49283504486084,29.57
4989_TW,2014-08-15,2.3378968238830566,-68.8
4989_TW,2014-08-18,3.469670057296753,48.41
4989_TW,2014-08-20,3.130964756011963,-12.67
4989_TW,2014-08-22,2.602252960205078,-16.0
4989_TW,2014-08-25,2.3213744163513184,-10.79
4989_TW,2014-08-26,2.651819229125977,14.23
4989_TW,2014-09-02,2.1726744174957275,-12.33
4989_TW,2017-06-26,27.1790828704834,1305.98
4991_TWO,2013-07-04,14.94843578338623,12.2
4991_TWO,2013-07-18,17.60711097717285,17.65
4991_TWO,2013-10-02,17.196277618408203,16.36
4991_TWO,2014-02-10,21.128536224365234,10.77
4991_TWO,2014-02-11,23.76959991455078,12.5
4991_TWO,2014-03-17,23.00662422180176,15.29
4991_TWO,2014-03-28,27.78989028930664,10.66
4991_TWO,2014-09-15,34.333866119384766,11.71
4991_TWO,2020-03-16,44.72346115112305,-17.06
4991_TWO,2022-10-13,37.29999923706055,-10.77
4991_TWO,2025-12-22,211.5,11.31
4994_TW,2012-02-06,56.13880157470703,14.21
4995_TWO,2021-12-15,29.431257247924805,14.93
5009_TWO,2020-03-16,10.864635467529297,-10.66
5011_TWO,2011-05-20,15.75120735168457,14.29
5013_TWO,2017-08-22,18.653121948242188,-16.72
5013_TWO,2017-08-23,23.329540252685547,25.07
5014_TWO,2008-08-18,4.685876846313477,-12.35
5015_TWO,2015-07-15,6.175193309783936,-17.03
5015_TWO,2015-07-16,7.384324550628662,19.58
5015_TWO,2016-06-30,10.704337120056152,11.91
5015_TWO,2017-07-05,11.9385404586792,-10.66
5015_TWO,2017-07-06,13.308969497680664,11.48
5015_TWO,2018-07-06,20.98157501220703,11.5
5201_TWO,2009-04-02,18.96480369567871,10.8
5201_TWO,2009-06-08,11.718815803527832,-10.68
5201_TWO,2016-08-25,9.780838012695312,10.52
5201_TWO,2018-02-12,20.69898223876953,12.35
5201_TWO,2019-12-26,25.33748817443848,12.66
5201_TWO,2020-03-19,19.12339210510254,-11.34
5202_TWO,2008-08-18,4.622868061065674,-13.91
5202_TWO,2020-04-30,11.240781784057615,13.89
5203_TW,2005-09-08,33.955665588378906,12.12
5205_TWO,2012-02-06,144.375,14.36
5205_TWO,2012-12-24,42.375,13.38
5205_TWO,2013-01-31,66.875,-19.25
5205_TWO,2013-02-04,57.9375,-13.36
5205_TWO,2014-09-16,33.625,-13.23
5205_TWO,2014-11-21,28.875,-12.83
5205_TWO,2014-12-29,44.375,14.15
5205_TWO,2015-04-28,49.625,-13.13
5205_TWO,2015-05-07,32.5,-13.04
5205_TWO,2015-05-22,36.625,-13.57
5205_TWO,2015-07-27,33.75,-14.56
5205_TWO,2016-06-06,45.375,21.0
5205_TWO,2016-06-08,52.5,15.7
5205_TWO,2017-02-20,40.875,-12.57
5205_TWO,2017-06-16,28.5,11.76
5205_TWO,2017-08-10,20.5,-10.87
5205_TWO,2019-11-11,21.52499961853028,-13.47
5205_TWO,2020-02-18,18.225000381469727,-19.0
5205_TWO,2020-04-29,16.225000381469727,-18.98
5205_TWO,2020-07-02,23.075000762939453,-33.84
5205_TWO,2020-07-14,23.27499961853028,-12.17
5205_TWO,2020-08-25,19.350000381469727,-10.52
5205_TWO,2020-12-10,25.0,-15.25
5205_TWO,2021-04-07,24.924999237060547,20.85
5205_TWO,2021-05-03,19.850000381469727,-20.36
5205_TWO,2021-09-10,14.5,-33.18
5205_TWO,2022-07-13,23.75,-10.55
5205_TWO,2022-09-08,44.20000076293945,-16.29
5205_TWO,2022-09-26,38.0,-16.3
5205_TWO,2022-10-11,41.70000076293945,14.88
5205_TWO,2022-10-12,35.599998474121094,-14.63
5205_TWO,2022-10-18,36.0,-12.94
5205_TWO,2022-11-28,33.54999923706055,-10.65
5205_TWO,2023-06-01,37.0,-10.84
5205_TWO,2023-06-09,34.099998474121094,-17.83
5205_TWO,2023-07-18,35.45000076293945,11.65
5205_TWO,2023-07-27,33.150001525878906,-13.9
5205_TWO,2023-09-13,29.75,-17.36
5205_TWO,2023-09-15,28.950000762939453,-11.47
5205_TWO,2023-10-02,31.89999961853028,10.57
5205_TWO,2023-10-16,32.349998474121094,17.64
5205_TWO,2023-10-17,27.850000381469727,-13.91
5205_TWO,2024-01-26,28.200000762939453,-12.42
5205_TWO,2024-05-08,26.549999237060547,-15.98
5205_TWO,2024-08-06,38.70000076293945,-20.04
5205_TWO,2024-11-22,33.349998474121094,12.48
5205_TWO,2025-08-04,35.20000076293945,12.1
5206_TWO,2009-05-14,1.3515443801879885,-24.61
5206_TWO,2009-05-20,1.1002243757247925,-12.83
5206_TWO,2009-05-26,0.9606016278266908,-12.69
5206_TWO,2009-06-08,0.8209795951843262,13.95
5206_TWO,2009-07-29,0.93826162815094,-12.95
5206_TWO,2010-06-29,0.8935828804969788,13.48
5206_TWO,2011-05-12,2.859466314315796,-13.37
5206_TWO,2011-12-01,10.97431755065918,69.4
5206_TWO,2018-02-12,7.015661716461182,12.06
5206_TWO,2020-03-19,8.148893356323242,-11.36
5209_TWO,2025-08-04,146.5,20.58
5210_TWO,2021-02-23,6.699999809265137,-10.55
5211_TWO,2008-01-02,22.179386138916016,25.24
5211_TWO,2020-03-16,11.441469192504885,-13.65
5213_TWO,2009-04-02,1.847118854522705,14.32
5213_TWO,2010-07-26,7.443304538726807,-17.27
5213_TWO,2013-08-06,9.395122528076172,-11.35
5213_TWO,2019-06-25,9.630325317382812,-10.74
5213_TWO,2019-06-26,10.721138954162598,11.33
5213_TWO,2020-03-19,7.72919225692749,-11.43
5215_TW,2013-11-08,10.171024322509766,-10.66
5220_TWO,2015-01-28,19.991941452026367,15.19
5220_TWO,2015-05-12,11.124627113342283,-14.94
5220_TWO,2015-06-25,10.38062572479248,10.86
5220_TWO,2016-02-19,12.312650680541992,10.51
5220_TWO,2016-12-21,16.40138053894043,13.49
5220_TWO,2018-07-26,20.28524780273437,10.62
5222_TW,2013-11-25,5.033553600311279,-13.35
5222_TW,2014-09-02,9.095606803894045,15.71
5222_TW,2014-09-03,12.950947761535645,42.39
5222_TW,2014-09-09,14.41073513031006,11.27
5222_TW,2014-09-25,10.98958969116211,-12.62
5222_TW,2015-01-19,14.148722648620604,11.9
5222_TW,2015-03-23,15.688255310058594,-15.63
5222_TW,2015-04-27,15.087841987609863,11.29
5222_TW,2015-09-14,8.682408332824707,-11.86
5222_TW,2015-09-16,9.669045448303224,11.36
5222_TW,2015-10-15,10.655682563781738,11.8
5222_TW,2015-10-26,13.027558326721191,15.02
5222_TW,2016-08-30,15.983524322509766,11.88
5222_TW,2016-09-05,18.54483413696289,10.56
5222_TW,2016-09-08,20.12739944458008,10.87
5222_TW,2016-12-21,23.53327369689941,15.14
5222_TW,2017-03-29,35.51893997192383,11.11
5222_TW,2017-04-07,37.92633819580078,10.54
5222_TW,2018-11-01,25.305274963378903,14.5
5222_TW,2020-07-27,56.44436264038086,74.03
5222_TW,2020-09-14,37.90456008911133,-14.41
5222_TW,2021-02-03,49.738399505615234,10.84
5222_TW,2021-04-07,79.80249786376953,13.52
5222_TW,2021-05-07,93.64755249023438,16.7
5222_TW,2021-10-25,121.94395446777344,12.77
5225_TW,2018-11-13,19.4004020690918,11.2
5227_TWO,2016-06-06,191.6693115234375,11.33
5227_TWO,2017-10-02,172.16429138183594,10.52
5227_TWO,2020-03-10,63.44419479370117,-11.57
5227_TWO,2021-04-07,34.660850524902344,10.68
5228_TWO,2015-04-02,25.15342140197754,21.23
5228_TWO,2015-04-21,21.995380401611328,-12.4
5228_TWO,2015-12-02,21.37551689147949,12.81
5228_TWO,2018-06-11,18.839569091796875,25.16
5228_TWO,2018-11-08,12.217461585998535,-14.11
5228_TWO,2021-02-22,24.05955696105957,45.51
5228_TWO,2021-02-23,20.608783721923828,-14.34
5228_TWO,2021-05-11,25.25774002075196,-13.18
5228_TWO,2022-04-19,30.44693374633789,12.7
5230_TWO,2013-08-01,42.00722503662109,-15.06
5230_TWO,2013-08-02,50.142120361328125,19.37
5230_TWO,2015-08-06,28.866289138793945,13.51
5230_TWO,2020-03-16,16.822105407714844,-12.95
5236_TWO,2020-09-24,63.719051361083984,-11.44
5236_TWO,2021-01-05,102.38005065917967,11.28
5236_TWO,2021-01-13,117.7728500366211,10.77
5236_TWO,2021-03-25,161.80345153808594,17.71
5236_TWO,2021-06-08,152.4961700439453,26.79
5245_TWO,2013-06-05,16.606483459472656,16.25
5245_TWO,2013-06-07,14.814885139465332,-17.03
5245_TWO,2014-08-18,26.703487396240234,13.36
5245_TWO,2014-08-19,29.596717834472656,10.83
5245_TWO,2015-05-26,35.153648376464844,15.25
5245_TWO,2016-08-01,106.04436492919922,11.12
5245_TWO,2021-04-07,45.76242065429688,20.85
5251_TWO,2012-11-30,31.23523330688477,12.53
5251_TWO,2022-08-23,23.0,11.38
5258_TW,2013-12-10,13.72991943359375,18.13
5258_TW,2013-12-27,17.625385284423828,11.74
5258_TW,2014-03-03,19.92435073852539,10.64
5258_TW,2016-03-04,29.879751205444336,13.3
5258_TW,2016-03-09,24.474702835083008,-14.33
5258_TW,2016-04-11,29.879751205444336,11.6
5258_TW,2016-10-11,44.07712936401367,-18.73
5258_TW,2016-12-20,41.57479476928711,16.48
5258_TW,2016-12-30,32.90684509277344,-16.1
5263_TWO,2012-12-19,45.78968811035156,16.71
5263_TWO,2018-07-17,120.06351470947266,-16.59
5263_TWO,2018-07-18,156.89315795898438,30.68
5269_TW,2017-10-02,341.1302490234375,12.94
5272_TWO,2015-07-06,41.87139129638672,-14.73
5272_TWO,2015-07-07,49.85886001586914,19.08
5274_TWO,2013-04-30,94.48468780517578,16.99
5274_TWO,2020-03-16,763.39013671875,-10.54
5274_TWO,2021-04-07,1667.77197265625,13.37
5276_TWO,2022-01-10,13.44199275970459,-11.44
5276_TWO,2022-03-15,10.326299667358398,-13.43
5276_TWO,2022-03-16,11.572575569152832,12.07
5276_TWO,2022-04-06,12.907873153686523,13.73
5276_TWO,2022-04-07,11.439046859741213,-11.38
5276_TWO,2022-05-16,10.81590747833252,-10.66
5276_TWO,2022-08-04,13.00376033782959,-11.31
5276_TWO,2022-08-15,13.40732479095459,-12.32
5276_TWO,2022-08-23,14.573179244995115,11.3
5276_TWO,2022-10-17,11.38949966430664,-18.06
5276_TWO,2022-11-01,10.85141372680664,-16.84
5278_TWO,2020-03-16,3.853102207183838,-14.86
5278_TWO,2022-08-10,12.830177307128906,10.81
5278_TWO,2024-03-19,19.469770431518555,13.49
5283_TW,2014-08-14,12.99822998046875,27.19
5283_TW,2016-03-10,17.139318466186523,11.73
5283_TW,2016-07-20,19.17971420288086,12.17
5283_TW,2016-08-16,23.62369537353516,15.78
5287_TWO,2013-05-30,79.46514892578125,13.28
5287_TWO,2013-12-26,93.60042572021484,11.11
5287_TWO,2013-12-27,106.931396484375,14.24
5287_TWO,2014-01-20,89.62950134277344,-11.73
5288_TW,2014-09-26,42.1109504699707,-10.53
5289_TWO,2016-08-25,51.40043258666992,13.22
5289_TWO,2017-08-30,67.81941223144531,12.18
5291_TWO,2014-06-03,28.926773071289062,12.09
5291_TWO,2014-07-24,36.89388656616211,16.87
5291_TWO,2015-08-26,8.725937843322754,-13.75
5291_TWO,2015-08-27,10.59906005859375,21.47
5292_TW,2020-02-21,28.668785095214844,11.02
5292_TW,2020-02-24,32.71004867553711,14.1
5292_TW,2020-07-28,35.50737380981445,31.96
5292_TW,2020-09-30,39.05810928344727,25.35
5292_TW,2021-01-06,41.30448913574219,11.98
5292_TW,2021-03-02,50.72481536865234,19.66
5292_TW,2021-03-03,57.0291862487793,12.43
5292_TW,2021-05-21,52.10163116455078,19.83
5292_TW,2023-03-15,67.64474487304688,11.53
5292_TW,2023-05-04,66.8023452758789,10.91
5292_TW,2023-11-21,124.41990661621094,19.92
5292_TW,2023-11-27,133.89132690429688,13.09
5299_TWO,2013-06-11,14.484344482421877,12.0
5299_TWO,2014-06-10,12.432601928710938,12.41
5299_TWO,2014-06-18,12.83724880218506,11.85
5299_TWO,2016-01-11,6.634937286376953,11.17
5299_TWO,2016-01-12,7.353995323181152,10.84
5299_TWO,2016-01-14,6.824507236480713,-11.53
5299_TWO,2016-08-08,7.484732627868652,21.81
5299_TWO,2016-09-12,8.996532440185547,20.61
5299_TWO,2016-10-11,11.3128023147583,15.57
5299_TWO,2016-10-24,11.917046546936035,12.56
5299_TWO,2016-11-25,12.68242359161377,33.03
5299_TWO,2017-02-13,14.112471580505373,12.11
5299_TWO,2017-02-16,16.448881149291992,17.51
5299_TWO,2017-05-08,21.490966796875,14.28
5299_TWO,2017-05-15,27.72811317443848,13.15
5299_TWO,2017-06-02,34.90519714355469,18.13
5299_TWO,2017-08-03,26.942598342895508,-10.62
5299_TWO,2017-08-21,35.58329772949219,11.58
5299_TWO,2017-11-01,49.07316970825195,10.79
5301_TWO,2008-08-18,90.6858367919922,-11.14
5301_TWO,2010-09-07,55.97287368774414,-13.3
5301_TWO,2012-01-02,5.698791027069092,-43.2
5301_TWO,2012-07-06,10.3844633102417,-12.77
5301_TWO,2012-07-11,8.408882141113281,-13.09
5301_TWO,2012-08-24,9.11806583404541,14.29
5301_TWO,2012-10-16,34.95258712768555,-13.75
5301_TWO,2012-10-26,34.69930648803711,13.69
5301_TWO,2012-10-31,31.65995216369629,-13.19
5301_TWO,2012-11-09,34.57266616821289,13.75
5301_TWO,2014-04-30,235.8033142089844,44.57
5301_TWO,2015-08-12,145.09982299804688,12.33
5301_TWO,2016-08-30,91.28414154052734,12.37
5301_TWO,2023-11-20,23.18174934387207,-17.05
5301_TWO,2025-12-29,11.75,10.85
5301_TWO,2026-01-15,12.399999618530272,12.22
5302_TWO,2008-08-18,18.600000381469727,-11.85
5302_TWO,2019-12-24,6.050000190734863,11.42
5302_TWO,2020-03-19,4.929999828338623,-10.53
5302_TWO,2021-04-07,17.25,20.63
5302_TWO,2025-08-04,7.489999771118164,11.46
5306_TW,2010-02-08,3.0429680347442627,-11.01
5306_TW,2010-06-29,4.852957725524902,14.31
5306_TW,2012-01-12,18.160633087158203,45.5
5306_TW,2018-07-17,95.83120727539062,11.63
5306_TW,2020-03-19,51.89847183227539,-12.47
5309_TWO,2009-01-12,6.673872470855713,-10.55
5309_TWO,2025-08-04,46.5,12.05
5310_TWO,2008-06-13,13.574552536010742,-13.31
5310_TWO,2008-08-19,12.908923149108888,-11.86
5310_TWO,2015-07-30,62.97267532348633,19.03
5310_TWO,2021-04-07,44.058380126953125,20.78
5310_TWO,2022-12-14,27.89999961853028,-10.58
5310_TWO,2023-04-18,24.299999237060547,-10.66
5310_TWO,2024-03-14,43.79999923706055,13.18
5310_TWO,2024-03-27,46.0,-13.86
5312_TWO,2018-07-31,40.99153137207031,10.91
5312_TWO,2020-03-19,34.78704833984375,-12.52
5314_TWO,2012-04-11,3.706075668334961,21.05
5314_TWO,2018-04-02,1.1077934503555298,16.77
5314_TWO,2019-09-16,1.1077934503555298,12.24
5314_TWO,2023-01-04,0.7969573140144348,-12.47
5314_TWO,2023-10-18,1.5692410469055176,-18.98
5314_TWO,2024-03-27,19.68953514099121,33.0
5315_TWO,2010-09-06,7.234429359436035,50.82
5315_TWO,2014-12-29,4.46922492980957,13.96
5315_TWO,2016-06-08,17.239944458007812,12.54
5315_TWO,2017-07-05,11.238865852355955,-11.04
5315_TWO,2017-07-06,12.73261260986328,13.29
5315_TWO,2021-04-07,14.59296417236328,16.57
5321_TWO,2009-01-19,8.0679349899292,11.11
5321_TWO,2009-11-06,22.46919822692871,39.6
5321_TWO,2011-12-19,12.10190200805664,29.87
5321_TWO,2012-02-06,13.75582790374756,14.05
5321_TWO,2012-04-09,10.084918022155762,-13.19
5321_TWO,2012-04-11,8.753708839416504,-13.2
5321_TWO,2013-02-27,9.223780632019045,13.09
5321_TWO,2019-11-11,25.06934928894043,20.81
5321_TWO,2020-03-16,12.889126777648926,-10.91
5324_TWO,2008-08-18,15.67143726348877,41.08
5324_TWO,2008-11-20,7.570163726806641,-13.36
5324_TWO,2012-03-05,24.21672821044922,14.39
5324_TWO,2013-09-23,38.3310661315918,-18.37
5324_TWO,2013-09-24,46.896121978759766,22.34
5324_TWO,2014-12-29,18.221097946166992,10.68
5324_TWO,2020-03-16,7.326167106628418,-11.98
5328_TWO,2012-09-27,6.223020553588867,-19.94
5328_TWO,2017-06-05,8.315089225769043,11.01
5328_TWO,2020-03-16,5.726449966430664,-14.46
5328_TWO,2021-04-07,16.229551315307617,12.1
5340_TWO,2010-03-23,9.107440948486328,11.31
5344_TWO,2020-03-10,7.599999904632568,-13.64
5344_TWO,2021-04-07,18.950000762939453,18.44
5344_TWO,2022-09-26,17.149999618530273,-11.83
5345_TWO,2009-01-12,15.805368423461914,-13.26
5345_TWO,2014-12-29,50.335567474365234,11.73
5345_TWO,2019-11-18,15.46875,-18.99
5345_TWO,2019-12-09,17.0,20.89
5345_TWO,2019-12-25,19.25,13.03
5345_TWO,2020-04-01,11.96875,-14.7
5345_TWO,2023-08-29,14.625,-13.65
5345_TWO,2023-10-25,14.850000381469728,14.23
5345_TWO,2023-11-08,12.850000381469728,-13.76
5345_TWO,2023-12-25,12.5,-10.71
5347_TWO,2008-08-18,7.577693462371826,-14.25
5348_TWO,2015-06-09,16.046586990356445,-11.65
5348_TWO,2015-07-13,15.478391647338867,13.51
5348_TWO,2015-09-23,12.343527793884276,-10.64
5348_TWO,2015-10-29,13.22520923614502,-19.06
5348_TWO,2015-11-18,12.343527793884276,-15.09
5348_TWO,2016-02-26,12.872535705566406,-10.98
5348_TWO,2016-04-29,11.32469654083252,-13.6
5348_TWO,2016-05-17,14.106888771057127,-15.79
5348_TWO,2016-06-06,12.696200370788574,-17.35
5348_TWO,2016-06-15,11.461847305297852,-14.1
5348_TWO,2016-07-19,10.834875106811523,-11.09
5348_TWO,2016-08-15,10.56057357788086,-17.58
5348_TWO,2016-11-01,8.660061836242676,-16.6
5348_TWO,2017-02-20,11.363883018493652,16.7
5348_TWO,2017-06-05,9.7964506149292,10.86
5348_TWO,2020-06-30,14.459561347961426,-12.66
5348_TWO,2021-04-22,15.439207077026367,-11.26
5348_TWO,2021-05-05,14.812233924865724,-10.74
5348_TWO,2024-12-23,20.100000381469727,15.19
5348_TWO,2025-01-20,23.850000381469727,10.93
5351_TWO,2009-04-02,19.45987892150879,14.15
5351_TWO,2020-03-19,7.374799728393555,-10.78
5355_TWO,2008-08-18,7.121212005615234,-12.38
5355_TWO,2020-03-16,3.7300000190734863,-12.85
5355_TWO,2021-04-07,9.149999618530272,18.06
5355_TWO,2025-08-04,10.800000190734863,14.04
5356_TWO,2010-03-23,5.417693614959717,14.29
5356_TWO,2013-07-01,22.47149085998535,11.34
5364_TWO,2009-01-19,169.15652465820312,14.22
5364_TWO,2010-09-13,156.07083129882812,-13.3
5364_TWO,2012-02-06,39.57624053955078,13.76
5364_TWO,2013-07-26,46.91699600219727,-38.49
5364_TWO,2013-08-09,23.937244415283203,-18.48
5364_TWO,2013-09-16,82.9824447631836,14.04
5364_TWO,2015-05-07,48.47206497192383,-13.39
5364_TWO,2016-02-01,30.2950382232666,-11.63
5364_TWO,2019-10-17,15.031719207763672,-11.65
5364_TWO,2020-03-10,13.463994026184082,-12.05
5364_TWO,2020-07-27,16.138349533081055,-13.37
5364_TWO,2020-11-13,13.09511661529541,-19.32
5364_TWO,2023-10-23,24.853057861328125,11.59
5364_TWO,2023-12-13,25.037494659423828,11.27
5371_TWO,2015-07-01,22.82950592041016,12.21
5371_TWO,2017-02-20,25.03274345397949,11.92
5371_TWO,2018-07-12,26.88266563415528,11.2
5381_TWO,2012-02-06,6.067020893096924,14.18
5381_TWO,2018-01-15,8.30578899383545,42.48
5381_TWO,2020-01-30,3.539597988128662,-14.41
5381_TWO,2020-02-13,4.112008094787598,15.03
5381_TWO,2020-03-16,3.5746428966522217,-12.57
5381_TWO,2024-03-26,43.16440582275391,10.63
5386_TWO,2008-10-20,27.588733673095703,-21.59
5386_TWO,2009-01-16,6.6695332527160645,-75.83
5386_TWO,2009-03-19,8.841285705566406,-13.47
5386_TWO,2009-04-02,5.993086814880371,-13.38
5386_TWO,2009-07-21,11.369062423706056,-13.3
5386_TWO,2009-08-06,8.212308883666992,-30.24
5386_TWO,2011-09-13,4.109120845794678,-24.93
5386_TWO,2012-01-17,5.384878158569336,-11.89
5386_TWO,2012-07-05,3.248727560043335,-13.1
5386_TWO,2012-10-31,3.41190505027771,22.21
5386_TWO,2012-11-06,4.450311660766602,14.07
5386_TWO,2012-11-12,5.815073013305664,30.67
5386_TWO,2012-11-21,7.179836273193359,-11.52
5386_TWO,2016-08-08,7.053948879241943,-11.63
5386_TWO,2016-08-09,7.993293285369873,13.32
5386_TWO,2017-02-20,16.629953384399414,-18.92
5386_TWO,2018-02-12,23.72253799438477,20.74
5386_TWO,2018-04-02,37.5099983215332,20.92
5386_TWO,2018-07-24,20.88394546508789,-11.97
5386_TWO,2018-07-25,26.99773406982422,29.28
5386_TWO,2020-03-16,13.846199989318848,-15.82
5386_TWO,2024-03-14,69.73585510253906,11.15
5388_TW,2000-03-06,6.743269920349121,11.27
5388_TW,2000-05-31,4.025166034698486,11.07
5388_TW,2007-12-03,11.687138557434082,199.18
5392_TWO,2018-08-08,33.08917236328125,-12.67
5392_TWO,2018-08-09,38.29697799682617,15.74
5392_TWO,2020-03-16,17.729413986206055,-16.08
5398_TWO,2009-01-12,3.5317137241363525,-25.99
5398_TWO,2009-10-16,8.722684860229492,37.57
5398_TWO,2016-03-21,26.603395462036133,28.9
5403_TWO,2010-03-23,7.786687850952148,14.26
5403_TWO,2015-10-21,9.641568183898926,13.27
5403_TWO,2016-08-09,13.982532501220703,10.69
5403_TWO,2018-07-17,20.22577476501465,11.55
5410_TWO,2008-08-18,2.8840339183807373,-11.84
5410_TWO,2010-02-08,12.212678909301758,-10.79
5410_TWO,2016-08-17,6.8760528564453125,10.54
5425_TWO,2020-03-16,29.37715530395508,-12.07
5432_TWO,2009-06-08,13.275101661682127,13.45
5432_TWO,2011-06-28,4.319981575012207,16.33
5432_TWO,2011-09-07,12.31614589691162,136.98
5432_TWO,2022-06-24,33.292442321777344,11.74
5432_TWO,2022-08-04,31.520038604736328,-12.73
5432_TWO,2022-09-20,29.603923797607425,-11.71
5432_TWO,2022-11-28,28.023134231567383,-11.09
5432_TWO,2022-12-30,26.154924392700195,-12.22
5434_TW,2000-05-31,3.135527372360229,14.1
5434_TW,2000-06-05,4.063267707824707,13.82
5434_TW,2003-08-25,9.64063549041748,82.43
5434_TW,2005-08-16,17.010644912719727,11.33
5434_TW,2005-09-29,20.629261016845703,12.7
5434_TW,2005-12-23,22.125682830810547,11.81
5434_TW,2005-12-26,18.64701271057129,-15.72
5434_TW,2006-05-18,17.27703285217285,-10.8
5434_TW,2006-05-29,15.69774341583252,-12.06
5434_TW,2006-05-30,17.636415481567383,12.35
5434_TW,2006-07-28,17.080598831176758,15.09
5434_TW,2010-08-05,14.002195358276367,13.83
5443_TWO,2016-07-12,11.407509803771973,11.54
5443_TWO,2016-09-12,13.734906196594238,-16.53
5443_TWO,2020-03-16,10.281258583068848,-11.71
5443_TWO,2024-03-19,53.66761779785156,12.79
5450_TWO,2010-03-23,36.57181930541992,11.22
5450_TWO,2012-02-06,14.353217124938965,14.13
5450_TWO,2020-03-16,11.775859832763672,-11.67
5450_TWO,2020-09-23,18.35256576538086,-11.37
5450_TWO,2021-06-30,16.930574417114258,11.73
5452_TWO,2021-04-07,31.10875129699707,17.71
5455_TWO,2012-02-06,39.79999923706055,14.37
5455_TWO,2012-04-12,22.0,-29.79
5455_TWO,2015-08-26,10.550000190734863,-11.34
5455_TWO,2015-09-02,9.050000190734863,-12.98
5455_TWO,2015-10-06,7.210000038146973,11.44
5455_TWO,2015-11-24,5.630000114440918,-14.44
5455_TWO,2016-02-01,5.809999942779541,-14.31
5455_TWO,2016-04-11,5.099999904632568,-17.87
5455_TWO,2016-04-27,5.900000095367432,-11.28
5455_TWO,2016-04-29,4.78000020980835,-18.98
5455_TWO,2016-07-01,7.869999885559082,-18.87
5455_TWO,2016-07-26,10.350000381469728,-16.53
5455_TWO,2016-07-29,8.149999618530273,-12.55
5455_TWO,2016-12-02,5.050000190734863,-15.13
5455_TWO,2017-02-20,9.670000076293944,20.88
5455_TWO,2017-10-12,7.880000114440918,-18.76
5455_TWO,2018-01-12,8.649999618530273,-11.46
5455_TWO,2018-01-29,9.68000030517578,12.56
5455_TWO,2018-08-31,15.399999618530272,17.11
5455_TWO,2019-11-13,25.799999237060547,-11.03
5455_TWO,2020-01-08,25.100000381469727,-11.78
5455_TWO,2022-12-13,33.349998474121094,20.83
5455_TWO,2024-09-05,75.9000015258789,-10.71
5455_TWO,2024-10-09,65.9000015258789,-10.83
5455_TWO,2024-11-18,63.79999923706055,10.57
5457_TWO,2018-02-12,41.85582733154297,10.68
5457_TWO,2020-03-16,53.54450988769531,-13.47
5460_TWO,2008-08-18,6.239412307739258,19.27
5464_TWO,2008-08-18,12.053399085998535,10.87
5464_TWO,2015-09-02,8.301546096801758,-11.14
5464_TWO,2015-09-03,9.743902206420898,17.37
5464_TWO,2020-03-19,7.011415481567383,-11.71
5465_TWO,2011-10-07,4.722549915313721,63.7
5465_TWO,2014-11-27,8.547601699829102,14.83
5465_TWO,2020-03-16,7.086310863494873,-11.06
5468_TWO,2009-01-12,20.936750411987305,14.21
5468_TWO,2011-10-28,40.201133728027344,89.39
5468_TWO,2015-08-24,24.249324798583984,-10.77
5468_TWO,2018-04-02,17.817142486572266,20.7
5468_TWO,2018-04-20,15.726682662963867,-14.66
5468_TWO,2018-09-18,12.57491397857666,-13.11
5468_TWO,2019-07-08,9.648271560668944,-13.04
5468_TWO,2019-09-10,10.773902893066406,11.3
5468_TWO,2019-11-25,11.504528045654297,11.01
5468_TWO,2019-12-16,10.81973361968994,-12.22
5468_TWO,2020-02-06,10.911040306091309,-13.09
5468_TWO,2020-03-16,10.363205909729004,-14.34
5468_TWO,2020-05-27,8.628396034240723,-19.57
5468_TWO,2020-06-01,9.541454315185549,10.58
5468_TWO,2020-08-11,10.13494110107422,-11.2
5468_TWO,2020-11-02,10.545817375183104,11.06
5469_TW,2005-06-02,9.245387077331545,13.54
5469_TW,2007-01-05,8.064809799194336,-15.85
5469_TW,2007-01-08,9.516474723815918,18.0
5469_TW,2007-03-12,7.7931227684021,-14.47
5469_TW,2007-03-13,9.111517906188965,16.92
5469_TW,2017-02-20,14.552441596984863,12.74
5471_TW,2003-09-15,9.892951011657717,23.28
5471_TW,2004-10-21,8.016084671020508,16.45
5471_TW,2005-09-29,10.383835792541504,10.59
5471_TW,2005-12-23,12.083008766174316,11.64
5471_TW,2006-05-22,20.605846405029297,11.96
5474_TWO,2008-08-18,15.5918550491333,21.09
5474_TWO,2009-01-12,8.557005882263184,14.29
5475_TWO,2017-04-25,7.942856788635254,34.62
5475_TWO,2019-11-18,6.099999904632568,-18.82
5475_TWO,2020-03-16,3.342856884002685,-14.91
5475_TWO,2021-04-07,7.857141971588135,15.79
5481_TWO,2020-03-10,11.340630531311035,-12.19
5484_TW,2005-09-29,42.86003494262695,13.05
5484_TW,2005-12-23,42.12947082519531,10.64
5484_TW,2006-05-22,38.72014236450195,11.39
5484_TW,2006-07-27,35.89053726196289,13.53
5484_TW,2016-07-12,14.81065273284912,18.95
5484_TW,2016-09-12,15.147738456726074,-17.83
5487_TWO,2012-11-23,9.292580604553224,157.89
5487_TWO,2022-02-08,32.45683670043945,-11.69
5487_TWO,2022-05-11,28.78157615661621,-12.74
5487_TWO,2022-09-28,25.100000381469727,-17.02
5487_TWO,2022-09-30,28.0,11.55
5487_TWO,2023-05-26,27.25,-10.8
5488_TWO,2020-03-16,3.9800000190734863,-12.53
5489_TWO,2015-08-17,29.44106101989746,11.43
5490_TWO,2015-06-30,75.90839385986328,11.94
5490_TWO,2020-03-16,17.269771575927734,-16.8
5493_TWO,2008-08-18,6.9271345138549805,-16.73
5493_TWO,2013-08-30,14.75087833404541,19.96
5493_TWO,2015-07-22,18.124326705932617,-14.15
5493_TWO,2015-07-23,21.7417049407959,19.96
5493_TWO,2024-03-19,72.39730072021484,20.9
5493_TWO,2024-03-21,81.49198150634766,12.56
5498_TWO,2020-03-16,7.136518955230713,-11.58
5508_TWO,2013-07-10,14.743577003479004,-13.88
5508_TWO,2013-07-11,17.883750915527344,21.3
5508_TWO,2016-07-27,12.513229370117188,10.69
5508_TWO,2017-07-20,14.303275108337402,10.97
5508_TWO,2018-08-16,17.159334182739258,10.98
5511_TWO,2013-07-18,10.39631175994873,-18.94
5511_TWO,2013-07-19,12.46059226989746,19.86
5511_TWO,2015-07-06,13.82788372039795,11.98
5511_TWO,2020-03-19,16.524520874023438,-11.23
5512_TWO,2008-08-18,4.157499313354492,-26.89
5512_TWO,2009-04-02,3.212721824645996,14.41
5512_TWO,2018-04-02,10.040191650390623,17.95
5514_TWO,2013-08-26,10.668643951416016,-13.18
5514_TWO,2013-08-27,12.755331039428713,19.56
5514_TWO,2020-10-30,14.357030868530272,10.53
5514_TWO,2024-02-05,18.315017700195312,11.42
5515_TW,2003-10-06,2.5182361602783203,216.66
5515_TW,2005-09-29,2.483076572418213,25.4
5515_TW,2005-12-22,2.2160532474517822,-20.26
5515_TW,2005-12-23,2.8000645637512207,26.35
5515_TW,2005-12-26,2.2413318157196045,-19.95
5515_TW,2005-12-27,2.726100444793701,21.63
5515_TW,2006-05-18,2.654209613800049,-21.26
5515_TW,2006-05-22,3.148751735687256,20.55
5515_TW,2006-05-29,2.6794886589050293,-19.24
5515_TW,2006-05-30,3.3600778579711914,25.4
5515_TW,2006-07-26,2.4182794094085693,-20.81
5515_TW,2006-07-28,3.254414796829224,33.64
5515_TW,2006-10-26,3.267742156982422,-12.28
5515_TW,2006-10-27,3.67668890953064,12.51
5515_TW,2007-01-05,3.438049077987671,-15.17
5515_TW,2007-01-08,3.980046272277832,15.76
5515_TW,2007-03-12,3.8957419395446777,-13.23
5515_TW,2007-03-13,4.489686489105225,15.25
5516_TWO,2020-03-25,8.78731918334961,10.68
5519_TW,2013-08-07,9.413907051086426,-20.62
5519_TW,2013-08-08,11.97531509399414,27.21
5519_TW,2018-04-02,6.8777570724487305,13.43
5520_TWO,2008-07-10,7.73615837097168,10.54
5520_TWO,2008-08-18,6.949431896209717,-10.55
5520_TWO,2024-03-19,73.70670318603516,12.08
5521_TW,2008-08-18,6.769959926605225,-16.34
5521_TW,2009-04-02,6.413645267486572,13.64
5522_TW,2007-08-06,17.422224044799805,109.22
5522_TW,2008-01-02,21.41322135925293,14.48
5522_TW,2009-04-02,8.399361610412598,14.36
5523_TWO,2008-08-18,17.512619018554688,-15.8
5523_TWO,2009-04-02,15.218732833862305,13.78
5525_TW,2004-11-26,1.9742915630340576,120.09
5525_TW,2005-08-03,2.645583152770996,21.98
5525_TW,2005-09-29,3.497847318649292,19.93
5525_TW,2005-12-26,3.045641660690308,-15.2
5525_TW,2005-12-27,3.5915393829345703,17.92
5525_TW,2006-05-19,4.090974807739258,-19.39
5525_TW,2006-05-22,4.77050256729126,16.61
5525_TW,2007-01-08,7.472760200500488,11.48
5525_TW,2007-09-11,6.966131210327148,11.45
5525_TW,2007-09-19,6.89375638961792,10.87
5525_TW,2008-08-08,4.69851541519165,10.91
5525_TW,2009-04-02,3.630866765975952,14.06
5529_TWO,2009-02-02,4.881137847900391,-39.47
5529_TWO,2009-02-06,4.231555938720703,-13.31
5529_TWO,2009-06-08,10.532492637634276,11.27
5529_TWO,2013-07-18,101.75595092773438,13.33
5530_TWO,2009-04-02,4.006425857543945,12.83
5531_TW,2006-05-22,5.202706336975098,-10.66
5531_TW,2006-10-16,8.902219772338867,14.35
5531_TW,2008-08-08,9.66359519958496,14.22
5531_TW,2009-04-02,6.923597812652588,14.08
5531_TW,2018-04-02,11.221121788024902,11.21
5533_TW,2008-05-05,8.396010398864746,11.81
5533_TW,2009-04-02,3.970503568649292,13.96
5534_TW,2005-09-16,4.770759582519531,16.84
5534_TW,2006-10-26,15.605356216430664,-11.04
5536_TWO,2010-11-11,37.8916130065918,15.45
5536_TWO,2018-06-26,97.98625946044922,-16.77
5536_TWO,2018-06-27,122.17154693603516,24.68
5536_TWO,2022-09-19,88.57666015625,-48.54
5547_TWO,2020-01-13,8.671099662780762,-19.55
5547_TWO,2020-07-29,13.68985652923584,76.31
5547_TWO,2020-08-13,11.065516471862791,-21.04
5547_TWO,2021-07-07,15.894943237304688,15.2
5547_TWO,2024-02-29,20.570655822753903,22.01
5547_TWO,2024-03-01,16.053178787231445,-21.96
5547_TWO,2024-04-12,21.958314895629883,11.93
5547_TWO,2024-04-22,23.745620727539062,11.6
5547_TWO,2025-04-07,20.810810089111328,-13.48
5548_TWO,2023-04-12,15.374960899353027,19.05
5548_TWO,2023-11-08,22.09703826904297,12.03
5548_TWO,2023-11-09,24.55226325988769,11.11
5548_TWO,2024-02-19,28.35786437988281,13.24
5548_TWO,2024-02-20,33.55475997924805,18.33
5548_TWO,2024-03-19,25.53435134887696,-14.29
5601_TWO,2009-04-02,11.982016563415527,13.98
5601_TWO,2010-03-23,16.119348526000977,13.33
5601_TWO,2016-12-07,27.02904319763184,21.22
5603_TWO,2008-08-18,4.487656593322754,31.4
5603_TWO,2015-08-26,6.620007991790772,16.71
5607_TW,2004-12-03,12.221831321716309,-50.75
5607_TW,2005-04-25,12.009276390075684,11.06
5607_TW,2005-04-29,12.381244659423828,11.75
5607_TW,2006-05-18,9.74204158782959,-11.35
5608_TW,2005-09-29,12.194409370422363,16.47
5608_TW,2005-12-22,11.189988136291504,-15.47
5608_TW,2005-12-23,13.095941543579102,17.03
5608_TW,2005-12-26,11.31340503692627,-13.61
5608_TW,2005-12-27,12.929869651794434,14.29
5608_TW,2006-05-18,11.724806785583496,-11.43
5608_TW,2006-05-22,13.214564323425291,14.11
5608_TW,2006-05-29,11.560242652893066,-13.6
5608_TW,2006-05-30,13.3331880569458,15.34
5608_TW,2006-06-06,11.395689964294434,-12.67
5608_TW,2006-06-07,13.02476692199707,14.3
5608_TW,2006-07-26,11.560242652893066,-13.91
5608_TW,2006-07-28,13.522984504699709,14.53
5608_TW,2017-02-20,13.760675430297852,10.5
5608_TW,2021-10-04,38.59041976928711,-11.32
5701_TWO,2009-04-02,49.15838623046875,11.92
5703_TWO,2020-10-28,20.5,-10.87
5703_TWO,2021-03-05,23.0,13.02
5703_TWO,2021-04-13,25.14999961853028,11.28
5703_TWO,2021-05-07,24.89999961853028,14.22
5703_TWO,2021-11-26,24.5,-12.03
5703_TWO,2021-12-02,27.200000762939453,12.4
5703_TWO,2021-12-14,27.850000381469727,11.4
5703_TWO,2022-04-06,24.350000381469727,12.73
5704_TWO,2010-08-10,12.813419342041016,19.24
5704_TWO,2010-08-27,15.87334156036377,23.88
5706_TW,2008-08-18,16.76081085205078,11.98
5706_TW,2009-04-02,15.651949882507324,14.33
5871_TW,2013-06-26,26.718441009521484,17.59
5878_TWO,2014-02-21,18.15323257446289,10.71
5878_TWO,2014-06-20,26.00013542175293,-14.04
5878_TWO,2016-06-30,25.11251449584961,10.75
5878_TWO,2019-06-18,30.91498756408692,11.69
5880_TW,2000-01-31,10.38350772857666,11.62
5880_TW,2000-09-04,6.23459005355835,14.01
5880_TW,2000-09-18,4.8302106857299805,-12.69
5880_TW,2000-11-22,3.389442682266236,-21.92
5880_TW,2004-11-17,4.546093463897705,17.92
5880_TW,2008-08-05,7.549339771270752,-12.97
5880_TW,2010-08-26,6.641692638397217,-11.54
5902_TWO,2008-08-18,23.25439453125,-10.93
5902_TWO,2019-11-07,9.176721572875977,11.86
5902_TWO,2020-03-17,7.23893928527832,-12.76
5905_TWO,2020-03-16,6.961426258087158,-11.48
5906_TW,2016-06-23,9.558731079101562,12.36
5906_TW,2016-07-18,11.207326889038086,20.83
5906_TW,2016-10-03,9.661487579345703,11.68
5906_TW,2017-05-10,7.848100185394287,-14.15
5906_TW,2018-04-02,16.64748764038086,20.69
6005_TW,2000-04-05,4.856060028076172,10.73
6005_TW,2005-11-21,3.863305568695069,33.67
6005_TW,2009-04-02,4.263205528259277,13.09
6015_TWO,2013-07-31,5.394964694976807,-12.16
6015_TWO,2013-08-01,5.982949256896973,10.9
6016_TWO,2009-04-02,4.443524360656738,12.73
6021_TWO,2009-04-02,5.182119846343994,13.11
6021_TWO,2023-03-23,15.080479621887209,10.71
6023_TWO,2008-07-24,17.963727951049805,-10.55
6023_TWO,2015-06-12,20.15890312194824,-14.54
6023_TWO,2015-06-15,22.31382179260254,10.69
6024_TW,2013-08-12,9.68191146850586,-10.67
6024_TW,2013-08-13,11.107414245605469,14.72
6026_TWO,2015-10-16,4.414649963378906,15.53
6026_TWO,2018-07-05,6.569162368774414,11.21
6028_TWO,2019-03-07,26.35703659057617,30.07
6028_TWO,2019-03-08,23.12492179870605,-12.26
6028_TWO,2024-06-12,69.91641998291016,12.61
6028_TWO,2024-08-05,67.0906982421875,-13.08
6028_TWO,2024-08-13,82.34959411621094,13.71
6028_TWO,2024-10-01,117.06559753417967,14.62
6028_TWO,2025-04-07,91.63410949707033,-21.18
6028_TWO,2025-04-10,108.1847686767578,14.04
6028_TWO,2025-08-11,105.65309143066406,-12.01
6028_TWO,2025-10-09,122.75276947021484,11.44
6028_TWO,2026-03-30,83.07982635498047,-13.59
6101_TWO,2009-03-11,0.791280210018158,-42.55
6101_TWO,2009-03-18,0.6154394745826721,-11.27
6101_TWO,2009-06-08,1.7095552682876587,13.64
6101_TWO,2009-07-15,1.4262573719024658,-12.57
6101_TWO,2010-03-23,4.991903305053711,14.32
6101_TWO,2010-06-29,6.955450534820557,-12.64
6101_TWO,2010-11-19,32.57925033569336,327.56
6101_TWO,2015-10-20,19.129802703857425,12.22
6103_TWO,2009-06-08,66.50234985351562,-13.1
6103_TWO,2009-08-31,53.29297637939453,-19.03
6103_TWO,2011-05-03,27.87904930114746,-13.06
6103_TWO,2012-03-01,18.97869682312012,-12.65
6103_TWO,2013-02-05,15.379287719726562,12.44
6103_TWO,2015-03-20,68.0615234375,136.9
6103_TWO,2015-08-10,55.36543655395508,-10.95
6103_TWO,2015-09-04,52.02780151367188,26.19
6103_TWO,2015-11-24,51.30792236328125,-12.01
6103_TWO,2016-05-18,98.1656723022461,-23.27
6103_TWO,2017-06-16,70.67927551269531,-11.48
6103_TWO,2018-05-14,70.67927551269531,16.13
6103_TWO,2018-09-05,87.04022216796875,20.91
6103_TWO,2018-09-17,106.67335510253906,20.74
6103_TWO,2020-04-01,53.00946044921875,-12.9
6103_TWO,2020-09-17,50.3917121887207,20.88
6103_TWO,2020-12-28,51.70058822631836,11.9
6103_TWO,2021-01-26,51.70058822631836,-11.04
6103_TWO,2021-03-23,52.35502243041992,15.44
6103_TWO,2021-04-07,98.1656723022461,17.19
6103_TWO,2022-02-09,59.16117477416992,10.65
6103_TWO,2022-09-27,47.70851516723633,-10.99
6103_TWO,2023-03-14,32.15678024291992,-11.63
6103_TWO,2023-05-11,30.96210289001465,-12.64
6103_TWO,2023-05-23,40.71865081787109,34.1
6103_TWO,2023-08-18,34.49636459350586,-10.93
6103_TWO,2023-08-29,35.79059982299805,19.83
6103_TWO,2023-10-31,39.67330551147461,10.85
6103_TWO,2023-12-08,34.844810485839844,-11.5
6103_TWO,2024-02-19,30.41454124450684,-14.55
6103_TWO,2024-03-01,30.06609344482422,-11.18
6103_TWO,2024-03-14,28.67230033874512,-17.83
6103_TWO,2024-03-19,36.786163330078125,28.3
6103_TWO,2024-03-27,38.82707595825195,13.54
6103_TWO,2024-04-24,36.68660736083984,10.66
6103_TWO,2024-08-05,37.78173065185547,-11.33
6103_TWO,2024-11-01,45.79603576660156,-14.66
6103_TWO,2024-11-11,48.38450622558594,13.02
6103_TWO,2024-11-26,48.48406600952149,10.81
6103_TWO,2024-12-20,60.92864227294922,24.26
6103_TWO,2024-12-23,48.88228988647461,-19.77
6103_TWO,2025-01-06,47.88672256469727,-16.06
6103_TWO,2025-07-23,41.66443634033203,-12.08
6103_TWO,2025-10-15,35.599998474121094,-13.49
6104_TWO,2015-07-30,22.0013370513916,13.92
6104_TWO,2017-10-02,26.730377197265625,14.78
6108_TW,2025-08-04,14.559555053710938,11.47
6109_TWO,2018-09-25,10.471924781799316,-19.62
6109_TWO,2021-02-03,11.07525634765625,-10.53
6111_TWO,2008-09-03,4.559329509735107,-14.29
6111_TWO,2008-09-12,4.143625259399414,-13.36
6111_TWO,2009-04-03,7.107190132141113,10.8
6111_TWO,2011-07-14,8.515217781066895,-13.21
6111_TWO,2011-07-27,8.738715171813965,-12.53
6111_TWO,2012-09-12,6.213204383850098,-19.19
6111_TWO,2017-10-02,40.31877517700195,13.46
6111_TWO,2020-03-16,26.104394912719727,-18.89
6113_TWO,2020-03-16,4.212757587432861,-11.05
6113_TWO,2021-04-07,12.94115161895752,11.02
6114_TWO,2008-11-12,9.717975616455078,-17.23
6114_TWO,2009-06-08,10.513333320617676,13.4
6114_TWO,2010-06-29,3.9424991607666016,11.11
6114_TWO,2010-11-22,6.6305670738220215,98.92
6114_TWO,2012-01-17,3.3929388523101807,-31.73
6114_TWO,2012-05-07,4.444272041320801,-14.87
6114_TWO,2012-07-06,2.80753755569458,-19.8
6114_TWO,2012-08-14,2.55665135383606,14.44
6114_TWO,2012-09-19,3.8349766731262207,23.46
6114_TWO,2012-09-24,4.33674955368042,13.08
6114_TWO,2012-10-08,2.9867420196533203,-35.57
6114_TWO,2012-11-29,2.759749412536621,13.79
6114_TWO,2013-01-08,3.3570985794067383,22.17
6114_TWO,2016-08-03,27.80657196044922,-16.28
6114_TWO,2016-08-04,33.19113540649414,19.36
6114_TWO,2017-07-06,51.43928527832031,11.4
6114_TWO,2018-07-09,22.731069564819336,11.75
6114_TWO,2020-03-19,15.919557571411133,-11.25
6114_TWO,2021-11-25,21.951122283935547,11.03
6115_TW,2005-08-10,4.439467906951904,12.12
6115_TW,2005-09-29,5.581673622131348,25.73
6116_TW,2005-07-20,15.203228950500488,-13.96
6116_TW,2009-04-02,9.495678901672363,14.33
6116_TW,2012-01-06,2.462855815887451,14.65
6117_TW,2018-04-02,16.515079498291016,-12.47
6118_TWO,2018-04-02,18.02020263671875,12.04
6118_TWO,2020-03-16,7.079010963439941,-13.05
6120_TW,2011-08-15,13.320093154907228,14.24
6120_TW,2017-10-02,25.088512420654297,11.48
6121_TWO,2008-08-18,58.31196212768555,-12.93
6122_TWO,2020-03-16,8.978135108947754,-11.3
6122_TWO,2020-11-03,8.829602241516113,10.7
6123_TWO,2009-04-02,4.3914947509765625,12.41
6123_TWO,2017-08-02,20.33582305908203,14.84
6124_TWO,2008-08-18,19.64999961853028,-11.97
6124_TWO,2012-02-06,29.700000762939453,12.29
6124_TWO,2020-03-16,25.25,-18.94
6124_TWO,2020-03-19,20.25,-10.99
6126_TWO,2008-08-18,6.640172958374023,23.94
6127_TWO,2020-03-16,12.030555725097656,-13.17
6127_TWO,2021-04-07,28.44930648803711,11.61
6128_TW,2003-07-23,5.091529846191406,11.21
6129_TWO,2021-04-07,48.7175178527832,20.96
6129_TWO,2025-08-04,12.350000381469728,20.49
6130_TWO,2008-08-18,12.578579902648926,-31.78
6130_TWO,2008-08-29,8.219154357910156,-24.58
6130_TWO,2008-09-05,6.168673515319824,-13.32
6130_TWO,2008-11-18,3.006797313690185,-39.51
6130_TWO,2011-12-15,21.728071212768555,1167.33
6130_TWO,2011-12-20,26.54745483398437,22.18
6130_TWO,2011-12-22,30.345781326293945,14.31
6130_TWO,2011-12-29,42.47592926025391,39.97
6130_TWO,2012-01-10,72.53581237792969,59.71
6130_TWO,2012-12-24,86.97699737548828,13.96
6130_TWO,2013-02-25,134.4189910888672,11.0
6130_TWO,2013-09-16,72.27476501464844,14.3
6130_TWO,2017-02-20,66.65110778808594,12.11
6130_TWO,2019-11-13,26.92218780517578,20.75
6130_TWO,2019-12-24,28.51134490966797,12.13
6130_TWO,2022-11-21,29.578651428222656,-17.01
6133_TW,2003-09-17,7.878180027008057,19.51
6133_TW,2005-09-29,9.976543426513672,11.81
6133_TW,2005-12-22,9.917196273803713,-11.53
6133_TW,2005-12-23,11.209600448608398,13.03
6133_TW,2005-12-27,12.806968688964844,20.39
6133_TW,2006-05-18,14.63967227935791,-11.16
6133_TW,2006-05-22,17.851293563842773,14.37
6133_TW,2006-05-29,14.63967227935791,-10.55
6133_TW,2006-05-30,16.50613784790039,12.75
6133_TW,2006-07-26,11.930459976196287,-11.68
6133_TW,2006-07-27,13.525660514831545,13.37
6133_TW,2006-07-28,15.118278503417969,11.77
6133_TW,2025-08-04,16.615966796875,20.71
6134_TWO,2009-04-02,30.99188995361328,11.74
6134_TWO,2025-08-04,23.25,20.78
6136_TW,2008-10-29,4.333842754364014,-22.7
6138_TWO,2014-09-30,25.99768447875977,20.14
6138_TWO,2020-03-16,43.37338638305664,-13.02
6138_TWO,2020-03-19,35.236209869384766,-14.65
6139_TW,2005-09-29,17.703166961669922,16.86
6139_TW,2005-12-23,17.514549255371094,10.61
6139_TW,2005-12-27,17.703166961669922,10.61
6139_TW,2007-04-16,19.46772766113281,12.04
6140_TWO,2020-06-11,8.17710018157959,11.43
6141_TW,2005-09-29,10.386547088623049,35.44
6141_TW,2006-07-25,9.10642433166504,-24.18
6141_TW,2006-07-28,12.051728248596191,30.29
6141_TW,2006-10-27,15.47956085205078,13.48
6141_TW,2007-01-19,22.574365615844727,16.61
6141_TW,2007-01-31,21.284400939941406,11.24
6141_TW,2007-07-11,26.543487548828125,10.62
6142_TW,2003-08-13,6.9132819175720215,19.62
6142_TW,2005-07-28,18.158411026000977,21.93
6142_TW,2005-09-29,18.090456008911133,24.6
6142_TW,2005-12-26,16.979028701782227,-12.67
6142_TW,2005-12-27,19.29964637756348,13.67
6142_TW,2006-04-10,17.839134216308594,10.81
6142_TW,2006-05-18,14.091580390930176,-15.05
6142_TW,2006-05-22,16.352535247802734,15.49
6142_TW,2006-05-29,13.487650871276855,-14.94
6142_TW,2006-05-30,15.726603507995604,16.6
6142_TW,2006-07-25,11.18379020690918,-14.06
6142_TW,2006-07-28,13.144623756408691,16.14
6143_TWO,2010-06-29,27.397438049316406,-12.45
6144_TWO,2008-11-24,16.40595817565918,-11.56
6144_TWO,2009-07-03,37.47783279418945,-10.67
6144_TWO,2009-07-10,33.15057373046875,-11.55
6144_TWO,2016-11-25,15.665206909179688,-10.68
6144_TWO,2018-09-13,20.250146865844727,11.58
6144_TWO,2018-10-05,17.900365829467773,-11.18
6144_TWO,2018-12-24,18.511690139770508,19.63
6144_TWO,2020-09-22,14.0,12.0
6144_TWO,2020-10-22,12.899999618530272,-12.24
6144_TWO,2021-08-20,14.699999809265137,-11.18
6144_TWO,2021-09-09,17.100000381469727,12.13
6144_TWO,2021-09-14,17.149999618530273,14.33
6144_TWO,2022-01-21,15.850000381469728,-14.32
6144_TWO,2024-06-24,37.150001525878906,12.58
6144_TWO,2024-08-12,87.5,12.76
6144_TWO,2024-11-12,43.95000076293945,-11.03
6146_TWO,2017-08-02,100.53925323486328,13.52
6146_TWO,2024-03-19,252.50860595703125,11.6
6147_TWO,2009-04-02,6.004718780517578,12.11
6148_TWO,2019-02-18,7.024617671966553,-29.35
6148_TWO,2020-03-19,5.116726398468018,-10.79
6150_TWO,2016-06-06,5.892147064208984,13.7
6150_TWO,2016-11-03,13.31057357788086,50.0
6150_TWO,2018-02-12,138.784912109375,20.68
6150_TWO,2018-04-02,269.7609558105469,16.92
6150_TWO,2018-08-10,84.47777557373047,-13.14
6150_TWO,2018-12-24,50.02424240112305,16.38
6150_TWO,2020-03-16,32.47985076904297,-18.18
6150_TWO,2021-04-07,169.53306579589844,20.6
6151_TWO,2016-06-28,11.937878608703612,11.57
6152_TW,2025-08-04,9.8100004196167,12.11
6156_TWO,2011-11-07,5.626550674438477,334.78
6156_TWO,2011-11-09,4.866966724395752,-13.5
6156_TWO,2012-02-06,3.657257556915283,14.04
6156_TWO,2012-09-27,7.061321258544922,-13.35
6158_TWO,2019-07-23,45.9565544128418,-17.53
6158_TWO,2019-10-07,30.907934188842773,-17.53
6158_TWO,2020-03-16,14.02226448059082,-17.98
6160_TWO,2020-03-16,11.031902313232422,-18.73
6161_TWO,2009-04-02,4.6073832511901855,10.51
6161_TWO,2017-06-05,15.524314880371094,12.27
6161_TWO,2018-10-01,14.685294151306152,-21.03
6163_TWO,2008-08-18,14.221724510192873,15.53
6163_TWO,2014-12-29,15.69092082977295,13.35
6163_TWO,2020-03-16,10.77181911468506,-11.9
6164_TW,2024-10-28,13.83486270904541,-11.79
6165_TW,2009-01-15,16.357622146606445,-19.19
6165_TW,2009-01-21,13.180503845214844,-13.37
6165_TW,2009-02-06,10.620654106140137,-19.42
6165_TW,2012-02-06,9.941097259521484,14.19
6165_TW,2016-09-06,15.61483383178711,12.32
6166_TW,2005-06-28,6.879206657409668,13.83
6166_TW,2012-02-06,21.60310173034668,12.27
6167_TWO,2012-02-06,2.173494815826416,14.08
6167_TWO,2021-04-07,8.481255531311035,11.29
6168_TW,2004-09-02,7.670137405395508,21.15
6168_TW,2005-09-29,7.632142543792725,25.43
6168_TW,2005-12-26,10.841876029968262,-14.18
6168_TW,2005-12-27,12.292624473571776,13.38
6168_TW,2006-05-18,11.699267387390137,-15.83
6168_TW,2006-05-22,14.452356338500977,20.12
6168_TW,2006-05-29,11.5609769821167,-13.39
6168_TW,2006-05-30,13.575472831726074,17.42
6168_TW,2006-07-25,7.840997695922852,-14.08
6168_TW,2006-07-28,10.149128913879396,21.11
6168_TW,2007-01-30,14.205499649047852,11.21
6168_TW,2007-05-03,11.57089614868164,-11.2
6168_TW,2007-05-04,12.834794998168944,10.92
6168_TW,2010-07-30,23.53349494934082,23.11
6168_TW,2017-10-02,12.460856437683104,12.54
6169_TWO,2009-01-19,39.77443313598633,14.37
6169_TWO,2009-06-08,141.90878295898438,-11.98
6169_TWO,2012-12-24,46.91094207763672,14.31
6169_TWO,2020-02-10,30.450000762939453,11.95
6170_TWO,2008-08-18,20.82077407836914,15.49
6170_TWO,2017-10-02,9.187827110290527,14.75
6170_TWO,2020-03-16,8.781939506530762,-14.39
6173_TWO,2008-08-18,6.5840911865234375,11.47
6173_TWO,2010-03-23,17.05670738220215,13.44
6173_TWO,2017-09-19,29.70122528076172,15.88
6173_TWO,2020-03-16,35.6738166809082,-14.62
6174_TWO,2008-08-18,5.34628438949585,16.55
6174_TWO,2010-11-05,9.693212509155272,33.46
6175_TWO,2010-03-23,5.703389644622803,13.99
6175_TWO,2018-08-27,29.713354110717773,16.42
6175_TWO,2020-03-16,11.60634708404541,-13.13
6176_TW,2009-04-02,9.62392520904541,12.16
6177_TW,2010-03-23,4.184305667877197,14.31
6177_TW,2013-07-23,7.245082378387451,-16.95
6177_TW,2013-07-24,8.863237380981445,22.33
6179_TWO,2009-01-12,4.055893421173096,14.25
6179_TWO,2009-01-19,5.929285526275635,14.26
6179_TWO,2010-10-08,12.692228317260742,13.39
6179_TWO,2013-02-25,7.381164073944092,14.37
6179_TWO,2016-07-14,25.56505012512207,14.3
6180_TWO,2019-06-24,46.26987838745117,13.44
6182_TWO,2008-08-18,61.68182373046875,-13.58
6182_TWO,2020-03-16,22.287616729736328,-12.42
6183_TW,2009-04-02,10.376421928405762,12.68
6183_TW,2009-09-25,9.027616500854492,-14.32
6185_TWO,2013-07-17,10.085061073303224,12.45
6185_TWO,2015-07-08,11.913987159729004,-17.24
6185_TWO,2015-07-09,13.321614265441896,11.81
6185_TWO,2016-06-06,11.87818717956543,-10.63
6185_TWO,2016-06-08,13.5103759765625,13.74
6185_TWO,2020-03-16,9.928112983703612,-14.12
6185_TWO,2025-08-04,16.950000762939453,11.88
6186_TWO,2008-08-18,6.129389762878418,-16.74
6186_TWO,2016-08-24,6.558708667755127,-15.59
6186_TWO,2016-08-25,8.289819717407227,26.39
6186_TWO,2017-08-28,8.182048797607422,15.41
6186_TWO,2018-08-28,7.650788307189941,16.36
6187_TWO,2020-03-16,27.2742919921875,-15.45
6187_TWO,2021-04-07,126.64016723632812,20.83
6188_TWO,2015-07-06,17.000011444091797,12.66
6188_TWO,2020-03-16,17.9739990234375,-11.32
6188_TWO,2024-03-19,80.90338134765625,11.5
6188_TWO,2024-03-21,94.0203628540039,16.21
6189_TW,2005-08-03,3.695253849029541,24.42
6189_TW,2005-09-29,5.035201072692871,38.77
6189_TW,2006-10-26,4.116879940032959,-15.44
6189_TW,2006-10-27,4.8857197761535645,18.68
6189_TW,2007-01-18,4.467109203338623,-15.74
6189_TW,2007-01-19,5.30982780456543,18.86
6189_TW,2007-03-02,4.602900981903076,-15.47
6189_TW,2007-03-06,5.258935928344727,18.29
6189_TW,2007-05-03,5.717890739440918,-16.36
6189_TW,2007-05-04,6.836615085601807,19.57
6189_TW,2024-04-01,72.77320861816406,10.55
6190_TWO,2025-08-04,43.5,13.58
6191_TW,2000-04-05,11.085519790649414,13.53
6191_TW,2007-10-19,20.31032371520996,136.46
6191_TW,2009-04-02,8.087288856506348,14.29
6192_TW,2007-06-25,23.600379943847656,10.76
6192_TW,2008-08-07,17.632638931274414,13.71
6192_TW,2017-09-08,40.21609115600586,11.87
6194_TWO,2015-11-06,18.340320587158203,10.93
6195_TWO,2020-03-16,19.85700035095215,-11.41
6196_TW,2005-09-29,11.176897048950195,17.16
6196_TW,2005-12-22,10.047991752624512,-12.26
6196_TW,2005-12-23,11.709946632385254,16.54
6196_TW,2005-12-26,10.047991752624512,-14.19
6196_TW,2005-12-27,11.452019691467283,13.97
6196_TW,2006-05-18,9.853610038757324,-11.16
6196_TW,2006-05-22,11.176897048950195,12.58
6196_TW,2006-05-29,9.44989776611328,-11.79
6196_TW,2006-05-30,10.86738109588623,15.0
6196_TW,2006-06-06,8.821897506713867,-13.04
6196_TW,2006-06-07,9.921645164489746,12.47
6196_TW,2006-07-25,8.163993835449219,-12.88
6196_TW,2006-07-28,9.526152610778809,16.68
6196_TW,2008-08-07,7.9515380859375,17.62
6196_TW,2018-04-02,42.75943374633789,17.88
6197_TW,2005-09-29,9.798368453979492,28.17
6197_TW,2006-07-25,10.775002479553224,-20.93
6197_TW,2006-07-28,14.113543510437012,27.49
6197_TW,2006-10-27,17.40113639831543,11.45
6197_TW,2007-01-19,40.09825897216797,17.3
6197_TW,2007-01-29,42.98699188232422,-15.2
6197_TW,2007-03-06,43.69197463989258,12.43
6197_TW,2007-05-04,39.15254211425781,12.17
6197_TW,2007-08-03,72.44165802001953,17.68
6197_TW,2008-08-07,40.213008880615234,16.29
6197_TW,2010-02-08,48.46735000610352,-13.1
6197_TW,2017-10-02,22.11562156677246,18.14
6198_TWO,2009-01-19,20.98873519897461,12.2
6198_TWO,2016-11-30,51.46417617797852,11.47
6198_TWO,2020-03-17,28.322568893432617,-10.87
6198_TWO,2020-03-19,25.21399307250977,-10.98
6198_TWO,2020-10-30,29.81928825378418,11.64
6198_TWO,2020-11-05,30.39495086669922,12.82
6198_TWO,2020-12-21,28.93375015258789,-17.72
6198_TWO,2021-08-18,31.166580200195312,-10.67
6198_TWO,2022-02-08,32.46906661987305,10.62
6198_TWO,2022-03-08,31.86433982849121,-11.04
6198_TWO,2022-04-20,31.4456844329834,-11.75
6199_TWO,2009-01-19,15.242575645446776,11.89
6199_TWO,2012-02-06,10.2093505859375,14.41
6199_TWO,2013-06-10,9.84416389465332,-13.41
6199_TWO,2013-07-15,9.383709907531738,14.31
6199_TWO,2013-07-26,9.860040664672852,-13.27
6199_TWO,2013-09-16,15.163187980651855,14.37
6199_TWO,2013-10-25,10.780945777893066,14.31
6199_TWO,2015-06-16,16.124893188476562,-11.11
6199_TWO,2015-09-11,14.397225379943848,10.7
6199_TWO,2015-11-13,12.813530921936035,-11.0
6199_TWO,2016-02-03,11.229836463928224,32.65
6199_TWO,2016-02-16,13.43740940093994,19.66
6199_TWO,2016-03-18,15.69297695159912,45.33
6199_TWO,2016-05-25,16.84475326538086,-12.03
6199_TWO,2016-07-19,11.613761901855469,-34.42
6199_TWO,2016-08-10,13.8693265914917,19.42
6199_TWO,2016-08-23,14.493207931518556,20.8
6199_TWO,2017-01-03,16.988727569580078,-15.51
6199_TWO,2020-02-04,13.27500057220459,-12.62
6199_TWO,2020-03-19,11.75083351135254,-14.03
6199_TWO,2020-09-03,12.199999809265137,10.91
6199_TWO,2021-02-05,11.399999618530272,-13.96
6203_TWO,2013-08-27,14.308727264404297,-10.56
6203_TWO,2013-08-28,15.93081283569336,11.34
6204_TWO,2019-10-07,12.852432250976562,-14.24
6204_TWO,2020-03-16,9.675423622131348,-12.23
6204_TWO,2020-03-19,8.231331825256348,-12.76
6205_TW,2017-02-20,26.110986709594727,20.8
6206_TW,2005-09-20,7.037415027618408,15.29
6206_TW,2006-10-26,9.286452293395996,-13.04
6206_TW,2006-10-27,10.80920696258545,16.4
6206_TW,2007-01-19,15.703936576843262,16.65
6206_TW,2007-01-29,13.510496139526367,-15.17
6206_TW,2007-01-30,15.629775047302246,15.69
6206_TW,2007-03-02,13.768455505371094,-13.45
6206_TW,2007-03-06,15.5741548538208,18.24
6206_TW,2007-05-03,15.042116165161133,-11.14
6206_TW,2007-05-04,17.242815017700195,14.63
6207_TWO,2008-08-18,6.9908647537231445,-10.57
6207_TWO,2016-06-24,12.826580047607422,-13.05
6207_TWO,2016-06-27,14.568047523498535,13.58
6208_TWO,2020-03-16,22.676210403442383,-12.26
6209_TW,2005-09-29,48.63066482543945,11.38
6209_TW,2005-12-23,53.08997344970703,10.85
6209_TW,2006-05-29,40.46330642700195,-10.71
6209_TW,2006-05-30,44.95473861694336,11.1
6209_TW,2006-07-27,42.25218963623047,11.76
6209_TW,2009-06-08,14.86585521697998,14.29
6210_TWO,2008-08-18,10.908635139465332,11.38
6210_TWO,2013-07-25,20.89414024353028,14.87
6212_TWO,2008-04-25,6.254297733306885,-13.36
6212_TWO,2008-08-19,3.643280744552612,-24.69
6212_TWO,2008-11-26,4.243746757507324,42.63
6212_TWO,2009-06-08,6.672599792480469,14.34
6212_TWO,2021-08-27,59.08734893798828,13.61
6212_TWO,2021-08-30,52.54174041748047,-11.08
6212_TWO,2023-01-03,45.20004653930664,11.09
6212_TWO,2024-01-10,47.9421272277832,12.92
6212_TWO,2024-01-29,47.14603805541992,10.7
6212_TWO,2024-02-23,49.0920295715332,11.22
6212_TWO,2024-03-06,52.984012603759766,18.85
6212_TWO,2024-03-07,45.37695693969727,-14.36
6212_TWO,2024-03-08,50.59574890136719,11.5
6212_TWO,2024-06-07,74.74372100830078,21.41
6212_TWO,2024-06-19,68.19811248779297,11.42
6216_TW,2005-09-22,6.050909042358398,26.7
6216_TW,2005-09-29,6.049899578094482,17.36
6216_TW,2006-08-17,4.789042949676514,11.66
6216_TW,2007-03-06,7.168236255645752,11.8
6217_TWO,2016-08-04,28.15599822998047,13.23
6217_TWO,2020-03-16,19.18446350097656,-12.81
6219_TWO,2008-09-09,17.650911331176758,-13.12
6219_TWO,2008-10-15,11.693456649780272,-19.24
6219_TWO,2008-10-31,11.232881546020508,-12.02
6219_TWO,2010-03-23,20.70205879211425,14.19
6219_TWO,2011-12-30,14.191241264343262,25.95
6219_TWO,2015-06-03,12.694829940795898,-17.13
6219_TWO,2015-06-04,14.99558925628662,18.12
6220_TWO,2020-03-16,12.792771339416504,-10.7
6220_TWO,2024-05-10,22.48856544494629,13.18
6221_TWO,2010-03-23,1.9913997650146484,14.02
6221_TWO,2016-08-01,5.166230201721191,11.21
6222_TWO,2015-03-17,41.13848876953125,14.07
6222_TWO,2016-06-08,9.461852073669434,-15.65
6222_TWO,2017-01-11,10.147494316101074,-11.48
6222_TWO,2018-01-31,8.721359252929688,-13.47
6222_TWO,2018-11-23,15.76975440979004,-10.51
6222_TWO,2019-11-21,13.232879638671877,-11.87
6222_TWO,2019-12-09,14.055649757385254,10.93
6222_TWO,2020-02-17,15.798893928527832,16.49
6222_TWO,2020-02-27,12.73633861541748,-19.38
6222_TWO,2023-06-19,15.199999809265137,-11.63
6222_TWO,2024-08-05,29.100000381469727,-13.39
6223_TWO,2020-03-16,45.31052780151367,-10.89
6224_TW,2021-01-13,95.50914764404295,11.41
6225_TW,2005-09-29,294.72857666015625,-38.48
6225_TW,2005-12-22,561.5888671875,51.76
6225_TW,2005-12-23,366.7733154296875,-34.69
6225_TW,2005-12-26,596.1900634765625,62.55
6225_TW,2005-12-27,350.3995056152344,-41.23
6225_TW,2006-05-18,496.6474304199219,59.98
6225_TW,2006-05-22,302.2605285644531,-38.88
6225_TW,2006-05-29,481.7430114746094,61.3
6225_TW,2006-05-30,296.3659362792969,-38.48
6225_TW,2006-07-25,415.2037963867188,65.74
6225_TW,2006-07-28,249.20936584472656,-39.28
6225_TW,2006-08-16,408.8160400390625,62.55
6225_TW,2006-08-17,252.1566619873047,-38.32
6225_TW,2006-10-26,504.6322937011719,65.7
6225_TW,2006-10-27,312.0848083496094,-38.16
6225_TW,2006-11-20,479.081298828125,62.55
6225_TW,2006-11-21,289.8164367675781,-39.51
6225_TW,2007-01-18,473.7581481933594,70.4
6225_TW,2007-01-19,275.0799865722656,-41.94
6225_TW,2007-01-29,508.3586120605469,70.03
6225_TW,2007-01-31,309.4649658203125,-40.98
6225_TW,2007-02-27,513.1492919921875,69.95
6225_TW,2007-03-01,302.2605285644531,-41.1
6225_TW,2007-03-02,525.3926391601562,73.82
6225_TW,2007-03-06,299.64068603515625,-37.46
6225_TW,2007-05-03,489.1950378417969,54.0
6225_TW,2007-05-04,309.4649658203125,-36.74
6225_TW,2007-07-20,1022.0400390625,65.13
6225_TW,2007-07-23,628.7542724609375,-38.48
6225_TW,2007-09-10,1256.257568359375,57.22
6225_TW,2007-09-11,772.8438110351562,-38.48
6225_TW,2007-10-04,1128.50244140625,57.35
6225_TW,2007-10-05,672.9635009765625,-40.37
6225_TW,2007-11-16,362.6310729980469,-38.48
6225_TW,2007-11-29,548.983154296875,51.39
6225_TW,2009-06-22,132.94708251953125,-26.8
6225_TW,2012-01-06,51.580562591552734,25.44
6225_TW,2015-11-23,23.25499725341797,14.02
6225_TW,2016-01-22,20.014545440673828,16.67
6225_TW,2016-03-21,14.10548973083496,-11.2
6225_TW,2016-06-28,24.77991485595703,11.43
6225_TW,2016-07-07,21.92069435119629,-10.85
6225_TW,2018-11-20,20.71346664428711,-18.5
6225_TW,2018-12-21,20.96762084960937,-11.29
6225_TW,2020-03-04,12.834725379943848,-11.4
6225_TW,2020-04-24,19.061473846435547,14.5
6225_TW,2021-04-07,21.348848342895508,-15.79
6227_TWO,2009-06-08,5.728932857513428,11.88
6227_TWO,2015-08-27,7.255084037780762,11.61
6228_TWO,2012-12-24,18.60634994506836,11.29
6228_TWO,2013-02-25,25.155168533325195,13.96
6228_TWO,2020-03-10,15.410923957824709,12.97
6228_TWO,2021-04-07,28.137365341186523,16.46
6228_TWO,2023-03-27,26.14885902404785,-18.32
6228_TWO,2025-01-14,22.200000762939453,-20.57
6230_TW,2012-01-06,18.736173629760746,10.74
6230_TW,2016-09-12,135.0281982421875,-11.11
6230_TW,2018-12-24,129.788818359375,11.69
6231_TWO,2009-06-08,91.48245239257812,10.65
6231_TWO,2017-07-14,27.504228591918945,10.84
6231_TWO,2020-03-16,31.866146087646484,-16.61
6231_TWO,2020-03-19,23.57221794128418,-17.89
6233_TWO,2017-10-02,11.37948513031006,11.79
6233_TWO,2020-03-16,7.3270440101623535,-18.92
6234_TWO,2025-08-04,33.04817581176758,20.86
6235_TW,2005-07-28,52.90719223022461,17.36
6235_TW,2005-09-29,54.00536346435547,12.27
6235_TW,2016-06-06,9.592077255249023,14.86
6236_TWO,2008-02-01,12.476189613342283,-24.5
6236_TWO,2008-04-08,12.600000381469728,-16.83
6236_TWO,2009-04-02,9.300000190734863,-13.08
6236_TWO,2009-08-13,11.899999618530272,-11.19
6236_TWO,2009-09-07,10.350000381469728,-13.03
6236_TWO,2010-05-26,10.050000190734863,-13.36
6236_TWO,2011-05-10,9.399999618530272,-12.56
6236_TWO,2011-05-13,8.050000190734863,-14.36
6236_TWO,2011-05-23,5.400000095367432,-12.9
6236_TWO,2011-06-02,6.840000152587891,35.98
6236_TWO,2011-06-23,6.150000095367432,-25.0
6236_TWO,2011-07-27,7.5,13.98
6236_TWO,2011-09-20,5.590000152587891,-13.47
6236_TWO,2011-09-22,4.840000152587891,-13.42
6236_TWO,2011-09-26,4.199999809265137,-13.22
6236_TWO,2011-10-18,7.800000190734863,11.91
6236_TWO,2011-11-25,21.0,162.5
6236_TWO,2012-03-05,19.39999961853028,14.12
6236_TWO,2012-03-30,16.299999237060547,-13.3
6236_TWO,2012-04-03,14.449999809265137,-11.35
6236_TWO,2012-05-31,20.0,-19.68
6236_TWO,2012-11-05,14.100000381469728,-24.6
6236_TWO,2018-01-02,17.950000762939453,-18.78
6236_TWO,2018-01-08,17.100000381469727,-10.94
6236_TWO,2018-02-12,16.799999237060547,20.43
6236_TWO,2018-12-05,19.89999961853028,-18.78
6236_TWO,2019-06-12,12.199999809265137,-12.54
6236_TWO,2019-12-23,7.0,-14.74
6236_TWO,2019-12-26,8.75,13.64
6236_TWO,2020-06-02,8.25,14.42
6236_TWO,2020-06-04,7.150000095367432,-13.33
6236_TWO,2020-09-22,9.81999969482422,-10.73
6236_TWO,2021-06-25,9.630000114440918,17.44
6236_TWO,2021-12-16,16.0,-10.61
6236_TWO,2022-12-28,16.899999618530273,12.67
6236_TWO,2024-08-12,32.849998474121094,12.5
6236_TWO,2025-12-26,21.75,-25.77
6236_TWO,2026-04-14,18.0,-16.67
6237_TWO,2020-03-16,10.404373168945312,-16.67
6237_TWO,2021-04-07,134.88795471191406,15.98
6239_TW,2006-07-26,20.036710739135746,-14.82
6239_TW,2006-07-28,24.85165405273437,19.77
6239_TW,2006-08-16,21.044692993164062,-12.84
6239_TW,2006-08-17,24.229656219482425,15.13
6239_TW,2006-10-26,22.88855743408203,-13.14
6239_TW,2006-10-27,26.91556167602539,17.59
6239_TW,2006-11-21,30.2517318725586,15.0
6239_TW,2007-01-19,41.13670349121094,12.68
6239_TW,2007-01-29,35.03349304199219,-16.27
6239_TW,2007-01-30,40.71261978149414,16.21
6239_TW,2007-03-02,33.92717361450195,-15.79
6239_TW,2007-05-03,32.08332443237305,-11.0
6239_TW,2007-05-04,36.47171401977539,13.68
6239_TW,2007-07-23,45.94305038452149,18.65
6239_TW,2009-04-02,25.75102806091309,10.62
6240_TWO,2008-03-27,2960.260498046875,-13.24
6240_TWO,2008-09-18,2404.343017578125,-13.5
6240_TWO,2008-11-28,2126.38427734375,-19.26
6240_TWO,2009-01-20,1681.650390625,-19.06
6240_TWO,2009-02-04,1473.1812744140625,-12.4
6240_TWO,2009-06-08,1466.2322998046875,-18.53
6240_TWO,2010-02-23,92.94245147705078,-94.45
6240_TWO,2010-04-13,92.0738296508789,-11.3
6240_TWO,2010-05-28,62.540714263916016,-18.18
6240_TWO,2010-09-06,57.763301849365234,-11.33
6240_TWO,2010-09-27,41.259498596191406,-28.57
6240_TWO,2010-10-11,51.24864196777344,24.21
6240_TWO,2010-11-05,81.21607208251953,14.02
6240_TWO,2010-11-12,112.92073822021484,30.0
6240_TWO,2011-11-04,23.42562484741211,14.3
6240_TWO,2012-02-03,23.1541805267334,14.34
6240_TWO,2012-02-06,26.058631896972656,12.54
6240_TWO,2012-02-09,31.758956909179688,21.87
6240_TWO,2012-02-14,36.23778533935547,14.1
6240_TWO,2012-02-16,41.259498596191406,13.86
6240_TWO,2012-03-05,58.90336608886719,14.21
6240_TWO,2012-03-27,48.724212646484375,-13.49
6240_TWO,2012-04-02,39.35939025878906,-13.17
6240_TWO,2012-04-05,34.20195388793945,-13.1
6240_TWO,2012-04-18,29.723127365112305,-13.1
6240_TWO,2012-05-18,15.743756294250488,-47.03
6240_TWO,2012-06-08,19.2453842163086,22.24
6240_TWO,2012-07-26,16.66666603088379,-13.4
6240_TWO,2012-09-11,36.9163932800293,121.5
6240_TWO,2012-10-02,45.059715270996094,22.06
6240_TWO,2013-04-30,38.13789367675781,-26.63
6240_TWO,2015-02-05,55.79999923706055,-14.15
6240_TWO,2015-06-29,22.799999237060547,23.91
6240_TWO,2015-07-13,24.549999237060547,32.7
6240_TWO,2017-07-11,35.54999923706055,-10.79
6240_TWO,2018-12-24,33.29999923706055,18.51
6240_TWO,2020-03-16,11.449999809265137,-17.63
6240_TWO,2020-05-18,12.300000190734863,-10.55
6240_TWO,2020-05-28,12.300000190734863,-11.83
6240_TWO,2023-08-24,24.14999961853028,11.29
6240_TWO,2023-08-25,21.549999237060547,-10.77
6240_TWO,2023-10-17,20.75,17.9
6240_TWO,2023-10-18,17.5,-15.66
6240_TWO,2023-11-13,19.450000762939453,11.46
6241_TWO,2008-03-11,19.302539825439453,-15.54
6241_TWO,2008-09-30,15.210403442382812,-21.2
6241_TWO,2008-12-10,14.283880233764648,-24.64
6241_TWO,2009-02-02,5.997337341308594,-53.76
6241_TWO,2009-04-02,9.069144248962402,14.29
6241_TWO,2011-12-02,14.920205116271973,36.0
6241_TWO,2015-07-07,16.62445068359375,12.5
6242_TWO,2009-01-05,13.240306854248049,95.07
6242_TWO,2009-01-12,10.65755558013916,-19.51
6242_TWO,2009-01-16,9.232588768005373,-13.37
6242_TWO,2009-02-11,5.640488624572754,-29.63
6242_TWO,2009-06-24,8.30886173248291,-13.32
6242_TWO,2009-09-08,8.36281681060791,-10.58
6242_TWO,2009-11-11,7.1578521728515625,-13.29
6242_TWO,2011-11-10,30.034198760986328,391.18
6242_TWO,2012-05-24,19.51323890686035,-13.2
6242_TWO,2016-04-08,23.596254348754883,20.99
6244_TWO,2008-08-18,152.45896911621094,-12.83
6244_TWO,2020-03-16,6.950643539428711,-13.58
6245_TWO,2015-08-13,16.79564666748047,19.76
6245_TWO,2020-03-16,29.90611457824707,-11.41
6246_TWO,2008-11-12,21.274089813232425,-13.2
6246_TWO,2008-11-17,18.474868774414062,-13.16
6246_TWO,2017-12-15,17.51259994506836,-13.21
6246_TWO,2017-12-18,22.707714080810547,29.67
6246_TWO,2020-03-16,7.538421630859375,-11.93
6246_TWO,2020-03-31,7.17852258682251,11.65
6248_TWO,2008-08-18,36.90032577514648,11.47
6248_TWO,2012-12-24,12.34119987487793,-13.02
6248_TWO,2015-12-31,14.342203140258787,11.82
6248_TWO,2016-02-01,16.784027099609375,17.25
6259_TWO,2008-10-31,40.69620513916016,27.88
6259_TWO,2008-11-21,32.55696487426758,-13.23
6259_TWO,2010-02-08,112.72848510742188,-13.17
6259_TWO,2018-12-24,13.383139610290527,-11.9
6259_TWO,2019-09-26,17.84418487548828,-12.22
6259_TWO,2019-11-26,13.49607753753662,-12.77
6259_TWO,2019-12-19,14.343111991882324,20.95
6259_TWO,2020-01-14,12.9878568649292,13.3
6259_TWO,2020-12-16,10.97182559967041,-14.42
6259_TWO,2021-02-03,11.32575511932373,11.63
6259_TWO,2021-02-25,11.71901035308838,10.78
6259_TWO,2021-05-03,14.393148422241213,-16.06
6259_TWO,2021-05-14,14.983030319213867,20.19
6259_TWO,2021-05-18,13.252705574035645,-17.0
6259_TWO,2021-05-24,12.859450340270996,-10.66
6259_TWO,2021-05-25,14.511123657226562,12.84
6259_TWO,2021-07-07,12.584172248840332,-12.09
6259_TWO,2021-07-30,13.68528652191162,-15.33
6259_TWO,2021-08-04,13.410008430480955,-10.97
6261_TWO,2017-10-02,35.65003204345703,11.81
6264_TWO,2018-11-23,6.159999847412109,-81.14
6264_TWO,2022-07-13,8.510000228881836,40.66
6265_TWO,2020-03-16,5.679999828338623,-10.55
6265_TWO,2020-03-19,4.78000020980835,-10.99
6266_TWO,2015-07-30,4.337242603302002,13.41
6266_TWO,2016-07-11,4.974551677703857,-11.36
6266_TWO,2016-07-12,5.838809490203857,17.37
6270_TWO,2009-10-23,10.979358673095703,17.82
6272_TW,2025-12-23,54.59999847412109,11.43
6275_TWO,2010-02-08,8.323485374450684,13.72
6275_TWO,2020-03-16,9.986671447753906,-10.96
6276_TWO,2009-11-06,13.758180618286133,43.22
6276_TWO,2013-08-26,25.10798072814941,-14.22
6276_TWO,2013-08-27,28.969985961914062,15.38
6276_TWO,2015-08-17,8.082995414733887,-11.76
6276_TWO,2015-08-18,8.989082336425781,11.21
6276_TWO,2016-10-03,10.287233352661133,41.89
6276_TWO,2020-03-16,12.521994590759276,-17.04
6276_TWO,2023-12-18,102.1483917236328,-10.92
6277_TW,2005-09-29,16.686443328857422,13.29
6277_TW,2005-12-23,16.9577693939209,12.5
6277_TW,2005-12-26,15.09438419342041,-10.99
6277_TW,2005-12-27,16.776885986328125,11.15
6277_TW,2006-05-22,21.25373649597168,14.84
6277_TW,2006-05-30,20.733705520629883,11.3
6277_TW,2006-07-28,20.575428009033203,12.41
6281_TW,2010-02-22,20.20930862426757,-11.22
6282_TW,2004-06-10,7.950314998626709,11.88
6282_TW,2005-07-21,8.698851585388184,11.14
6283_TW,2007-09-07,0.6130191683769226,11.2
6283_TW,2007-09-10,0.7761972546577454,26.62
6283_TW,2007-09-19,0.5777376890182495,-10.88
6283_TW,2007-09-20,0.4586618542671203,-20.61
6283_TW,2007-09-26,0.4851233065128326,17.02
6283_TW,2007-10-03,1.7829755544662476,223.43
6283_TW,2007-10-05,1.445290207862854,-13.71
6283_TW,2007-10-08,1.283202052116394,-11.21
6283_TW,2007-10-09,1.080591320991516,-15.79
6283_TW,2007-10-11,1.202157974243164,11.25
6283_TW,2007-10-15,0.9860392808914183,-14.12
6283_TW,2007-10-17,1.0940982103347778,10.96
6283_TW,2007-10-18,0.972532331943512,-11.11
6283_TW,2007-10-22,0.7023844122886658,-28.77
6283_TW,2007-10-23,0.7834284901618958,11.54
6283_TW,2007-10-31,0.7158912420272827,-11.67
6283_TW,2007-11-05,0.4592510461807251,-29.17
6283_TW,2007-11-06,0.5538029670715332,20.59
6283_TW,2007-11-08,0.3782068789005279,-26.32
6283_TW,2007-11-12,0.324177473783493,-14.29
6283_TW,2007-11-13,0.25664022564888,-20.83
6283_TW,2007-11-14,0.3646990656852722,42.11
6283_TW,2007-11-27,0.2026108056306839,-37.5
6283_TW,2007-11-29,0.3376843333244324,66.67
6283_TW,2007-11-30,0.2701470851898193,-20.0
6283_TW,2007-12-04,0.1755961030721664,-38.1
6283_TW,2007-12-05,0.2161176800727844,23.08
6283_TW,2007-12-06,0.1620882600545883,-25.0
6283_TW,2007-12-10,0.1080588400363922,-38.46
6283_TW,2007-12-13,0.1350735425949096,25.0
6283_TW,2007-12-14,0.0810441300272941,-40.0
6283_TW,2007-12-17,0.0540294200181961,-33.33
6283_TW,2007-12-18,0.0405215807259082,-25.0
6283_TW,2007-12-19,0.0675362944602966,66.67
6283_TW,2007-12-20,0.0540294200181961,-20.0
6283_TW,2007-12-21,0.0810441300272941,50.0
6283_TW,2007-12-24,0.1350735425949096,66.67
6283_TW,2007-12-25,0.0675362944602966,-50.0
6283_TW,2007-12-26,0.1215657219290733,80.0
6283_TW,2007-12-27,0.0675362944602966,-44.44
6283_TW,2007-12-28,0.0945510044693946,40.0
6283_TW,2007-12-31,0.0405215807259082,-57.14
6283_TW,2008-01-02,0.1215657219290733,200.0
6283_TW,2008-01-03,0.0810441300272941,-33.33
6283_TW,2008-01-07,0.0675362944602966,-16.67
6283_TW,2008-01-08,0.027014710009098,-60.0
6283_TW,2008-01-09,0.0405215807259082,50.0
6283_TW,2008-01-10,0.0675362944602966,66.67
6283_TW,2008-01-15,0.0810441300272941,20.0
6283_TW,2008-01-16,0.1080588400363922,33.33
6283_TW,2008-01-17,0.0945510044693946,-12.5
6283_TW,2008-01-21,0.1215657219290733,28.57
6283_TW,2008-01-22,0.0540294200181961,-55.56
6283_TW,2008-01-23,34.84907913208008,64400.19
6283_TW,2008-01-24,0.0135068716481328,-99.96
6283_TW,2008-01-25,0.027014710009098,100.01
6283_TW,2008-01-28,0.0675362944602966,150.0
6283_TW,2008-01-29,0.0135068716481328,-80.0
6283_TW,2008-01-30,33.903560638427734,250909.72
6283_TW,2008-02-01,0.0135068716481328,-99.96
6283_TW,2008-02-13,30.189027786254883,223408.66
6283_TW,2008-11-26,1.2823940515518188,-93.36
6283_TW,2008-11-27,1.5869630575180054,23.75
6283_TW,2008-12-04,1.3946040868759155,-11.22
6283_TW,2008-12-11,1.9716811180114744,10.81
6283_TW,2008-12-12,1.699172019958496,-13.82
6283_TW,2008-12-15,1.907562017440796,12.26
6283_TW,2008-12-18,1.426664113998413,-11.0
6283_TW,2008-12-23,1.186215043067932,-17.78
6283_TW,2008-12-30,1.4747530221939087,12.2
6283_TW,2009-01-05,18.915321350097656,1168.82
6283_TW,2009-01-20,1.6831430196762085,-90.58
6283_TW,2009-02-02,17.07187843322754,868.18
6283_TW,2009-02-03,1.5869630575180054,-90.7
6283_TW,2009-02-05,1.4907830953598022,-13.89
6283_TW,2009-02-10,1.8113820552825928,24.18
6283_TW,2009-02-11,2.0037410259246826,10.62
6283_TW,2009-02-12,1.699172019958496,-15.2
6283_TW,2009-03-02,1.6029930114746094,-13.79
6283_TW,2009-03-04,2.0037410259246826,22.55
6283_TW,2009-03-10,2.468609094619751,12.41
6283_TW,2009-03-13,21.961009979248047,878.57
6283_TW,2009-03-16,2.308310031890869,-89.49
6283_TW,2009-03-17,21.800710678100582,844.44
6283_TW,2009-03-18,2.500669240951538,-88.53
6283_TW,2009-03-20,22.76250648498535,760.61
6283_TW,2009-03-24,2.612879037857056,-88.56
6283_TW,2009-03-30,2.1319808959960938,-18.4
6283_TW,2009-03-31,23.163253784179688,986.47
6283_TW,2009-04-02,2.3724300861358643,-89.76
6283_TW,2009-04-03,24.04490089416504,913.51
6283_TW,2009-04-07,2.4525790214538574,-89.66
6283_TW,2009-04-09,25.72804450988769,903.13
6283_TW,2009-04-14,2.564789056777954,-89.87
6283_TW,2009-04-16,24.92654800415039,871.88
6283_TW,2009-04-21,2.917447090148926,-86.52
6283_TW,2009-04-22,22.28160858154297,663.74
6283_TW,2009-04-23,2.757148027420044,-87.63
6283_TW,2009-04-24,22.84265518188477,728.49
6283_TW,2009-04-27,2.22816014289856,-90.25
6283_TW,2009-04-28,20.35801696777344,813.67
6283_TW,2009-04-30,2.580819129943848,-86.91
6283_TW,2009-05-04,2.1319808959960938,-17.39
6283_TW,2009-05-05,2.693028211593628,26.32
6283_TW,2009-05-07,2.019771099090576,-22.22
6283_TW,2009-05-08,21.56026268005371,967.46
6283_TW,2009-11-16,0.8920656442642212,-96.56
6283_TW,2009-11-19,1.1445366144180298,15.25
6283_TW,2009-11-30,0.6227624416351318,-22.92
6283_TW,2009-12-02,28.613433837890625,4258.98
6283_TW,2009-12-09,0.6059312224388123,-97.85
6283_TW,2009-12-14,28.950061798095703,5448.39
6283_TW,2009-12-15,0.454448401927948,-98.43
6283_TW,2009-12-16,0.5891000628471375,29.63
6283_TW,2009-12-18,0.4712796211242676,-15.15
6283_TW,2009-12-22,29.11837577819824,5666.68
6283_TW,2009-12-23,0.5049420595169067,-98.27
6283_TW,2009-12-30,0.6395936012268066,26.67
6283_TW,2010-01-04,29.707475662231445,4204.88
6283_TW,2010-01-19,0.5217742323875427,-98.19
6283_TW,2010-01-20,0.6227624416351318,19.35
6283_TW,2010-01-22,0.4712796211242676,-20.0
6283_TW,2010-01-25,0.4207850396633148,-10.71
6283_TW,2010-01-26,0.3702914118766784,-12.0
6283_TW,2010-01-27,0.3197968006134033,-13.64
6283_TW,2010-01-28,0.3534592092037201,10.53
6283_TW,2010-01-29,0.3029656112194061,-14.29
6283_TW,2010-02-01,0.2693022191524505,-11.11
6283_TW,2010-02-02,0.201976403594017,-25.0
6283_TW,2010-02-05,0.151482805609703,-25.0
6283_TW,2010-02-08,0.0841570049524307,-44.44
6283_TW,2010-02-09,0.1178194060921669,40.0
6283_TW,2010-02-10,0.151482805609703,28.57
6283_TW,2010-02-22,0.1178194060921669,-22.22
6283_TW,2010-02-24,22.8907470703125,19328.67
6283_TW,2010-02-25,0.0673248097300529,-99.71
6283_TW,2010-02-26,0.0841570049524307,25.0
6283_TW,2010-03-01,0.0673248097300529,-20.0
6283_TW,2010-03-02,0.0841570049524307,25.0
6283_TW,2010-03-03,23.22737503051757,27500.05
6283_TW,2010-03-04,0.0673248097300529,-99.71
6283_TW,2010-03-05,0.1009882017970085,50.0
6283_TW,2010-03-08,0.0841570049524307,-16.67
6283_TW,2010-03-12,23.22737503051757,27500.05
6283_TW,2010-03-17,0.0673248097300529,-99.72
6283_TW,2010-03-18,24.742202758789062,36650.5
6283_TW,2010-03-19,0.1009882017970085,-99.59
6283_TW,2010-03-22,0.1178194060921669,16.67
6283_TW,2010-03-23,0.1346506029367447,14.29
6283_TW,2010-03-24,25.078832626342773,18525.12
6283_TW,2010-03-25,0.0673248097300529,-99.73
6283_TW,2010-03-29,24.910518646240234,36900.5
6283_TW,2010-03-30,0.0504936054348945,-99.8
6283_TW,2010-03-31,25.078832626342773,49567.34
6283_TW,2010-04-01,0.0673248097300529,-99.73
6283_TW,2010-04-07,24.405574798583984,36150.49
6283_TW,2010-04-08,0.0673248097300529,-99.72
6283_TW,2010-04-09,24.405574798583984,36150.49
6283_TW,2017-08-21,44.5,70.4
6283_TW,2021-04-07,74.80000305175781,12.31
6284_TWO,2020-03-16,19.721649169921875,-13.86
6285_TW,2005-07-21,12.487615585327148,16.35
6285_TW,2006-07-25,15.080949783325195,-10.91
6285_TW,2006-07-28,19.47074508666992,18.63
6285_TW,2006-09-11,17.806425094604492,-14.8
6285_TW,2006-09-12,20.463659286499023,14.92
6285_TW,2007-03-01,24.70168685913086,15.38
6290_TWO,2015-08-27,10.995749473571776,15.68
6290_TWO,2017-06-05,27.22552299499512,10.78
6290_TWO,2020-03-16,33.68662643432617,-12.43
6291_TWO,2008-08-18,45.37018585205078,-16.42
6291_TWO,2010-06-29,77.75420379638672,14.29
6291_TWO,2012-05-07,17.105924606323242,-13.16
6291_TWO,2012-05-23,12.699851989746094,-12.24
6291_TWO,2012-08-09,9.892061233520508,-19.08
6291_TWO,2013-02-25,10.367227554321287,12.68
6291_TWO,2013-09-16,9.827266693115234,13.75
6291_TWO,2015-06-11,6.155539989471436,-14.41
6291_TWO,2015-07-07,6.371524810791016,-11.68
6291_TWO,2015-08-24,6.911484718322754,-11.11
6291_TWO,2015-09-23,6.60910701751709,-12.57
6291_TWO,2015-11-25,5.291604518890381,-11.55
6291_TWO,2015-12-22,4.79484224319458,-15.27
6291_TWO,2016-01-12,4.557260036468506,-16.27
6291_TWO,2016-02-15,5.032423973083496,-11.41
6291_TWO,2016-03-17,5.529187202453613,19.63
6291_TWO,2016-05-12,4.470866680145264,16.95
6291_TWO,2016-05-19,3.239758253097534,-16.67
6291_TWO,2016-07-14,3.9093074798583984,-14.62
6291_TWO,2016-09-12,5.377998352050781,20.29
6291_TWO,2018-04-02,5.49722146987915,11.11
6291_TWO,2019-03-11,19.632932662963867,185.17
6291_TWO,2019-04-10,16.491666793823242,-14.86
6291_TWO,2019-05-24,13.15406608581543,-16.25
6291_TWO,2019-05-30,14.855587005615234,10.73
6291_TWO,2020-02-11,15.510019302368164,21.17
6291_TWO,2020-02-25,14.5938138961792,-16.17
6291_TWO,2020-06-16,21.661670684814453,-11.73
6291_TWO,2020-06-22,22.185216903686523,12.25
6291_TWO,2020-07-22,25.719144821166992,15.59
6291_TWO,2021-04-14,33.96498107910156,-13.36
6291_TWO,2021-10-12,54.38323211669922,13.22
6292_TWO,2010-03-23,8.30301284790039,14.2
6292_TWO,2015-03-17,14.653751373291016,11.48
6292_TWO,2020-03-10,24.307373046875,-12.64
6294_TWO,2008-09-30,8.827347755432129,-25.4
6294_TWO,2008-12-30,4.319765567779541,-11.54
6294_TWO,2009-04-02,15.025277137756348,13.48
6294_TWO,2009-05-15,23.94652938842773,-11.76
6294_TWO,2010-03-02,9.9061861038208,-13.41
6294_TWO,2010-03-23,8.53885269165039,-13.44
6294_TWO,2011-11-17,10.045709609985352,14.47
6294_TWO,2012-01-11,9.724804878234863,-11.32
6294_TWO,2015-08-26,35.29951095581055,10.96
6294_TWO,2017-08-21,40.10258865356445,-12.03
6294_TWO,2018-07-25,46.6192512512207,-13.89
6294_TWO,2018-07-26,55.245567321777344,18.5
6411_TWO,2013-12-05,23.12051773071289,10.98
6411_TWO,2013-12-16,25.66123580932617,10.99
6411_TWO,2015-07-20,18.53327751159668,-11.1
6412_TW,2013-11-08,22.98759078979492,-13.09
6414_TW,2013-07-29,67.51007843017578,12.63
6414_TW,2014-03-28,113.25289154052734,11.5
6416_TW,2013-12-20,29.76117897033692,10.72
6416_TW,2014-03-12,36.80808639526367,10.9
6416_TW,2014-06-05,38.51849365234375,14.2
6416_TW,2014-10-03,45.402923583984375,11.5
6416_TW,2015-01-27,74.41844177246094,11.4
6416_TW,2015-08-24,60.97407150268555,-10.65
6416_TW,2015-08-27,69.92499542236328,10.67
6416_TW,2015-10-05,83.75559997558594,11.65
6416_TW,2015-11-20,96.5010223388672,13.25
6416_TW,2017-08-30,96.42711639404295,11.91
6417_TWO,2013-04-02,20.10033226013184,10.67
6417_TWO,2014-03-28,11.684557914733888,11.27
6417_TWO,2014-03-31,12.993520736694336,11.2
6417_TWO,2014-04-10,13.614727973937988,13.08
6417_TWO,2014-04-14,15.692801475524902,14.21
6417_TWO,2014-08-06,15.973825454711914,12.73
6417_TWO,2014-09-15,20.95247459411621,11.09
6417_TWO,2014-12-01,26.173784255981445,16.41
6417_TWO,2015-10-14,37.026397705078125,17.72
6417_TWO,2020-10-28,54.657344818115234,10.54
6418_TWO,2014-01-07,12.82737636566162,-10.55
6418_TWO,2015-02-25,11.025954246520996,12.48
6418_TWO,2016-01-19,9.907493591308594,11.11
6418_TWO,2016-08-12,9.8348388671875,11.95
6418_TWO,2017-02-02,14.056658744812012,22.22
6418_TWO,2017-02-07,16.341733932495117,12.11
6418_TWO,2017-02-09,14.195147514343262,-10.87
6418_TWO,2017-04-07,16.764123916625977,14.79
6418_TWO,2018-09-25,21.91781616210937,16.04
6418_TWO,2019-02-19,23.688552856445312,14.02
6418_TWO,2025-08-04,22.799999237060547,14.29
6419_TWO,2014-08-18,105.1201400756836,-10.83
6419_TWO,2014-08-26,111.34220886230467,13.33
6419_TWO,2014-11-03,94.95198059082033,13.71
6419_TWO,2014-11-05,107.23236846923828,17.24
6419_TWO,2014-12-29,121.1665267944336,13.32
6419_TWO,2020-03-31,9.880810737609863,-11.52
6419_TWO,2020-12-11,11.915096282958984,-11.96
6419_TWO,2021-03-03,12.122675895690918,-11.52
6419_TWO,2022-03-08,25.573862075805664,-14.44
6419_TWO,2024-03-19,49.440460205078125,-13.56
6419_TWO,2024-03-27,52.33772659301758,11.55
6423_TWO,2014-10-27,48.4928092956543,-12.61
6423_TWO,2014-12-03,47.586402893066406,16.69
6423_TWO,2015-04-08,50.305625915527344,13.27
6423_TWO,2015-04-28,51.302677154541016,-11.58
6423_TWO,2016-03-02,55.29086685180664,11.82
6423_TWO,2017-03-14,59.99512481689453,13.09
6423_TWO,2019-03-14,53.37320709228516,10.69
6423_TWO,2020-03-19,29.17121696472168,-12.31
6423_TWO,2020-07-27,44.26294708251953,20.25
6423_TWO,2020-08-04,53.83331680297852,19.88
6423_TWO,2020-09-14,43.89486312866211,13.98
6423_TWO,2021-04-07,55.76579666137695,13.91
6423_TWO,2021-10-29,54.753543853759766,12.69
6423_TWO,2021-11-03,72.1458511352539,23.08
6423_TWO,2021-11-09,91.47062683105467,16.39
6423_TWO,2021-11-24,105.36607360839844,21.16
6423_TWO,2021-12-02,119.6295928955078,11.11
6423_TWO,2021-12-06,155.97860717773438,21.07
6423_TWO,2022-03-07,88.43388366699219,-11.02
6423_TWO,2022-05-04,77.94328308105469,17.64
6423_TWO,2022-05-05,86.50140380859375,10.98
6423_TWO,2023-02-01,97.71446990966795,15.38
6423_TWO,2023-09-28,108.4165267944336,10.68
6423_TWO,2024-05-15,93.88095092773438,-11.0
6423_TWO,2024-05-16,111.71736907958984,19.0
6425_TWO,2013-08-08,30.40772819519043,-10.98
6425_TWO,2013-08-09,27.109420776367188,-10.85
6425_TWO,2013-08-12,22.00381088256836,-18.83
6425_TWO,2014-08-14,27.331886291503903,-11.63
6425_TWO,2014-08-28,38.64200592041016,14.63
6425_TWO,2015-10-02,27.91848564147949,12.64
6425_TWO,2016-04-28,31.813167572021484,11.0
6425_TWO,2016-10-03,21.377975463867188,11.26
6425_TWO,2017-04-07,25.82064247131348,22.3
6425_TWO,2019-01-18,34.83196258544922,-10.66
6425_TWO,2024-03-19,59.94303512573242,18.65
6425_TWO,2024-03-27,65.86933135986328,12.44
6426_TW,2014-02-21,42.400203704833984,13.64
6426_TW,2014-02-24,47.98290252685547,13.17
6426_TW,2014-03-04,47.62956619262695,12.33
6426_TW,2014-05-23,56.53361511230469,11.58
6426_TW,2014-10-30,34.44676208496094,20.03
6426_TW,2014-12-18,34.02238082885742,13.57
6426_TW,2018-12-24,68.44347381591797,13.32
6426_TW,2020-03-16,81.17308044433594,-17.53
6431_TW,2015-08-05,13.516289710998535,-15.31
6432_TWO,2021-04-07,38.1299934387207,13.91
6432_TWO,2024-05-14,32.5447883605957,12.52
6435_TWO,2014-01-06,27.30033493041992,11.34
6435_TWO,2015-03-25,20.800661087036133,10.83
6435_TWO,2015-12-08,23.98580551147461,11.19
6435_TWO,2017-08-25,67.4234390258789,13.49
6435_TWO,2020-03-16,52.47224807739258,-10.84
6435_TWO,2021-04-07,107.72962951660156,10.69
6438_TW,2014-01-13,33.03493118286133,10.83
6438_TW,2020-03-16,32.37577819824219,-14.08
6438_TW,2021-04-07,89.75209045410156,12.75
6441_TWO,2014-01-13,44.61898040771485,10.59
6441_TWO,2014-01-14,50.00030517578125,12.06
6441_TWO,2014-03-11,81.10880279541016,23.86
6441_TWO,2014-03-19,67.86952209472656,-12.2
6441_TWO,2014-03-28,63.50042343139648,13.7
6441_TWO,2014-05-21,56.3222770690918,12.74
6441_TWO,2014-06-23,75.97616577148438,19.41
6441_TWO,2014-10-01,40.08967971801758,-34.96
6441_TWO,2014-10-16,28.86984062194824,-14.12
6441_TWO,2014-10-20,24.81339836120605,-13.67
6441_TWO,2014-10-24,27.5352783203125,-10.6
6441_TWO,2014-12-02,32.177242279052734,14.77
6441_TWO,2016-06-08,31.96200942993164,14.47
6441_TWO,2017-03-23,50.42324066162109,21.52
6441_TWO,2017-07-06,53.44108963012695,15.65
6441_TWO,2017-09-27,44.108306884765625,-13.38
6441_TWO,2018-08-22,40.8808708190918,-11.76
6441_TWO,2018-08-23,46.58328628540039,13.95
6441_TWO,2020-03-16,48.137962341308594,-14.35
6442_TW,2014-10-27,14.522531509399414,-12.12
6442_TW,2015-01-09,22.4598445892334,15.56
6442_TW,2015-07-16,49.079139709472656,10.66
6443_TW,2014-09-30,29.375322341918945,14.35
6443_TW,2015-02-11,24.675270080566406,13.86
6443_TW,2015-03-12,29.375322341918945,10.61
6443_TW,2015-10-01,18.35957717895508,-12.7
6446_TW,2014-05-15,150.86676025390625,15.34
6446_TW,2014-09-22,145.11114501953125,11.08
6446_TW,2015-04-24,88.07828521728516,-16.31
6446_TW,2015-05-11,64.9686279296875,-11.56
6446_TW,2015-08-28,58.62002182006836,12.97
6446_TW,2015-08-31,69.15453338623047,17.97
6446_TW,2015-10-16,81.53781127929688,11.71
6446_TW,2015-11-26,116.42030334472656,12.66
6446_TW,2015-11-30,128.36756896972656,11.94
6446_TW,2015-12-01,154.34629821777344,20.24
6446_TW,2020-03-16,64.7800064086914,-18.03
6451_TW,2017-10-02,94.69420623779295,11.17
6461_TWO,2014-10-13,51.82389831542969,-12.61
6461_TWO,2014-11-18,39.20590591430664,-13.0
6461_TWO,2014-12-03,46.95695877075195,10.85
6461_TWO,2015-08-24,25.731693267822266,-12.42
6461_TWO,2015-09-11,28.45357322692871,15.64
6461_TWO,2015-09-18,32.80678176879883,13.64
6461_TWO,2015-10-13,38.32264709472656,11.92
6461_TWO,2015-11-20,46.262969970703125,15.37
6461_TWO,2015-11-27,46.587432861328125,10.73
6461_TWO,2018-12-24,17.36976432800293,-10.57
6461_TWO,2020-03-16,14.044230461120604,-15.2
6462_TWO,2014-06-27,119.43716430664062,17.03
6462_TWO,2014-07-01,103.99372100830078,-12.93
6462_TWO,2014-07-03,83.96224212646484,-13.47
6462_TWO,2014-07-25,59.72208786010742,-10.53
6462_TWO,2014-07-29,65.33596801757812,15.52
6462_TWO,2014-09-15,72.22859954833984,11.5
6462_TWO,2014-09-29,88.5221939086914,10.86
6462_TWO,2014-11-20,73.91487121582031,11.91
6462_TWO,2014-12-18,69.34085845947266,12.53
6462_TWO,2014-12-31,77.28038787841797,11.43
6462_TWO,2015-01-30,113.46495819091795,10.99
6462_TWO,2015-05-12,68.64527893066406,-11.58
6462_TWO,2015-05-13,79.64818572998047,16.03
6462_TWO,2015-08-26,73.07173919677734,10.58
6462_TWO,2015-12-24,85.01615905761719,-12.0
6462_TWO,2020-03-16,110.85539245605467,-17.96
6464_TW,2015-12-16,79.28236389160156,-12.65
6465_TWO,2015-11-09,80.0740966796875,12.41
6465_TWO,2016-07-05,59.28792190551758,-11.61
6465_TWO,2016-07-06,71.97640228271484,21.4
6465_TWO,2018-07-10,82.7043685913086,17.51
6465_TWO,2024-09-13,24.475975036621094,-10.66
6465_TWO,2024-09-19,26.350261688232425,20.71
6465_TWO,2024-11-14,24.86185646057129,11.91
6465_TWO,2024-12-27,22.8773193359375,-10.56
6465_TWO,2025-01-08,21.94017601013184,-11.56
6465_TWO,2025-01-14,19.735132217407227,-11.17
6465_TWO,2025-01-20,21.22353744506836,18.83
6469_TWO,2015-04-09,13.731684684753418,11.24
6469_TWO,2015-08-21,8.875326156616211,-15.16
6469_TWO,2015-11-30,14.782878875732422,20.02
6469_TWO,2015-12-22,16.01478385925293,10.87
6469_TWO,2018-09-06,16.449504852294922,12.4
6469_TWO,2020-07-16,27.07489013671875,16.78
6470_TWO,2014-12-04,15.727360725402832,10.87
6470_TWO,2015-08-24,16.354658126831055,-14.34
6470_TWO,2015-08-27,19.35652732849121,14.3
6470_TWO,2015-11-03,31.12660217285156,20.41
6470_TWO,2018-12-24,33.15442657470703,14.84
6470_TWO,2019-09-10,36.68108367919922,12.73
6470_TWO,2020-03-16,22.9079704284668,-14.64
6472_TW,2016-02-15,15.456551551818848,-14.03
6472_TW,2016-07-19,21.037702560424805,34.05
6472_TW,2017-03-17,19.598657608032227,19.03
6472_TW,2017-04-19,14.44363498687744,-21.3
6474_TWO,2018-02-02,26.669553756713867,-15.0
6474_TWO,2020-07-28,20.022220611572266,34.85
6474_TWO,2021-02-22,24.825977325439453,13.88
6474_TWO,2021-02-25,28.195709228515625,14.85
6474_TWO,2021-03-02,31.73736572265625,14.8
6474_TWO,2021-03-17,24.61966896057129,-11.6
6474_TWO,2021-08-23,34.385013580322266,12.49
6474_TWO,2022-09-28,25.932174682617188,-14.11
6474_TWO,2024-07-16,36.48429489135742,27.69
6474_TWO,2025-04-07,29.23481750488281,-11.86
6477_TW,2015-08-21,15.97028923034668,-12.61
6477_TW,2015-09-01,17.638826370239258,13.85
6482_TWO,2015-12-03,31.12135124206543,17.48
6482_TWO,2015-12-30,30.93935775756836,-11.91
6482_TWO,2016-01-13,38.82989883422852,14.3
6482_TWO,2016-06-13,27.42076301574707,-12.52
6482_TWO,2016-09-01,24.83237075805664,-11.65
6482_TWO,2016-09-02,27.808639526367188,11.99
6482_TWO,2017-02-20,27.85393142700196,13.47
6482_TWO,2017-09-04,17.345775604248047,15.01
6482_TWO,2020-02-19,20.241025924682617,15.32
6482_TWO,2020-06-10,17.070402145385742,-11.32
6482_TWO,2021-10-13,18.40093231201172,-12.28
6485_TWO,2014-12-29,36.2829475402832,11.67
6485_TWO,2015-09-18,26.80272483825684,13.82
6485_TWO,2015-11-04,33.611961364746094,12.5
6485_TWO,2016-08-22,34.991172790527344,-21.17
6485_TWO,2016-08-23,45.164581298828125,29.07
6485_TWO,2016-09-12,38.38663482666016,-11.16
6485_TWO,2017-08-22,25.1240177154541,-13.37
6485_TWO,2017-08-23,29.670448303222656,18.1
6485_TWO,2020-03-16,22.702253341674805,-11.5
6485_TWO,2021-04-07,123.91397857666016,20.34
6486_TWO,2015-07-28,19.5666732788086,-13.94
6488_TWO,2015-02-02,64.28334045410156,10.86
6491_TW,2015-10-05,79.02738952636719,13.58
6491_TW,2017-03-17,91.05329132080078,11.58
6491_TW,2017-09-04,157.50347900390625,13.04
6491_TW,2018-08-20,147.11863708496094,-10.53
6492_TWO,2015-05-07,65.56189727783203,23.66
6492_TWO,2015-05-15,69.28033447265625,12.4
6492_TWO,2015-08-20,58.51644134521485,13.47
6492_TWO,2015-10-20,73.27275848388672,12.26
6492_TWO,2015-11-05,119.3813705444336,16.19
6492_TWO,2015-11-06,137.48428344726562,15.16
6492_TWO,2015-11-09,177.11497497558594,28.83
6492_TWO,2015-11-10,156.56573486328125,-11.6
6492_TWO,2015-11-12,166.35108947753906,10.66
6492_TWO,2015-12-11,210.27755737304688,30.24
6492_TWO,2016-01-26,122.31697845458984,-13.19
6492_TWO,2017-04-24,142.86622619628906,-19.34
6494_TWO,2015-11-26,19.286476135253903,16.88
6494_TWO,2016-05-09,15.804195404052734,-13.24
6494_TWO,2021-04-07,88.40401458740234,20.73
6496_TWO,2015-01-13,50.86365509033203,14.84
6496_TWO,2015-11-30,66.483154296875,22.67
6496_TWO,2015-12-04,72.51721954345703,13.98
6496_TWO,2015-12-07,80.57469177246094,11.11
6496_TWO,2015-12-17,97.19548034667967,23.39
6496_TWO,2015-12-25,108.3964385986328,13.64
6496_TWO,2016-01-06,83.10393524169922,-11.54
6496_TWO,2016-01-07,66.483154296875,-20.0
6496_TWO,2016-01-11,59.25672149658203,-11.92
6496_TWO,2016-01-13,59.97936248779297,10.67
6498_TWO,2015-02-25,13.720821380615234,11.61
6498_TWO,2015-06-16,9.769573211669922,-13.46
6498_TWO,2015-11-30,3.843332290649414,12.52
6498_TWO,2015-12-23,5.1265716552734375,39.41
6498_TWO,2015-12-28,3.964633464813232,-13.99
6498_TWO,2016-05-03,3.083604097366333,-13.29
6498_TWO,2016-08-16,3.364511728286743,26.68
6498_TWO,2016-08-22,3.0197603702545166,-14.0
6498_TWO,2017-03-07,2.93676495552063,12.2
6498_TWO,2017-03-09,3.479428768157959,19.0
6498_TWO,2017-03-10,4.047629356384277,16.33
6498_TWO,2017-03-14,3.60711407661438,-11.99
6498_TWO,2017-03-17,5.228719711303711,31.25
6498_TWO,2017-03-21,4.571139812469482,-10.5
6498_TWO,2017-03-22,3.766721248626709,-17.6
6498_TWO,2017-03-31,4.532834053039551,20.95
6498_TWO,2017-04-11,3.63903546333313,-12.31
6498_TWO,2017-08-04,3.626267433166504,13.83
6498_TWO,2017-08-28,5.362790107727051,58.49
6498_TWO,2017-08-29,6.122518062591553,14.17
6498_TWO,2017-08-30,7.214228630065918,17.83
6498_TWO,2017-08-31,5.669234275817871,-21.42
6498_TWO,2017-09-14,6.179976463317871,11.01
6498_TWO,2018-01-05,5.375557899475098,17.43
6498_TWO,2018-02-26,7.309992790222168,26.66
6498_TWO,2018-02-27,6.467268943786621,-11.53
6498_TWO,2018-03-20,7.980340957641602,17.92
6498_TWO,2018-03-27,8.395319938659668,13.07
6498_TWO,2018-03-30,9.576410293579102,13.38
6498_TWO,2018-04-24,7.40575647354126,-10.77
6498_TWO,2018-04-30,7.980340957641602,11.11
6498_TWO,2018-06-11,12.691934585571287,17.08
6498_TWO,2018-07-02,12.640863418579102,-11.25
6498_TWO,2019-02-20,8.663457870483398,15.98
6498_TWO,2020-01-03,10.859648704528809,14.16
6498_TWO,2020-01-30,10.214838027954102,-11.31
6498_TWO,2020-03-16,7.258918762207031,-13.27
6498_TWO,2020-03-19,6.211897850036621,-11.79
6498_TWO,2020-04-08,9.512566566467283,24.17
6498_TWO,2020-07-28,17.333301544189453,89.86
6498_TWO,2020-09-14,21.59477806091309,11.79
6498_TWO,2020-10-23,27.434675216674805,11.91
6498_TWO,2021-01-19,31.413503646850582,11.0
6498_TWO,2021-05-12,26.921276092529297,-10.65
6498_TWO,2021-07-05,31.862722396850582,13.75
6498_TWO,2021-11-03,23.262758255004883,11.05
6498_TWO,2022-03-21,26.12085723876953,16.45
6498_TWO,2024-03-13,68.4342269897461,-14.79
6498_TWO,2024-04-08,77.74889373779297,10.99
6498_TWO,2024-12-10,112.60891723632812,12.2
6498_TWO,2025-04-07,90.96842193603516,-19.91
6498_TWO,2025-04-10,101.83763122558594,18.45
6498_TWO,2025-05-14,95.08109283447266,10.97
6498_TWO,2025-05-23,104.77525329589844,14.32
6499_TWO,2014-12-12,109.45841979980467,21.62
6499_TWO,2014-12-16,121.61438751220705,14.41
6499_TWO,2015-02-04,120.70223236083984,12.47
6499_TWO,2015-03-03,142.90403747558594,12.71
6499_TWO,2015-09-08,110.97621154785156,13.23
6499_TWO,2015-12-18,185.3843231201172,11.26
6499_TWO,2016-05-25,115.17994689941406,15.34
6499_TWO,2016-07-27,104.9345245361328,-11.29
6499_TWO,2018-04-02,116.6999053955078,12.58
6504_TW,2008-01-24,11.202237129211426,-12.7
6504_TW,2008-01-29,12.04306411743164,12.24
6504_TW,2008-03-28,11.202237129211426,-14.73
6504_TW,2008-03-31,13.137887001037598,17.28
6504_TW,2008-04-14,13.137887001037598,10.7
6504_TW,2008-06-11,12.262028694152832,-13.31
6504_TW,2008-06-12,13.750988006591797,12.14
6504_TW,2008-09-17,11.791828155517578,-13.29
6504_TW,2008-09-18,13.460572242736816,14.15
6504_TW,2008-09-22,11.754950523376465,-12.67
6504_TW,2008-10-08,10.602503776550291,-19.86
6504_TW,2009-02-03,9.21957015991211,-18.37
6504_TW,2013-03-12,49.09592056274414,432.52
6504_TW,2013-05-07,52.0132064819336,-14.0
6506_TWO,2008-01-22,4.385687828063965,11.11
6506_TWO,2008-09-18,2.7785465717315674,-15.63
6506_TWO,2009-02-13,1.7151525020599363,-21.88
6506_TWO,2011-05-03,7.621514797210693,344.36
6506_TWO,2011-05-06,9.040413856506348,10.95
6508_TWO,2008-08-18,10.379094123840332,-18.63
6509_TWO,2009-04-02,13.520380973815918,11.11
6510_TWO,2015-06-15,196.3108062744141,11.38
6510_TWO,2015-08-24,139.46424865722656,-12.43
6510_TWO,2016-01-07,333.1644592285156,-13.42
6512_TWO,2015-02-25,60.17167282104492,11.64
6512_TWO,2015-02-26,53.15779876708984,-11.66
6512_TWO,2015-08-18,30.63956069946289,-11.7
6512_TWO,2015-09-10,34.95125198364258,11.91
6512_TWO,2015-11-26,42.14794158935547,14.47
6512_TWO,2017-02-20,29.279794692993164,18.54
6515_TW,2019-11-22,404.2664184570313,-11.09
6515_TW,2020-02-03,276.1796569824219,-11.35
6515_TW,2020-02-12,331.7523803710937,11.68
6515_TW,2020-03-13,240.4026031494141,-12.15
6515_TW,2020-03-16,214.7128753662109,-10.69
6515_TW,2020-03-18,172.61228942871094,-10.87
6515_TW,2020-03-19,147.18356323242188,-14.73
6515_TW,2020-03-20,192.8121490478516,31.0
6515_TW,2020-03-23,170.92828369140625,-11.35
6515_TW,2020-03-27,232.39508056640625,15.24
6515_TW,2020-07-27,416.1242370605469,47.52
6516_TWO,2015-09-09,36.82442474365234,12.83
6516_TWO,2015-09-11,47.80714416503906,18.05
6516_TWO,2015-09-16,51.84491729736328,12.32
6516_TWO,2015-09-21,59.59743118286133,13.19
6516_TWO,2015-11-13,74.46287536621094,13.0
6516_TWO,2016-08-22,95.733642578125,11.56
6516_TWO,2016-11-15,154.16546630859375,11.35
6516_TWO,2016-11-16,173.0337677001953,12.24
6516_TWO,2016-11-23,171.63400268554688,18.42
6516_TWO,2018-12-04,99.92049407958984,19.75
6516_TWO,2018-12-05,117.9912338256836,18.09
6516_TWO,2019-01-14,101.53621673583984,14.4
6516_TWO,2019-05-06,95.93431091308594,-21.77
6516_TWO,2022-06-20,57.230010986328125,-11.89
6516_TWO,2023-10-13,71.35748291015625,10.54
6517_TWO,2015-04-30,22.55045318603516,22.5
6517_TWO,2015-05-04,27.24462509155273,20.82
6517_TWO,2015-05-05,31.29450225830078,14.86
6517_TWO,2015-05-12,21.740476608276367,-18.55
6517_TWO,2015-12-09,7.616744041442871,-18.81
6517_TWO,2015-12-14,8.443440437316895,11.95
6517_TWO,2015-12-25,10.403358459472656,11.89
6517_TWO,2016-03-24,8.63850212097168,22.21
6517_TWO,2016-03-28,10.403358459472656,14.4
6517_TWO,2016-09-12,7.338083267211914,-10.53
6517_TWO,2016-10-04,8.090468406677246,13.41
6517_TWO,2017-02-20,4.811553001403809,-12.94
6517_TWO,2017-02-22,3.789794683456421,-21.24
6517_TWO,2017-03-03,3.381091594696045,-13.54
6517_TWO,2017-03-16,3.418246269226074,11.18
6517_TWO,2021-11-12,20.620943069458008,503.26
6517_TWO,2021-11-19,20.06361961364746,24.86
6517_TWO,2021-12-20,20.15650749206543,14.21
6517_TWO,2021-12-22,24.47575759887696,22.27
6517_TWO,2021-12-28,32.97492980957031,43.43
6517_TWO,2021-12-29,29.213001251220703,-11.41
6517_TWO,2022-01-11,33.67158508300781,12.93
6517_TWO,2022-07-14,27.512834548950195,16.4
6517_TWO,2022-08-15,37.62923431396485,17.4
6517_TWO,2022-08-30,42.592891693115234,15.51
6517_TWO,2022-11-17,46.32745361328125,11.11
6517_TWO,2022-12-15,60.50932693481445,28.77
6517_TWO,2024-03-27,86.7137680053711,11.73
6517_TWO,2025-08-04,78.19999694824219,10.76
6523_TWO,2015-07-31,62.15303802490234,12.92
6523_TWO,2016-04-21,113.2669677734375,16.29
6523_TWO,2016-06-16,124.21454620361328,-13.68
6523_TWO,2018-02-12,44.47223281860352,12.35
6523_TWO,2018-04-02,72.08411407470703,20.41
6523_TWO,2018-08-06,50.983673095703125,12.78
6526_TW,2023-10-19,402.8105773925781,-25.23
6527_TWO,2015-05-04,28.84488296508789,-10.96
6527_TWO,2015-05-22,27.107240676879883,12.39
6527_TWO,2015-11-30,52.9515495300293,79.76
6527_TWO,2015-12-01,43.483394622802734,-17.88
6527_TWO,2015-12-03,35.90185546875,-10.97
6527_TWO,2017-07-21,21.40369987487793,13.26
6527_TWO,2017-08-22,18.31108856201172,-11.72
6527_TWO,2018-03-06,25.03184509277344,31.94
6527_TWO,2021-04-07,50.70421600341797,12.64
6527_TWO,2024-07-26,84.79063415527344,10.69
6530_TWO,2016-10-17,8.322881698608398,18.17
6530_TWO,2016-12-08,9.596014022827148,19.29
6530_TWO,2017-03-20,11.033835411071776,11.24
6530_TWO,2017-09-05,11.243371963500977,15.56
6530_TWO,2017-11-06,14.013673782348633,15.03
6530_TWO,2017-12-04,16.013696670532227,13.23
6531_TW,2015-10-14,32.54595184326172,21.26
6531_TW,2016-06-20,35.66944885253906,11.84
6532_TWO,2015-08-24,14.578861236572266,-11.6
6532_TWO,2015-09-09,16.887731552124023,12.78
6532_TWO,2016-02-16,19.19660377502441,14.16
6532_TWO,2016-03-22,22.40923309326172,12.11
6532_TWO,2016-03-25,25.687820434570312,14.53
6532_TWO,2016-03-28,29.02579116821289,12.99
6532_TWO,2016-03-29,24.92919921875,-14.11
6532_TWO,2016-04-08,30.312164306640625,11.29
6532_TWO,2016-08-02,23.323165893554688,13.59
6532_TWO,2016-09-29,22.9442081451416,12.88
6533_TW,2015-08-20,65.53221130371094,-10.82
6533_TW,2015-08-21,57.84912490844727,-11.72
6533_TW,2015-08-24,51.05185317993164,-11.75
6533_TW,2015-09-09,82.16382598876953,23.22
6533_TW,2016-01-13,63.90520477294922,11.34
6533_TW,2016-08-01,72.3114013671875,13.8
6533_TW,2017-02-13,84.7125473022461,11.3
6533_TW,2017-02-14,97.7559814453125,15.4
6533_TW,2017-02-20,121.03121948242188,14.05
6533_TW,2017-03-14,176.42628479003906,47.55
6533_TW,2017-03-16,181.5468139648437,14.71
6534_TW,2023-12-21,71.8360595703125,-18.01
6535_TWO,2015-09-17,44.81402206420898,11.39
6535_TWO,2015-10-01,44.91360855102539,11.39
6535_TWO,2015-11-20,52.78096008300781,17.36
6535_TWO,2015-12-10,74.92904663085938,20.38
6535_TWO,2015-12-11,82.89598083496094,10.63
6535_TWO,2015-12-25,75.38714599609375,12.48
6538_TWO,2016-04-26,75.892333984375,17.89
6538_TWO,2016-10-21,56.45338439941406,-13.69
6538_TWO,2016-10-24,49.93952941894531,-11.54
6538_TWO,2017-07-27,28.004907608032227,11.43
6541_TW,2015-08-14,297.7464294433594,-13.18
6541_TW,2015-09-21,358.8907775878906,16.88
6541_TW,2015-11-23,361.5492248535156,12.4
6541_TW,2015-11-25,438.644287109375,16.2
6541_TW,2015-12-01,478.4678955078125,11.1
6541_TW,2015-12-08,608.7850952148438,19.96
6541_TW,2015-12-09,749.6829833984375,23.14
6541_TW,2015-12-10,845.38720703125,12.77
6541_TW,2015-12-18,640.6865234375,-10.74
6541_TW,2015-12-21,716.0004272460938,11.76
6541_TW,2016-01-04,560.9329833984375,-12.45
6541_TW,2016-02-22,548.7615356445312,-11.96
6541_TW,2016-06-17,429.5754089355469,17.7
6541_TW,2017-07-12,263.9221496582031,-11.32
6541_TW,2017-07-20,328.58306884765625,15.87
6541_TW,2017-08-02,269.5375061035156,-15.79
6542_TWO,2015-06-26,86.07218933105469,-14.26
6542_TWO,2016-03-22,89.6792984008789,18.16
6542_TWO,2016-03-30,95.93479919433594,11.55
6542_TWO,2016-05-24,127.52838134765624,18.16
6542_TWO,2016-09-08,84.36119079589844,-16.83
6542_TWO,2020-11-24,46.7946662902832,-10.55
6542_TWO,2024-04-01,66.76799011230469,11.43
6542_TWO,2024-11-13,53.38967514038086,-10.97
6546_TWO,2015-09-18,14.515376091003418,11.86
6546_TWO,2016-05-17,11.967910766601562,10.84
6546_TWO,2017-12-25,12.978111267089844,19.73
6546_TWO,2020-11-09,54.79903411865234,337.86
6546_TWO,2024-03-19,132.0707244873047,14.23
6547_TWO,2015-11-20,17.503068923950195,11.97
6547_TWO,2015-11-23,20.048969268798828,14.55
6547_TWO,2015-12-14,21.767452239990234,16.13
6547_TWO,2018-04-09,28.71804618835449,12.1
6548_TWO,2016-01-28,2.4842474460601807,14.2
6548_TWO,2016-07-05,2.954240322113037,11.11
6548_TWO,2016-08-05,4.64621639251709,11.25
6548_TWO,2016-09-14,4.62665319442749,22.46
6548_TWO,2019-09-10,11.802475929260254,20.83
6550_TW,2016-02-19,68.17862701416016,-10.81
6550_TW,2016-02-22,58.77467727661133,-13.79
6550_TW,2016-02-25,46.14029693603516,-13.54
6550_TW,2016-02-26,56.58913040161133,22.65
6550_TW,2016-04-01,65.2964859008789,11.28
6550_TW,2017-04-27,22.52001190185547,-27.09
6550_TW,2017-07-05,21.29716682434082,11.93
6550_TW,2017-07-06,26.08397674560547,22.48
6550_TW,2017-07-07,31.045352935791016,19.02
6550_TW,2017-07-10,38.239349365234375,23.17
6550_TW,2017-07-14,36.87037658691406,14.4
6550_TW,2017-07-19,38.671173095703125,11.03
6550_TW,2017-07-24,47.37195587158203,23.26
6550_TW,2017-07-26,54.66701889038086,14.07
6550_TW,2017-07-28,44.26650238037109,-10.76
6550_TW,2017-07-31,38.24853515625,-13.59
6550_TW,2017-08-01,45.93867111206055,20.11
6550_TW,2017-08-07,48.015098571777344,13.12
6550_TW,2017-09-05,68.09029388427734,13.67
6550_TW,2017-12-04,50.06396484375,-15.14
6550_TW,2017-12-07,57.88272476196289,24.11
6550_TW,2019-01-21,25.15966415405273,-11.23
6550_TW,2019-07-02,17.670000076293945,11.62
6550_TW,2019-07-03,19.989999771118164,13.13
6550_TW,2019-07-15,17.149999618530273,14.72
6550_TW,2019-10-18,10.760000228881836,-11.0
6550_TW,2019-12-02,12.899999618530272,14.16
6550_TW,2019-12-03,15.579999923706056,20.78
6550_TW,2019-12-10,19.93000030517578,16.01
6550_TW,2019-12-17,20.0,-18.73
6550_TW,2020-01-02,21.459999084472656,14.15
6550_TW,2020-01-30,15.90999984741211,-20.37
6550_TW,2020-04-10,14.850000381469728,25.85
6550_TW,2020-07-27,16.450000762939453,19.2
6550_TW,2020-08-18,17.850000381469727,10.53
6550_TW,2021-03-02,24.25,26.96
6550_TW,2021-03-10,31.0,16.1
6550_TW,2021-03-11,40.04999923706055,29.19
6550_TW,2021-03-16,42.0,10.82
6550_TW,2021-03-23,44.84999847412109,11.57
6550_TW,2021-04-07,64.19999694824219,18.67
6550_TW,2021-04-09,77.4000015258789,16.92
6550_TW,2021-04-14,66.5,-14.19
6550_TW,2021-04-22,54.59999847412109,-14.95
6550_TW,2021-04-26,60.09999847412109,22.4
6550_TW,2021-04-28,75.9000015258789,22.42
6550_TW,2021-09-09,63.0,14.96
6550_TW,2021-10-29,61.20000076293945,10.67
6550_TW,2022-02-17,98.9000015258789,15.67
6550_TW,2022-05-12,104.0,-11.86
6552_TW,2016-05-06,35.38104248046875,13.92
6552_TW,2016-09-29,39.39427185058594,10.89
6552_TW,2020-11-02,41.7401008605957,-10.81
6556_TWO,2016-01-07,25.27129554748535,-12.98
6556_TWO,2017-03-15,40.14094161987305,19.05
6556_TWO,2017-03-17,48.378562927246094,20.5
6556_TWO,2017-10-19,35.491573333740234,13.63
6556_TWO,2020-05-15,34.5373649597168,-11.07
6558_TW,2015-11-18,12.912575721740724,12.74
6558_TW,2015-11-26,11.54748249053955,10.7
6558_TW,2015-12-17,13.60800075531006,12.41
6558_TW,2016-08-04,17.993541717529297,14.8
6558_TW,2016-08-08,22.149343490600582,23.65
6558_TW,2016-08-09,19.71318626403809,-11.0
6558_TW,2016-09-07,19.247447967529297,10.77
6558_TW,2017-03-23,23.8779411315918,13.4
6558_TW,2017-05-16,32.68214797973633,14.68
6558_TW,2018-12-05,35.3663215637207,20.97
6558_TW,2018-12-06,39.421661376953125,11.47
6560_TWO,2017-01-13,24.013803482055664,16.88
6560_TWO,2017-01-24,34.0468635559082,33.21
6560_TWO,2017-02-20,57.23395156860352,11.96
6560_TWO,2018-02-12,21.47164726257324,-11.51
6560_TWO,2018-12-24,24.18732643127441,12.25
6560_TWO,2021-04-07,67.81405639648438,10.75
6561_TWO,2018-06-05,144.61068725585938,-11.3
6568_TWO,2016-03-11,79.67003631591797,30.93
6568_TWO,2016-05-20,79.31874084472656,13.54
6568_TWO,2016-08-04,94.27766418457033,11.69
6569_TWO,2016-01-18,53.33164596557617,19.27
6569_TWO,2016-01-20,46.2627182006836,-12.71
6569_TWO,2016-02-17,64.55779266357422,19.56
6569_TWO,2016-08-10,82.9207992553711,-11.51
6569_TWO,2016-08-15,73.99658966064453,-13.48
6569_TWO,2016-12-21,83.29263305664062,-17.35
6569_TWO,2017-08-04,84.59408569335938,-13.0
6570_TWO,2017-12-11,18.314977645874023,-16.76
6573_TW,2017-09-28,39.63751220703125,15.95
6573_TW,2017-10-02,44.02628326416016,11.85
6574_TWO,2016-07-21,112.96629333496094,13.38
6574_TWO,2017-09-01,114.70272827148438,14.48
6574_TWO,2017-09-04,99.83387756347656,-12.96
6574_TWO,2020-03-18,52.4223861694336,-14.21
6576_TWO,2016-04-13,91.76236724853516,-12.22
6576_TWO,2016-05-25,86.5593490600586,11.59
6576_TWO,2018-05-31,68.81671142578125,12.66
6576_TWO,2018-06-29,55.54969024658203,-14.41
6577_TWO,2017-02-15,33.92879867553711,19.74
6577_TWO,2017-03-14,36.49396896362305,20.99
6577_TWO,2017-03-15,41.00910949707031,12.37
6577_TWO,2017-03-20,46.605499267578125,10.62
6577_TWO,2017-03-21,31.952730178833008,-31.44
6577_TWO,2024-03-19,74.46875,10.73
6577_TWO,2024-12-18,82.0406265258789,11.11
6578_TWO,2017-03-21,26.36201477050781,13.63
6579_TW,2017-08-08,86.87757873535156,10.66
6579_TW,2017-08-21,72.39798736572266,-12.72
6581_TW,2016-12-21,45.50633239746094,15.16
6581_TW,2016-12-26,57.60294723510742,20.09
6581_TW,2017-03-20,62.75004959106445,17.77
6581_TW,2017-03-27,71.44623565673828,15.35
6581_TW,2017-12-21,96.6980972290039,11.02
6581_TW,2018-01-31,94.77693939208984,29.82
6582_TW,2017-03-16,67.97889709472656,11.98
6582_TW,2017-03-17,58.885101318359375,-13.38
6582_TW,2017-06-14,43.222877502441406,-16.73
6584_TWO,2020-01-02,39.62472534179688,11.75
6584_TWO,2020-03-19,23.145282745361328,-12.59
6584_TWO,2020-04-10,26.29304313659668,10.51
6584_TWO,2020-04-13,29.625965118408203,12.68
6584_TWO,2020-04-14,36.56954956054688,23.44
6584_TWO,2021-01-11,36.08616256713867,21.01
6584_TWO,2021-08-13,40.278934478759766,-12.4
6584_TWO,2021-12-14,48.29659271240234,11.78
6584_TWO,2022-03-10,55.97795867919922,13.2
6584_TWO,2022-08-04,64.6195068359375,11.98
6584_TWO,2023-02-10,65.23213958740234,11.67
6584_TWO,2024-03-27,185.86639404296875,-11.11
6585_TW,2016-09-20,60.08870697021485,11.99
6585_TW,2019-01-04,40.076454162597656,-11.68
6585_TW,2019-03-27,43.279083251953125,11.92
6585_TW,2020-07-29,38.83440780639648,13.46
6585_TW,2021-04-15,57.42885208129883,16.33
6585_TW,2022-05-20,52.72854232788086,-11.19
6588_TWO,2016-10-05,47.56905746459961,15.15
6588_TWO,2016-10-12,60.72475814819336,13.83
6588_TWO,2016-12-02,69.2117919921875,10.7
6588_TWO,2017-03-13,143.9906768798828,14.46
6588_TWO,2017-04-05,190.91796875,17.7
6588_TWO,2017-04-10,231.82896423339844,18.32
6588_TWO,2017-04-14,223.64678955078125,-13.15
6588_TWO,2017-08-01,230.1220550537109,10.76
6588_TWO,2017-08-14,184.69549560546875,-10.78
6588_TWO,2017-08-29,139.6436767578125,-14.25
6588_TWO,2017-08-30,123.13626861572266,-11.82
6588_TWO,2017-09-13,147.22816467285156,18.03
6588_TWO,2017-10-20,102.05142211914062,-13.75
6588_TWO,2017-11-13,95.47522735595705,15.49
6588_TWO,2017-11-14,106.18273162841795,11.21
6588_TWO,2018-01-24,100.02591705322266,19.26
6588_TWO,2018-05-07,62.46043014526367,-12.38
6588_TWO,2018-06-13,67.46617889404297,11.19
6588_TWO,2019-08-20,89.36841583251953,18.8
6588_TWO,2019-08-22,96.74938201904295,14.33
6588_TWO,2019-11-28,107.20416259765624,10.57
6588_TWO,2020-01-30,102.93496704101562,-15.89
6588_TWO,2020-03-12,69.25578308105469,-18.48
6588_TWO,2020-07-01,143.25511169433594,95.34
6588_TWO,2021-03-03,63.56352996826172,-54.27
6590_TWO,2016-09-19,14.92155647277832,-12.31
6590_TWO,2018-12-14,20.369461059570312,27.68
6590_TWO,2018-12-19,24.32209014892578,16.14
6590_TWO,2018-12-24,18.44748878479004,-18.27
6590_TWO,2018-12-26,14.78659439086914,-11.62
6591_TW,2017-01-12,63.71725463867188,15.0
6591_TW,2017-01-13,71.92144012451172,12.88
6591_TW,2017-02-13,50.57371520996094,-13.26
6592_TW,2019-07-04,110.12518310546876,11.18
6592_TW,2019-11-27,104.9401397705078,21.62
6592_TW,2019-12-09,65.29609680175781,-36.17
6593_TWO,2016-10-04,23.2071533203125,-17.99
6593_TWO,2016-10-05,20.383617401123047,-12.17
6593_TWO,2016-10-06,25.527868270874023,25.24
6593_TWO,2017-03-20,28.62215805053711,13.85
6593_TWO,2017-11-03,41.14857482910156,25.0
6593_TWO,2017-11-06,65.01473999023438,58.0
6593_TWO,2017-11-07,55.55057907104492,-14.56
6593_TWO,2022-06-24,32.28501892089844,12.09
6593_TWO,2023-01-17,38.03464889526367,10.62
6596_TWO,2016-10-11,25.639890670776367,-11.35
6596_TWO,2016-10-27,24.761981964111328,14.97
6596_TWO,2018-01-04,29.642623901367188,-13.17
6597_TWO,2018-05-30,34.6619758605957,12.92
6597_TWO,2018-07-04,45.69863128662109,24.12
6597_TWO,2019-11-07,20.27121925354004,14.96
6597_TWO,2019-12-12,20.1505069732666,15.69
6597_TWO,2020-07-28,17.24476432800293,40.35
6597_TWO,2020-10-30,15.778959274291992,18.06
6597_TWO,2020-11-02,13.925148010253906,-11.75
6597_TWO,2020-11-18,14.959832191467283,14.52
6597_TWO,2020-11-20,16.123857498168945,14.02
6597_TWO,2020-11-24,15.261615753173828,-11.5
6597_TWO,2020-12-04,18.624345779418945,11.05
6597_TWO,2021-02-24,18.538122177124023,11.98
6597_TWO,2021-03-18,21.59906578063965,12.84
6597_TWO,2021-04-12,26.988056182861328,14.65
6597_TWO,2021-08-05,38.36959838867188,11.53
6597_TWO,2022-08-15,23.93043708801269,-11.51
6597_TWO,2023-03-07,27.415451049804688,18.0
6597_TWO,2023-11-07,32.69107818603516,14.4
6597_TWO,2023-11-22,37.32743835449219,18.83
6597_TWO,2023-11-23,41.63262939453125,11.53
6597_TWO,2024-03-15,57.71796417236328,12.96
6597_TWO,2024-04-09,75.69568634033203,12.68
6597_TWO,2024-04-10,85.06303405761719,12.38
6597_TWO,2025-01-22,108.9502944946289,17.71
6597_TWO,2025-02-03,124.37688446044922,14.16
6597_TWO,2025-03-28,147.5167694091797,12.5
6597_TWO,2025-04-07,96.89826965332033,-28.72
6597_TWO,2025-04-08,111.8427734375,15.42
6597_TWO,2025-04-10,122.44855499267578,20.95
6598_TW,2017-03-31,55.17364883422852,16.98
6598_TW,2017-07-05,35.65291976928711,-13.03
6598_TW,2017-11-17,46.09196853637695,12.41
6598_TW,2018-10-01,49.31300735473633,13.8
6598_TW,2019-05-31,45.77852630615234,16.11
6598_TW,2019-06-03,40.426883697509766,-11.69
6598_TW,2019-06-28,44.790069580078125,15.11
6598_TW,2019-07-01,40.06744384765625,-10.54
6598_TW,2020-02-06,46.400001525878906,13.17
6598_TW,2020-04-08,46.20000076293945,19.07
6598_TW,2020-04-20,57.5,18.56
6598_TW,2020-06-09,115.5,92.5
6598_TW,2020-06-10,135.0,16.88
6598_TW,2020-06-11,117.5,-12.96
6598_TW,2024-06-24,29.106752395629883,-13.37
6603_TWO,2008-08-18,4.03643274307251,12.66
6603_TWO,2015-09-09,8.27004623413086,15.94
6606_TW,2008-07-17,7.204609394073486,-16.0
6606_TW,2008-08-29,9.148710250854492,26.98
6606_TW,2008-09-02,6.861533164978027,-25.0
6606_TW,2008-09-16,5.974785804748535,-16.94
6606_TW,2008-09-30,7.380617618560791,28.57
6606_TW,2008-10-06,8.786449432373047,18.58
6606_TW,2008-10-16,5.271870136260986,-39.8
6606_TW,2008-10-20,4.158919811248779,-14.46
6606_TW,2008-10-21,5.3890228271484375,29.58
6606_TW,2008-10-22,4.041767120361328,-25.0
6606_TW,2008-12-11,4.522092819213867,17.86
6606_TW,2020-01-09,12.767115592956545,190.22
6606_TW,2020-07-28,16.397754669189453,17.57
6606_TW,2020-08-14,18.434526443481445,15.58
6606_TW,2023-03-24,22.690887451171875,-14.16
6612_TWO,2018-04-09,48.87765121459961,18.86
6612_TWO,2018-07-18,67.10294342041016,23.19
6612_TWO,2020-03-16,50.16209411621094,-12.85
6613_TWO,2017-03-13,34.04431915283203,18.63
6613_TWO,2017-03-20,43.02790069580078,11.46
6613_TWO,2019-06-24,53.03406524658203,12.41
6614_TW,2025-11-25,47.45000076293945,-21.57
6614_TW,2025-11-26,55.0,15.91
6615_TWO,2017-01-09,60.98362350463867,-14.01
6615_TWO,2017-01-11,67.6968994140625,20.86
6615_TWO,2017-04-19,67.00381469726562,10.56
6615_TWO,2017-10-25,74.51129913330078,13.19
6615_TWO,2018-01-22,74.60237121582031,-15.16
6616_TWO,2018-01-11,15.436697959899902,-15.08
6616_TWO,2018-07-17,9.90182876586914,12.5
6616_TWO,2024-12-06,11.600000381469728,-10.77
6616_TWO,2024-12-16,10.800000190734863,-12.2
6617_TWO,2017-04-19,60.083534240722656,-10.75
6617_TWO,2018-01-08,74.82280731201172,12.86
6617_TWO,2018-03-29,71.09980010986328,15.47
6617_TWO,2018-06-25,63.71012115478516,10.89
6617_TWO,2018-10-04,77.2243881225586,12.23
6617_TWO,2019-12-23,70.94025421142578,14.85
6617_TWO,2020-03-18,56.19039535522461,-12.06
6617_TWO,2020-07-27,111.49271392822266,89.66
6617_TWO,2020-11-12,219.3936767578125,13.27
6617_TWO,2021-02-01,153.67440795898438,-18.59
6617_TWO,2021-02-25,204.5697784423828,12.2
6617_TWO,2022-02-07,273.7479858398437,13.52
6617_TWO,2022-10-25,325.0,-16.99
6617_TWO,2023-07-28,215.0,13.16
6617_TWO,2024-06-18,132.0,-19.76
6617_TWO,2024-06-20,146.5,14.01
6620_TWO,2017-03-03,84.26122283935547,19.19
6620_TWO,2017-07-12,53.36199951171875,-12.32
6620_TWO,2017-09-11,51.02115249633789,21.04
6620_TWO,2018-07-18,28.97035217285156,14.59
6620_TWO,2018-11-19,18.183717727661133,14.71
6620_TWO,2018-11-20,21.06764411926269,15.86
6620_TWO,2018-12-17,30.89921188354492,13.4
6620_TWO,2019-02-22,33.61459732055664,14.33
6620_TWO,2019-12-09,24.81351089477539,13.75
6620_TWO,2019-12-20,29.159433364868164,11.83
6620_TWO,2020-03-16,19.83182907104492,-19.12
6620_TWO,2020-03-19,15.229706764221191,-13.24
6620_TWO,2020-04-10,20.97050094604492,19.46
6620_TWO,2020-04-20,26.04706764221192,11.81
6620_TWO,2021-01-04,26.711294174194336,12.6
6620_TWO,2021-02-24,28.46674156188965,15.16
6620_TWO,2021-08-26,32.54734802246094,12.89
6620_TWO,2021-09-24,44.31776809692383,21.41
6620_TWO,2021-10-07,43.65061950683594,12.81
6620_TWO,2021-12-27,59.56689834594727,24.75
6620_TWO,2021-12-28,67.85860443115234,13.92
6620_TWO,2022-02-08,56.13584518432617,11.55
6620_TWO,2022-06-15,50.410133361816406,16.8
6620_TWO,2022-11-24,81.42436981201172,13.83
6620_TWO,2023-02-15,168.9939727783203,11.75
6620_TWO,2023-03-01,168.9939727783203,-16.98
6620_TWO,2023-03-14,153.63088989257812,-12.57
6620_TWO,2023-08-31,157.02496337890625,11.42
6620_TWO,2024-04-19,115.88583374023438,-10.94
6620_TWO,2024-05-27,115.88583374023438,-13.87
6620_TWO,2024-08-05,69.62970733642578,-12.47
6620_TWO,2024-08-14,88.0928726196289,12.83
6620_TWO,2024-12-23,59.90708160400391,12.55
6620_TWO,2024-12-25,73.55804443359375,21.39
6620_TWO,2025-04-07,58.92499923706055,-26.56
6620_TWO,2025-04-10,68.84403991699219,20.86
6620_TWO,2025-09-10,106.0,25.74
6620_TWO,2025-12-23,89.9000015258789,-10.55
6624_TWO,2017-03-17,65.18902587890625,66.67
6624_TWO,2017-03-20,54.97871017456055,-15.66
6624_TWO,2017-03-21,47.81576919555664,-13.03
6624_TWO,2017-03-22,41.23403549194336,-13.76
6624_TWO,2017-04-06,42.98550033569336,16.45
6624_TWO,2022-01-10,38.75154113769531,20.62
6625_TW,2017-03-31,102.94744873046876,-31.58
6625_TW,2017-04-05,76.5545883178711,-25.64
6625_TW,2017-04-06,60.71571731567383,-20.69
6625_TW,2017-06-20,46.88308334350586,11.7
6625_TW,2017-08-18,48.85869598388672,11.5
6625_TW,2017-11-23,59.64568710327149,12.05
6637_TWO,2018-08-27,23.35838890075684,-15.4
6637_TWO,2018-10-04,27.7127685546875,14.03
6637_TWO,2019-03-26,33.4173469543457,15.17
6637_TWO,2020-03-17,31.927982330322266,-11.09
6637_TWO,2020-07-27,48.39938354492188,55.0
6637_TWO,2023-07-17,62.12189483642578,13.11
6637_TWO,2024-03-14,82.13231658935547,-11.76
6637_TWO,2024-06-19,128.15634155273438,31.1
6640_TWO,2024-03-19,334.8877258300781,18.06
6642_TWO,2017-10-23,20.27875709533692,-23.28
6642_TWO,2018-05-29,26.45956802368164,16.02
6642_TWO,2018-06-12,27.21111297607422,10.64
6643_TWO,2018-10-11,135.8594512939453,-12.88
6643_TWO,2018-11-30,158.81922912597656,11.05
6643_TWO,2021-04-07,280.8410339355469,20.85
6645_TW,2018-06-04,17.030651092529297,14.44
6645_TW,2019-12-16,10.050515174865724,15.49
6645_TW,2019-12-26,12.93084716796875,17.22
6645_TW,2020-02-19,14.09523582458496,17.35
6645_TW,2020-03-11,17.1594181060791,12.0
6645_TW,2020-03-13,14.891922950744627,-11.64
6645_TW,2020-03-26,16.546581268310547,12.5
6645_TW,2020-04-24,22.552377700805664,24.32
6645_TW,2020-04-27,32.786746978759766,45.38
6645_TW,2020-04-28,24.51345443725586,-25.23
6645_TW,2020-05-04,25.9229793548584,14.32
6645_TW,2020-05-06,32.48032760620117,26.19
6645_TW,2020-05-21,59.99668502807617,100.2
6645_TW,2020-05-22,79.36231231689453,32.28
6645_TW,2020-05-25,115.51966857910156,45.56
6645_TW,2020-05-26,94.07038879394533,-18.57
6645_TW,2020-05-27,67.71842193603516,-28.01
6645_TW,2020-06-02,55.15527725219727,-16.28
6645_TW,2020-06-08,44.30807113647461,-19.84
6645_TW,2020-06-10,61.59006118774414,26.57
6645_TW,2020-06-15,70.16976928710938,15.31
6645_TW,2020-06-22,98.05382537841795,14.7
6645_TW,2020-07-07,66.7991714477539,-13.15
6645_TW,2020-07-08,85.49067687988281,27.98
6645_TW,2020-07-10,74.15320587158203,-11.03
6645_TW,2020-07-28,53.807037353515625,-12.64
6645_TW,2020-08-17,41.1826057434082,-13.96
6645_TW,2020-08-18,47.73995590209961,15.92
6645_TW,2020-08-19,54.48115539550781,14.12
6645_TW,2020-09-18,64.34782409667969,16.41
6645_TW,2020-09-21,71.39543914794922,10.95
6645_TW,2020-09-29,55.58426284790039,-16.02
6645_TW,2020-11-13,47.923805236816406,11.08
6645_TW,2020-12-22,38.48612594604492,35.05
6645_TW,2020-12-23,33.58343505859375,-12.74
6645_TW,2021-04-27,20.530017852783203,12.98
6645_TW,2021-05-03,21.908899307250977,12.6
6645_TW,2021-05-12,36.70890045166016,75.4
6645_TW,2021-05-13,47.18840408325195,28.55
6645_TW,2021-05-14,38.60869216918945,-18.18
6645_TW,2021-05-17,49.27204513549805,27.62
6645_TW,2021-05-18,37.99585723876953,-22.89
6645_TW,2021-05-21,28.34368133544922,-17.26
6645_TW,2021-05-25,26.62774085998535,-13.79
6645_TW,2021-10-04,21.34057807922364,-10.86
6645_TW,2021-11-26,23.394407272338867,14.08
6645_TW,2022-04-18,30.711179733276367,11.8
6645_TW,2022-04-25,37.1614875793457,10.71
6645_TW,2022-05-09,33.053829193115234,11.23
6645_TW,2022-06-13,32.73291778564453,13.21
6645_TW,2022-07-26,32.498653411865234,12.02
6645_TW,2022-10-17,30.03726577758789,15.02
6645_TW,2023-03-02,33.87535858154297,13.57
6645_TW,2023-07-31,47.28571319580078,20.22
6645_TW,2023-12-21,36.0476188659668,-15.51
6649_TWO,2018-06-15,55.24605941772461,11.0
6649_TWO,2018-08-09,55.87524032592773,12.67
6649_TWO,2019-01-14,56.8143196105957,15.22
6651_TWO,2017-10-16,17.290443420410156,-11.23
6651_TWO,2017-11-22,20.03256607055664,13.62
6651_TWO,2018-01-30,21.673938751220703,10.92
6651_TWO,2018-02-26,24.834924697875977,15.44
6651_TWO,2018-04-11,30.192529678344727,15.22
6651_TWO,2018-05-17,30.918237686157227,11.08
6651_TWO,2018-10-09,26.742450714111328,-10.98
6651_TWO,2018-10-11,23.775968551635746,-11.09
6651_TWO,2019-03-05,32.03028869628906,-11.69
6651_TWO,2020-04-15,29.742515563964844,11.4
6651_TWO,2020-07-28,42.16110610961914,40.14
6651_TWO,2021-02-03,60.662559509277344,14.38
6654_TWO,2017-11-13,40.2696533203125,21.81
6654_TWO,2018-05-03,62.35300064086914,17.79
6654_TWO,2018-05-16,68.19860076904297,11.58
6654_TWO,2018-05-17,80.539306640625,18.1
6654_TWO,2018-08-13,65.8436279296875,-11.69
6654_TWO,2018-08-17,76.30420684814453,12.24
6654_TWO,2019-12-30,52.47640228271485,11.15
6654_TWO,2024-11-11,48.20000076293945,21.72
6655_TW,2017-11-29,36.91511154174805,-12.55
6655_TW,2018-09-13,49.68000030517578,16.2
6655_TW,2018-11-28,36.19112777709961,-16.81
6661_TWO,2018-01-12,19.72902488708496,10.6
6661_TWO,2018-11-30,14.901968002319336,10.56
6661_TWO,2020-07-28,28.66504669189453,26.18
6661_TWO,2020-09-15,35.45903396606445,14.76
6661_TWO,2022-03-09,19.81498908996582,-11.09
6661_TWO,2022-12-19,22.020980834960938,-10.66
6662_TWO,2018-01-08,39.01993942260742,-12.54
6664_TWO,2018-09-12,42.05741500854492,-11.94
6667_TWO,2017-11-24,30.04706573486328,-10.64
6667_TWO,2018-06-01,36.09016799926758,11.6
6667_TWO,2018-06-04,41.36524963378906,14.62
6667_TWO,2024-04-01,161.31468200683594,12.66
6668_TW,2018-06-04,103.07635498046876,10.81
6668_TW,2018-06-13,118.57428741455078,15.55
6668_TW,2018-10-18,83.58900451660156,10.58
6668_TW,2018-12-14,98.91365814208984,12.46
6668_TW,2019-09-10,66.43497467041016,10.69
6668_TW,2021-04-07,84.51725006103516,20.44
6669_TW,2018-04-19,172.17007446289062,11.27
6669_TW,2018-05-15,220.32077026367188,12.88
6669_TW,2018-05-16,251.14694213867188,13.99
6669_TW,2018-05-29,298.3599548339844,11.22
6669_TW,2018-06-12,389.9794006347656,15.8
6669_TW,2018-07-18,268.5239562988281,-12.58
6669_TW,2018-09-13,208.0755920410156,-13.21
6669_TW,2018-10-08,173.0724334716797,-12.37
6669_TW,2018-10-11,153.14572143554688,-16.4
6669_TW,2018-10-12,180.7898712158203,18.05
6669_TW,2018-11-14,205.87745666503903,11.66
6669_TW,2018-11-15,234.1507568359375,13.73
6670_TW,2021-04-07,184.30056762695312,11.31
6671_TW,2018-12-12,29.767343521118164,-10.68
6672_TW,2018-08-27,46.76358413696289,10.73
6674_TW,2018-01-02,34.222373962402344,-14.0
6674_TW,2018-05-18,37.96295547485352,14.11
6674_TW,2018-12-03,41.855445861816406,18.22
6679_TWO,2018-05-29,75.97171020507812,18.73
6679_TWO,2018-10-09,58.10601806640625,-11.69
6679_TWO,2019-02-11,72.00872802734375,12.36
6683_TWO,2018-06-06,115.10115051269533,10.76
6683_TWO,2019-02-25,96.46247100830078,10.63
6684_TWO,2018-06-05,75.53762817382812,11.7
6684_TWO,2018-06-06,67.39063262939453,-10.79
6684_TWO,2018-09-10,33.06254196166992,-13.81
6684_TWO,2018-11-15,24.559614181518555,15.0
6684_TWO,2019-03-15,17.64653778076172,17.42
6684_TWO,2019-11-18,13.992939949035645,10.71
6684_TWO,2019-12-26,17.480913162231445,13.3
6684_TWO,2019-12-30,22.56925773620605,17.77
6684_TWO,2019-12-31,19.49163055419922,-13.64
6684_TWO,2020-02-10,19.43418312072754,12.23
6684_TWO,2020-04-15,16.496076583862305,11.05
6684_TWO,2020-07-28,36.767372131347656,122.89
6684_TWO,2020-07-30,39.92707061767578,13.14
6684_TWO,2021-04-01,96.02193450927734,13.59
6684_TWO,2021-05-12,67.46155548095703,-12.55
6684_TWO,2021-05-18,74.1913070678711,10.51
6684_TWO,2021-07-12,102.58753967285156,12.61
6684_TWO,2021-07-13,114.0773468017578,11.2
6684_TWO,2021-07-15,124.7464370727539,11.76
6684_TWO,2021-07-20,149.58412170410156,12.86
6684_TWO,2021-08-04,186.9801483154297,13.92
6684_TWO,2021-08-11,144.5979766845703,-13.86
6684_TWO,2022-07-20,68.01170349121094,10.6
6689_TW,2018-07-18,63.56991958618164,-10.9
6689_TW,2019-05-03,102.61395263671876,12.48
6689_TW,2019-10-31,83.57830047607422,-13.17
6689_TW,2019-11-01,94.18213653564452,12.69
6689_TW,2020-07-27,98.32740783691406,17.28
6689_TW,2020-09-01,133.54945373535156,15.21
6689_TW,2021-03-08,178.56614685058594,13.88
6689_TW,2021-06-08,256.5950622558594,31.29
6689_TW,2021-10-26,369.6538391113281,10.53
6689_TW,2022-02-17,293.68487548828125,10.84
6689_TW,2022-04-25,213.54690551757807,-18.26
6689_TW,2022-05-31,251.0681304931641,11.52
6689_TW,2022-07-12,176.1793212890625,-12.35
6689_TW,2022-07-29,200.54454040527344,12.34
6689_TW,2022-09-13,133.54019165039062,-11.49
6689_TW,2022-09-15,159.3110809326172,18.88
6690_TWO,2018-07-30,70.92548370361328,-21.21
6690_TWO,2019-07-04,91.75755310058594,11.85
6690_TWO,2019-08-12,105.8479232788086,-13.07
6690_TWO,2019-09-04,90.8939208984375,-14.13
6690_TWO,2019-09-05,103.46038055419922,13.83
6690_TWO,2019-10-07,103.46038055419922,11.24
6690_TWO,2019-10-22,152.00718688964844,49.8
6690_TWO,2019-10-24,136.08224487304688,-17.96
6690_TWO,2019-10-29,119.37736511230467,-10.71
6690_TWO,2019-10-30,103.46038055419922,-13.33
6691_TW,2020-07-27,45.798133850097656,22.96
6691_TW,2021-07-12,79.5670166015625,12.04
6691_TW,2021-07-15,93.9151611328125,15.51
6692_TWO,2018-09-26,13.13723087310791,-11.47
6692_TWO,2019-01-14,21.60441398620605,14.85
6692_TWO,2019-11-19,31.02606773376465,12.89
6692_TWO,2020-07-28,25.27498245239257,19.22
6692_TWO,2021-04-07,36.033348083496094,16.08
6692_TWO,2023-03-22,34.33531188964844,10.67
6693_TWO,2019-09-05,29.1552963256836,15.82
6693_TWO,2020-07-28,24.938989639282227,26.94
6693_TWO,2020-11-30,41.26595687866211,15.58
6693_TWO,2021-01-27,45.75138473510742,12.33
6693_TWO,2021-02-18,54.72224807739258,12.13
6693_TWO,2021-02-24,81.99366760253906,21.87
6693_TWO,2021-09-27,77.70043182373047,11.34
6693_TWO,2021-11-09,91.72967529296876,11.23
6693_TWO,2021-11-11,103.42071533203124,12.75
6693_TWO,2021-11-12,119.1586456298828,15.22
6693_TWO,2021-12-07,142.99037170410156,11.97
6693_TWO,2022-03-01,107.46760559082033,-14.03
6695_TW,2019-01-07,16.100000381469727,11.11
6695_TW,2019-09-02,21.0,10.53
6695_TW,2019-09-06,24.299999237060547,21.5
6695_TW,2019-09-25,26.0,22.07
6695_TW,2020-03-12,14.68000030517578,-13.65
6695_TW,2020-07-27,19.100000381469727,19.75
6695_TW,2021-02-03,23.799999237060547,17.24
6695_TW,2021-02-18,27.799999237060547,16.81
6695_TW,2021-02-22,35.5,20.14
6695_TW,2021-03-11,30.799999237060547,10.99
6695_TW,2021-04-07,40.5,12.5
6695_TW,2021-05-05,44.95000076293945,10.71
6695_TW,2021-05-17,35.400001525878906,-11.17
6695_TW,2021-06-11,44.95000076293945,10.71
6695_TW,2021-09-27,66.0,19.35
6695_TW,2021-09-28,80.19999694824219,21.52
6695_TW,2021-11-17,85.5999984741211,11.31
6695_TW,2022-11-04,34.099998474121094,-14.11
6697_TWO,2018-10-01,21.99236869812012,-13.9
6697_TWO,2018-10-11,18.241947174072266,-11.21
6697_TWO,2019-02-12,20.951351165771484,11.36
6697_TWO,2019-02-18,28.74864959716797,20.87
6697_TWO,2019-05-09,24.12956047058105,14.42
6697_TWO,2019-05-15,27.990291595458984,13.73
6697_TWO,2019-05-23,23.21953010559082,-11.83
6697_TWO,2019-07-30,31.18431282043457,20.0
6697_TWO,2019-08-19,33.56644821166992,12.05
6697_TWO,2020-02-05,26.708784103393555,10.61
6698_TW,2018-11-07,37.28954315185547,11.81
6698_TW,2018-11-22,52.71741485595703,12.73
6698_TW,2019-05-31,70.84729766845703,15.9
6703_TWO,2018-10-18,46.82366943359375,-10.71
6703_TWO,2018-10-30,38.39540100097656,-11.64
6703_TWO,2020-07-27,58.960445404052734,56.89
6703_TWO,2020-09-11,74.02265167236328,15.24
6706_TW,2018-11-20,39.16891098022461,-10.8
6706_TW,2018-12-03,46.62965393066406,12.25
6706_TW,2019-04-01,48.331642150878906,10.74
6706_TW,2019-12-20,75.59923553466797,13.54
6706_TW,2019-12-25,91.8108901977539,15.03
6706_TW,2021-04-07,185.1060028076172,17.39
6708_TWO,2020-01-10,70.08326721191406,-42.2
6708_TWO,2020-01-13,54.38341522216797,-22.4
6708_TWO,2020-01-30,42.08028030395508,-14.95
6708_TWO,2020-02-04,43.77418899536133,11.09
6708_TWO,2020-03-05,39.22737884521485,14.64
6708_TWO,2020-03-16,29.59884262084961,-11.7
6708_TWO,2020-03-19,23.001508712768555,-15.41
6708_TWO,2020-03-23,22.466590881347656,-10.95
6708_TWO,2020-04-06,25.854406356811523,13.73
6708_TWO,2020-04-07,30.178335189819336,16.72
6708_TWO,2020-07-27,40.96586227416992,41.6
6708_TWO,2021-02-18,57.57607650756836,13.67
6708_TWO,2021-02-22,72.88111114501953,25.0
6708_TWO,2021-02-23,64.6819839477539,-11.25
6708_TWO,2021-03-17,83.81327819824219,17.95
6708_TWO,2021-03-22,111.1436996459961,21.39
6708_TWO,2021-04-07,153.96133422851562,33.07
6708_TWO,2021-04-08,136.65208435058594,-11.24
6708_TWO,2021-04-26,106.58863067626952,13.59
6708_TWO,2021-05-03,92.46791076660156,-10.96
6708_TWO,2021-05-12,65.77519989013672,-11.41
6708_TWO,2021-05-18,69.32816314697266,12.74
6708_TWO,2021-07-07,103.85558319091795,22.71
6708_TWO,2022-02-10,75.84334564208984,14.18
6708_TWO,2022-07-22,69.21066284179688,15.2
6708_TWO,2022-09-26,61.0152473449707,-13.14
6708_TWO,2022-10-11,54.50566101074219,-12.21
6708_TWO,2022-12-15,73.1600112915039,11.56
6708_TWO,2023-08-14,42.70096206665039,-11.03
6712_TWO,2019-04-19,65.3589096069336,23.91
6712_TWO,2019-04-22,97.49944305419922,49.18
6712_TWO,2019-04-26,122.6912841796875,19.55
6712_TWO,2020-03-16,72.51972961425781,-10.92
6712_TWO,2020-03-17,59.90659713745117,-17.39
6712_TWO,2020-03-20,76.81964111328125,37.33
6712_TWO,2020-03-24,91.73179626464844,23.55
6716_TWO,2018-12-14,23.671878814697266,11.18
6716_TWO,2018-12-19,30.65309715270996,23.8
6716_TWO,2019-03-08,26.13872337341309,12.68
6716_TWO,2020-03-20,28.649587631225582,11.34
6720_TWO,2020-07-28,23.33695602416992,27.71
6720_TWO,2020-08-26,22.50886917114257,10.95
6720_TWO,2020-10-07,20.860105514526367,-12.82
6720_TWO,2021-02-19,24.541296005249023,14.7
6720_TWO,2021-02-22,32.09541702270508,30.78
6720_TWO,2021-04-01,34.8946533203125,13.18
6720_TWO,2021-07-06,29.142791748046875,10.95
6720_TWO,2021-07-07,32.747291564941406,12.37
6720_TWO,2021-11-15,38.17986297607422,10.8
6720_TWO,2023-02-21,26.87607192993164,13.21
6720_TWO,2023-05-22,24.636398315429688,17.02
6720_TWO,2023-06-01,30.95227813720703,14.78
6720_TWO,2024-01-18,77.67789459228516,13.27
6720_TWO,2024-01-24,89.31080627441406,10.7
6720_TWO,2024-02-29,105.54061126708984,18.8
6720_TWO,2024-03-08,119.6126937866211,13.33
6720_TWO,2024-07-15,207.8905487060547,14.06
6720_TWO,2024-07-31,172.7675018310547,-13.74
6720_TWO,2024-08-05,137.64442443847656,-11.85
6720_TWO,2024-08-06,159.00303649902344,15.52
6720_TWO,2024-12-04,155.20596313476562,-10.66
6720_TWO,2025-09-01,110.8957061767578,-12.16
6721_TWO,2019-04-09,39.96359634399414,13.11
6721_TWO,2020-07-28,35.43745422363281,16.6
6721_TWO,2021-03-10,46.13698196411133,12.59
6722_TW,2024-03-04,63.53635025024414,10.78
6722_TW,2025-04-07,46.82477188110352,-13.4
6722_TW,2025-04-10,49.59633255004883,10.99
6722_TW,2025-05-29,52.80550384521485,10.82
6722_TW,2026-01-16,45.79999923706055,-15.34
6725_TWO,2023-01-10,40.99304962158203,-12.55
6725_TWO,2023-05-11,62.5006103515625,15.25
6725_TWO,2023-06-13,77.2066421508789,13.51
6725_TWO,2023-07-17,85.93834686279297,10.52
6725_TWO,2023-08-10,101.10394287109376,29.26
6725_TWO,2023-08-11,117.6482162475586,16.36
6725_TWO,2023-08-14,130.05642700195312,10.55
6725_TWO,2024-04-08,189.77378845214844,12.09
6725_TWO,2024-08-05,156.87229919433594,-12.16
6725_TWO,2025-04-07,135.6342010498047,-19.02
6725_TWO,2025-04-09,121.63636779785156,-11.89
6725_TWO,2025-04-10,153.49351501464844,26.19
6725_TWO,2025-08-12,255.0,13.08
6725_TWO,2025-08-25,330.0,23.36
6727_TWO,2019-09-11,56.009063720703125,13.6
6727_TWO,2020-07-27,63.424354553222656,36.97
6728_TWO,2020-03-12,42.99908828735352,-16.2
6728_TWO,2020-04-17,47.33513641357422,11.77
6728_TWO,2020-12-29,44.754642486572266,12.05
6730_TWO,2019-11-11,51.573768615722656,-16.79
6730_TWO,2019-11-15,55.16989135742188,12.1
6730_TWO,2025-04-07,32.643489837646484,-18.64
6730_TWO,2025-12-10,37.0,-12.22
6732_TWO,2020-06-08,518.7644653320312,36.36
6732_TWO,2020-06-09,589.2381591796875,13.58
6733_TWO,2020-03-17,18.456104278564453,-14.53
6733_TWO,2020-03-19,14.804362297058104,-13.29
6733_TWO,2020-03-20,17.23227882385254,16.4
6733_TWO,2020-03-27,21.12088966369629,15.05
6733_TWO,2020-07-27,38.39264678955078,69.5
6733_TWO,2020-09-14,44.95591354370117,10.83
6733_TWO,2021-01-28,30.793073654174805,-17.57
6735_TWO,2019-10-24,44.010929107666016,36.84
6735_TWO,2019-11-12,43.5920295715332,12.67
6735_TWO,2020-03-19,38.2327995300293,-13.16
6735_TWO,2020-03-23,32.58099365234375,-13.79
6735_TWO,2020-07-28,65.82689666748047,81.32
6735_TWO,2021-05-07,72.62222290039062,10.67
6735_TWO,2021-11-12,93.6858901977539,12.79
6735_TWO,2021-12-03,113.78853607177734,12.78
6735_TWO,2022-09-02,55.17863082885742,11.11
6735_TWO,2024-03-19,95.65367126464844,20.48
6739_TWO,2021-05-10,38.68088912963867,-13.27
6739_TWO,2021-06-08,34.084686279296875,-10.73
6739_TWO,2021-07-26,38.68088912963867,16.12
6739_TWO,2021-08-11,36.08699417114258,13.29
6739_TWO,2021-08-24,47.78226852416992,11.94
6739_TWO,2021-09-17,41.77536010742188,-11.39
6739_TWO,2024-02-20,67.90176391601562,12.22
6739_TWO,2024-02-21,78.56243896484375,15.7
6739_TWO,2024-06-26,120.7554702758789,20.0
6739_TWO,2024-08-08,145.2992706298828,13.85
6739_TWO,2024-09-03,169.8430633544922,14.19
6741_TWO,2021-05-26,187.98779296875,17.37
6742_TW,2021-12-08,103.29462432861328,11.16
6742_TW,2022-01-17,78.31375885009766,11.58
6742_TW,2022-06-13,94.2185287475586,16.2
6742_TW,2022-07-07,111.50633239746094,13.66
6742_TW,2023-04-19,95.22122192382812,14.77
6742_TW,2023-08-17,62.86363983154297,11.93
6742_TW,2024-04-01,81.58934020996094,10.69
6743_TW,2020-03-19,18.08801651000977,-26.69
6743_TW,2020-04-14,24.74440574645996,13.25
6743_TW,2020-07-27,76.69319152832031,196.09
6743_TW,2020-07-30,84.65191650390625,11.96
6751_TWO,2019-11-22,75.37847900390625,28.77
6751_TWO,2019-11-25,64.15190887451172,-14.89
6751_TWO,2019-12-04,51.08095169067383,-11.77
6751_TWO,2019-12-09,60.54335021972656,20.41
6751_TWO,2020-02-14,65.75569152832031,28.12
6751_TWO,2020-07-28,93.02025604248048,90.79
6751_TWO,2020-09-14,119.14995574951172,21.67
6751_TWO,2020-12-25,72.06123352050781,-16.7
6751_TWO,2022-10-13,35.235530853271484,-11.48
6751_TWO,2024-08-28,53.44108200073242,-10.77
6752_TWO,2020-01-13,26.902328491210938,-15.04
6752_TWO,2020-04-08,23.40213203430176,14.1
6752_TWO,2020-07-27,40.63809585571289,80.11
6752_TWO,2020-09-11,49.73617935180664,17.82
6753_TW,2021-01-14,29.757556915283203,14.37
6753_TW,2022-03-17,52.75085067749024,15.89
6753_TW,2023-02-10,82.42214965820312,15.45
6754_TW,2019-10-17,34.33790588378906,-14.03
6754_TW,2019-10-29,36.35856628417969,19.82
6754_TW,2020-07-27,40.05901718139648,52.46
6754_TW,2020-07-28,46.87910461425781,17.03
6754_TW,2020-08-25,40.56155014038086,-16.91
6756_TW,2019-12-23,163.70755004882812,74.64
6756_TW,2020-01-02,143.2147979736328,13.09
6756_TW,2020-03-19,87.10063934326172,-14.96
6756_TW,2020-03-20,97.21248626708984,11.61
6756_TW,2020-07-27,267.83941650390625,144.91
6756_TW,2020-08-04,312.85064697265625,15.46
6756_TW,2020-12-24,239.7630615234375,-11.07
6761_TWO,2020-07-28,39.17341995239258,43.72
6761_TWO,2021-02-22,42.14519119262695,15.99
6761_TWO,2021-06-08,69.90428161621094,26.84
6761_TWO,2021-08-06,104.94998168945312,11.19
6761_TWO,2021-10-18,80.29730987548828,-15.24
6761_TWO,2021-10-25,96.49764251708984,11.84
6761_TWO,2021-11-08,116.21979522705078,13.79
6761_TWO,2021-11-10,133.1244659423828,15.24
6761_TWO,2021-11-11,147.21173095703125,10.58
6762_TWO,2020-07-27,128.29702758789062,56.23
6762_TWO,2020-09-16,165.97964477539062,12.6
6763_TWO,2020-04-15,14.480759620666504,22.39
6763_TWO,2020-07-27,20.8272705078125,53.5
6763_TWO,2021-04-09,31.746068954467773,13.71
6763_TWO,2021-04-12,36.91258239746094,16.27
6763_TWO,2021-05-07,45.50270080566406,17.15
6763_TWO,2021-05-17,48.42831802368164,11.46
6763_TWO,2021-06-15,59.38381576538086,14.25
6763_TWO,2021-06-18,73.14044952392578,12.98
6763_TWO,2021-06-30,96.1719207763672,11.55
6763_TWO,2021-07-08,97.0038604736328,13.34
6763_TWO,2021-08-19,71.27986145019531,-11.03
6763_TWO,2021-08-24,86.58491516113281,12.62
6763_TWO,2021-12-30,113.09404754638672,16.24
6763_TWO,2022-02-24,83.15739440917969,-11.11
6763_TWO,2022-03-15,64.36382293701172,-14.0
6767_TWO,2019-12-06,34.849998474121094,-11.55
6767_TWO,2020-03-16,25.5,-12.07
6767_TWO,2020-07-27,38.20000076293945,34.04
6770_TW,2021-02-17,51.52699279785156,13.24
6770_TW,2021-02-18,58.45121765136719,13.44
6770_TW,2021-02-22,73.9183120727539,16.93
6770_TW,2021-05-18,54.20370101928711,10.77
6776_TW,2020-04-17,19.88372039794922,12.8
6776_TW,2020-07-27,23.320804595947266,29.45
6776_TW,2021-03-22,41.92504501342773,26.84
6776_TW,2021-03-31,52.18170547485352,29.8
6782_TW,2020-08-21,120.72386932373048,10.92
6782_TW,2021-11-08,175.44740295410156,14.46
6782_TW,2021-12-01,195.7623443603516,11.29
6782_TW,2022-10-27,205.4269256591797,14.92
6785_TWO,2020-10-07,59.57013702392578,33.19
6785_TWO,2020-10-08,69.49849700927734,16.67
6785_TWO,2020-10-12,58.37873458862305,-16.0
6785_TWO,2022-03-22,53.61312103271485,12.62
6785_TWO,2022-07-05,59.96726989746094,10.83
6785_TWO,2022-07-06,73.46983337402344,22.52
6785_TWO,2022-07-08,67.81067657470703,-12.1
6785_TWO,2022-08-17,99.28355407714844,10.86
6785_TWO,2022-11-25,108.21908569335938,12.49
6785_TWO,2023-02-23,191.1208648681641,25.0
6785_TWO,2023-03-02,186.6530914306641,-13.36
6785_TWO,2023-05-10,186.1566772460937,12.28
6785_TWO,2023-06-15,152.8966827392578,-13.24
6785_TWO,2023-08-30,158.85369873046875,28.51
6785_TWO,2024-01-18,249.2017517089844,11.56
6785_TWO,2024-01-24,200.55279541015625,-11.21
6785_TWO,2024-01-26,247.7124938964844,12.64
6788_TWO,2021-02-22,85.44791412353516,11.35
6788_TWO,2021-03-23,91.55133819580078,11.39
6788_TWO,2021-04-07,129.39254760742188,23.74
6788_TWO,2021-06-08,129.39254760742188,21.37
6788_TWO,2021-08-05,182.7366180419922,13.7
6788_TWO,2024-08-05,170.585693359375,-12.92
6789_TW,2021-04-09,557.8424072265625,12.67
6789_TW,2021-05-03,391.3583068847656,-15.7
6789_TW,2021-05-18,376.3988342285156,13.04
6790_TW,2021-06-08,56.60413360595703,16.31
6790_TW,2021-09-30,41.598907470703125,-14.81
6791_TWO,2021-05-11,63.33805847167969,-18.0
6791_TWO,2022-08-19,56.40184783935547,12.83
6791_TWO,2022-11-14,41.86212158203125,-13.36
6792_TW,2021-02-18,89.5726318359375,21.42
6792_TW,2021-02-19,112.65028381347656,25.76
6792_TW,2021-04-09,115.77947235107422,12.55
6794_TW,2024-05-21,73.9000015258789,-10.96
6794_TW,2024-05-22,85.5,15.7
6796_TW,2021-04-19,59.87838745117188,12.01
6796_TW,2021-07-19,52.69552230834961,12.18
6796_TW,2021-10-12,52.76450347900391,10.83
6796_TW,2021-10-14,56.48507690429688,10.78
6799_TW,2021-01-08,124.85826873779295,20.18
6799_TW,2021-04-01,157.66775512695312,22.7
6799_TW,2021-04-08,169.51560974121094,13.76
6799_TW,2021-05-11,100.25116729736328,-12.7
6799_TW,2021-05-18,113.92179107666016,15.74
6799_TW,2021-09-01,142.19911193847656,17.8
6799_TW,2021-09-13,171.46192932128906,14.33
6799_TW,2021-11-04,237.3033447265625,10.66
6799_TW,2021-11-12,304.9736633300781,11.17
6799_TW,2022-03-08,199.35308837890625,-10.66
6804_TWO,2020-12-03,42.61149597167969,-15.04
6804_TWO,2022-02-11,58.74489974975586,14.92
6804_TWO,2022-02-25,58.82870864868164,13.23
6804_TWO,2022-03-04,62.26456832885742,10.9
6804_TWO,2022-03-31,44.24723052978516,-16.19
6805_TW,2023-11-09,325.0615234375,11.86
6806_TW,2020-12-08,48.58450698852539,-10.8
6806_TW,2021-02-19,63.36101150512695,12.19
6806_TW,2021-02-22,70.3237533569336,10.99
6806_TW,2021-10-14,103.95335388183594,-12.46
6811_TWO,2021-01-08,123.72795104980467,13.49
6811_TWO,2021-01-13,134.11073303222656,12.73
6811_TWO,2021-01-18,152.28054809570312,13.92
6811_TWO,2021-01-19,169.58517456054688,11.36
6811_TWO,2021-02-19,144.0608673095703,12.5
6811_TWO,2021-04-01,153.1457977294922,12.74
6811_TWO,2021-06-28,222.36422729492188,29.8
6811_TWO,2021-06-29,190.3507080078125,-14.4
6811_TWO,2021-07-02,197.7051544189453,13.12
6811_TWO,2021-09-06,206.775390625,10.85
6811_TWO,2021-12-10,179.49864196777344,-10.92
6811_TWO,2022-08-09,123.06713104248048,-14.47
6821_TWO,2021-04-21,42.24721145629883,-27.05
6821_TWO,2021-04-22,32.37286376953125,-23.37
6821_TWO,2021-05-06,26.87322998046875,11.21
6821_TWO,2021-05-07,23.74843406677246,-11.63
6821_TWO,2022-02-16,34.041709899902344,30.79
6821_TWO,2023-05-23,46.05714797973633,10.91
6823_TWO,2021-06-11,120.39785766601562,-11.08
6823_TWO,2021-06-17,173.09869384765625,32.03
6823_TWO,2021-06-22,158.95945739746094,-11.24
6823_TWO,2021-06-28,168.8140869140625,10.67
6823_TWO,2021-08-26,134.537109375,10.56
6823_TWO,2022-12-16,88.84098815917969,-11.02
6823_TWO,2023-07-31,79.4000015258789,13.11
6823_TWO,2025-02-11,63.31021499633789,-12.68
6831_TW,2025-11-26,227.808349609375,28.57
6834_TW,2022-09-01,28.898242950439453,-11.3
6835_TW,2021-08-05,46.23598861694336,-13.1
6835_TW,2022-11-10,34.16363525390625,-12.75
6838_TW,2024-08-13,41.95000076293945,-11.31
6841_TWO,2021-11-17,145.66064453125,29.24
6841_TWO,2022-01-03,127.9903335571289,-11.26
6841_TWO,2022-03-31,109.36487579345705,16.01
6841_TWO,2022-07-20,59.69698715209961,-10.71
6841_TWO,2022-08-25,71.15879821777344,13.39
6841_TWO,2022-09-06,71.25432586669922,-13.15
6841_TWO,2022-09-12,84.81747436523438,15.03
6841_TWO,2022-09-23,68.48436737060547,-16.43
6841_TWO,2023-01-30,80.23274230957031,16.67
6841_TWO,2023-02-17,108.40972137451172,22.57
6843_TWO,2022-09-12,57.02134323120117,17.22
6843_TWO,2022-09-13,49.8045768737793,-12.66
6843_TWO,2022-11-23,46.329837799072266,15.56
6855_TWO,2022-02-18,98.5767059326172,19.63
6856_TWO,2022-01-10,67.73131561279297,-16.67
6856_TWO,2022-01-20,75.62002563476562,10.99
6856_TWO,2024-08-09,64.81818389892578,10.58
6859_TWO,2021-12-14,122.98168182373048,-13.19
6859_TWO,2022-01-04,133.87879943847656,12.42
6859_TWO,2022-08-31,149.64212036132812,10.54
6861_TW,2021-12-01,169.05938720703125,54.89
6861_TW,2021-12-08,169.98828125,11.93
6861_TW,2022-07-22,76.1613540649414,11.11
6861_TW,2022-07-27,92.14584350585938,11.36
6861_TW,2022-09-01,98.7276840209961,12.9
6861_TW,2023-02-10,110.01084899902344,14.15
6861_TW,2023-02-16,113.30176544189452,12.09
6862_TW,2024-10-24,214.02297973632807,-13.71
6865_TWO,2022-01-03,129.4805908203125,18.33
6865_TWO,2022-01-04,113.78598022460938,-12.12
6865_TWO,2022-01-06,134.27618408203125,15.79
6865_TWO,2022-01-14,150.84271240234375,10.9
6865_TWO,2022-02-14,126.86483001708984,-13.39
6865_TWO,2022-05-19,87.62828826904297,-16.25
6865_TWO,2022-10-25,63.91090774536133,-19.32
6869_TW,2023-02-20,111.60449981689452,14.22
6869_TW,2023-03-14,89.83930206298828,-14.91
6870_TWO,2022-02-17,191.08143615722656,32.13
6870_TWO,2022-02-21,153.82655334472656,-13.51
6870_TWO,2022-02-22,135.8000030517578,-11.72
6870_TWO,2022-03-01,167.4466094970703,11.76
6870_TWO,2023-03-27,121.26569366455078,10.7
6870_TWO,2023-06-29,156.31735229492188,12.21
6872_TWO,2022-07-04,19.584775924682617,-12.2
6872_TWO,2022-08-22,28.48694610595703,23.87
6872_TWO,2022-08-26,27.893468856811523,12.13
6872_TWO,2023-02-20,30.66303443908692,11.51
6872_TWO,2023-12-19,26.755970001220703,11.32
6872_TWO,2025-02-10,33.04999923706055,10.91
6872_TWO,2025-02-11,39.650001525878906,19.97
6872_TWO,2025-03-07,30.450000762939453,-18.58
6873_TW,2023-03-03,122.10743713378906,13.04
6873_TW,2023-03-07,104.10441589355467,-14.74
6874_TWO,2022-09-23,62.54930114746094,22.09
6874_TWO,2022-10-18,57.63468170166016,10.6
6874_TWO,2022-12-01,50.241058349609375,11.68
6875_TWO,2022-03-22,41.22496795654297,11.9
6875_TWO,2022-08-18,43.71015930175781,13.11
6875_TWO,2022-12-14,57.019630432128906,17.07
6875_TWO,2022-12-15,63.86589813232422,12.01
6875_TWO,2023-06-28,134.9692840576172,14.52
6875_TWO,2023-06-29,118.83164978027344,-11.96
6875_TWO,2024-02-05,106.0,11.23
6875_TWO,2024-02-23,115.5,12.68
6877_TWO,2022-09-23,30.864229202270508,-11.63
6877_TWO,2022-10-06,36.54974365234375,12.5
6877_TWO,2023-02-20,42.235260009765625,18.72
6877_TWO,2023-06-21,39.93245315551758,11.01
6881_TWO,2022-11-28,76.53231811523438,11.49
6881_TWO,2023-02-03,121.26901245117188,14.11
6881_TWO,2023-06-06,128.98223876953125,12.73
6884_TWO,2022-06-15,37.94303894042969,-11.86
6884_TWO,2022-07-07,39.62939834594727,20.34
6884_TWO,2023-02-06,36.069313049316406,11.59
6884_TWO,2023-03-02,41.737342834472656,20.24
6884_TWO,2023-06-28,48.2485580444336,10.99
6884_TWO,2023-07-27,58.68561553955078,15.85
6884_TWO,2023-07-28,77.22797393798828,31.6
6884_TWO,2023-07-31,65.85404968261719,-14.73
6884_TWO,2023-08-01,58.781192779541016,-10.74
6884_TWO,2023-08-04,64.22920227050781,12.0
6884_TWO,2025-10-01,58.29999923706055,13.65
6884_TWO,2025-12-15,58.79999923706055,-13.53
6884_TWO,2025-12-17,44.75,-19.37
6885_TW,2024-12-16,31.0,-17.55
6890_TW,2024-06-13,206.349838256836,17.39
6890_TW,2024-06-14,229.2776031494141,11.11
6894_TWO,2022-10-13,129.31546020507812,-11.94
6894_TWO,2025-08-04,210.6088104248047,15.86
6895_TWO,2022-09-23,82.72200775146484,15.97
6895_TWO,2022-09-29,89.4842758178711,10.78
6895_TWO,2023-01-09,89.1137466430664,14.25
6895_TWO,2023-03-06,125.5188446044922,13.39
6899_TWO,2022-06-30,71.27115631103516,-12.34
6899_TWO,2022-07-04,56.3941650390625,-12.72
6901_TW,2023-09-19,47.70000076293945,-27.73
6903_TWO,2022-09-23,109.0029525756836,-10.84
6903_TWO,2023-06-28,157.84298706054688,12.14
6904_TWO,2023-12-05,154.828125,14.77
6907_TWO,2026-01-30,42.5,-13.27
6908_TW,2026-03-25,48.09999847412109,-23.04
6909_TW,2025-06-12,48.61724472045898,26.14
6910_TWO,2023-05-22,61.11227035522461,20.87
6910_TWO,2023-06-20,50.296722412109375,12.82
6910_TWO,2024-02-22,39.12944030761719,15.28
6910_TWO,2024-12-05,27.69136428833008,11.05
6910_TWO,2025-01-13,28.6851806640625,11.6
6910_TWO,2025-04-07,30.085559844970703,-16.44
6910_TWO,2025-04-10,31.169723510742188,15.38
6910_TWO,2025-09-04,59.01919937133789,14.5
6910_TWO,2025-10-17,40.19736862182617,-10.71
6910_TWO,2025-10-23,45.16292572021485,14.23
6910_TWO,2025-12-11,37.45448684692383,-13.91
6913_TWO,2022-10-17,60.39653778076172,-16.58
6913_TWO,2024-08-05,102.15970611572266,-14.51
6913_TWO,2024-09-13,117.62425231933594,10.57
6913_TWO,2024-10-04,99.81658935546876,-13.41
6914_TW,2024-05-03,175.2498779296875,-11.5
6914_TW,2024-05-07,218.48129272460932,14.08
6918_TW,2025-06-10,127.05882263183594,20.0
6919_TW,2023-01-17,8.899999618530273,13.74
6919_TW,2023-01-30,10.149999618530272,14.04
6919_TW,2023-02-07,10.975000381469728,17.38
6919_TW,2023-02-20,11.625,12.05
6919_TW,2023-09-15,21.575000762939453,11.21
6919_TW,2023-09-18,24.725000381469727,14.6
6919_TW,2023-09-20,21.200000762939453,-11.3
6919_TW,2024-04-02,31.450000762939453,13.74
6919_TW,2024-04-03,36.34999847412109,15.58
6919_TW,2024-07-01,74.4000015258789,20.19
6919_TW,2024-09-23,62.29999923706055,11.05
6921_TW,2025-12-24,92.0,46.03
6921_TW,2025-12-26,81.0,-11.96
6922_TWO,2023-03-23,152.1085968017578,10.83
6922_TWO,2023-10-02,121.73957824707033,14.04
6923_TW,2024-09-25,87.24700164794922,-12.63
6925_TWO,2023-02-08,61.00152969360352,16.14
6925_TWO,2023-02-09,75.00792694091797,22.96
6925_TWO,2023-03-01,73.25712585449219,11.19
6925_TWO,2024-04-16,61.31117248535156,22.37
6925_TWO,2025-02-11,64.10505676269531,17.58
6925_TWO,2025-03-18,70.49620056152344,13.93
6925_TWO,2025-04-07,51.51645660400391,-16.87
6925_TWO,2025-04-10,54.32468032836914,17.36
6925_TWO,2025-05-28,74.80000305175781,19.87
6925_TWO,2025-05-29,103.5,38.37
6925_TWO,2025-06-04,122.0,17.87
6928_TW,2024-05-16,83.55226135253906,-13.64
6928_TW,2024-05-17,92.34723663330078,10.53
6929_TWO,2022-12-12,52.58253860473633,14.78
6929_TWO,2022-12-15,61.74464797973633,12.73
6929_TWO,2022-12-20,70.70758056640625,11.81
6929_TWO,2022-12-22,88.6334457397461,19.95
6929_TWO,2023-03-01,84.8490982055664,-10.69
6929_TWO,2023-03-15,111.04077911376952,19.89
6929_TWO,2023-03-17,131.95428466796875,14.22
6929_TWO,2023-04-25,128.4687042236328,14.16
6929_TWO,2023-04-26,142.41104125976562,10.85
6929_TWO,2023-06-20,149.38221740722656,15.83
6929_TWO,2024-02-29,108.55107879638672,13.54
6929_TWO,2024-03-28,82.65815734863281,-17.41
6931_TW,2022-12-28,35.087432861328125,-10.72
6931_TW,2023-02-16,40.037879943847656,10.82
6931_TW,2023-03-01,45.94368743896485,13.28
6931_TW,2024-01-02,82.02754974365234,14.04
6931_TW,2024-01-31,104.11189270019533,16.78
6931_TW,2024-02-20,90.5908660888672,-11.06
6934_TW,2026-01-28,156.5,15.07
6936_TW,2025-04-28,37.2110710144043,-12.49
6937_TW,2023-08-14,202.19140625,-10.61
6937_TW,2023-12-13,239.51307678222656,14.32
6949_TW,2025-08-04,233.0,20.73
6951_TW,2024-06-18,51.283836364746094,-16.12
6952_TW,2023-06-30,77.25956726074219,16.25
6952_TW,2023-07-03,94.69384765625,22.57
6952_TW,2024-06-13,49.96194076538086,-18.31
6953_TWO,2025-01-14,206.54112243652344,-11.18
6955_TW,2023-07-25,63.9619255065918,-24.39
6957_TW,2024-06-27,222.8648834228516,-14.87
6957_TW,2024-06-28,246.4950408935547,10.6
6958_TW,2023-06-30,66.54529571533203,23.87
6958_TW,2023-08-30,46.72520065307617,11.68
6958_TW,2024-08-20,28.936813354492188,-16.2
6961_TWO,2023-08-01,87.60562896728516,-14.89
6961_TWO,2024-08-14,88.34228515625,-12.21
6961_TWO,2024-08-16,107.40502166748048,19.5
6961_TWO,2024-08-19,92.95145416259766,-13.46
6961_TWO,2025-04-07,63.56250381469727,-13.41
6967_TWO,2023-10-27,49.67364501953125,13.33
6967_TWO,2023-11-29,58.697410583496094,11.42
6967_TWO,2024-08-09,64.78254699707031,11.13
6967_TWO,2024-09-26,71.9906234741211,14.14
6971_TWO,2024-06-25,48.83683776855469,-10.69
6971_TWO,2024-07-09,52.419464111328125,10.54
6971_TWO,2024-07-15,49.5910758972168,-12.19
6971_TWO,2025-04-07,38.65621566772461,-13.61
6982_TWO,2023-10-02,38.57798385620117,-10.97
6982_TWO,2024-03-29,61.06613159179688,10.56
6982_TWO,2024-04-08,87.223876953125,31.68
6982_TWO,2024-04-25,64.54755401611328,-11.48
6982_TWO,2024-06-03,74.33319091796875,-10.73
6982_TWO,2024-06-04,66.42940521240234,-10.63
6982_TWO,2024-12-18,51.62320327758789,-10.5
6982_TWO,2024-12-19,58.64088439941406,13.59
6982_TWO,2024-12-20,65.65856170654297,11.97
6994_TW,2023-12-22,76.7851791381836,14.06
6994_TW,2024-02-16,88.7120132446289,10.84
6994_TW,2024-02-26,108.4258041381836,14.58
6994_TW,2024-02-29,124.68966674804688,14.48
6994_TW,2024-03-08,108.91864013671876,-10.89
6994_TW,2024-06-26,134.54656982421875,13.28
6994_TW,2024-08-05,119.26838684082033,-11.68
6994_TW,2024-12-03,128.63433837890625,14.04
6994_TW,2025-01-15,96.17889404296876,-13.21
6996_TWO,2024-12-10,210.06817626953125,-11.01
6997_TWO,2024-01-11,146.58631896972656,17.47
6997_TWO,2024-10-25,145.3403778076172,13.38
6997_TWO,2024-12-16,113.8896713256836,-11.48
7402_TWO,2014-12-29,55.91559600830078,28.89
7402_TWO,2015-01-05,59.289825439453125,11.82
7402_TWO,2015-12-09,66.2303695678711,11.11
7402_TWO,2015-12-29,59.60733795166016,-13.6
7402_TWO,2017-08-25,41.81416702270508,17.98
7402_TWO,2021-04-07,30.92329406738281,17.39
7402_TWO,2024-04-01,123.48741149902344,11.3
7547_TWO,2021-02-04,37.4166259765625,-27.43
7547_TWO,2021-02-17,31.94102096557617,-11.28
7547_TWO,2021-02-19,34.77008819580078,17.59
7547_TWO,2021-02-22,42.162147521972656,21.26
7547_TWO,2021-11-24,39.792999267578125,42.83
7547_TWO,2021-11-26,34.77824401855469,-15.27
7547_TWO,2021-12-08,41.603885650634766,22.91
7547_TWO,2022-06-06,28.32407188415528,13.38
7547_TWO,2023-02-20,37.94627380371094,10.97
7547_TWO,2023-04-17,41.79314804077149,22.22
7547_TWO,2023-05-26,43.59785461425781,14.32
7547_TWO,2023-05-30,38.8011360168457,-11.58
7547_TWO,2023-07-28,40.6533317565918,12.63
7547_TWO,2023-08-21,38.18373489379883,10.74
7547_TWO,2024-05-06,50.17192459106445,14.89
7547_TWO,2024-07-11,55.53071975708008,15.25
7547_TWO,2024-07-12,65.78861236572266,18.47
7547_TWO,2024-07-15,84.82489776611328,28.94
7547_TWO,2024-07-29,92.71559143066406,14.91
7547_TWO,2024-08-19,89.26341247558594,14.27
7547_TWO,2024-10-16,97.3513641357422,16.8
7547_TWO,2025-04-07,59.1801643371582,-16.08
7547_TWO,2025-04-09,44.4344367980957,-20.55
7547_TWO,2025-04-10,54.24848175048828,22.09
7547_TWO,2025-04-28,65.09818267822266,14.19
7547_TWO,2025-06-02,74.96154022216797,16.92
7547_TWO,2025-06-06,82.65496063232422,14.79
7547_TWO,2025-07-04,119.5,11.16
7547_TWO,2025-07-18,120.0,14.29
7556_TWO,2019-11-18,56.088775634765625,-14.6
7556_TWO,2019-12-05,50.47990036010742,-13.47
7556_TWO,2019-12-12,58.19210815429688,11.86
7556_TWO,2020-02-12,66.95597839355469,17.9
7556_TWO,2020-07-28,84.13317108154297,48.15
7556_TWO,2020-09-10,86.80816650390625,13.81
7556_TWO,2020-09-14,100.6103057861328,11.69
7556_TWO,2020-10-06,120.58708190917967,14.48
7556_TWO,2020-10-07,107.1481704711914,-11.14
7556_TWO,2020-10-30,77.00139617919922,-18.77
7556_TWO,2020-11-02,68.64746856689453,-10.85
7556_TWO,2021-12-23,94.09325408935548,12.79
7556_TWO,2021-12-24,83.42681121826172,-11.34
7556_TWO,2024-04-15,125.34131622314452,-10.59
7584_TWO,2021-05-13,57.68659591674805,-12.8
7584_TWO,2021-08-16,86.52989196777344,43.75
7584_TWO,2021-08-17,67.0920181274414,-22.46
7584_TWO,2021-08-23,66.46499633789062,11.46
7584_TWO,2021-12-16,58.54040145874024,12.41
7584_TWO,2022-01-07,58.9205322265625,15.16
7584_TWO,2022-01-11,52.76239013671875,-12.7
7584_TWO,2022-02-17,56.79179000854492,12.5
7584_TWO,2022-03-04,50.70967483520508,-10.95
7584_TWO,2022-03-24,58.00821304321289,11.06
7584_TWO,2022-08-08,78.63365173339844,14.32
7584_TWO,2022-08-26,102.32564544677734,12.09
7584_TWO,2023-01-12,58.50819396972656,-23.44
7584_TWO,2024-03-07,73.48480224609375,13.89
7584_TWO,2024-03-08,64.07515716552734,-12.8
7584_TWO,2024-05-08,89.50072479248047,17.57
7584_TWO,2024-07-29,108.34297943115234,-11.88
7584_TWO,2024-07-30,95.15339660644533,-12.17
7610_TW,2025-08-26,151.5,16.09
7610_TW,2025-09-09,117.0,-11.7
7631_TW,2023-07-18,91.59426879882812,-18.7
7631_TW,2024-04-26,126.5678482055664,11.07
7631_TW,2024-08-05,84.5726547241211,-10.54
7642_TWO,2024-04-18,103.65499114990234,11.22
7642_TWO,2025-04-07,80.5,-18.52
7642_TWO,2025-04-10,91.5,14.38
7703_TWO,2024-02-01,153.29380798339844,16.9
7703_TWO,2024-08-05,130.65713500976562,-15.26
7704_TWO,2024-03-07,101.53053283691406,12.67
7704_TWO,2024-03-18,101.53053283691406,13.02
7704_TWO,2024-08-05,98.9862823486328,-11.59
7704_TWO,2024-12-16,76.40203094482422,-11.96
7705_TW,2024-11-26,72.73749542236328,-16.81
7708_TWO,2024-11-15,95.88990783691406,-13.73
7709_TWO,2024-02-23,53.253753662109375,10.86
7711_TW,2025-02-11,372.68408203125,15.47
7711_TW,2025-02-20,443.8598327636719,15.13
7711_TW,2025-04-07,260.97772216796875,-17.5
7711_TW,2025-04-10,296.5655822753906,16.96
7711_TW,2025-05-12,312.3824157714844,10.68
7711_TW,2025-06-30,390.0,10.8
7711_TW,2025-09-09,412.5,11.49
7711_TW,2025-11-19,278.0,-31.02
7712_TWO,2024-05-14,128.07684326171875,13.79
7712_TWO,2024-07-05,254.213134765625,12.45
7712_TWO,2024-07-11,314.8555603027344,14.66
7713_TWO,2025-02-24,60.66754913330078,-10.76
7714_TWO,2024-01-05,108.75958251953124,-16.56
7714_TWO,2024-01-10,111.20361328125,11.43
7714_TWO,2024-01-16,99.39078521728516,-11.91
7714_TWO,2024-01-30,117.72105407714844,20.42
7714_TWO,2024-03-28,122.2017822265625,16.73
7714_TWO,2025-01-15,83.22844696044922,-11.03
7715_TWO,2024-03-04,51.42202377319336,14.0
7716_TWO,2024-03-29,26.267528533935547,-12.82
7716_TWO,2024-04-16,26.72198486328125,11.79
7716_TWO,2024-04-29,29.448719024658203,16.55
7716_TWO,2024-05-10,34.175052642822266,16.59
7716_TWO,2024-05-14,30.130401611328125,-16.71
7716_TWO,2025-04-07,25.366575241088867,-11.24
7716_TWO,2025-04-10,26.9726505279541,10.66
7716_TWO,2025-10-28,27.600000381469727,-13.75
7717_TWO,2025-11-18,170.0,19.72
7718_TWO,2025-03-18,50.971656799316406,-13.29
7721_TW,2024-01-02,58.31157302856445,22.0
7721_TW,2024-01-05,66.34136199951172,26.18
7721_TW,2024-03-04,68.82677459716797,16.88
7721_TW,2024-03-11,83.93042755126953,24.01
7721_TW,2024-03-14,84.12161254882812,10.83
7721_TW,2024-08-05,56.010528564453125,-17.31
7721_TW,2024-08-07,65.70093536376953,14.92
7721_TW,2025-04-07,61.437156677246094,-19.03
7721_TW,2025-04-10,69.67399597167969,15.97
7721_TW,2025-06-06,73.0,10.94
7721_TW,2025-07-02,89.9000015258789,19.87
7722_TW,2024-12-05,507.7275085449219,-13.58
7723_TWO,2024-12-04,80.88900756835938,16.83
7723_TWO,2025-04-07,55.09999847412109,-18.01
7723_TWO,2025-05-02,67.5999984741211,22.69
7728_TWO,2024-03-19,148.06129455566406,-14.6
7728_TWO,2024-03-25,168.59881591796875,20.07
7728_TWO,2024-03-27,192.0020751953125,13.88
7728_TWO,2024-03-28,219.703857421875,14.43
7728_TWO,2024-04-01,256.00274658203125,19.11
7728_TWO,2024-04-03,285.6150207519531,13.26
7728_TWO,2024-04-08,377.3175048828125,32.11
7728_TWO,2024-04-09,318.57061767578125,-15.57
7728_TWO,2024-04-19,296.1225891113281,-10.66
7728_TWO,2024-04-30,298.98828125,10.99
7730_TW,2024-07-15,110.93505859375,10.53
7730_TW,2025-07-14,115.62962341308594,14.29
7730_TW,2025-08-05,132.5,13.73
7730_TW,2025-11-04,88.5999984741211,-19.82
7732_TW,2024-04-03,44.543155670166016,23.95
7732_TW,2024-04-15,49.6895751953125,16.67
7732_TW,2024-04-25,47.560020446777344,10.74
7732_TW,2024-04-26,42.52642822265625,-10.58
7734_TWO,2024-04-02,1189.2989501953125,14.07
7734_TWO,2024-04-11,1436.4259033203125,16.25
7734_TWO,2024-06-11,1166.1307373046875,11.85
7734_TWO,2024-08-05,744.0130004882812,-20.17
7734_TWO,2024-10-07,1232.2227783203125,10.88
7736_TW,2025-03-18,111.52737426757812,-11.68
7738_TWO,2025-04-07,137.69000244140625,-10.79
7738_TWO,2025-06-26,241.57000732421875,10.79
7743_TWO,2024-04-24,57.540000915527344,-16.2
7743_TWO,2024-06-17,62.85882568359375,24.52
7743_TWO,2025-04-07,37.23176574707031,-19.79
7743_TWO,2025-05-20,33.099998474121094,-17.87
7744_TWO,2025-04-07,134.56533813476562,-20.17
7744_TWO,2025-04-10,146.71023559570312,14.39
7744_TWO,2025-08-08,272.0,11.25
7744_TWO,2025-08-13,294.0,12.21
7744_TWO,2025-08-14,340.0,15.65
7744_TWO,2025-09-25,380.0,14.8
7747_TWO,2024-05-28,136.49156188964844,-11.95
7747_TWO,2024-07-01,151.11566162109375,10.71
7747_TWO,2025-04-07,112.11807250976562,-15.75
7747_TWO,2025-04-10,117.48023986816406,15.31
7747_TWO,2025-07-11,137.9539794921875,-15.77
7751_TWO,2024-06-14,275.6147766113281,-11.31
7751_TWO,2024-06-20,284.1683654785156,10.54
7751_TWO,2024-07-02,348.3200988769531,10.73
7751_TWO,2024-10-07,450.2556762695313,10.95
7751_TWO,2025-04-07,204.8373260498047,-34.57
7751_TWO,2025-04-09,188.4116973876953,-14.47
7751_TWO,2025-04-10,253.1480407714844,34.36
7751_TWO,2025-06-11,395.66455078125,11.73
7753_TWO,2025-04-07,38.739376068115234,-12.75
7753_TWO,2025-05-16,52.49819564819336,17.98
7753_TWO,2025-08-11,53.66915893554688,-15.38
7753_TWO,2025-08-13,61.7683219909668,13.85
7757_TWO,2024-06-27,222.0,-29.07
7757_TWO,2025-04-07,142.3439483642578,-12.46
7765_TW,2025-04-07,259.766357421875,-18.35
7765_TW,2025-04-10,310.843994140625,23.36
7767_TWO,2024-11-01,58.362247467041016,-10.87
7767_TWO,2025-04-07,45.55102157592773,-17.95
7767_TWO,2025-04-10,51.62449264526367,11.02
7767_TWO,2025-12-10,50.0,-10.71
7768_TW,2025-04-07,102.41000366210938,-30.56
7768_TW,2025-04-08,115.63999938964844,12.92
7768_TW,2025-04-10,130.33999633789062,18.22
7768_TW,2025-08-27,191.0,10.72
7768_TW,2026-01-23,299.5,11.34
7768_TW,2026-01-27,396.5,27.9
7768_TW,2026-02-03,347.0,11.76
7768_TW,2026-05-07,384.5,-12.41
7769_TW,2025-11-27,2940.0,12.43
7770_TWO,2024-09-26,114.75409698486328,14.83
7770_TWO,2025-04-07,75.92896270751953,-11.19
7770_TWO,2025-12-10,58.900001525878906,-14.51
7772_TWO,2025-06-27,111.4589385986328,30.23
7772_TWO,2025-07-25,72.5999984741211,-11.46
7772_TWO,2025-08-05,75.30000305175781,12.39
7772_TWO,2025-08-27,78.19999694824219,16.72
7772_TWO,2025-09-01,79.4000015258789,11.36
7772_TWO,2025-09-03,69.0,-12.77
7772_TWO,2025-12-29,85.9000015258789,17.67
7772_TWO,2026-01-05,97.3000030517578,14.47
7772_TWO,2026-03-23,100.0,12.36
7772_TWO,2026-04-09,101.5,14.17
7772_TWO,2026-04-10,128.5,26.6
7772_TWO,2026-04-13,145.5,13.23
7772_TWO,2026-04-17,161.5,11.76
7772_TWO,2026-04-20,298.0,84.52
7772_TWO,2026-04-22,274.5,-13.81
7772_TWO,2026-04-27,201.0,-12.04
7772_TWO,2026-04-28,231.0,14.93
7777_TWO,2025-04-10,13.75,10.89
7777_TWO,2025-06-10,16.0,14.7
7777_TWO,2025-09-12,23.89999961853028,42.26
7777_TWO,2025-09-15,30.450000762939453,27.41
7777_TWO,2025-09-19,29.299999237060547,12.05
7777_TWO,2025-09-22,35.099998474121094,19.8
7777_TWO,2025-09-25,38.84999847412109,16.67
7777_TWO,2025-10-21,31.600000381469727,10.88
7777_TWO,2025-11-04,24.600000381469727,-11.35
7777_TWO,2025-11-28,32.95000076293945,20.26
7777_TWO,2025-12-22,23.850000381469727,-15.87
7777_TWO,2025-12-29,29.100000381469727,18.05
7780_TW,2025-06-17,13.346373558044434,21.7
7780_TW,2025-07-02,17.381322860717773,20.75
7780_TW,2025-07-10,20.640321731567383,15.9
7780_TW,2025-07-11,22.890581130981445,10.9
7780_TW,2025-07-18,21.299880981445312,-14.08
7780_TW,2025-08-05,32.4045295715332,14.84
7780_TW,2025-08-25,29.908344268798828,10.93
7780_TW,2025-09-09,19.848264694213867,-26.76
7780_TW,2025-09-11,17.219955444335938,-11.21
7780_TW,2025-11-24,18.200000762939453,10.95
7782_TWO,2025-10-28,31.07874870300293,-12.38
7786_TW,2025-11-18,150.5,-22.82
7788_TW,2025-10-16,112.0,-21.68
7792_TWO,2024-12-25,176.6666717529297,14.86
7792_TWO,2025-04-07,137.61904907226562,-14.75
7792_TWO,2026-01-16,283.5,18.62
7792_TWO,2026-01-19,344.5,21.52
7792_TWO,2026-01-20,387.5,12.48
7794_TWO,2024-11-18,39.98244094848633,-19.23
7794_TWO,2025-02-13,52.35795974731445,19.57
7794_TWO,2026-04-21,39.5,-11.24
7795_TW,2025-11-27,222.85606384277344,12.56
7795_TW,2026-01-06,271.6058349609375,19.74
7795_TW,2026-01-19,326.8223876953125,12.5
7795_TW,2026-01-22,383.0338439941406,18.28
7799_TW,2024-11-28,226.0,15.6
7799_TW,2024-12-02,301.0,27.81
7799_TW,2024-12-05,265.5,-11.06
7799_TW,2024-12-24,232.0,16.0
7799_TW,2025-02-03,252.0,25.69
7799_TW,2025-02-04,300.0,19.05
7799_TW,2025-02-13,321.0,11.46
7799_TW,2025-02-19,364.0,10.64
7799_TW,2025-03-05,469.5,17.96
7799_TW,2025-04-07,330.0,-28.03
7799_TW,2025-04-08,372.0,12.73
7799_TW,2025-04-10,416.5,16.34
7799_TW,2025-04-29,408.0,19.65
7799_TW,2025-05-13,456.0,10.95
7799_TW,2025-06-26,889.0,10.57
7799_TW,2025-09-16,839.0,11.87
7805_TWO,2025-04-07,530.26025390625,-18.1
7805_TWO,2025-04-10,570.9041137695312,13.32
7805_TWO,2025-11-28,774.0,10.57
7805_TWO,2025-12-22,690.0,-12.55
7810_TWO,2025-01-06,91.03936767578124,-18.26
7810_TWO,2025-01-09,88.23070526123047,11.92
7810_TWO,2025-04-07,64.59921264648438,-21.9
7810_TWO,2025-04-10,74.5748062133789,15.79
7810_TWO,2025-06-23,98.30315399169922,11.54
7810_TWO,2025-08-11,139.5,13.41
7810_TWO,2025-08-25,149.0,15.06
7810_TWO,2025-12-01,182.0,18.57
7810_TWO,2025-12-11,187.0,10.65
7810_TWO,2025-12-23,201.0,17.2
7810_TWO,2025-12-24,284.0,41.29
7811_TWO,2025-02-13,139.6993408203125,12.36
7811_TWO,2025-04-07,118.576416015625,-13.03
7811_TWO,2025-04-10,128.177734375,10.79
7820_TWO,2025-06-04,85.36790466308594,15.02
7820_TWO,2025-06-05,106.48332977294922,24.73
7820_TWO,2025-06-17,134.57679748535156,12.93
7820_TWO,2025-07-10,158.63636779785156,11.86
7820_TWO,2025-08-19,210.9090881347656,11.0
7820_TWO,2025-11-24,148.0,-10.57
7820_TWO,2025-11-27,152.0,12.59
7820_TWO,2025-11-28,173.0,13.82
7820_TWO,2026-01-13,161.0,11.03
7820_TWO,2026-01-20,193.0,19.5
7820_TWO,2026-04-20,209.0,15.79
7820_TWO,2026-04-27,144.0,-23.4
7821_TW,2026-04-20,51.79999923706055,-20.43
7822_TW,2025-03-28,294.0,-17.65
7822_TW,2025-03-31,249.0,-15.31
7822_TW,2025-04-01,304.0,22.09
7822_TW,2025-04-07,209.0,-26.02
7822_TW,2025-04-08,238.0,13.88
7822_TW,2025-04-10,282.0,25.33
7822_TW,2025-06-17,319.5,22.41
7822_TW,2025-06-24,390.0,11.43
7822_TW,2025-06-25,434.5,11.41
7822_TW,2025-07-01,489.0,11.77
7822_TW,2025-08-11,590.0,10.69
7822_TW,2025-12-26,714.0,12.62
7822_TW,2026-02-03,1170.0,23.03
7822_TW,2026-02-05,1370.0,10.93
7822_TW,2026-02-11,1490.0,13.31
7822_TW,2026-03-02,1315.0,-12.33
7822_TW,2026-03-05,1350.0,12.03
7822_TW,2026-03-16,1560.0,14.29
7822_TW,2026-03-31,1510.0,-10.91
7823_TW,2026-02-06,131.0,-11.49
7823_TW,2026-02-09,113.5,-13.36
7828_TWO,2025-05-09,230.0,-12.21
7828_TWO,2025-05-12,205.0,-10.87
7828_TWO,2025-06-23,375.0,15.74
7828_TWO,2025-08-14,442.5,15.99
7828_TWO,2026-01-19,661.0,12.22
7828_TWO,2026-02-09,937.0,13.71
7828_TWO,2026-02-25,1220.0,20.2
7828_TWO,2026-03-04,898.0,-14.07
7828_TWO,2026-03-05,1000.0,11.36
7828_TWO,2026-03-20,1410.0,17.01
7828_TWO,2026-04-20,1740.0,21.68
7828_TWO,2026-04-23,1380.0,-11.54
7842_TWO,2025-06-11,237.01834106445312,-14.34
7842_TWO,2025-06-12,200.77999877929688,-15.29
7842_TWO,2025-06-13,225.265365600586,12.2
7842_TWO,2025-12-08,174.1489715576172,19.13
7842_TWO,2025-12-09,153.05487060546875,-12.11
7842_TWO,2026-01-16,170.2244873046875,13.77
7842_TWO,2026-05-11,125.5,-16.33
8011_TW,2011-09-23,29.11919593811035,-11.75
8016_TW,2005-12-23,24.42555809020996,14.35
8016_TW,2006-10-27,26.012859344482425,11.2
8016_TW,2007-03-05,25.76397705078125,-13.82
8016_TW,2007-03-06,28.76149177551269,11.63
8021_TW,2021-04-07,31.864238739013672,14.12
8024_TWO,2020-03-16,7.0515217781066895,-10.76
8027_TWO,2008-02-26,6.520418643951416,20.0
8027_TWO,2008-06-06,6.645810604095459,23.26
8027_TWO,2008-10-15,3.343804121017456,-17.53
8027_TWO,2008-10-17,2.08987808227539,-31.13
8027_TWO,2008-10-20,1.6719017028808594,-20.0
8027_TWO,2008-11-13,0.0835950449109077,-95.12
8027_TWO,2008-11-14,0.8359504342079163,900.0
8027_TWO,2008-11-17,0.6102442145347595,-27.0
8027_TWO,2008-11-18,0.7189173698425293,17.81
8027_TWO,2008-11-28,0.7439963817596436,-11.88
8027_TWO,2013-11-12,11.52597713470459,1561.19
8027_TWO,2014-02-07,12.997380256652832,20.91
8027_TWO,2014-06-19,18.86663627624512,18.06
8027_TWO,2014-07-01,22.70863151550293,17.71
8027_TWO,2015-01-20,23.59674072265625,12.22
8027_TWO,2015-06-10,28.568910598754883,-10.79
8027_TWO,2017-02-20,18.52778625488281,10.7
8028_TW,2008-01-18,7.509494781494141,19.44
8028_TW,2008-01-22,6.915719509124756,-15.38
8028_TW,2008-03-04,9.360671043395996,34.0
8028_TW,2008-03-07,8.382689476013184,-17.24
8028_TW,2008-03-14,7.195143222808838,-15.57
8028_TW,2008-04-09,2.794229984283448,-55.31
8028_TW,2008-04-14,3.213364601135254,15.0
8028_TW,2014-12-23,29.905105590820312,830.65
8028_TW,2014-12-29,31.976402282714844,12.94
8028_TW,2015-07-29,12.44977569580078,14.04
8028_TW,2015-08-07,14.620505332946776,16.18
8028_TW,2015-09-30,15.699485778808594,14.05
8028_TW,2015-10-01,18.323516845703125,16.71
8028_TW,2017-02-02,17.290536880493164,14.86
8028_TW,2017-03-08,21.4290828704834,13.92
8028_TW,2018-01-04,28.69015121459961,13.28
8028_TW,2018-01-08,31.997270584106445,12.05
8028_TW,2018-07-11,37.08662414550781,19.9
8028_TW,2025-08-04,154.5,20.7
8033_TW,2009-06-08,14.212675094604492,10.73
8033_TW,2017-09-28,10.97735595703125,12.2
8033_TW,2023-03-06,61.5,10.77
8034_TWO,2020-03-19,12.938918113708496,-11.87
8038_TWO,2008-02-13,44.065696716308594,24.44
8038_TWO,2008-10-14,33.99353790283203,12.94
8038_TWO,2008-12-12,21.639404296875,-11.29
8038_TWO,2009-01-12,31.524677276611328,21.13
8038_TWO,2013-03-12,49.08210372924805,33.07
8038_TWO,2013-04-24,58.967376708984375,20.16
8038_TWO,2013-07-12,59.52803421020508,11.25
8038_TWO,2016-02-01,56.55753326416016,11.65
8038_TWO,2020-03-16,31.20318031311035,-12.38
8038_TWO,2020-03-19,24.51678466796875,-12.7
8038_TWO,2025-08-04,44.54999923706055,15.41
8039_TW,2008-07-23,-144.1138153076172,14.37
8039_TW,2008-07-29,-114.05795288085938,-15.43
8039_TW,2008-08-06,-121.3792724609375,11.31
8039_TW,2008-08-08,-141.80177307128906,12.88
8039_TW,2008-08-18,-125.61788177490234,-11.17
8039_TW,2008-08-21,-143.79258728027344,10.73
8039_TW,2008-09-01,-121.5279312133789,-21.56
8039_TW,2008-09-04,-91.37785339355467,-14.35
8039_TW,2008-09-08,-128.94952392578125,53.59
8039_TW,2008-09-09,-95.0886459350586,-26.26
8039_TW,2008-09-15,-60.76395034790039,-27.22
8039_TW,2008-09-16,-46.38471221923828,-23.66
8039_TW,2008-09-18,-41.74620819091797,-12.62
8039_TW,2008-09-19,-57.05316162109375,36.67
8039_TW,2008-09-22,-67.2577896118164,17.89
8039_TW,2008-09-25,-60.30010223388672,-12.16
8039_TW,2008-09-26,-51.48699569702149,-14.62
8039_TW,2008-09-30,-37.10776138305664,-27.93
8039_TW,2008-10-02,-31.54158592224121,-18.07
8039_TW,2008-10-06,-25.51158142089844,-21.43
8039_TW,2008-10-07,-28.29463768005371,10.91
8039_TW,2008-10-08,-18.09001922607422,-36.07
8039_TW,2008-10-13,-14.37923526763916,-26.19
8039_TW,2008-10-14,-23.65618705749512,64.52
8039_TW,2008-10-15,-19.01768112182617,-19.61
8039_TW,2008-10-16,-15.306903839111328,-19.51
8039_TW,2008-10-17,-13.45151138305664,-12.12
8039_TW,2008-10-23,-8.34922981262207,-35.71
8039_TW,2008-10-27,-2.783057451248169,-66.67
8039_TW,2008-10-30,-11.59617805480957,316.67
8039_TW,2008-11-03,-19.01768112182617,64.0
8039_TW,2008-11-05,-16.69845962524414,-12.2
8039_TW,2008-11-06,-10.668453216552734,-36.11
8039_TW,2008-11-13,-6.957673072814941,-28.57
8039_TW,2008-11-14,-7.885396480560303,13.33
8039_TW,2008-11-17,-6.493839263916016,-17.65
8039_TW,2008-11-18,-5.566114902496338,-14.29
8039_TW,2008-11-19,-4.638448238372803,-16.67
8039_TW,2008-11-20,-3.2468912601470947,-30.0
8039_TW,2008-11-21,-5.566114902496338,71.43
8039_TW,2008-11-24,-4.174614906311035,-25.0
8039_TW,2008-11-25,-5.102280616760254,22.22
8039_TW,2008-11-28,-4.638448238372803,-16.67
8039_TW,2008-12-02,-3.2468912601470947,-30.0
8039_TW,2008-12-03,-2.3192241191864014,-28.57
8039_TW,2008-12-04,-1.855334043502808,-20.0
8039_TW,2008-12-05,-3.2468912601470947,75.0
8039_TW,2008-12-08,-2.783057451248169,-14.29
8039_TW,2008-12-10,-5.566114902496338,100.0
8039_TW,2008-12-11,-4.174614906311035,-25.0
8039_TW,2008-12-12,-2.783057451248169,-33.33
8039_TW,2008-12-16,-3.710724115371704,33.33
8039_TW,2008-12-18,-4.638448238372803,25.0
8039_TW,2008-12-19,-2.783057451248169,-40.0
8039_TW,2008-12-22,-2.3192241191864014,-16.67
8039_TW,2008-12-23,-1.855334043502808,-20.0
8039_TW,2008-12-24,-1.3915003538131714,-25.0
8039_TW,2008-12-30,-0.9276670217514038,-33.33
8039_TW,2009-01-05,-1.855334043502808,100.0
8039_TW,2009-01-06,-2.3192241191864014,25.0
8039_TW,2009-01-07,-1.3915003538131714,-40.0
8039_TW,2009-01-08,-0.9276670217514038,-33.33
8039_TW,2009-01-12,-0.4638335108757019,-50.0
8039_TW,2009-01-19,-0.9276670217514038,100.0
8039_TW,2009-01-21,-0.4638335108757019,-50.0
8039_TW,2009-12-17,22.801891326904297,-5015.96
8040_TWO,2020-03-16,14.123249053955078,-16.53
8040_TWO,2021-04-07,68.24928283691406,14.49
8042_TWO,2020-03-19,20.1280517578125,-11.11
8043_TWO,2020-03-19,13.494677543640137,-12.15
8044_TWO,2016-08-10,307.6800537109375,12.5
8044_TWO,2017-03-02,204.824462890625,12.68
8044_TWO,2020-03-16,73.8625717163086,-13.84
8045_TW,2017-08-11,9.290244102478027,12.11
8045_TW,2017-09-11,12.26312255859375,14.42
8045_TW,2017-09-22,13.37052059173584,12.44
8045_TW,2017-12-29,10.070624351501465,11.98
8045_TW,2018-02-22,10.561149597167969,11.63
8045_TW,2018-02-23,12.002996444702148,13.65
8045_TW,2019-04-01,8.69588851928711,15.09
8045_TW,2020-03-19,6.122544765472412,-22.64
8045_TW,2020-03-24,6.757296562194824,12.58
8045_TW,2021-02-19,9.800843238830566,15.42
8045_TW,2021-02-22,10.856968879699709,10.78
8045_TW,2021-12-16,12.772375106811523,11.11
8045_TW,2023-04-07,16.6747989654541,11.38
8045_TW,2023-04-10,20.359838485717773,22.1
8045_TW,2023-04-11,22.84723854064941,12.22
8045_TW,2023-04-14,18.42519187927246,-11.11
8045_TW,2023-04-27,18.056690216064453,14.96
8045_TW,2023-07-27,47.012733459472656,16.14
8045_TW,2023-08-07,51.71400833129883,13.52
8045_TW,2023-08-25,76.16062927246094,17.22
8045_TW,2023-08-28,86.97355651855469,14.2
8045_TW,2023-08-31,70.7071533203125,-11.94
8045_TW,2023-12-14,83.68266296386719,10.97
8045_TW,2024-01-24,111.89030456542967,10.7
8045_TW,2024-02-16,157.96278381347656,17.07
8045_TW,2024-06-13,135.86680603027344,11.15
8045_TW,2024-08-05,115.9849624633789,-11.15
8045_TW,2024-10-22,110.16145324707033,10.73
8045_TW,2024-12-11,67.6498031616211,-10.64
8046_TW,2005-05-26,22.29945945739746,12.59
8046_TW,2005-06-16,22.037452697753903,10.96
8046_TW,2005-07-13,23.42350959777832,14.38
8046_TW,2005-07-14,20.35982131958008,-13.08
8046_TW,2005-07-19,24.1461238861084,17.02
8046_TW,2005-07-20,20.520395278930664,-15.02
8046_TW,2005-08-01,27.56900787353516,29.09
8046_TW,2005-09-08,36.60651779174805,13.21
8046_TW,2005-12-01,73.36650848388672,12.85
8046_TW,2005-12-23,105.5081024169922,10.83
8046_TW,2005-12-29,116.05891418457033,11.01
8046_TW,2006-04-07,177.2138214111328,16.2
8047_TWO,2008-08-18,10.322796821594238,10.89
8047_TWO,2009-04-02,8.05621337890625,13.81
8047_TWO,2014-12-26,11.853632926940918,11.69
8047_TWO,2023-12-18,13.350000381469728,11.25
8048_TWO,2008-11-20,4.220602512359619,-12.31
8048_TWO,2010-02-22,10.046916961669922,72.85
8048_TWO,2016-07-20,16.708744049072266,-10.7
8048_TWO,2016-07-21,18.769744873046875,12.33
8049_TWO,2009-04-02,2.788691759109497,14.39
8049_TWO,2018-08-20,10.832015991210938,10.84
8054_TWO,2015-07-13,17.920042037963867,11.33
8059_TWO,2008-02-12,5.53525447845459,100.0
8059_TWO,2008-02-13,6.1612653732299805,11.31
8059_TWO,2008-02-14,5.166236877441406,-16.15
8059_TWO,2008-07-16,5.055026531219482,-12.5
8059_TWO,2008-09-04,5.076691150665283,-11.57
8059_TWO,2008-09-09,5.78439474105835,13.94
8059_TWO,2008-10-31,5.596636772155762,29.17
8059_TWO,2008-11-03,4.405094623565674,-21.29
8059_TWO,2010-03-16,22.111515045166016,467.02
8059_TWO,2019-09-10,17.100000381469727,14.77
8059_TWO,2020-03-19,10.149999618530272,-13.98
8064_TWO,2014-07-17,14.469922065734863,11.42
8064_TWO,2020-03-16,9.87935733795166,-11.72
8064_TWO,2020-03-19,8.142751693725586,-10.97
8066_TWO,2008-08-18,15.89702320098877,35.2
8066_TWO,2008-12-31,4.232935428619385,-52.88
8066_TWO,2009-02-06,3.5744783878326416,-12.64
8066_TWO,2009-03-12,2.492728471755981,20.45
8066_TWO,2009-03-24,3.10415267944336,11.86
8066_TWO,2009-04-02,4.18590259552002,12.66
8066_TWO,2009-06-08,3.997771978378296,-12.37
8066_TWO,2009-09-03,6.16127347946167,-17.09
8066_TWO,2010-02-08,13.68649196624756,12.79
8066_TWO,2010-06-29,15.708895683288574,13.99
8066_TWO,2011-10-12,40.68321228027344,-13.5
8066_TWO,2011-10-19,30.52416610717773,-13.35
8066_TWO,2012-02-08,26.76156044006348,14.26
8066_TWO,2012-02-29,22.71675491333008,-30.0
8066_TWO,2012-03-05,17.07284164428711,-13.37
8066_TWO,2012-04-25,20.976547241210938,-13.23
8066_TWO,2012-04-30,16.884708404541016,-19.51
8066_TWO,2012-06-27,16.884708404541016,-13.29
8066_TWO,2012-09-13,19.79534149169922,30.31
8066_TWO,2012-10-19,22.938108444213867,22.17
8066_TWO,2012-10-29,23.55033302307129,10.96
8066_TWO,2012-11-08,23.34626007080078,-13.33
8066_TWO,2015-06-29,54.74441146850586,13.19
8066_TWO,2016-06-20,46.976783752441406,12.54
8066_TWO,2017-07-06,60.88410568237305,-14.71
8066_TWO,2017-07-07,72.74600219726562,19.48
8066_TWO,2019-06-18,66.59674835205078,-11.01
8066_TWO,2019-06-19,74.98847961425781,12.6
8066_TWO,2022-08-23,29.08104133605957,13.3
8067_TWO,2010-03-23,38.39801406860352,11.11
8067_TWO,2017-12-06,20.809246063232425,55.56
8067_TWO,2019-12-05,15.31213665008545,-12.45
8067_TWO,2020-03-16,12.7456636428833,-14.04
8067_TWO,2020-10-06,16.595373153686523,16.57
8067_TWO,2021-02-04,15.589593887329102,11.54
8067_TWO,2021-05-21,17.30635643005371,-13.97
8067_TWO,2021-11-23,16.023120880126953,-14.84
8067_TWO,2022-09-28,15.589593887329102,-12.29
8067_TWO,2022-10-05,15.156067848205566,-13.03
8067_TWO,2023-03-01,14.149999618530272,-13.74
8067_TWO,2023-03-23,15.699999809265137,-12.78
8067_TWO,2023-11-10,13.300000190734863,-12.21
8067_TWO,2023-11-20,14.850000381469728,12.08
8067_TWO,2023-11-21,13.100000381469728,-11.78
8068_TWO,2012-03-28,25.71592903137207,-30.11
8068_TWO,2012-08-21,11.711238861083984,-13.04
8068_TWO,2013-09-16,5.484763145446777,14.23
8068_TWO,2016-04-21,12.248003959655762,10.57
8068_TWO,2016-06-08,11.662442207336426,16.02
8068_TWO,2021-10-06,19.323543548583984,-11.21
8071_TWO,2008-05-09,6.477068901062012,-13.16
8071_TWO,2008-08-19,7.615461826324463,17.58
8071_TWO,2008-09-15,6.182655811309815,-20.85
8071_TWO,2008-09-24,5.319046974182129,-13.97
8071_TWO,2008-12-19,4.913592338562012,-21.2
8071_TWO,2009-03-02,5.076249599456787,-13.41
8071_TWO,2009-04-27,5.516777992248535,-16.34
8071_TWO,2010-03-23,33.954620361328125,14.25
8072_TW,2005-09-29,36.18585205078125,27.21
8072_TW,2007-03-05,43.50905990600586,-11.16
8074_TWO,2025-08-04,29.44638633728028,16.18
8076_TWO,2012-02-06,17.830371856689453,14.47
8076_TWO,2013-09-24,46.39606094360352,12.34
8076_TWO,2015-08-27,47.18735885620117,19.69
8076_TWO,2020-03-19,16.497121810913086,-11.62
8077_TWO,2008-08-18,102.7791976928711,-16.34
8077_TWO,2009-04-02,306.64959716796875,14.34
8077_TWO,2010-12-23,195.99317932128903,-12.92
8077_TWO,2011-08-09,117.59590911865234,-19.41
8077_TWO,2011-09-26,131.28729248046875,-13.37
8077_TWO,2011-10-03,113.65729522705078,-13.43
8077_TWO,2011-11-22,90.5882339477539,-30.1
8077_TWO,2011-11-28,68.08184051513672,-24.84
8077_TWO,2011-12-13,55.70332717895508,-24.81
8077_TWO,2011-12-21,46.13810729980469,-19.08
8077_TWO,2012-03-05,67.51918029785156,14.29
8077_TWO,2012-03-28,60.579708099365234,-13.64
8077_TWO,2012-04-24,54.20289611816406,-13.21
8077_TWO,2012-05-09,50.07672500610352,-13.31
8077_TWO,2012-11-21,33.75959014892578,36.36
8077_TWO,2012-12-05,25.694799423217773,-18.45
8077_TWO,2013-02-20,34.32225036621094,-11.17
8077_TWO,2015-07-13,254.43478393554688,-10.89
8077_TWO,2015-08-13,264.9565124511719,10.8
8077_TWO,2016-05-05,189.63043212890625,-11.2
8077_TWO,2020-04-06,54.76087188720703,-11.92
8077_TWO,2021-05-25,47.06087112426758,-10.55
8077_TWO,2022-08-08,46.10434722900391,13.55
8077_TWO,2023-03-28,37.87826156616211,-13.25
8077_TWO,2023-07-27,34.434783935546875,-12.41
8080_TWO,2012-12-24,76.65127563476562,13.79
8080_TWO,2016-02-01,99.5,10.86
8080_TWO,2016-09-12,78.0,-18.75
8080_TWO,2018-12-24,20.350000381469727,20.77
8080_TWO,2020-01-30,17.950000762939453,20.47
8080_TWO,2020-02-10,17.450000762939453,-18.65
8080_TWO,2020-03-16,15.100000381469728,-15.17
8080_TWO,2023-01-03,12.300000190734863,12.33
8080_TWO,2023-02-20,10.850000381469728,-10.7
8080_TWO,2024-05-10,17.0,-10.53
8080_TWO,2024-07-09,19.0,12.76
8080_TWO,2024-07-10,16.5,-13.16
8084_TWO,2020-03-10,27.950000762939453,-15.3
8084_TWO,2025-08-04,41.45000076293945,13.72
8085_TWO,2018-12-24,4.550895690917969,15.49
8086_TWO,2008-09-19,11.599796295166016,20.0
8086_TWO,2008-11-19,6.102782249450684,-13.12
8086_TWO,2008-11-24,4.89769172668457,-15.84
8086_TWO,2008-12-04,4.511032104492188,-14.74
8086_TWO,2008-12-08,5.219908714294434,15.22
8086_TWO,2010-02-22,27.31767463684082,303.72
8086_TWO,2016-06-27,51.38554382324219,11.91
8086_TWO,2020-03-16,68.77400970458984,-13.8
8086_TWO,2020-03-19,52.39923858642578,-18.3
8087_TWO,2012-11-27,5.986634731292725,-15.54
8087_TWO,2017-10-02,11.273897171020508,11.82
8088_TWO,2014-07-17,17.164419174194336,11.8
8088_TWO,2015-08-27,7.926692485809326,19.81
8088_TWO,2020-03-19,13.827598571777344,-11.6
8089_TWO,2018-09-10,26.87233543395996,-13.98
8089_TWO,2018-09-13,28.008583068847656,13.31
8089_TWO,2018-10-11,27.389328002929688,-11.7
8089_TWO,2018-12-12,30.923072814941406,10.86
8089_TWO,2020-03-16,14.308009147644045,-13.57
8089_TWO,2020-03-20,13.063833236694336,10.53
8089_TWO,2020-04-06,15.58674430847168,10.54
8089_TWO,2020-04-15,19.388391494750977,14.49
8089_TWO,2020-07-27,42.946876525878906,133.14
8089_TWO,2020-09-10,59.18108367919922,29.15
8089_TWO,2020-09-11,72.09467315673828,21.82
8089_TWO,2020-09-15,59.402469635009766,-13.53
8089_TWO,2020-09-23,46.48888397216797,-12.13
8089_TWO,2020-09-24,51.65431594848633,11.11
8091_TWO,2015-08-18,29.21615219116211,10.85
8091_TWO,2017-12-15,82.71802520751953,38.89
8092_TWO,2020-12-24,8.960000038146973,10.89
8092_TWO,2024-04-01,31.75,10.63
8093_TWO,2009-01-19,17.69636344909668,14.37
8093_TWO,2018-02-12,18.64285659790039,11.86
8093_TWO,2018-04-02,60.238094329833984,20.76
8093_TWO,2020-03-19,8.2380952835083,-18.78
8093_TWO,2021-04-07,37.380950927734375,20.77
8093_TWO,2024-10-11,36.66666412353516,-12.0
8096_TWO,2009-04-02,4.023196220397949,12.96
8096_TWO,2013-08-26,12.112733840942385,-11.39
8096_TWO,2013-08-27,13.58527374267578,12.16
8096_TWO,2016-08-25,12.346837997436523,-12.96
8096_TWO,2016-08-26,14.782193183898926,19.72
8096_TWO,2020-03-16,7.5579962730407715,-12.21
8097_TWO,2011-05-10,11.098505973815918,-19.43
8097_TWO,2011-05-13,8.962288856506348,-19.25
8097_TWO,2011-10-04,11.761468887329102,84.94
8099_TWO,2010-02-08,12.16768741607666,-13.31
8099_TWO,2024-03-27,70.87725067138672,12.76
8101_TW,2005-07-12,102.71742248535156,43.43
8101_TW,2007-07-26,185.0277862548828,11.97
8101_TW,2009-04-02,47.20549011230469,11.92
8101_TW,2021-04-07,7.3714280128479,-18.61
8101_TW,2024-11-19,10.449999809265137,450.0
8102_TWO,2023-10-30,56.97569274902344,-10.79
8102_TWO,2023-11-02,45.22721862792969,-11.57
8102_TWO,2025-04-07,74.9555435180664,-18.57
8102_TWO,2025-04-10,80.19853973388672,11.62
8102_TWO,2025-06-25,95.05372619628906,14.1
8102_TWO,2025-08-05,88.93688201904297,10.76
8102_TWO,2025-12-22,58.05950546264648,-12.44
8103_TW,2008-08-18,15.327701568603516,12.73
8105_TW,2007-03-06,19.11802673339844,10.87
8105_TW,2007-05-02,29.44542121887207,-11.2
8105_TW,2007-05-03,32.90668487548828,11.75
8105_TW,2007-06-25,33.98733139038086,-10.72
8107_TWO,2016-03-04,14.822258949279783,18.09
8107_TWO,2017-10-06,32.3371467590332,20.19
8107_TWO,2018-08-27,22.024396896362305,-16.93
8107_TWO,2018-08-28,26.08475875854492,18.44
8109_TWO,2008-08-18,6.886178970336914,16.5
8110_TW,2017-02-20,12.741963386535645,13.21
8111_TWO,2015-02-10,5.208677291870117,35.67
8111_TWO,2020-03-16,4.908255577087402,-10.55
8111_TWO,2020-03-19,3.93551516532898,-11.67
8121_TWO,2010-06-29,41.2939338684082,-13.38
8147_TWO,2013-04-30,17.924177169799805,12.41
8147_TWO,2013-05-06,20.14221954345703,10.71
8150_TW,2013-09-02,13.218335151672363,-11.3
8155_TWO,2017-02-20,24.02605628967285,14.91
8162_TW,2024-03-07,44.14150619506836,-25.0
8163_TW,2008-08-07,20.83333396911621,11.9
8171_TWO,2012-02-06,20.105731964111328,12.15
8171_TWO,2015-11-24,9.366825103759766,16.02
8176_TWO,2008-01-14,4.403125762939453,11.11
8176_TWO,2008-01-22,3.918781518936157,-11.0
8176_TWO,2008-02-01,4.623281955718994,19.32
8176_TWO,2008-02-12,3.962812423706055,-14.29
8176_TWO,2008-02-18,4.535219192504883,14.44
8176_TWO,2008-05-07,4.68492603302002,14.41
8176_TWO,2008-05-30,4.403125762939453,12.36
8176_TWO,2008-06-02,3.786688089370728,-14.0
8176_TWO,2008-06-03,3.157041072845459,-16.63
8176_TWO,2008-06-30,3.30234432220459,20.0
8176_TWO,2008-07-01,2.950093984603882,-10.67
8176_TWO,2008-08-18,2.181349754333496,-25.0
8176_TWO,2008-09-18,1.4542330503463743,-30.23
8176_TWO,2008-09-19,1.6966053247451782,16.67
8176_TWO,2008-11-17,1.987451672554016,16.48
8176_TWO,2008-11-19,2.5206706523895264,15.56
8176_TWO,2008-11-28,3.102363586425781,14.7
8176_TWO,2013-03-12,18.717924118041992,798.0
8176_TWO,2013-06-28,17.979055404663086,14.06
8176_TWO,2016-11-03,7.899604797363281,13.5
8176_TWO,2017-03-02,9.439505577087402,13.73
8182_TWO,2020-03-16,17.11784553527832,-10.81
8182_TWO,2020-03-19,12.894943237304688,-18.38
8183_TWO,2009-04-02,3.807917356491089,11.4
8183_TWO,2020-03-19,8.915029525756836,-11.84
8201_TW,2016-07-18,8.100000381469727,-33.14
8215_TW,2008-07-04,19.009395599365234,-10.88
8215_TW,2008-07-09,22.447858810424805,18.79
8215_TW,2008-07-11,19.177125930786133,-14.89
8215_TW,2008-07-14,22.447858810424805,17.06
8215_TW,2008-07-17,18.003013610839844,-17.75
8215_TW,2008-07-21,19.56849479675293,12.18
8215_TW,2008-07-22,21.84455299377441,11.63
8215_TW,2008-07-23,17.71179962158203,-18.92
8215_TW,2008-07-24,21.84455299377441,23.33
8215_TW,2008-07-25,17.21462631225586,-21.19
8215_TW,2008-10-01,8.700533866882324,-11.95
8215_TW,2008-10-14,7.954775810241699,14.29
8215_TW,2008-10-27,5.593198299407959,-22.41
8215_TW,2008-11-18,3.989816427230835,-11.2
8215_TW,2008-12-10,5.189246654510498,14.38
8215_TW,2008-12-16,5.189246654510498,13.61
8215_TW,2008-12-29,4.660999774932861,-20.63
8215_TW,2008-12-31,5.93500566482544,26.49
8215_TW,2009-01-06,4.847439765930176,-20.41
8215_TW,2009-01-14,6.33896017074585,14.61
8215_TW,2009-01-15,5.593198299407959,-11.76
8215_TW,2009-01-16,6.432179927825928,15.0
8215_TW,2009-01-19,5.064952850341797,-21.26
8215_TW,2010-11-12,13.734414100646973,151.14
8215_TW,2013-04-30,9.22298812866211,13.94
8222_TW,2013-10-16,13.460654258728027,-11.31
8222_TW,2013-10-18,14.40468978881836,11.88
8222_TW,2013-10-21,15.950956344604492,10.73
8222_TW,2013-10-28,15.991649627685549,11.02
8222_TW,2014-03-18,15.666117668151855,12.84
8222_TW,2014-04-09,18.140146255493164,12.12
8227_TWO,2008-02-29,16.528207778930664,21.43
8227_TWO,2008-03-03,14.583712577819824,-11.76
8227_TWO,2008-08-18,8.555778503417969,-12.44
8227_TWO,2008-11-20,4.3751139640808105,-14.29
8227_TWO,2021-07-22,38.5009994506836,1133.64
8227_TWO,2021-07-26,49.00127410888672,27.27
8227_TWO,2021-07-30,68.83512878417969,14.19
8227_TWO,2021-08-02,82.9327163696289,20.48
8227_TWO,2021-09-06,65.43225860595703,11.24
8227_TWO,2021-09-24,87.30782318115234,11.14
8227_TWO,2021-09-29,84.77997589111328,-12.19
8227_TWO,2021-10-01,74.57138061523438,-10.81
8227_TWO,2021-10-07,79.0437240600586,12.14
8227_TWO,2021-12-06,117.64195251464844,13.08
8227_TWO,2022-03-08,70.29349517822266,-10.63
8227_TWO,2022-04-19,55.51533126831055,11.74
8227_TWO,2022-11-10,65.91838836669922,11.7
8227_TWO,2022-11-18,79.4326171875,10.7
8227_TWO,2022-12-15,104.03048706054688,11.92
8234_TWO,2017-08-29,24.20897483825684,13.27
8234_TWO,2024-03-19,49.03859329223633,17.58
8240_TWO,2008-08-18,15.248483657836914,12.88
8240_TWO,2009-01-19,8.237667083740234,14.19
8240_TWO,2020-03-19,11.7125883102417,-11.48
8240_TWO,2021-04-07,30.751012802124023,12.05
8249_TW,2005-06-23,12.117688179016112,11.37
8249_TW,2005-09-29,13.401538848876951,22.1
8249_TW,2005-12-26,16.638513565063477,-15.92
8249_TW,2005-12-27,19.14505195617676,15.06
8261_TW,2015-09-11,21.078447341918945,-25.69
8271_TW,2008-01-04,8.676405906677246,14.29
8271_TW,2008-01-07,7.374944686889648,-15.0
8271_TW,2008-01-11,6.897742748260498,-11.67
8271_TW,2008-01-14,6.073482990264893,-11.95
8271_TW,2008-04-24,5.639663219451904,13.04
8271_TW,2008-05-02,4.988933086395264,-11.54
8271_TW,2008-07-08,4.559451103210449,10.63
8271_TW,2008-08-20,4.559451103210449,10.63
8271_TW,2008-08-21,4.077910423278809,-10.56
8271_TW,2008-09-16,2.819831609725952,-13.33
8271_TW,2008-09-18,2.0172643661499023,-26.19
8271_TW,2008-09-23,2.6896860599517822,16.98
8271_TW,2008-10-08,2.602921724319458,-11.11
8271_TW,2008-10-27,2.134395360946656,-20.65
8271_TW,2008-11-03,2.2992477416992188,12.29
8271_TW,2008-11-20,2.919610023498535,23.03
8271_TW,2008-11-25,2.082337141036988,-28.68
8271_TW,2008-11-26,0.867640495300293,-58.33
8271_TW,2008-11-27,2.1430726051330566,147.0
8271_TW,2008-12-19,2.602921724319458,20.0
8271_TW,2008-12-23,2.1691014766693115,-15.97
8271_TW,2009-02-13,1.9521913528442385,-21.74
8271_TW,2010-12-29,15.916618347167969,715.32
8272_TWO,2023-10-18,106.23118591308594,-13.08
8272_TWO,2023-10-20,92.50574493408205,-10.95
8272_TWO,2024-10-24,150.40740966796875,25.0
8277_TWO,2020-03-16,5.199999809265137,-12.61
8277_TWO,2021-04-07,14.5,20.83
8279_TWO,2014-11-17,25.934085845947266,-10.85
8279_TWO,2015-08-12,26.87740707397461,14.9
8279_TWO,2015-11-30,46.0875244140625,24.06
8279_TWO,2015-12-07,43.21055221557617,11.5
8279_TWO,2015-12-28,44.69093704223633,11.99
8279_TWO,2016-09-26,85.11516571044922,62.42
8279_TWO,2016-09-30,89.33574676513672,15.98
8279_TWO,2016-10-03,100.59066009521484,12.6
8279_TWO,2018-02-12,96.61382293701172,-12.54
8279_TWO,2018-07-06,83.47149658203125,-10.65
8279_TWO,2018-07-09,97.41927337646484,16.71
8279_TWO,2020-03-16,71.85057067871094,-12.5
8284_TWO,2014-01-03,33.52330017089844,12.7
8284_TWO,2015-05-22,27.76123809814453,14.98
8284_TWO,2018-01-25,26.852764129638672,25.82
8284_TWO,2018-01-31,26.614643096923828,10.7
8284_TWO,2019-03-21,35.49808120727539,21.65
8284_TWO,2019-06-05,34.09235763549805,11.67
8284_TWO,2020-03-19,34.11603546142578,-10.8
8284_TWO,2021-03-22,36.44042205810547,-28.0
8291_TWO,2008-04-17,-3.716543674468994,-16.47
8291_TWO,2008-05-14,-3.2912352085113525,-11.44
8291_TWO,2008-05-28,-2.741605281829834,-16.7
8291_TWO,2008-06-04,-3.795062303543091,23.14
8291_TWO,2008-06-06,-4.42975378036499,10.62
8291_TWO,2008-07-03,-3.042593002319336,-11.6
8291_TWO,2011-11-29,66.66666412353516,-3496.23
8291_TWO,2011-11-30,58.37036895751953,-12.44
8291_TWO,2018-10-05,44.74074172973633,-18.93
8291_TWO,2018-11-19,47.5555534362793,29.7
8291_TWO,2019-09-10,26.44444465637207,-18.68
8291_TWO,2020-03-12,20.0,-12.9
8291_TWO,2022-02-16,28.259258270263672,13.88
8291_TWO,2022-02-17,25.18518447875977,-10.88
8291_TWO,2022-10-04,22.18518447875977,-12.17
8291_TWO,2023-03-13,21.703702926635746,-11.35
8291_TWO,2023-05-18,21.888887405395508,-13.09
8291_TWO,2023-09-05,22.44444465637207,-10.62
8291_TWO,2023-09-15,22.96296119689941,14.6
8291_TWO,2023-10-05,24.074073791503903,14.04
8291_TWO,2023-10-17,24.03703689575196,19.52
8291_TWO,2023-10-23,24.8148136138916,14.92
8291_TWO,2023-11-03,23.33333206176757,16.88
8291_TWO,2023-11-10,23.074073791503903,14.94
8291_TWO,2023-11-15,22.74073982238769,11.84
8291_TWO,2023-11-17,20.11111068725586,-13.81
8291_TWO,2023-11-21,23.518518447875977,11.99
8291_TWO,2023-12-18,21.11111068725586,-12.31
8291_TWO,2023-12-19,24.44444465637207,15.79
8291_TWO,2023-12-22,20.18518447875977,-14.84
8291_TWO,2024-01-05,24.074073791503903,20.37
8291_TWO,2024-02-27,27.03703689575196,14.42
8291_TWO,2024-04-11,26.14814758300781,11.36
8291_TWO,2024-04-17,25.074073791503903,12.83
8291_TWO,2024-04-23,25.74073982238769,15.83
8291_TWO,2024-08-07,38.518516540527344,14.04
8291_TWO,2024-09-20,31.0,10.86
8291_TWO,2025-01-06,28.77777671813965,11.0
8291_TWO,2025-01-09,30.18518447875977,13.19
8291_TWO,2025-01-13,26.259258270263672,-11.93
8291_TWO,2025-03-31,20.33333206176757,-15.8
8299_TWO,2010-07-28,86.44669342041016,-10.85
8299_TWO,2020-03-16,190.12551879882807,-10.68
8341_TW,2014-06-05,36.462196350097656,13.64
8342_TWO,2016-06-06,32.95991516113281,-18.49
8342_TWO,2016-06-15,24.44881629943848,-11.25
8342_TWO,2017-03-17,45.72390365600586,18.31
8342_TWO,2017-03-20,51.295196533203125,12.18
8342_TWO,2021-06-09,39.62217330932617,-10.8
8349_TWO,2013-09-16,14.330683708190918,11.11
8349_TWO,2020-03-19,21.512659072875977,-12.56
8354_TWO,2018-08-22,11.84193992614746,-11.94
8354_TWO,2018-08-23,13.811271667480469,16.63
8358_TWO,2008-06-13,12.719364166259766,15.26
8358_TWO,2008-06-16,10.744668006896973,-15.53
8358_TWO,2008-06-23,7.579345703125,-27.5
8358_TWO,2008-06-24,9.031327247619627,19.16
8358_TWO,2008-06-25,10.163873672485352,12.54
8358_TWO,2008-07-07,8.305337905883789,-15.38
8358_TWO,2008-07-08,9.81539821624756,18.18
8358_TWO,2008-07-14,7.840703010559082,-15.63
8358_TWO,2008-07-23,8.624773025512695,12.5
8358_TWO,2008-07-25,7.347029209136963,-12.76
8358_TWO,2008-09-26,7.637425422668457,11.44
8358_TWO,2008-09-30,8.595732688903809,12.55
8358_TWO,2008-10-01,6.737196922302246,-21.62
8358_TWO,2009-02-05,6.359682083129883,10.72
8358_TWO,2010-09-27,15.567517280578612,160.23
8358_TWO,2018-06-29,27.20770835876465,10.59
8374_TW,2017-02-20,18.37761306762696,13.51
8383_TWO,2010-03-23,14.33693027496338,13.43
8390_TWO,2020-03-16,12.5789213180542,-13.21
8401_TWO,2013-07-31,5.010772228240967,-10.55
8401_TWO,2019-06-19,6.813882350921631,10.7
8403_TWO,2015-09-08,20.002824783325195,10.5
8403_TWO,2015-11-24,28.652692794799805,12.05
8403_TWO,2020-03-19,16.921945571899414,-13.21
8409_TWO,2013-05-14,20.461612701416016,14.18
8409_TWO,2013-07-19,24.54238510131836,10.63
8409_TWO,2013-08-20,28.19968032836914,13.57
8409_TWO,2013-09-27,32.04946517944336,11.74
8409_TWO,2013-11-05,36.76545333862305,-11.47
8409_TWO,2013-11-08,35.61051940917969,11.45
8409_TWO,2013-11-25,39.46030426025391,21.3
8409_TWO,2020-03-10,19.4594669342041,-17.81
8409_TWO,2020-03-19,13.08734893798828,-11.0
8410_TWO,2015-08-27,10.267672538757324,20.38
8410_TWO,2016-09-12,20.41698455810547,19.46
8415_TWO,2014-06-26,14.084172248840332,15.21
8415_TWO,2014-07-25,13.357004165649414,13.99
8416_TWO,2017-06-15,54.973915100097656,14.48
8416_TWO,2018-07-03,73.27924346923828,-12.76
8421_TWO,2016-06-06,19.19802474975586,13.29
8423_TWO,2016-08-23,9.753182411193848,14.21
8423_TWO,2016-12-19,8.593890190124512,11.8
8423_TWO,2018-08-23,13.12847900390625,14.5
8424_TWO,2013-08-15,21.26809883117676,15.22
8424_TWO,2014-08-15,17.20276641845703,-11.55
8424_TWO,2014-08-18,19.1002254486084,11.03
8426_TWO,2011-12-19,17.1035213470459,-11.21
8426_TWO,2013-07-10,23.18696022033692,11.73
8426_TWO,2015-07-02,23.163698196411133,11.9
8426_TWO,2016-02-01,27.09087371826172,19.18
8426_TWO,2017-06-21,30.27751922607422,-11.73
8426_TWO,2017-06-22,35.077327728271484,15.85
8426_TWO,2020-03-19,10.253374099731444,-17.61
8431_TWO,2013-05-27,18.81934928894043,12.73
8431_TWO,2013-05-31,19.60348892211914,13.07
8431_TWO,2014-02-12,26.48444175720215,17.5
8431_TWO,2015-04-02,57.93549346923828,12.91
8431_TWO,2020-03-16,34.04437255859375,-14.01
8431_TWO,2020-03-19,29.871803283691406,-11.02
8432_TWO,2012-05-04,60.08036804199219,16.08
8432_TWO,2013-08-27,46.48955154418945,-12.7
8432_TWO,2013-08-28,52.96416091918945,13.93
8432_TWO,2015-11-24,55.68786239624024,14.31
8433_TWO,2020-03-16,26.29798698425293,-10.51
8433_TWO,2020-03-19,21.81537437438965,-13.1
8435_TWO,2012-12-28,16.164310455322266,-11.57
8435_TWO,2013-02-25,20.66238212585449,14.32
8435_TWO,2015-06-22,26.3911190032959,12.97
8436_TWO,2013-03-22,26.50419807434082,25.62
8436_TWO,2013-07-22,41.62392807006836,18.07
8436_TWO,2016-07-14,67.41392517089844,14.8
8436_TWO,2017-07-05,82.71353912353516,-11.05
8436_TWO,2017-07-06,94.0706558227539,13.73
8436_TWO,2018-08-06,368.7259826660156,24.52
8436_TWO,2020-03-19,111.58397674560548,-14.94
8437_TWO,2015-05-07,90.86988830566406,11.82
8438_TW,2018-06-21,16.133543014526367,14.29
8438_TW,2019-03-07,15.318799018859863,19.51
8438_TW,2020-12-31,19.1339168548584,14.25
8438_TW,2021-03-23,26.670249938964844,11.56
8438_TW,2021-04-08,32.1131591796875,12.96
8438_TW,2021-04-09,37.430458068847656,16.56
8438_TW,2021-11-03,52.10850143432617,17.57
8438_TW,2022-03-11,34.65343475341797,-27.68
8440_TWO,2013-03-22,14.021402359008787,-19.8
8440_TWO,2013-04-16,8.800666809082031,-19.55
8440_TWO,2013-04-18,10.466328620910645,15.03
8440_TWO,2015-08-24,6.821613788604736,-25.96
8440_TWO,2016-06-08,8.628897666931152,11.95
8440_TWO,2017-03-17,13.274032592773438,28.38
8440_TWO,2017-03-21,11.617148399353027,-12.23
8440_TWO,2017-03-22,12.91989040374756,11.21
8440_TWO,2017-04-06,14.608392715454102,14.93
8440_TWO,2017-06-02,12.692952156066896,10.8
8440_TWO,2017-09-18,13.64214324951172,14.57
8440_TWO,2018-04-02,19.31109046936035,25.53
8442_TW,2017-02-20,45.85989761352539,20.9
8443_TW,2014-04-14,37.18138122558594,10.61
8443_TW,2018-04-02,15.117753982543944,17.86
8444_TWO,2015-02-26,30.153121948242188,-11.13
8444_TWO,2016-07-19,132.22950744628906,11.07
8444_TWO,2020-03-19,40.63960647583008,12.06
8446_TWO,2013-04-26,26.8414363861084,11.41
8446_TWO,2013-05-14,22.913423538208008,-16.27
8446_TWO,2013-07-31,44.51750946044922,19.63
8446_TWO,2013-09-30,44.92911911010742,10.88
8446_TWO,2013-11-29,46.91963577270508,14.98
8446_TWO,2013-12-09,53.17560577392578,11.31
8446_TWO,2015-07-20,37.73982620239258,-14.62
8446_TWO,2015-07-21,43.21038055419922,14.5
8446_TWO,2017-08-23,45.6026611328125,-11.34
8446_TWO,2017-08-24,52.40902328491211,14.93
8446_TWO,2018-07-09,69.62914276123047,-11.71
8446_TWO,2018-07-10,84.11459350585938,20.8
8450_TWO,2014-10-13,100.9994659423828,-12.5
8450_TWO,2014-12-29,119.96263122558594,14.12
8450_TWO,2018-10-11,36.460716247558594,-18.04
8450_TWO,2020-03-19,20.600000381469727,-10.63
8455_TWO,2016-02-01,17.103750228881836,20.89
8455_TWO,2020-03-31,19.23271369934082,13.04
8455_TWO,2021-08-31,17.901321411132812,-10.67
8455_TWO,2022-02-07,28.890743255615234,15.97
8455_TWO,2022-08-29,21.879392623901367,-10.57
8455_TWO,2023-01-17,20.58652114868164,-13.03
8455_TWO,2023-11-02,20.636245727539062,-13.18
8455_TWO,2023-12-21,20.5,-11.45
8455_TWO,2025-01-09,28.64999961853028,-11.85
8462_TW,2016-08-15,41.74942779541016,-17.0
8462_TW,2016-08-16,54.38640975952149,30.27
8462_TW,2017-07-21,62.24222946166992,-12.34
8462_TW,2017-07-24,69.44190979003906,11.57
8462_TW,2018-07-09,106.94055938720705,-16.08
8462_TW,2018-07-10,120.0207748413086,12.23
8463_TW,2015-03-03,29.545242309570312,10.75
8463_TW,2015-07-13,28.603185653686523,-17.48
8464_TW,2015-01-19,90.22579956054688,272.21
8464_TW,2015-11-19,144.1272735595703,14.21
8467_TW,2018-12-14,24.521841049194336,21.0
8467_TW,2018-12-24,31.371746063232425,13.66
8472_TWO,2015-08-27,89.68211364746094,15.23
8472_TWO,2016-01-08,121.0654525756836,12.0
8472_TWO,2016-01-11,95.1228485107422,-21.43
8472_TWO,2016-01-14,77.82779693603516,-10.74
8472_TWO,2023-10-17,29.75,-11.72
8472_TWO,2025-08-04,66.5,20.91
8476_TW,2015-11-23,25.923070907592773,10.61
8476_TW,2015-12-09,36.00813674926758,13.88
8476_TW,2015-12-21,32.73467254638672,-11.65
8476_TW,2017-03-15,53.90077590942383,29.09
8476_TW,2017-03-28,42.89287185668945,-13.21
8476_TW,2019-09-10,16.113771438598633,17.28
8476_TW,2021-04-12,8.586944580078125,-50.25
8476_TW,2021-04-13,17.089078903198242,99.01
8476_TW,2021-04-15,8.671754837036133,-49.13
8476_TW,2021-04-16,17.597938537597656,102.93
8476_TW,2021-04-19,8.820170402526855,-49.88
8476_TW,2021-04-22,18.87007713317871,102.27
8476_TW,2021-04-27,9.329026222229004,-50.23
8476_TW,2021-04-28,18.61564826965332,99.55
8476_TW,2021-05-04,9.201811790466309,-51.13
8476_TW,2021-05-05,18.65805435180664,102.77
8476_TW,2021-05-06,9.244216918945312,-50.45
8476_TW,2021-05-07,18.19160270690918,96.79
8476_TW,2021-05-13,8.480932235717773,-49.87
8476_TW,2021-05-14,16.877058029174805,99.0
8476_TW,2021-05-28,9.28662109375,-50.11
8476_TW,2021-05-31,18.65805435180664,100.91
8476_TW,2021-06-01,9.223015785217283,-50.57
8476_TW,2021-06-02,18.36122131347656,99.08
8476_TW,2021-06-04,8.94738483428955,-50.93
8476_TW,2021-06-08,18.021982192993164,101.42
8476_TW,2021-06-09,9.095800399780272,-49.53
8476_TW,2021-06-10,18.14919662475586,99.53
8476_TW,2021-06-15,8.862574577331543,-50.0
8476_TW,2021-06-16,17.555530548095703,98.09
8476_TW,2021-07-19,14.41758632659912,-45.07
8476_TW,2021-07-20,27.47822570800781,90.59
8476_TW,2021-07-21,14.205562591552734,-48.3
8476_TW,2021-07-22,29.7680778503418,109.55
8476_TW,2021-07-26,16.17738151550293,-50.58
8476_TW,2021-07-28,29.00479316711425,80.0
8476_TW,2021-07-29,14.629610061645508,-49.56
8476_TW,2021-07-30,29.556053161621094,102.03
8476_TW,2021-08-09,20.14221572875977,-50.78
8476_TW,2021-08-10,38.16419982910156,89.47
8476_TW,2021-08-11,17.301105499267578,-54.67
8476_TW,2021-08-12,34.771827697753906,100.98
8476_TW,2021-08-16,19.718168258666992,-46.12
8476_TW,2021-08-17,38.16419982910156,93.55
8476_TW,2021-08-27,19.463743209838867,-52.04
8476_TW,2021-08-30,38.92748641967773,100.0
8476_TW,2021-09-06,19.6545639038086,-50.85
8476_TW,2021-09-07,39.35153198242188,100.22
8476_TW,2021-09-15,20.14221572875977,-49.68
8476_TW,2021-09-16,43.59199905395508,116.42
8476_TW,2021-10-06,21.18113136291504,-49.24
8476_TW,2021-10-07,44.94894790649414,112.21
8476_TW,2021-10-21,23.02573204040528,-51.52
8476_TW,2021-10-22,46.984371185302734,104.05
8476_TW,2021-10-25,23.746612548828125,-49.46
8476_TW,2021-10-26,47.66284942626953,100.71
8476_TW,2021-10-27,25.145967483520508,-47.24
8476_TW,2021-10-28,50.291934967041016,100.0
8476_TW,2021-11-08,29.38643455505371,-49.86
8476_TW,2021-11-09,57.67034912109375,96.25
8476_TW,2021-11-10,27.77505683898925,-51.84
8476_TW,2021-11-11,58.34882354736328,110.08
8476_TW,2021-11-15,24.043445587158203,-55.0
8476_TW,2021-11-18,48.7653694152832,98.96
8476_TW,2021-11-23,24.849136352539062,-49.04
8476_TW,2021-11-24,48.51094055175781,95.22
8476_TW,2021-12-03,25.909252166748047,-45.05
8476_TW,2021-12-06,53.005836486816406,104.58
8476_TW,2021-12-15,24.80673217773437,-51.01
8476_TW,2021-12-16,50.122314453125,102.05
8476_TW,2021-12-20,25.0611572265625,-49.92
8476_TW,2021-12-21,50.122314453125,100.0
8476_TW,2021-12-23,25.4003963470459,-50.0
8476_TW,2021-12-24,50.54636764526367,99.0
8476_TW,2022-01-04,23.87382698059082,-49.46
8476_TW,2022-01-06,47.66284942626953,100.71
8476_TW,2022-01-07,23.449779510498047,-50.8
8476_TW,2022-01-10,46.89956283569336,100.0
8476_TW,2022-03-04,26.07887077331543,-51.04
8476_TW,2022-03-07,49.61346435546875,90.24
8476_TW,2022-03-08,24.08584976196289,-51.45
8476_TW,2022-03-09,48.7653694152832,102.46
8476_TW,2022-03-14,24.63711166381836,-50.26
8476_TW,2022-03-16,48.42613220214844,100.35
8476_TW,2022-03-30,25.95165634155273,-50.0
8476_TW,2022-03-31,51.5640754699707,98.69
8476_TW,2022-04-11,25.103565216064453,-50.67
8476_TW,2022-04-13,51.5640754699707,103.34
8476_TW,2022-04-19,24.89154052734375,-50.25
8476_TW,2022-04-20,49.27422332763672,97.96
8476_TW,2022-05-31,24.12825393676757,-49.73
8476_TW,2022-06-01,48.51094055175781,101.05
8476_TW,2022-06-07,24.80673217773437,-49.74
8476_TW,2022-06-08,50.122314453125,102.05
8476_TW,2022-06-14,24.509899139404297,-50.68
8476_TW,2022-06-15,49.10460662841797,100.35
8476_TW,2022-06-23,24.255470275878903,-51.11
8476_TW,2022-06-24,48.7653694152832,101.05
8476_TW,2022-06-30,24.21306610107422,-50.61
8476_TW,2022-07-01,46.22108840942383,90.89
8476_TW,2022-07-13,22.94092559814453,-49.91
8476_TW,2022-07-14,46.13628005981445,101.11
8476_TW,2022-07-15,23.195356369018555,-49.72
8476_TW,2022-07-18,46.645137786865234,101.1
8476_TW,2022-07-19,23.322566986083984,-50.0
8476_TW,2022-07-20,47.83246612548828,105.09
8476_TW,2022-07-26,23.576993942260746,-50.27
8476_TW,2022-07-27,47.06917953491211,99.64
8476_TW,2022-08-16,23.746612548828125,-49.73
8476_TW,2022-08-17,47.323612213134766,99.29
8476_TW,2022-08-26,23.449779510498047,-50.18
8476_TW,2022-08-29,47.06917953491211,100.72
8476_TW,2022-09-06,23.449779510498047,-50.09
8476_TW,2022-09-07,46.81475067138672,99.64
8476_TW,2022-09-13,23.40737533569336,-50.45
8476_TW,2022-09-14,46.72994613647461,99.64
8476_TW,2022-09-15,23.364971160888672,-50.0
8476_TW,2022-09-16,46.22108840942383,97.82
8476_TW,2022-09-19,22.68649673461914,-50.92
8476_TW,2022-09-20,44.10085678100586,94.39
8476_TW,2022-09-21,22.00802230834961,-50.1
8476_TW,2022-09-22,42.99833297729492,95.38
8476_TW,2022-09-28,21.202333450317383,-50.59
8476_TW,2022-09-29,42.48947525024414,100.4
8476_TW,2022-10-07,21.202333450317383,-50.1
8476_TW,2022-10-11,42.2774543762207,99.4
8476_TW,2022-10-12,21.159931182861328,-49.95
8476_TW,2022-10-13,41.93821716308594,98.2
8476_TW,2022-10-14,21.159931182861328,-49.54
8476_TW,2022-10-17,42.02302551269531,98.6
8476_TW,2022-10-18,20.990310668945312,-50.05
8476_TW,2022-10-19,40.87810134887695,94.75
8476_TW,2022-10-20,19.039697647094727,-53.42
8476_TW,2022-10-21,39.60595703125,108.02
8476_TW,2022-10-24,19.93019294738769,-49.68
8476_TW,2022-10-26,40.45405578613281,101.05
8476_TW,2022-10-31,21.13872528076172,-50.15
8476_TW,2022-11-01,42.15024185180664,99.4
8476_TW,2022-11-08,21.58397674560547,-50.39
8476_TW,2022-11-10,42.74390411376953,99.21
8476_TW,2022-11-14,20.77828598022461,-50.6
8476_TW,2022-11-16,41.259742736816406,97.36
8476_TW,2022-11-29,21.414356231689453,-49.3
8476_TW,2022-11-30,44.94894790649414,109.9
8476_TW,2022-12-02,22.89851951599121,-49.72
8476_TW,2022-12-05,45.71223449707031,99.63
8476_TW,2022-12-08,23.619400024414062,-47.45
8476_TW,2022-12-12,45.88185119628906,102.62
8476_TW,2022-12-26,23.322566986083984,-50.18
8476_TW,2022-12-27,46.89956283569336,101.09
8476_TW,2022-12-29,23.449779510498047,-49.73
8476_TW,2022-12-30,49.698272705078125,111.93
8476_TW,2023-01-03,25.86684799194336,-47.95
8476_TW,2023-01-04,51.30964660644531,98.36
8476_TW,2023-01-13,25.188371658325195,-49.66
8476_TW,2023-01-16,50.71598434448242,101.35
8476_TW,2023-01-17,25.315587997436523,-50.08
8476_TW,2023-01-30,51.818504333496094,104.69
8476_TW,2023-02-02,28.5383415222168,-51.3
8476_TW,2023-02-03,57.67034912109375,102.08
8476_TW,2023-02-08,30.82819557189941,-47.24
8476_TW,2023-02-09,61.062721252441406,98.07
8476_TW,2023-02-13,28.114295959472656,-50.96
8476_TW,2023-02-15,56.14378356933594,101.52
8476_TW,2023-02-20,29.6408634185791,-49.64
8476_TW,2023-02-21,61.14753341674805,106.29
8476_TW,2023-02-22,29.93769264221192,-51.04
8476_TW,2023-02-23,59.70577239990234,99.43
8476_TW,2023-03-01,29.85288619995117,-51.11
8476_TW,2023-03-03,61.062721252441406,106.01
8476_TW,2023-03-06,31.04021453857422,-49.17
8476_TW,2023-03-07,61.14753341674805,96.99
8476_TW,2023-03-09,31.04021453857422,-52.16
8476_TW,2023-03-13,58.68806076049805,89.59
8476_TW,2023-03-15,28.4111270904541,-50.15
8476_TW,2023-03-17,56.14378356933594,101.22
8476_TW,2023-04-10,27.94467544555664,-47.86
8476_TW,2023-04-11,56.8222541809082,103.34
8476_TW,2023-04-18,27.1813907623291,-51.22
8476_TW,2023-04-24,55.55011367797852,110.95
8476_TW,2023-04-27,27.138988494873047,-50.39
8476_TW,2023-04-28,54.277976989746094,100.0
8476_TW,2023-05-09,30.6585750579834,-52.31
8476_TW,2023-05-10,62.84371566772461,104.98
8476_TW,2023-05-11,29.93769264221192,-52.36
8476_TW,2023-05-12,61.3171501159668,104.82
8476_TW,2023-05-30,31.88830947875977,-50.0
8476_TW,2023-06-01,64.96395111083984,105.09
8476_TW,2023-06-05,30.361740112304688,-51.95
8476_TW,2023-06-06,61.062721252441406,101.12
8476_TW,2023-06-07,30.10731506347656,-50.69
8476_TW,2023-06-08,60.55386734008789,101.13
8476_TW,2023-06-16,30.361740112304688,-50.07
8476_TW,2023-06-20,61.062721252441406,100.84
8476_TW,2023-07-04,30.438495635986328,-50.44
8476_TW,2023-07-05,61.41891860961914,101.78
8476_TW,2023-07-06,31.251394271850582,-49.12
8476_TW,2023-07-07,62.05117416381836,98.55
8476_TW,2023-07-17,31.16106986999512,-50.14
8476_TW,2023-07-20,60.51570129394531,100.9
8476_TW,2023-07-31,31.522357940673828,-47.99
8476_TW,2023-08-01,63.135040283203125,100.29
8476_TW,2023-08-02,30.573978424072266,-51.57
8476_TW,2023-08-04,61.14795684814453,100.0
8476_TW,2023-08-07,30.619140625,-49.93
8476_TW,2023-08-08,61.41891860961914,100.59
8476_TW,2023-08-09,30.573978424072266,-50.22
8476_TW,2023-08-10,60.154415130615234,96.75
8476_TW,2023-09-01,28.3159294128418,-50.55
8476_TW,2023-09-04,56.81250381469727,100.64
8476_TW,2023-09-08,29.761079788208008,-49.15
8476_TW,2023-09-11,59.61248016357422,100.3
8476_TW,2023-09-15,30.393335342407227,-48.86
8476_TW,2023-09-18,60.78667068481445,100.0
8476_TW,2023-09-20,30.619140625,-49.7
8476_TW,2023-09-21,61.509239196777344,100.88
8476_TW,2023-10-02,29.17398834228516,-52.71
8476_TW,2023-10-05,58.43830108642578,96.96
8476_TW,2023-10-06,29.03850555419922,-50.31
8476_TW,2023-10-11,55.45767593383789,90.98
8476_TW,2023-10-20,27.412710189819336,-48.56
8476_TW,2023-10-24,54.5544548034668,99.67
8476_TW,2023-10-30,28.677217483520508,-47.95
8476_TW,2023-10-31,55.547996520996094,93.7
8476_TW,2023-11-08,27.54819297790528,-50.0
8476_TW,2023-11-09,54.19316482543945,96.72
8476_TW,2023-11-21,27.096582412719727,-50.17
8476_TW,2023-11-22,54.10284423828125,99.67
8476_TW,2023-12-05,26.374008178710938,-50.68
8476_TW,2023-12-06,53.10930252075195,101.37
8476_TW,2023-12-19,26.328845977783203,-49.74
8476_TW,2023-12-21,52.20608139038086,100.69
8476_TW,2023-12-22,25.832075119018555,-50.52
8476_TW,2023-12-25,51.30286407470703,98.6
8476_TW,2023-12-27,25.1998233795166,-50.79
8476_TW,2023-12-28,50.03835678100586,98.57
8476_TW,2024-01-02,25.51594924926757,-49.46
8476_TW,2024-01-03,50.12867736816406,96.46
8476_TW,2024-01-16,23.66434860229492,-50.19
8476_TW,2024-01-17,46.51580429077149,96.56
8476_TW,2024-02-02,24.47724723815918,-51.61
8476_TW,2024-02-15,47.8706283569336,103.85
8476_TW,2024-03-19,27.63851547241211,-49.42
8476_TW,2024-03-20,54.91574096679688,98.69
8476_TW,2024-03-26,28.586894989013672,-49.6
8476_TW,2024-03-27,57.896366119384766,102.53
8476_TW,2024-03-28,28.948183059692383,-50.0
8476_TW,2024-03-29,57.53507995605469,98.75
8476_TW,2024-04-02,28.677217483520508,-50.0
8476_TW,2024-04-03,57.173789978027344,99.37
8476_TW,2024-04-08,28.54173469543457,-50.08
8476_TW,2024-04-09,56.08992385864258,96.52
8476_TW,2024-04-11,27.54819297790528,-49.42
8476_TW,2024-04-12,54.91574096679688,99.34
8476_TW,2024-04-17,26.41916847229004,-49.57
8476_TW,2024-04-18,54.01251983642578,104.44
8476_TW,2024-04-23,26.41916847229004,-49.91
8476_TW,2024-04-24,53.19962310791016,101.37
8476_TW,2024-04-25,26.2836856842041,-50.59
8476_TW,2024-04-26,51.75447463989258,96.91
8476_TW,2024-05-07,25.967559814453125,-50.26
8476_TW,2024-05-08,51.4835090637207,98.26
8476_TW,2024-05-10,26.554651260375977,-48.78
8476_TW,2024-05-14,53.01898193359375,97.98
8476_TW,2024-05-15,25.832075119018555,-51.28
8476_TW,2024-05-16,51.4835090637207,99.3
8476_TW,2024-05-20,26.148202896118164,-49.74
8476_TW,2024-05-21,52.38672637939453,100.35
8476_TW,2024-05-29,26.59981155395508,-50.08
8476_TW,2024-05-30,53.01898193359375,99.32
8476_TW,2024-06-07,26.554651260375977,-49.91
8476_TW,2024-06-11,52.83833694458008,98.98
8476_TW,2024-06-13,27.186906814575195,-48.46
8476_TW,2024-06-14,54.28349304199219,99.67
8476_TW,2024-06-18,27.63851547241211,-49.17
8476_TW,2024-06-19,55.09638595581055,99.35
8476_TW,2024-06-24,27.773998260498047,-50.0
8476_TW,2024-06-25,56.90282440185547,104.88
8476_TW,2024-06-26,28.49657249450684,-49.92
8476_TW,2024-07-01,57.71572113037109,103.18
8476_TW,2024-10-30,28.06361198425293,-45.15
8477_TWO,2016-06-29,65.34202575683594,10.93
8477_TWO,2016-11-01,60.34869384765625,-12.06
8477_TWO,2016-11-02,52.66556167602539,-12.73
8477_TWO,2017-08-22,29.721738815307617,12.03
8478_TW,2016-08-15,86.46095275878906,-20.12
8478_TW,2017-08-11,72.95568084716797,-11.76
8478_TW,2017-09-19,89.5733642578125,15.71
8478_TW,2017-12-11,58.12135314941406,-23.72
8481_TW,2016-03-07,37.09275817871094,-11.17
8481_TW,2017-03-01,25.041688919067383,-24.27
8487_TW,2024-03-26,69.45584106445312,-11.21
8489_TWO,2016-05-24,67.12490844726562,13.09
8489_TWO,2017-03-03,85.0865249633789,18.17
8489_TWO,2017-04-18,108.88861846923828,18.82
8489_TWO,2017-04-27,87.47267150878906,-15.03
8489_TWO,2017-07-17,73.19141387939453,-16.33
8489_TWO,2017-07-18,86.4361572265625,18.1
8489_TWO,2018-07-11,171.11546325683594,-19.1
8489_TWO,2018-07-12,203.6094207763672,18.99
8908_TWO,2014-07-10,12.23365306854248,18.51
8908_TWO,2015-07-14,13.341853141784668,15.89
8908_TWO,2018-08-23,16.966533660888672,10.77
8916_TWO,2008-08-18,2.9068613052368164,13.5
8916_TWO,2013-08-30,15.019214630126951,11.26
8916_TWO,2015-08-11,14.512189865112305,-11.89
8916_TWO,2017-08-15,25.416566848754883,12.77
8917_TWO,2008-08-25,13.630833625793455,14.78
8921_TWO,2008-06-24,5.607009410858154,-11.54
8921_TWO,2025-01-17,22.71810531616211,-17.41
8923_TWO,2012-06-08,9.461098670959473,10.6
8923_TWO,2022-07-14,18.00994300842285,12.05
8923_TWO,2024-01-09,17.332275390625,-12.59
8923_TWO,2024-05-03,20.336536407470703,11.68
8923_TWO,2024-05-31,20.42897605895996,11.34
8923_TWO,2024-08-15,19.996362686157227,10.64
8923_TWO,2024-09-27,17.49681854248047,-13.13
8923_TWO,2024-10-25,20.092498779296875,12.06
8923_TWO,2024-10-28,17.30454444885254,-13.88
8924_TWO,2018-08-27,17.88762092590332,-20.34
8924_TWO,2020-03-16,19.21818923950196,-11.31
8924_TWO,2021-04-07,80.5245590209961,20.6
8926_TW,2003-08-25,2.4710824489593506,33.41
8926_TW,2007-04-16,5.505343914031982,14.16
8926_TW,2007-05-02,4.484636306762695,-11.28
8928_TWO,2014-08-15,16.722448348999023,16.3
8928_TWO,2020-03-19,15.613199234008787,-11.07
8929_TWO,2008-08-18,4.448129653930664,-10.57
8929_TWO,2009-02-23,4.165067195892334,-11.97
8929_TWO,2013-07-29,20.24098014831543,12.32
8929_TWO,2016-07-27,14.854439735412598,12.58
8929_TWO,2017-07-28,36.96410369873047,-18.26
8929_TWO,2017-07-31,44.70233154296875,20.93
8929_TWO,2017-10-02,32.1064453125,10.7
8929_TWO,2018-07-30,25.22915840148925,-17.28
8929_TWO,2018-07-31,30.576324462890625,21.19
8930_TWO,2018-08-20,7.454483509063721,-18.36
8930_TWO,2018-08-21,9.006770133972168,20.82
8931_TWO,2008-08-18,4.954581260681152,-13.85
8931_TWO,2015-07-30,15.295835494995115,14.8
8933_TWO,2008-08-18,14.394137382507324,-13.95
8933_TWO,2020-03-16,4.111048221588135,-18.93
8935_TWO,2009-06-08,12.860862731933594,13.86
8935_TWO,2009-08-26,21.62744331359864,57.54
8935_TWO,2009-10-08,20.43651962280273,-32.12
8935_TWO,2012-12-24,7.782226085662842,14.42
8935_TWO,2017-11-06,9.46915054321289,38.26
8936_TWO,2008-08-18,6.217164516448975,-11.73
8936_TWO,2024-03-19,69.47813415527344,11.48
8937_TWO,2022-10-18,3.5104217529296875,-12.19
8938_TWO,2021-04-07,53.32270812988281,17.01
8941_TWO,2008-08-18,32.98379135131836,-11.21
8941_TWO,2012-10-18,11.804727554321287,-25.0
8941_TWO,2015-03-17,16.133129119873047,14.26
8941_TWO,2016-07-21,24.01797866821289,12.8
8942_TWO,2008-08-18,6.026004791259766,-12.98
8942_TWO,2014-09-30,33.409515380859375,15.8
8942_TWO,2017-07-25,32.77936172485352,10.82
8942_TWO,2020-03-19,26.28740119934082,-12.43
9103_TW,2004-04-29,4.993558406829834,-13.2
9103_TW,2007-06-25,4.919854640960693,14.25
9103_TW,2010-02-08,5.877784729003906,-13.42
9105_TW,2005-04-12,1.6201298236846924,-89.31
9105_TW,2012-01-06,1.07489013671875,13.14
9105_TW,2023-10-06,3.2041027545928955,18.92
910861_TW,2016-04-07,11.82094383239746,93.01
911608_TW,2015-12-14,2.8356857299804688,-15.68
911608_TW,2017-05-11,1.610212802886963,-11.02
911608_TW,2017-10-02,1.4249674081802368,12.36
911608_TW,2017-12-08,1.453466773033142,-10.53
911608_TW,2019-01-18,1.4726274013519287,35.98
911608_TW,2019-01-24,1.3171327114105225,-10.56
911608_TW,2020-02-12,1.39030659198761,19.69
911622_TW,2017-11-01,12.800000190734863,14.29
911622_TW,2017-12-04,10.25,-13.14
911622_TW,2018-01-18,6.300000190734863,-11.27
911622_TW,2019-12-27,10.850000381469728,-15.89
911622_TW,2020-03-10,10.100000381469728,-15.83
911622_TW,2020-03-26,10.149999618530272,-15.06
911622_TW,2020-05-13,9.5,-16.67
911868_TW,2016-02-01,2.2799999713897705,12.32
912000_TW,2011-10-11,3.3357436656951904,11.88
912000_TW,2012-11-27,1.6235921382904053,-10.93
9136_TW,2013-06-20,9.633740425109863,-13.24
9902_TW,2002-01-04,16.436559677124023,14.46
9902_TW,2002-10-04,5.549498558044434,-34.54
9902_TW,2002-11-11,8.975067138671875,61.73
9902_TW,2005-09-29,5.96044921875,-39.3
9902_TW,2007-06-25,9.659846305847168,14.08
9902_TW,2012-03-05,10.2764310836792,14.16
9904_TW,2000-08-16,6.66489315032959,43.12
9904_TW,2000-09-18,4.999096393585205,-13.09
9904_TW,2000-11-20,3.217240571975708,-12.57
9904_TW,2003-07-31,9.90403938293457,25.5
9906_TW,2000-02-21,31.885393142700195,13.01
9906_TW,2000-07-31,13.67172145843506,11.19
9906_TW,2000-09-04,10.597877502441406,14.36
9906_TW,2000-11-20,4.17492151260376,-12.5
9906_TW,2000-12-18,5.321877956390381,13.73
9906_TW,2001-11-13,2.615060329437256,-17.39
9906_TW,2001-11-20,2.2021560668945312,-15.79
9906_TW,2005-12-02,2.229879856109619,-13.14
9906_TW,2008-07-11,2.317901134490967,-18.56
9906_TW,2008-09-03,2.185868263244629,-13.37
9906_TW,2009-06-16,1.9511446952819824,-12.5
9906_TW,2009-07-06,1.6577394008636477,-13.08
9906_TW,2009-12-23,2.273890256881714,10.71
9906_TW,2010-02-08,2.0538361072540283,12.0
9906_TW,2012-02-03,3.9609622955322266,-12.81
9906_TW,2016-06-06,15.238121032714844,19.79
9907_TW,2000-02-21,5.1840128898620605,13.7
9907_TW,2000-09-18,2.551698684692383,-12.15
9908_TW,2000-02-21,7.693611145019531,14.35
9910_TW,2000-06-27,2.2318789958953857,17.21
9910_TW,2000-11-20,1.3819917440414429,-13.43
9910_TW,2002-07-25,3.041676521301269,12.63
9910_TW,2005-07-06,5.860029220581055,10.66
9911_TW,2000-07-31,6.523141384124756,12.5
9911_TW,2000-09-18,3.8443548679351807,-12.87
9911_TW,2000-11-20,2.7227845191955566,-13.24
9911_TW,2001-03-15,7.279031753540039,14.36
9911_TW,2001-11-12,4.238166332244873,13.98
9911_TW,2002-01-04,4.222659587860107,14.05
9911_TW,2002-07-02,3.965383768081665,11.86
9911_TW,2016-11-04,21.91924476623535,-14.94
9912_TW,2000-09-18,40.11096954345703,-12.59
9912_TW,2000-11-20,29.02947235107422,-13.39
9912_TW,2005-05-25,14.477848052978516,-41.53
9912_TW,2005-09-29,7.959946632385254,-48.88
9912_TW,2007-04-16,9.222023010253906,11.45
9912_TW,2007-06-25,10.01158046722412,14.03
9914_TW,2000-09-18,5.8556084632873535,-11.49
9914_TW,2000-11-20,3.5893754959106445,-10.84
9917_TW,2000-06-29,8.33195972442627,17.65
9917_TW,2000-09-18,7.245996952056885,-12.05
9917_TW,2000-11-20,5.617051601409912,-13.29
9917_TW,2001-07-19,6.327707767486572,10.81
9918_TW,2000-02-21,4.201927661895752,13.94
9918_TW,2010-09-13,15.780109405517578,51.45
9921_TW,2000-07-21,9.36767578125,20.07
9921_TW,2000-07-31,11.131003379821776,11.48
9921_TW,2001-07-09,11.709142684936523,18.05
9921_TW,2002-08-02,13.299598693847656,13.01
9921_TW,2008-08-07,47.33268356323242,18.16
9921_TW,2008-08-08,40.399810791015625,-14.65
9924_TW,2000-07-10,2.928709030151367,11.33
9924_TW,2000-07-31,3.6658685207366943,12.88
9924_TW,2000-09-04,2.9884796142578125,11.94
9924_TW,2000-11-20,1.5938551425933838,-11.6
9925_TW,2000-09-18,4.034119606018066,-12.46
9926_TW,2000-02-21,4.300276279449463,14.35
9927_TW,2001-03-15,2.1470370292663574,13.7
9927_TW,2001-09-26,1.801924705505371,13.73
9927_TW,2003-09-17,4.295280456542969,11.3
9928_TW,2016-06-02,22.362422943115234,-10.98
9928_TW,2016-06-13,22.65070533752441,-11.15
9928_TW,2016-09-01,22.56833839416504,10.71
9928_TW,2017-04-06,19.906423568725582,10.62
9929_TW,2000-02-21,40.47677612304688,14.1
9929_TW,2000-03-06,42.4096565246582,11.34
9929_TW,2000-04-05,33.76854705810547,12.08
9929_TW,2007-06-25,8.458106994628906,14.39
9929_TW,2009-06-08,4.958200454711914,10.73
9929_TW,2013-09-16,16.984838485717773,14.32
9930_TW,2007-04-16,11.369945526123049,10.9
9930_TW,2018-08-28,40.96908187866211,12.37
9933_TW,2000-09-18,2.349057912826538,-11.73
9933_TW,2000-11-20,1.864463448524475,-11.33
9933_TW,2001-07-18,1.9386643171310425,12.4
9934_TW,2000-11-20,1.794092059135437,-13.17
9934_TW,2005-09-29,8.747472763061523,18.47
9934_TW,2005-10-07,7.259364604949951,-15.07
9934_TW,2005-10-11,8.747472763061523,20.5
9934_TW,2006-05-29,8.94307804107666,-16.37
9934_TW,2006-05-30,10.776355743408203,20.5
9934_TW,2006-08-17,10.429527282714844,11.53
9934_TW,2006-09-18,10.960487365722656,13.83
9935_TW,2001-03-15,5.82844877243042,13.85
9935_TW,2012-01-06,4.917138576507568,39.35
9937_TW,2000-01-17,5.195401191711426,14.04
9937_TW,2000-04-05,7.753138065338135,14.12
9937_TW,2000-09-13,4.715826034545898,-26.25
9937_TW,2000-09-18,3.996460437774658,-11.03
9937_TW,2000-10-17,2.8774542808532715,-12.2
9937_TW,2000-11-14,2.969994068145752,16.12
9937_TW,2001-07-26,2.980200290679932,17.74
9937_TW,2002-08-07,9.491325378417969,14.65
9938_TW,2002-08-05,7.170871734619141,15.8
9938_TW,2005-08-09,5.857758045196533,16.44
9938_TW,2005-12-22,6.498205661773682,-10.98
9938_TW,2005-12-23,7.212643146514893,10.99
9938_TW,2005-12-26,6.435723304748535,-10.77
9938_TW,2006-05-18,7.185518264770508,-12.38
9938_TW,2006-05-30,8.66904067993164,10.99
9938_TW,2006-07-28,8.32227897644043,12.4
9938_TW,2009-04-02,5.945215702056885,11.68
9939_TW,2001-07-12,4.545651435852051,19.09
9939_TW,2002-02-01,4.1902289390563965,12.0
9939_TW,2003-08-18,12.415374755859377,14.42
9942_TW,2002-02-01,7.79304027557373,13.73
9942_TW,2002-06-13,7.748444080352783,11.93
9942_TW,2005-09-29,8.854069709777832,10.8
9942_TW,2005-12-22,8.191964149475098,-10.9
9944_TW,2003-10-16,9.053533554077148,15.51
9944_TW,2005-09-29,7.717189788818359,11.71
9944_TW,2005-12-23,8.0450439453125,12.0
9944_TW,2005-12-27,8.801631927490234,12.84
9944_TW,2006-07-28,11.62622356414795,17.92
9944_TW,2007-03-05,14.3043794631958,-11.47
9945_TW,2000-09-18,0.681147038936615,-13.37
9945_TW,2000-10-23,1.055668830871582,12.62
9945_TW,2007-04-16,6.877787113189697,10.8
9945_TW,2018-10-08,14.495776176452637,-15.24
9946_TW,2009-06-08,4.647364616394043,10.88
9949_TWO,2022-11-21,17.27941131591797,10.59
9950_TWO,2022-11-09,10.550000190734863,-10.59
9951_TWO,2009-04-02,7.67261266708374,14.13
9951_TWO,2020-03-16,43.95900344848633,-12.39
9955_TW,2016-07-12,17.350000381469727,11.22
9958_TW,2008-03-13,14.851902961730955,11.96
9958_TW,2008-03-17,12.05923557281494,-11.42
9958_TW,2017-10-02,14.513021469116213,14.14
9958_TW,2018-12-24,59.69068908691406,13.54
9960_TWO,2023-09-25,25.58289337158203,10.61
9962_TWO,2020-03-19,4.880594253540039,-11.96
