Date,Close,High,Low,Open,Volume
2000-01-04,33.429046630859375,33.429046630859375,32.86564009387515,33.429046630859375,200662336736
2000-01-05,34.180179595947266,34.180179595947266,33.05336704749964,33.4290310402875,402466805912
2000-01-06,33.429046630859375,34.18019553683847,33.429046630859375,33.9924531678436,197545715802
2000-01-07,32.4899787902832,32.86564299139205,31.92657220362765,32.3022364047365,235270344752
2000-01-10,33.61678695678711,33.8045293143719,32.86563809645924,33.42904459920232,276171685539
2000-01-11,33.05337905883789,34.36793436642054,32.86563670917784,33.99244966710044,277769544650
2000-01-12,33.99245071411133,33.99245071411133,33.053380076924206,33.241122432366964,216246806621
2000-01-13,33.429046630859375,33.9924531678436,33.429046630859375,33.9924531678436,147490954216
2000-01-14,34.180179595947266,34.743585870171074,33.61677332172345,33.80451560315941,288318964353
2000-01-17,35.119258880615234,35.68266535825187,35.119258880615234,35.68266535825187,155256940719
2000-01-18,34.55585861206055,35.11926146939143,34.36793681900875,35.11926146939143,131648031590
2000-01-19,34.55585861206055,35.11926146939143,34.36793681900875,34.55585861206055,134848688061
2000-01-20,34.180179595947266,34.55584358873512,33.99243731451131,34.55584358873512,125758120596
2000-01-21,34.93134307861328,34.93134307861328,34.18019778506383,34.18019778506383,113397441219
2000-01-24,35.30699920654297,35.87040565189322,35.11925686808303,35.30699920654297,175113122879
2000-01-25,36.246063232421875,36.246063232421875,35.682656888516945,36.246063232421875,223692148326
2000-01-26,38.687442779541016,38.687442779541016,37.372890921265544,37.372890921265544,357880999032
2000-01-27,39.06309509277344,39.62650149152411,38.311946371091075,39.06309509277344,287927232252
2000-01-28,38.31195831298828,38.31195831298828,37.74837230861137,37.74837230861137,197904810671
2000-01-31,38.1240348815918,38.311956685069596,36.997225442577424,37.18496781605132,168059342623
2000-02-01,37.93628692626953,38.49969339379693,37.74836515044206,38.49969339379693,153081850577
2000-02-02,37.93628692626953,37.93628692626953,37.93628692626953,37.93628692626953,0
2000-02-03,37.93628692626953,37.93628692626953,37.93628692626953,37.93628692626953,0
2000-02-04,37.93628692626953,37.93628692626953,37.93628692626953,37.93628692626953,0
2000-02-07,37.93628692626953,37.93628692626953,37.93628692626953,37.93628692626953,0
2000-02-08,37.93628692626953,37.93628692626953,37.93628692626953,37.93628692626953,0
2000-02-09,39.626502990722656,40.18990941078881,38.87535424062191,40.18990941078881,252580321587
2000-02-10,40.18991470336914,40.37765705812738,38.87535936008941,39.2508440696059,177540543615
2000-02-11,41.12898254394531,41.69238533810731,40.37765431596516,40.753318429955236,215027859365
2000-02-14,40.18991470336914,40.94105989055168,40.18991470336914,40.94105989055168,140301270822
2000-02-15,40.37764358520508,40.753307599358706,39.81423727893771,40.18990129309134,105105248690
2000-02-16,40.00217819213867,40.56540533868975,40.00217819213867,40.37766295650606,79352313450
2000-02-17,39.626502990722656,40.00216708075422,39.43876066068807,39.626502990722656,116400258474
2000-02-18,39.06309509277344,40.18990789027478,38.87535276984175,39.8142438144558,121805090619
2000-02-21,36.621559143066406,38.12403267195019,36.621559143066406,38.12403267195019,153903007581
2000-02-22,36.621559143066406,37.18496566083736,35.68266790011048,36.05815262529545,168143612807
2000-02-23,36.43382263183594,36.62156502458031,36.24608023909156,36.62156502458031,73892584628
2000-02-24,36.621559143066406,36.997223298244876,36.433816780473926,36.621559143066406,83371097848
2000-02-25,37.37288284301758,37.56062518244973,36.621554625346235,36.621554625346235,165796729239
2000-02-28,37.37288284301758,37.37288284301758,37.37288284301758,37.37288284301758,0
2000-02-29,37.74835968017578,38.124023747414235,37.56062102336805,37.56062102336805,98749286567
2000-03-01,38.687442779541016,38.687442779541016,38.3119580195147,38.49970039952786,90504908649
2000-03-02,38.1240348815918,39.06310560896909,38.1240348815918,38.87536323549519,68745687934
2000-03-03,38.1240348815918,38.311956685069596,37.9362925081179,37.9362925081179,58129351241
2000-03-06,37.56061553955078,38.4996821937325,37.37287324831752,38.31193990249923,72312707991
2000-03-07,37.37288284301758,37.748363860045735,36.99721873418191,37.184961073614055,83737461434
2000-03-08,37.184959411621094,37.3728811726254,36.80947474953919,37.184959411621094,64819045052
2000-03-09,37.56061553955078,37.56061553955078,37.18495152715895,37.18495152715895,71897783191
2000-03-10,36.621559143066406,37.9362903093577,36.433816780473926,37.74836851677171,99978344966
2000-03-13,34.180179595947266,35.68265247534772,34.180179595947266,35.68265247534772,232179364310
2000-03-14,34.93134307861328,35.119264889968456,33.80453359236491,34.18019778506383,145477589021
2000-03-15,34.36793518066406,35.30700214933859,34.18019282655602,34.74359931886553,154204016711
2000-03-16,34.55585861206055,34.93133967633963,32.302232535390544,33.616787936783396,233438180185
2000-03-17,35.68266677856445,35.68266677856445,34.367935653596625,34.74359979696755,267728113852
2000-03-20,34.55585861206055,34.55585861206055,34.55585861206055,34.55585861206055,21190095663
2000-03-21,36.621559143066406,36.809480935652395,33.42904549086326,33.42904549086326,447638099122
2000-03-22,36.05813980102539,37.18495243581037,35.4947334836329,36.05813980102539,247260900862
2000-03-23,37.74835968017578,38.124023747414235,36.246065932960725,36.433808251604205,280164605464
2000-03-24,37.184959411621094,37.74836217287132,36.80947474953919,37.74836217287132,189561198505
2000-03-27,39.626502990722656,39.626502990722656,37.56062330232859,37.56062330232859,257812048419
2000-03-28,39.25084686279297,40.1899175633828,38.87536212655607,39.81425339714711,181779906634
2000-03-29,38.31195831298828,39.06310726880495,38.31195831298828,39.06310726880495,105678469394
2000-03-30,39.06309509277344,39.8142438144558,38.311946371091075,38.311946371091075,227815979813
2000-03-31,38.49968338012695,39.43875372508198,38.49968338012695,38.87534740409513,127027740887
2000-04-03,38.49968338012695,38.49968338012695,38.49968338012695,38.49968338012695,0
2000-04-04,38.49968338012695,38.49968338012695,38.49968338012695,38.49968338012695,0
2000-04-05,39.06309509277344,39.43875916859242,37.74836054238481,37.74836054238481,182695562287
2000-04-06,37.93628692626953,39.62650632885175,37.93628692626953,39.06309986132434,145596416273
2000-04-07,37.56061553955078,38.4996821937325,37.56061553955078,38.31193990249923,110518474790
2000-04-10,39.43876266479492,40.00216911349095,37.56062521099665,37.748363888735334,201610650952
2000-04-11,38.49968338012695,39.0630897011138,38.49968338012695,39.0630897011138,117967570843
2000-04-12,37.56061553955078,38.31193990249923,37.56061553955078,37.9362758901074,128216408046
2000-04-13,36.05813980102539,36.43380382259694,35.682655209383526,35.682655209383526,248891269216
2000-04-14,34.93134307861328,35.68267146401112,34.7436043591065,34.7436043591065,239165097006
2000-04-17,33.61678695678711,33.8045293143719,32.86563809645924,33.05338045404403,208060407784
2000-04-18,35.49474334716797,35.49474334716797,34.743598187056214,35.49474334716797,217523114345
2000-04-19,34.36793518066406,36.43381513395759,34.18019282655602,36.43381513395759,145654459349
2000-04-20,34.93134307861328,34.93134307861328,33.80453359236491,34.36794016640758,95074579646
2000-04-21,34.93134307861328,35.49474965265595,34.7436043591065,35.119264889968456,70356985905
2000-04-24,33.80453109741211,35.11926229798155,33.80453109741211,34.931340500496,80690194617
2000-04-25,35.119258880615234,35.30700122983387,33.80452780797895,33.80452780797895,129573988875
2000-04-26,34.743595123291016,36.05814664143872,34.36793103045407,35.87040431000211,221065619149
2000-04-27,35.30699920654297,35.68266331343328,34.74359642302884,35.4947415450029,105813977898
2000-04-28,36.997222900390625,37.37288705152935,35.494745725827315,35.870409876966036,237572314797
2000-05-01,36.997222900390625,36.997222900390625,36.997222900390625,36.997222900390625,0
2000-05-02,36.246063232421875,36.80946957632681,36.058141497828146,36.80946957632681,84578099452
2000-05-03,35.30699920654297,36.24606975878354,35.30699920654297,35.87040565189322,75426358510
2000-05-04,35.119258880615234,36.05815005668914,34.74359841403358,35.30700122983387,111779167839
2000-05-05,36.05813980102539,36.43380382259694,34.555846236433844,34.743588532254776,110709562579
2000-05-08,36.246063232421875,36.433805537077475,35.682656888516945,35.682656888516945,82047327484
2000-05-09,36.246063232421875,36.246063232421875,36.246063232421875,36.246063232421875,0
2000-05-10,35.30699920654297,36.433812097243475,35.30699920654297,36.433812097243475,93664437942
2000-05-11,33.61678695678711,34.555857604688484,33.24112281162882,34.18019345953019,165385745438
2000-05-12,34.743595123291016,34.743595123291016,33.616782274743926,34.18018869901747,213521853794
2000-05-15,33.89472198486328,35.33704239926576,33.774452633893475,35.33704239926576,134465742550
2000-05-16,35.937931060791016,36.05820041054337,34.13502964557903,34.736149360493386,105315890488
2000-05-17,38.22169494628906,38.22169494628906,37.26022451502932,37.50053261798067,165332157320
2000-05-18,39.18336868286133,39.18336868286133,37.50050990845619,37.98136018078261,124512470273
2000-05-19,38.94282913208008,38.94282913208008,38.221670918952036,38.462209566472104,83311748884
2000-05-22,37.981361389160156,38.702519641856114,37.981361389160156,38.46221167678484,106654860230
2000-05-23,36.77936553955078,37.98137449462432,36.53905749156127,37.98137449462432,78500882016
2000-05-24,35.69761276245117,36.05819371086421,35.3370354758737,35.3370354758737,85726893995
2000-05-25,34.97645950317383,36.05819884046444,34.61587850346493,35.81788718527102,96828793828
2000-05-26,34.97645950317383,35.096728847689306,34.37557051010759,34.61587850346493,70008419144
2000-05-29,34.97645950317383,35.57734849624006,34.85619015865835,34.97645950317383,52122944798
2000-05-30,34.97645950317383,34.97645950317383,34.97645950317383,34.97645950317383,0
2000-05-31,37.74082946777344,37.98136817144387,37.01966742446485,37.74082946777344,158989878703
2000-06-01,36.77936553955078,37.50052404108231,36.53905749156127,37.50052404108231,55122098697
2000-06-02,37.26021194458008,38.22168205146939,37.26021194458008,37.74083165017423,101225329179
2000-06-05,37.981361389160156,38.22167301606709,37.2602031364642,37.74082272844241,59798968599
2000-06-06,37.981361389160156,37.981361389160156,37.981361389160156,37.981361389160156,0
2000-06-07,38.70252227783203,38.70252227783203,37.260205674205906,37.50051365564423,81345149055
2000-06-08,37.74082946777344,38.942838222735226,37.74082946777344,38.70252655291615,70697027392
2000-06-09,37.981361389160156,38.22167301606709,37.50051110153548,37.981361389160156,45171655346
2000-06-12,37.74082946777344,38.46221854493338,37.74082946777344,38.46221854493338,67123280572
2000-06-13,37.26021194458008,37.500519966458896,37.26021194458008,37.500519966458896,48311780619
2000-06-14,37.0196647644043,37.98136544227999,37.0196647644043,37.98136544227999,64295991259
2000-06-15,36.05820083618164,37.019667220335066,36.05820083618164,37.019667220335066,69274685557
2000-06-16,36.05820083618164,36.298508842839325,35.81788916768766,36.05820083618164,75573138725
2000-06-19,35.57734298706055,36.058193256824886,35.21676204318789,35.93792393093321,57780102371
2000-06-20,35.69761276245117,36.298501670035584,35.57734343504508,36.298501670035584,45751547817
2000-06-21,35.3370361328125,35.81788275573532,35.3370361328125,35.69761342609334,37673562283
2000-06-22,35.81789016723633,35.93793248790822,35.096731769615644,35.096731769615644,64192016747
2000-06-23,35.09672546386719,35.6976143989992,35.09672546386719,35.577345066079396,49329023488
2000-06-26,34.014991760253906,34.85619246415314,33.77445305531299,34.736150145535234,95197240574
2000-06-27,34.014991760253906,34.375572783812736,34.014991760253906,34.13503041703549,54066359094
2000-06-28,34.615882873535156,34.736152233233994,34.135032468605985,34.255305490141374,64997227603
2000-06-29,34.255306243896484,35.09673405073425,34.1350332197146,35.09673405073425,77624156393
2000-06-30,35.09672546386719,35.09672546386719,34.01498623087158,34.37556719581536,78027855479
2000-07-03,34.495609283447266,35.09672897435662,33.77445094326283,34.375570634172185,104447180852
2000-07-04,33.89472198486328,34.615880361146374,33.654413978609675,34.495611010176574,73680107655
2000-07-05,35.81789016723633,36.058201842436546,33.654414974374276,34.255304017466635,119441525468
2000-07-06,34.85619354248047,35.45731328957673,34.49561250776654,34.85619354248047,101119813131
2000-07-07,34.13502883911133,35.09672954671437,34.13502883911133,34.85619085289259,56914463307
2000-07-10,34.495609283447266,34.73614797334635,33.65441229398775,34.25530128922264,65217525581
2000-07-11,34.615882873535156,34.97646391876549,34.135032468605985,34.37557484984022,52507541337
2000-07-12,34.495609283447266,34.73614797334635,34.25530128922264,34.61587862839681,40919616069
2000-07-13,34.85619354248047,35.337043933385566,34.6158818639577,34.6158818639577,69994503658
2000-07-14,35.09672546386719,35.337037095891155,34.856186798027565,34.856186798027565,62976544862
2000-07-17,34.495609283447266,35.33704063041735,34.375570634172185,35.09672897435662,50712314469
2000-07-18,34.13502883911133,34.495609846001955,34.13502883911133,34.495609846001955,32287023418
2000-07-19,34.13502883911133,34.495609846001955,34.13502883911133,34.495609846001955,32287023418
2000-07-20,32.45240783691406,33.89472852982392,32.45240783691406,33.89472852982392,115203218360
2000-07-21,31.25039291381836,32.57267467673121,30.769773238095777,32.452401663580005,162136495092
2000-07-24,30.40920639038086,31.01009562510783,30.288935166577637,30.88982623222339,110822798308
2000-07-25,30.168659210205078,30.76977717900055,29.808079974846926,29.808079974846926,93606483860
2000-07-26,31.25039291381836,31.370662265133266,30.529234535465964,30.529234535465964,123597006270
2000-07-27,31.010089874267578,31.010089874267578,30.04861967312136,30.88982050368716,75383138177
2000-07-28,30.649499893188477,31.130350201943518,30.048610944446082,30.048610944446082,112145144460
2000-07-31,30.529232025146484,30.769770707997584,30.288922207045086,30.649501366572032,44307028697
2000-08-01,30.288930892944336,31.13036062563698,30.288930892944336,30.88982187380704,54874186395
2000-08-02,30.048622131347656,30.649511303797084,30.048622131347656,30.409203238700684,39456927657
2000-08-03,29.327463150024414,30.048621692357646,29.08692256178107,30.048621692357646,50216489866
2000-08-04,30.168659210205078,30.88981951183976,29.44749890857039,29.44749890857039,80865639734
2000-08-07,29.567764282226562,30.28892261089586,29.327454460921047,30.28892261089586,88230506600
2000-08-08,30.168659210205078,30.288928576923738,29.327460237567944,29.567770106207433,87806300921
2000-08-09,31.25039291381836,31.25039291381836,30.409195879837725,30.409195879837725,97692062259
2000-08-10,31.971561431884766,31.971561431884766,31.250399245578706,31.610980338731736,102063658059
2000-08-11,31.490930557250977,31.971550160920398,31.490930557250977,31.731238528167815,55832817569
2000-08-14,31.25039291381836,31.610973933912707,31.010084906875218,31.490935278284468,42591720049
2000-08-15,31.37065315246582,31.731234067817244,31.130345215328248,31.731234067817244,53931312217
2000-08-16,32.45240783691406,32.45240783691406,31.37066823269091,31.37066823269091,77309224777
2000-08-17,33.1735725402832,33.413880611237715,32.69272204078879,32.933260807491415,93825423620
2000-08-18,33.53414535522461,33.774457054769876,33.29383731751611,33.41387598851226,86628725821
2000-08-21,33.1735725402832,33.413880611237715,33.05329949509461,33.29384192363452,50032384651
2000-08-22,32.93324661254883,33.17355824176109,32.57266931365963,33.17355824176109,47266781772
2000-08-23,32.93324661254883,32.93324661254883,32.93324661254883,32.93324661254883,0
2000-08-24,33.53414535522461,33.774457054769876,33.17356795080376,33.17356795080376,86961297607
2000-08-25,33.77445602416992,33.77445602416992,33.41387496891514,33.65441735683665,67969846253
2000-08-28,33.1735725402832,33.53414999458903,32.933260807491415,33.53414999458903,41797979053
2000-08-29,32.93324661254883,33.17355824176109,32.212088352934735,33.17355824176109,70881336756
2000-08-30,32.45240783691406,33.17357001428749,32.45240783691406,32.69271955140735,55343475749
2000-08-31,32.332130432128906,32.452399776450065,31.971553094838683,31.971553094838683,59711834325
2000-09-01,31.25039291381836,32.452401663580005,31.13035425819012,32.452401663580005,78236371122
2000-09-04,32.091819763183594,32.091819763183594,31.61096945983183,31.971550428891092,37302006304
2000-09-05,32.21208572387695,32.33212434994369,31.731235470885046,32.09181640218036,44200016942
2000-09-06,31.490930557250977,31.851507861452273,31.250388228846315,31.731238528167815,57121754055
2000-09-07,30.168659210205078,30.76977717900055,30.048618708284245,30.40919977456078,67406794020
2000-09-08,29.928340911865234,30.409191209422787,29.808071579021973,30.168650712818394,53151311722
2000-09-11,29.808074951171875,30.04861364407024,29.688034469481952,29.688034469481952,59550218869
2000-09-12,29.808074951171875,29.808074951171875,29.808074951171875,29.808074951171875,0
2000-09-13,29.808074951171875,30.04861364407024,28.486025768349826,29.32745529489366,118942384480
2000-09-14,28.846607208251953,29.56776744497906,28.72633785235806,29.2071864111564,58547691419
2000-09-15,29.44748878479004,29.808069727102108,28.846599887372566,29.327450155055786,82176445198
2000-09-18,29.0869140625,29.327454580456706,28.486025074410673,28.846604240215004,97868072327
2000-09-19,27.163970947265625,28.726329633937382,27.163970947265625,28.365748703274633,133186917707
2000-09-20,27.64459228515625,28.005171408136423,27.163972697667017,27.76486161439181,120368246850
2000-09-21,27.524311065673828,27.76485146715229,26.803153083275586,27.163962770034708,68452388650
2000-09-22,25.601383209228516,25.961964163049792,25.601383209228516,25.601383209228516,132834122636
2000-09-25,25.601383209228516,26.082002796615498,25.12053475711508,25.961964163049792,88873752030
2000-09-26,27.28400230407715,27.28400230407715,25.48110374483256,25.601373026205064,199394350975
2000-09-27,26.683124542236328,27.88513499809592,26.683124542236328,27.043705524886914,137224758488
2000-09-28,25.601383209228516,27.043703362677988,25.601383209228516,26.683122408856715,107525519700
2000-09-29,25.000276565551758,25.721437016368988,25.000276565551758,25.601396489616025,76034057956
2000-10-02,23.678220748901367,24.519650308149735,23.678220748901367,24.038799937504585,138001375937
2000-10-03,24.759963989257812,25.240812603629657,23.197373979315223,23.317645180027533,194590275197
2000-10-04,23.918529510498047,23.918529510498047,23.918529510498047,23.918529510498047,84448144144
2000-10-05,24.759963989257812,25.360853108619857,23.557953223893186,23.557953223893186,164805785309
2000-10-06,26.442584991455078,26.442584991455078,24.75995679625987,24.75995679625987,180029493800
2000-10-09,25.841691970825195,26.562852018747368,25.841691970825195,26.20227291024515,102031335801
2000-10-10,25.841691970825195,25.841691970825195,25.841691970825195,25.841691970825195,0
2000-10-11,25.000276565551758,25.000276565551758,25.000276565551758,25.000276565551758,29010663869
2000-10-12,23.31764030456543,24.27910846747302,23.31764030456543,23.437909649212312,183667251856
2000-10-13,23.197370529174805,23.557949720123894,21.75505193446029,21.75505193446029,191179714534
2000-10-16,23.197370529174805,23.197370529174805,23.197370529174805,23.197370529174805,0
2000-10-17,22.596477508544922,22.836787305147993,21.635007626485574,21.635007626485574,152970339373
2000-10-18,21.033885955810547,22.596475305010646,21.033885955810547,22.356165531841796,197565539457
2000-10-19,19.591571807861328,20.793582313521778,19.591571807861328,19.952152805451252,199457078987
2000-10-20,20.91385269165039,20.91385269165039,20.91385269165039,20.91385269165039,53403302845
2000-10-23,23.918529510498047,23.918529510498047,23.317640511444075,23.918529510498047,393125049096
2000-10-24,25.481111526489258,25.481111526489258,23.55794309855727,23.91852401907396,281450989671
2000-10-25,25.841691970825195,26.20227291024515,25.12053375382076,25.12053375382076,211862326584
2000-10-26,25.36084747314453,25.84169598066624,25.00026647777343,25.00026647777343,162335511542
2000-10-27,25.36084747314453,25.36084747314453,25.36084747314453,25.36084747314453,0
2000-10-30,23.678220748901367,23.678220748901367,23.678220748901367,23.678220748901367,43094344075
2000-10-31,23.557952880859375,23.79849344786299,22.957063770247043,22.957063770247043,237316567164
2000-11-01,23.31764030456543,24.27910846747302,23.197369129000496,24.27910846747302,178478658699
2000-11-02,24.88022804260254,24.88022804260254,23.317640197474788,23.43790954156931,190518503961
2000-11-03,26.32254409790039,26.442584566086683,25.481114666010885,25.961964963874475,246387764272
2000-11-06,26.20228385925293,26.562863118428467,25.120544250807814,25.360854135320523,242870995952
2000-11-07,28.00518226623535,28.00518226623535,26.923442646967647,27.404293116535328,252449083392
2000-11-08,28.125446319580078,29.447495575577232,28.005176966474014,28.606296698150576,235556099847
2000-11-09,27.64459228515625,27.64459228515625,26.80316287904253,27.64459228515625,166633646908
2000-11-10,27.404281616210938,27.644591402280867,26.683121562364207,26.923431348434136,174306612636
2000-11-13,25.601383209228516,26.082002796615498,25.601383209228516,25.601383209228516,146585514365
2000-11-14,25.601383209228516,26.20227395674328,25.360844550808572,25.481113880018544,104741997508
2000-11-15,25.721416473388672,26.56284564377795,24.759948703036684,26.442576348235555,138232731310
2000-11-16,24.038803100585938,25.360852508751478,24.038803100585938,24.038803100585938,145488774074
2000-11-17,23.678220748901367,24.038799937504585,22.35617151469415,22.35617151469415,149759745078
2000-11-20,21.154157638549805,22.115625620151963,21.154157638549805,21.154157638549805,121477336093
2000-11-21,22.596477508544922,22.596477508544922,20.913849371947137,20.913849371947137,141268915401
2000-11-22,21.875320434570312,23.317640804040927,21.875320434570312,22.716749966528734,176943588927
2000-11-23,21.394468307495117,21.63500696143334,21.154158518279083,21.274427845248194,93637447900
2000-11-24,22.8367862701416,22.8367862701416,21.755047106442575,21.87531643165789,159707601148
2000-11-27,22.716751098632812,23.55794997683411,22.716751098632812,23.55794997683411,107690655691
2000-11-28,22.235902786254883,22.596481984955602,22.235902786254883,22.47621263046384,63623002519
2000-11-29,21.755048751831055,21.99558925137211,21.635008282255633,21.755048751831055,73151677484
2000-11-30,21.514741897583008,22.11563092204959,21.274432060749884,21.755051734416135,121708583142
2000-12-01,21.99559211730957,21.99559211730957,20.91385273084961,20.91385273084961,104125416483
2000-12-04,21.154157638549805,21.5147367397397,21.154157638549805,21.5147367397397,46402605085
2000-12-05,21.274431228637695,21.51474105607152,20.91385205510766,20.91385205510766,89459185698
2000-12-06,21.394468307495117,22.596476813937453,21.274427845248194,22.596476813937453,116992933196
2000-12-07,21.875320434570312,21.875320434570312,21.274431427976204,21.39447191043859,95605339286
2000-12-08,21.635005950927734,21.995586881189016,21.51473662957604,21.875315728919627,78859568253
2000-12-11,21.635005950927734,21.995586881189016,21.51473662957604,21.875315728919627,73807371858
2000-12-12,22.235902786254883,22.356172140746644,21.875321756635966,21.875321756635966,143221466422
2000-12-13,22.115633010864258,22.35617356610204,21.99559434441199,22.235904203942304,38686726331
2000-12-14,21.755048751831055,21.99558925137211,21.51473894794405,21.875318086142638,48019688732
2000-12-15,21.154157638549805,21.394467417772177,21.154157638549805,21.274426960517328,48902934635
2000-12-18,20.31273651123047,21.033895005725153,20.31273651123047,20.913856330764734,56883986726
2000-12-19,20.19269371032715,20.19269371032715,19.71184514704698,19.95215499629738,94536729942
2000-12-20,19.591571807861328,19.952152805451252,19.591571807861328,19.71184298258807,93251563970
2000-12-21,18.990680694580078,19.11095002493895,18.990680694580078,18.990680694580078,72586742077
2000-12-22,18.7503719329834,19.47153205638107,18.38979278674353,18.870412405235847,110292068333
2000-12-25,18.7503719329834,18.7503719329834,18.7503719329834,18.7503719329834,0
2000-12-26,18.26951789855957,19.230987635416664,18.149248586056633,19.110947187608385,51800030525
2000-12-27,18.029218673706055,18.269526719120886,17.9089474722184,18.269526719120886,70824474913
2000-12-28,19.230998992919922,19.230998992919922,18.149259304702696,18.509838590468892,123757400996
2000-12-29,19.11094856262207,19.591568117824604,18.990679241465873,19.591568117824604,126381270066
2001-01-01,19.11094856262207,19.11094856262207,19.11094856262207,19.11094856262207,0
2001-01-02,20.072420120239258,20.072420120239258,18.630101768430418,18.7503711000817,109761621667
2001-01-03,19.351261138916016,19.832111459290754,19.110951326559736,19.351261138916016,110639113891
2001-01-04,20.433006286621094,20.673316167943895,20.07242703223194,20.55327749060593,234113138928
2001-01-05,21.755048751831055,21.755048751831055,20.432999702430394,20.432999702430394,200624646603
2001-01-08,21.514741897583008,22.47621194060119,21.15416270994955,21.514741897583008,193371911891
2001-01-09,22.356170654296875,22.356170654296875,21.755050955662565,21.755050955662565,156022413782
2001-01-10,22.596477508544922,22.836787305147993,22.2358983812757,22.596477508544922,115662646051
2001-01-11,22.235902786254883,22.957061183656318,22.115631600844925,22.836791829164557,126919807712
2001-01-12,22.596477508544922,22.596477508544922,22.2358983812757,22.35616771194185,94983533704
2001-01-15,22.716751098632812,22.716751098632812,22.235902550537688,22.596481745415996,89597298981
2001-01-16,24.279109954833984,24.279109954833984,22.59648151955931,22.59648151955931,261560243776
2001-01-17,24.279109954833984,24.759960329041082,23.91853076355974,24.279109954833984,224263841163
2001-01-18,24.519649505615234,24.8802286824166,24.279108980322462,24.759959335229254,233121389730
2001-01-19,24.519649505615234,24.519649505615234,24.519649505615234,24.519649505615234,0
2001-01-22,24.519649505615234,24.519649505615234,24.519649505615234,24.519649505615234,0
2001-01-23,24.519649505615234,24.519649505615234,24.519649505615234,24.519649505615234,0
2001-01-24,24.519649505615234,24.519649505615234,24.519649505615234,24.519649505615234,0
2001-01-25,24.519649505615234,24.519649505615234,24.519649505615234,24.519649505615234,0
2001-01-26,24.519649505615234,24.519649505615234,24.519649505615234,24.519649505615234,0
2001-01-29,23.31764030456543,24.3993778121199,23.31764030456543,24.038798642935078,162287082317
2001-01-30,23.798484802246094,23.798484802246094,23.077326585576643,23.317636369560724,104442681234
2001-01-31,25.36084747314453,25.36084747314453,23.918528984414195,24.159067670551465,225187996096
2001-02-01,24.39937973022461,25.360849799634142,24.279110376123008,25.00026877118497,114697036302
2001-02-02,24.159074783325195,25.120545047604278,24.159074783325195,24.519655884856476,159626108062
2001-02-05,23.678220748901367,24.038799937504585,23.55794956685943,23.79849010002516,131682770311
2001-02-06,23.557952880859375,24.15907268719046,23.43791420853552,23.557952880859375,118522811741
2001-02-07,21.99559211730957,22.596481137688595,21.99559211730957,21.99559211730957,236950264906
2001-02-08,21.755048751831055,21.99558925137211,21.274429144057045,21.635008282255633,94213749009
2001-02-09,21.99559211730957,22.356171302490182,21.514741751228634,21.99559211730957,128952451939
2001-02-12,22.115633010864258,22.235904203942304,21.635013291803624,21.87532315133394,65390573400
2001-02-13,23.557952880859375,23.557952880859375,22.35617465963471,22.476215162876965,99125740632
2001-02-14,22.596477508544922,23.79848605193656,22.35616771194185,23.55794555968643,79813354005
2001-02-15,24.159074783325195,24.159074783325195,23.077336971487032,23.197375654225905,174380139732
2001-02-16,23.557952880859375,24.279113190432717,23.43791420853552,24.15907268719046,142289462156
2001-02-19,23.077335357666016,23.317645232995986,22.59648491128344,22.59648491128344,42987928103
2001-02-20,23.077335357666016,23.55795327740752,23.077335357666016,23.197374032010465,42253082111
2001-02-21,23.437910079956055,23.557948731135145,22.596480550557615,22.596480550557615,62630686703
2001-02-22,22.476211547851562,23.197369910516944,22.356171063916356,23.197369910516944,87930948679
2001-02-23,21.875320434570312,22.356170789620123,21.635010604884815,21.875320434570312,95466076101
2001-02-26,21.394468307495117,21.87531675064938,21.394468307495117,21.63500696143334,88333264549
2001-02-27,21.635005950927734,21.875315728919627,21.635005950927734,21.635005950927734,76196927473
2001-02-28,21.635005950927734,21.635005950927734,21.635005950927734,21.635005950927734,0
2001-03-01,20.19269371032715,20.913853953775956,20.19269371032715,20.913853953775956,179983114401
2001-03-02,20.072420120239258,20.432999250462004,19.952150788587975,20.312729918810724,98608467848
2001-03-05,20.31273651123047,20.43300588191471,20.072426634667366,20.072426634667366,85291005973
2001-03-06,21.274431228637695,21.635010402167726,20.793582709011456,21.154161882541487,118538885378
2001-03-07,22.115633010864258,22.35617356610204,21.99559434441199,21.99559434441199,143096743670
2001-03-08,21.755048751831055,22.115627890029643,21.635008282255633,22.115627890029643,54103039316
2001-03-09,21.154157638549805,21.154157638549805,21.03388648566458,21.03388648566458,55776539010
2001-03-12,20.55327606201172,20.673314731006172,20.43300486638656,20.43300486638656,60270770241
2001-03-13,20.91385269165039,20.91385269165039,20.192692491722724,20.192692491722724,103342974528
2001-03-14,20.91385269165039,20.91385269165039,20.91385269165039,20.91385269165039,0
2001-03-15,21.154157638549805,21.274426960517328,20.553268758137538,20.793578537359913,69605303342
2001-03-16,21.274431228637695,21.394471709975313,21.033890705527213,21.033890705527213,67691249055
2001-03-19,20.91385269165039,21.274431876155163,20.793583341893616,21.154162526398387,32191037811
2001-03-20,20.67331314086914,21.154163528834964,20.553274481107746,20.913853682699354,47933600202
2001-03-21,20.433006286621094,20.55327749060593,20.31273691355474,20.433006286621094,51471745876
2001-03-22,20.793581008911133,20.91385034517402,20.433000033944428,20.433000033944428,67485420683
2001-03-23,21.755048751831055,21.755048751831055,21.033888644515986,21.033888644515986,227713615167
2001-03-26,21.635005950927734,21.875315728919627,21.51473662957604,21.875315728919627,86627400933
2001-03-27,21.514741897583008,21.99559226693494,21.514741897583008,21.755051734416135,107902171080
2001-03-28,21.394468307495117,21.63500696143334,21.274427845248194,21.51473763446423,63876351860
2001-03-29,21.154157638549805,21.394467417772177,21.154157638549805,21.394467417772177,47865014354
2001-03-30,21.274431228637695,21.394471709975313,20.91385205510766,21.394471709975313,52554195712
2001-04-02,20.433006286621094,21.154166626317885,20.433006286621094,21.154166626317885,52770689846
2001-04-03,19.591571807861328,19.952152805451252,19.47153315972489,19.952152805451252,137153456204
2001-04-04,19.11094856262207,19.35125834022334,18.990679241465873,18.990679241465873,105939504251
2001-04-05,19.11094856262207,19.11094856262207,19.11094856262207,19.11094856262207,0
2001-04-06,19.832115173339844,20.433004249133845,19.71184581226621,20.433004249133845,83165377968
2001-04-09,19.230998992919922,19.471539590902573,18.990689090685734,19.471539590902573,50202053590
2001-04-10,18.990680694580078,19.351259820928057,18.870411364221205,19.230990490569184,64384767062
2001-04-11,19.952150344848633,19.952150344848633,19.230990269524018,19.471530758394767,63600441933
2001-04-12,20.67331314086914,20.913853682699354,20.312733939277532,20.43300329473353,172602523870
2001-04-13,20.433006286621094,21.03389542233305,20.433006286621094,21.03389542233305,59615425837
2001-04-16,20.19269371032715,20.433003559577553,19.832114504061863,20.31273420256267,26751186803
2001-04-17,20.072420120239258,20.19268945189054,19.83211032166779,19.952150788587975,35215179174
2001-04-18,20.433006286621094,20.433006286621094,20.192696405298292,20.433006286621094,72644312193
2001-04-19,21.755048751831055,21.755048751831055,21.635008282255633,21.755048751831055,290954416778
2001-04-20,21.755048751831055,21.99558925137211,21.51473894794405,21.875318086142638,135618069792
2001-04-23,21.635005950927734,21.75504640756793,21.39446730822434,21.75504640756793,47925092591
2001-04-24,21.154157638549805,21.394467417772177,21.154157638549805,21.274426960517328,53528517222
2001-04-25,20.793581008911133,21.394469960745816,20.673309841730326,21.154160152959918,41989129503
2001-04-26,20.793581008911133,21.394469960745816,20.673309841730326,21.154160152959918,41989129503
2001-04-27,20.91385269165039,21.394472361146384,20.91385269165039,21.394472361146384,44470839800
2001-04-30,21.875320434570312,21.99559161271151,21.274431427976204,21.39447191043859,182494001389
2001-05-01,21.875320434570312,21.875320434570312,21.875320434570312,21.875320434570312,0
2001-05-02,23.077335357666016,23.317645232995986,22.83679478661341,23.317645232995986,347857956012
2001-05-03,23.197370529174805,23.197370529174805,22.836791338225716,22.95706069013196,134483249398
2001-05-04,22.356170654296875,23.077330834666956,22.356170654296875,23.077330834666956,80099413071
2001-05-07,22.8367862701416,23.317636537201757,22.356166698718045,22.47620715921451,114545190851
2001-05-08,22.716751098632812,22.957060940294305,22.47621239219918,22.716751098632812,99755803847
2001-05-09,22.8367862701416,23.07732675148998,22.716745809645136,22.8367862701416,61278672235
2001-05-10,22.235902786254883,22.596481984955602,22.115631600844925,22.596481984955602,64391741470
2001-05-11,22.596477508544922,22.596477508544922,22.11562721969172,22.2358983812757,63826143619
2001-05-14,22.235902786254883,22.356172140746644,22.115631600844925,22.115631600844925,40124516855
2001-05-15,21.514741897583008,21.755051734416135,21.394472546782676,21.63501124838334,85139960454
2001-05-16,21.154157638549805,21.274426960517328,21.03388648566458,21.154157638549805,59935477852
2001-05-17,21.394468307495117,21.63500696143334,21.03388736039219,21.274427845248194,47654757191
2001-05-18,21.755048751831055,21.99558925137211,21.394469613632467,21.635008282255633,95308472805
2001-05-21,21.274431228637695,21.635010402167726,21.033890705527213,21.635010402167726,53491624518
2001-05-22,21.635005950927734,21.875315728919627,21.51473662957604,21.51473662957604,62981494442
2001-05-23,22.716751098632812,22.716751098632812,21.755052171524387,21.755052171524387,77986608978
2001-05-24,22.596477508544922,22.71674683921107,22.35616771194185,22.596477508544922,56666480178
2001-05-25,22.716751098632812,22.83679158707749,22.47621239219918,22.596481745415996,57861378809
2001-05-28,22.356170654296875,22.59648048252776,22.356170654296875,22.476211136032646,27492071866
2001-05-29,22.356170654296875,22.59648048252776,22.356170654296875,22.356170654296875,50391879153
2001-05-30,21.635005950927734,22.35616598053261,21.635005950927734,22.235896659180913,49790259358
2001-05-31,21.514741897583008,21.63501124838334,21.394472546782676,21.394472546782676,54368179322
2001-06-01,21.394468307495117,21.87531675064938,21.274427845248194,21.755047423680267,40753226018
2001-06-04,21.635005950927734,21.875315728919627,21.274426851584142,21.39446730822434,38533131028
2001-06-05,21.875320434570312,21.875320434570312,21.5147412576617,21.635010604884815,28913070066
2001-06-06,22.476211547851562,22.596480896550304,22.235901715217615,22.235901715217615,72897807355
2001-06-07,22.356170654296875,22.476211136032646,22.115630130388567,22.235901307801758,62141449041
2001-06-08,23.31764030456543,23.437909649212312,23.077330480027488,23.077330480027488,163135010383
2001-06-11,23.798484802246094,23.798484802246094,23.197365214292343,23.317636369560724,71574202976
2001-06-12,23.31764030456543,23.678219473750254,23.197369129000496,23.557948298185323,61879767074
2001-06-13,22.596477508544922,23.317637594001194,22.596477508544922,23.197366432417212,58310724022
2001-06-14,22.235902786254883,22.596481984955602,21.875321756635966,22.596481984955602,54805425562
2001-06-15,22.476211547851562,22.476211547851562,21.995591882583664,22.11563053560076,33606221920
2001-06-18,22.115633010864258,22.47621406347262,21.755053789174205,22.35617356610204,132926523131
2001-06-19,21.755048751831055,22.115627890029643,21.635008282255633,21.99558925137211,89109248718
2001-06-20,21.635005950927734,21.75504640756793,21.51473662957604,21.635005950927734,41634972048
2001-06-21,20.67331314086914,21.39447337497057,20.67331314086914,21.39447337497057,101354893188
2001-06-22,20.433006286621094,20.913856744995083,20.192696405298292,20.673316167943895,119957081731
2001-06-25,20.433006286621094,20.433006286621094,20.433006286621094,20.433006286621094,0
2001-06-26,20.529220581054688,21.202088539472925,20.529220581054688,20.69727690758071,96070796227
2001-06-27,21.37046241760254,21.538840963217876,20.86565085324765,21.03402939886299,57765016150
2001-06-28,20.697275161743164,21.370463474075173,20.529218849392873,21.370463474075173,47031141048
2001-06-29,21.538843154907227,21.538843154907227,21.034031539185133,21.20208786032798,53805625856
2001-07-02,22.5484561920166,22.5484561920166,21.706887831276735,21.706887831276735,62442405056
2001-07-03,22.380081176757812,22.884892642551787,22.211702664017203,22.548459689498422,30191453577
2001-07-04,22.043659210205078,22.211713734275758,21.875280613545026,22.211713734275758,26744552544
2001-07-05,22.043659210205078,22.211713734275758,21.875280613545026,21.875280613545026,16044664142
2001-07-06,21.202089309692383,21.706899129004814,21.202089309692383,21.53884462729206,40584223689
2001-07-09,20.529220581054688,20.86565364480467,20.529220581054688,20.86565364480467,62249903530
2001-07-10,20.697275161743164,21.03403043870368,20.697275161743164,20.697275161743164,48435884971
2001-07-11,20.697275161743164,21.03403043870368,20.697275161743164,20.86565188476436,34178454624
2001-07-12,21.37046241760254,21.37046241760254,20.86565085324765,21.03402939886299,45144006501
2001-07-13,21.202089309692383,22.04365627752283,21.202089309692383,21.875277703263823,83440695087
2001-07-16,21.202089309692383,21.53884462729206,20.865654402802278,21.53884462729206,52098044529
2001-07-17,21.03403663635254,21.202092998220397,20.697281260167532,20.865658032800706,39253753226
2001-07-18,20.86564826965332,21.03402679441995,20.52921529257106,21.03402679441995,40148263650
2001-07-19,20.529220581054688,20.86565364480467,20.024408949162478,20.529220581054688,52451240755
2001-07-20,20.36083984375,20.865651421861607,20.36083984375,20.865651421861607,48338503352
2001-07-23,19.519590377807617,20.360834774376727,19.351211869526086,20.1924562660952,62147840760
2001-07-24,19.351213455200195,19.351213455200195,18.84640196140969,19.18283676403919,52030990693
2001-07-25,19.85602569580078,20.024404224212486,19.35121418302368,19.519592711435386,43066286931
2001-07-26,20.36083984375,20.529218393953855,19.856028265638397,20.192461293546145,51942754131
2001-07-27,21.37046241760254,21.706895436342087,21.20208570290523,21.37046241760254,156155062051
2001-07-30,21.37046241760254,21.37046241760254,21.37046241760254,21.37046241760254,0
2001-07-31,22.211711883544922,22.211711883544922,21.53884569814822,21.70690020821621,103162152962
2001-08-01,23.05327606201172,23.05327606201172,22.548464488772332,23.05327606201172,137701829919
2001-08-02,23.726465225219727,23.894519694511803,23.558086683443914,23.558086683443914,99316282800
2001-08-03,23.221336364746094,23.726470266483485,23.221336364746094,23.726470266483485,69056552276
2001-08-06,22.88489532470703,23.05327385718194,22.716516792232124,22.88489532470703,46619357529
2001-08-07,22.211711883544922,22.548469048805643,22.04365737347693,22.380090466175282,45691471961
2001-08-08,22.716520309448242,22.716520309448242,22.211708706328988,22.211708706328988,33965064989
2001-08-09,21.87527084350586,22.21170381397727,21.87527084350586,21.87527084350586,29149178904
2001-08-10,23.05327606201172,23.05327606201172,22.04365291553295,22.380085940193595,51262912996
2001-08-13,22.88489532470703,22.88489532470703,22.54846233222305,22.88489532470703,22755986154
2001-08-14,23.221336364746094,23.221336364746094,22.884901451276463,22.884901451276463,30352773225
2001-08-15,23.05327606201172,23.389709086672365,23.05327606201172,23.221332369011687,37550138824
2001-08-16,22.88489532470703,23.05327385718194,22.716516792232124,22.88489532470703,22472824164
2001-08-17,22.716520309448242,23.05327742653842,22.548465823419164,22.884898867993332,24091688315
2001-08-20,22.211711883544922,22.211711883544922,21.875278790846572,22.04365737347693,54058062773
2001-08-21,22.380081176757812,22.380081176757812,21.87526971096384,21.87526971096384,28486645824
2001-08-22,20.86564826965332,21.70689274858447,20.86564826965332,21.53883829626884,131335001004
2001-08-23,20.86564826965332,21.03402679441995,20.1924582430378,20.1924582430378,109761355021
2001-08-24,20.36083984375,20.529218393953855,20.192461293546145,20.529218393953855,92537405507
2001-08-27,21.37046241760254,21.706895436342087,20.360839288892766,20.360839288892766,172843967671
2001-08-28,21.202089309692383,21.53884462729206,20.865654402802278,21.53884462729206,97109196229
2001-08-29,21.706899642944336,21.706899642944336,21.034033475069815,21.202089811679866,99128757042
2001-08-30,21.202089309692383,21.53884462729206,21.202089309692383,21.370466053033052,50885587864
2001-08-31,21.538843154907227,21.706897645131857,20.8656529764364,21.034031539185133,49968004993
2001-09-03,21.538843154907227,21.706897645131857,21.370464592158495,21.538843154907227,39017023309
2001-09-04,22.211711883544922,22.211711883544922,21.370467115517858,21.53884569814822,52138689890
2001-09-05,22.043659210205078,22.043659210205078,21.70690201688498,22.043659210205078,45011258834
2001-09-06,21.538843154907227,21.706897645131857,21.20208786032798,21.538843154907227,32151543245
2001-09-07,21.202089309692383,21.370466053033052,21.034032977061287,21.370466053033052,41915298266
2001-09-10,21.538843154907227,21.706897645131857,21.034031539185133,21.034031539185133,28395811269
2001-09-11,21.202089309692383,21.53884462729206,21.202089309692383,21.53884462729206,29208435782
2001-09-12,21.202089309692383,21.202089309692383,21.202089309692383,21.202089309692383,0
2001-09-13,19.85602569580078,19.85602569580078,19.85602569580078,19.85602569580078,38823893860
2001-09-14,18.678028106689453,19.856027964322237,18.50997180061774,19.519594941519873,98405401741
2001-09-17,18.678028106689453,18.678028106689453,18.678028106689453,18.678028106689453,0
2001-09-18,18.678028106689453,18.678028106689453,18.678028106689453,18.678028106689453,0
2001-09-19,18.678028106689453,18.678028106689453,18.678028106689453,18.678028106689453,0
2001-09-20,17.668407440185547,17.668407440185547,17.668407440185547,17.668407440185547,4882070946
2001-09-21,17.163589477539062,17.163589477539062,17.163589477539062,17.163589477539062,2609586650
2001-09-24,17.163589477539062,17.163589477539062,17.163589477539062,17.163589477539062,0
2001-09-25,15.952044486999512,16.591686647967897,15.884950499809692,16.557818328277975,181477080515
2001-09-26,16.322343826293945,16.389760046863167,14.841456396258147,15.817532353106293,137796559978
2001-09-27,15.64915657043457,16.153969962686542,15.481102098316043,16.153969962686542,52486362776
2001-09-28,15.64915657043457,15.64915657043457,15.64915657043457,15.64915657043457,0
2001-10-01,15.64915657043457,15.64915657043457,15.64915657043457,15.64915657043457,0
2001-10-02,15.144343376159668,15.683024083803685,14.740494195049841,15.683024083803685,67122484210
2001-10-03,14.841459274291992,15.211762450582448,14.673403883469938,14.976290826117918,50025077532
2001-10-04,14.908872604370117,15.851081218161655,14.875326528269985,15.851081218161655,107361475283
2001-10-05,15.750121116638184,15.952045746338673,14.976290920199895,15.043383997227437,90599194936
2001-10-08,15.481103897094727,15.683028545090314,15.312726248381905,15.312726248381905,36931798424
2001-10-09,16.55782127380371,16.55782127380371,15.918499409740292,16.01946173458056,85981949737
2001-10-10,16.55782127380371,16.55782127380371,16.55782127380371,16.55782127380371,0
2001-10-11,17.668407440185547,17.668407440185547,17.163597577643927,17.331974335403473,70577691087
2001-10-12,18.509977340698242,18.846410464195845,18.173220144608603,18.846410464195845,146532259358
2001-10-15,18.005163192749023,18.509974846262157,17.836784617395192,18.005163192749023,45872414944
2001-10-16,18.678028106689453,18.678028106689453,17.83678168251797,18.173214705320337,42133562488
2001-10-17,19.519590377807617,19.856023321951408,19.18283519216218,19.519590377807617,129414568686
2001-10-18,20.024410247802734,20.024410247802734,19.182843255966308,19.182843255966308,85720721898
2001-10-19,19.687646865844727,19.856025391677477,19.182837191717347,19.687646865844727,87127763246
2001-10-22,19.519590377807617,19.856023321951408,19.18283519216218,19.687644813669877,53561188259
2001-10-23,19.351213455200195,20.024403471069476,19.351213455200195,20.024403471069476,59501452172
2001-10-24,20.697275161743164,20.697275161743164,19.519595670771256,19.519595670771256,133139455065
2001-10-25,21.03403663635254,21.202092998220397,20.697281260167532,21.202092998220397,100118530217
2001-10-26,21.202089309692383,21.53884462729206,21.202089309692383,21.202089309692383,63375879436
2001-10-29,22.5484561920166,22.5484561920166,21.706887831276735,22.380077705393113,159762803606
2001-10-30,21.03403663635254,21.706902905354607,21.03403663635254,21.03403663635254,103426940023
2001-10-31,20.529220581054688,21.0340322129469,20.192463444770226,20.192463444770226,87162486490
2001-11-01,20.529220581054688,21.0340322129469,20.360842012912457,21.0340322129469,67706863206
2001-11-02,21.03403663635254,21.538848374405408,20.865658032800706,21.202092998220397,107589015503
2001-11-05,21.87527084350586,21.87527084350586,21.034026381105015,21.202082661036172,72908380267
2001-11-06,22.043659210205078,22.716525451666538,22.043659210205078,22.548470927595858,114083762138
2001-11-07,22.5484561920166,22.716510606262506,22.21169921876962,22.380077705393113,62689312681
2001-11-08,22.716520309448242,23.389710471112586,22.548465823419164,22.884898867993332,97915110002
2001-11-09,22.716520309448242,22.716520309448242,22.716520309448242,22.716520309448242,0
2001-11-12,22.88489532470703,23.221330148108898,22.54846233222305,22.88489532470703,60076010572
2001-11-13,22.716520309448242,22.884898867993332,22.548465823419164,22.548465823419164,32001930937
2001-11-14,24.231279373168945,24.231279373168945,23.558089206452557,23.558089206452557,167287343831
2001-11-15,25.07252311706543,25.07252311706543,24.062899939898486,24.231278493595205,127912553253
2001-11-16,26.08214569091797,26.418578718022584,24.736087679082253,25.07252253710494,154915643388
2001-11-19,26.755325317382812,26.755325317382812,25.745704321627706,26.08213723972051,99340227197
2001-11-20,25.07252311706543,26.41857932911913,24.904144563368714,26.250524847929093,108705218429
2001-11-21,25.408950805664062,25.408950805664062,24.23127339510176,24.23127339510176,113891195141
2001-11-22,24.56770896911621,25.240899041266147,24.399330432960497,25.240899041266147,78148114323
2001-11-23,24.736095428466797,25.072530391888655,24.231285524330275,24.567718656833485,67781672336
2001-11-26,24.90414047241211,25.0725189984496,24.56770749279057,24.736084187910247,106122556577
2001-11-27,25.408950805664062,26.586952288664857,24.90413932329779,26.586952288664857,208435722041
2001-11-28,24.90414047241211,26.25052053580515,24.90414047241211,25.57733050410863,82210650629
2001-11-29,24.56770896911621,24.56770896911621,24.2312759692777,24.399330432960497,78561674477
2001-11-30,24.56770896911621,25.240899041266147,24.56770896911621,25.240899041266147,121174113006
2001-12-03,26.08214569091797,26.08214569091797,25.24090108690684,25.408955564209556,95400454286
2001-12-04,26.418581008911133,26.586959573313987,25.408957767548575,25.745714896354286,87963745896
2001-12-05,28.101390838623047,28.101390838623047,27.428200739701417,27.59657928255328,205624746225
2001-12-06,29.95225715637207,29.95225715637207,29.27938932965284,29.95225715637207,194245604436
2001-12-07,29.78420639038086,29.952260873954064,28.942637682469734,29.61582783429638,118018166457
2001-12-10,28.26976776123047,29.279388984586898,28.26976776123047,29.111012282303328,107978018216
2001-12-11,28.774580001831055,28.942636308343495,27.42820159301869,27.596580141108966,95422642880
2001-12-12,29.78420639038086,30.289017986123024,28.774581367978385,28.942637682469734,118173177116
2001-12-13,28.26976776123047,30.120635336577653,28.26976776123047,29.952256803376187,105076597693
2001-12-14,28.101390838623047,28.269769381474905,27.59657928255328,27.764957825405137,73413581455
2001-12-17,27.260149002075195,27.933016972074736,27.09177226195316,27.764962473574457,62690628046
2001-12-18,27.76496124267578,28.269772860877023,27.596582679100138,28.269772860877023,90387456947
2001-12-19,28.774580001831055,29.11101485643377,28.1013917128839,28.269770260974173,95314211603
2001-12-20,28.774580001831055,28.942636308343495,27.933013164793625,27.933013164793625,82619407618
2001-12-21,26.92338752746582,27.764956117471037,26.92338752746582,27.59657758497682,184451732922
2001-12-24,27.260149002075195,27.596583902534118,26.41858205033186,26.41858205033186,69557938312
2001-12-25,28.101390838623047,28.269769381474905,27.091767726483507,27.260144438417367,56300051145
2001-12-26,27.76496124267578,28.437827351926977,27.596582679100138,28.10139429730138,50672647595
2001-12-27,27.596569061279297,28.60619179947269,27.596569061279297,28.101380430375993,74257765791
2001-12-28,28.6061954498291,28.77457212088535,27.764951084774363,28.10138401631483,90661600356
2001-12-31,29.44744873046875,29.952260316821068,29.111015697068957,29.111015697068957,142278227393
2002-01-01,29.44744873046875,29.44744873046875,29.44744873046875,29.44744873046875,0
2002-01-02,28.942630767822266,29.61582075881794,28.437819292683976,29.447442242960555,63219970044
2002-01-03,28.942630767822266,28.942630767822266,28.942630767822266,28.942630767822266,0
2002-01-04,29.95225715637207,30.120635691557922,29.615824158471412,29.784202693657267,161224084400
2002-01-07,31.130258560180664,31.298637094298,29.9522569662973,30.28901403453197,143660633926
2002-01-08,30.45706558227539,30.961877063861806,30.289011136705245,30.961877063861806,66545271274
2002-01-09,30.7938289642334,31.29864241078351,30.289019179519716,31.130263848064864,72284564141
2002-01-10,30.45706558227539,30.961877063861806,30.289011136705245,30.793820787373935,51368481421
2002-01-11,29.44744873046875,30.457071903173382,29.44744873046875,30.289017422726108,69855335701
2002-01-14,29.615819931030273,29.615819931030273,28.94262995885084,29.1110084700019,47642526681
2002-01-15,29.44744873046875,29.784205836373793,29.279392419103367,29.61582728342127,36711147501
2002-01-16,28.6061954498291,29.61581831685764,28.6061954498291,29.44743981488384,63000476760
2002-01-17,28.437828063964844,28.606206631756418,27.764961937866154,27.933016433123925,74009989192
2002-01-18,28.6061954498291,29.11100688334337,28.437816947855303,28.6061954498291,64443521005
2002-01-21,30.45706558227539,30.45706558227539,28.774574861028267,28.94263113751614,106826877778
2002-01-22,30.289020538330078,31.298643814887072,29.78420890005158,30.625453606336215,128790074046
2002-01-23,29.78420639038086,30.961884065438394,29.4474492782119,29.61582783429638,120107453497
2002-01-24,30.45706558227539,30.625444100283527,29.447442619102556,30.289011136705245,91067250466
2002-01-25,30.961885452270508,31.13026401589693,30.289019342816392,30.79382913025165,131361617793
2002-01-28,30.961885452270508,31.13026401589693,30.625452397543448,30.961885452270508,88306395399
2002-01-29,29.95225715637207,30.625447224644436,29.95225715637207,30.625447224644436,58836080048
2002-01-30,29.279394149780273,29.61582903398452,29.111017417793274,29.279394149780273,73377524990
2002-01-31,29.279394149780273,29.279394149780273,29.279394149780273,29.279394149780273,0
2002-02-01,28.774580001831055,29.279391573605988,28.606203284658836,29.279391573605988,103873616415
2002-02-04,28.942630767822266,29.279385968619323,28.437819292683976,28.606197808541356,48429656333
2002-02-05,28.774580001831055,28.942636308343495,28.437824736568558,28.437824736568558,43280411623
2002-02-06,29.111013412475586,29.44744641947257,28.942634872737187,28.942634872737187,70636501574
2002-02-07,29.111013412475586,29.111013412475586,29.111013412475586,29.111013412475586,0
2002-02-08,29.111013412475586,29.111013412475586,29.111013412475586,29.111013412475586,0
2002-02-11,29.111013412475586,29.111013412475586,29.111013412475586,29.111013412475586,0
2002-02-12,29.111013412475586,29.111013412475586,29.111013412475586,29.111013412475586,0
2002-02-13,29.111013412475586,29.111013412475586,29.111013412475586,29.111013412475586,0
2002-02-14,29.111013412475586,29.111013412475586,29.111013412475586,29.111013412475586,0
2002-02-15,29.111013412475586,29.111013412475586,29.111013412475586,29.111013412475586,0
2002-02-18,29.44744873046875,29.952260316821068,29.279392419103367,29.784205836373793,79417673286
2002-02-19,28.774580001831055,29.615826428208702,28.606203284658836,29.44744788011843,49938769378
2002-02-20,27.596569061279297,28.269758910863487,27.596569061279297,28.269758910863487,64741959973
2002-02-21,27.76496124267578,28.10139429730138,27.260147793556317,27.933015733725735,53616987097
2002-02-22,27.428207397460938,27.59658598118401,26.92339571885619,26.92339571885619,45345656060
2002-02-25,27.260149002075195,27.933016972074736,27.260149002075195,27.596583902534118,33289509205
2002-02-26,26.92338752746582,27.764956117471037,26.92338752746582,27.59657758497682,63760930103
2002-02-27,27.596569061279297,27.764947541766787,27.0917576921826,27.0917576921826,74203270414
2002-02-28,27.596569061279297,27.596569061279297,27.596569061279297,27.596569061279297,0
2002-03-01,27.260149002075195,27.764962473574457,27.260149002075195,27.260149002075195,75910280361
2002-03-04,29.111013412475586,29.111013412475586,28.269768858743223,29.111013412475586,97211205432
2002-03-05,30.625438690185547,30.9618715943317,29.952248809512497,30.9618715943317,179088949780
2002-03-06,31.80344581604004,31.803445816040036,30.62544608927092,30.79382278729665,179561088297
2002-03-07,31.466699600219727,31.971509398863635,31.298643274469395,31.971509398863635,120272975169
2002-03-08,30.7938289642334,31.803452195497197,30.625452232432966,31.46669873189633,84486290907
2002-03-11,32.813072204589844,32.813072204589844,31.466695641936383,31.466695641936383,141985430804
2002-03-12,31.971515655517578,32.47632555295007,31.466705758085084,32.13989425583342,81775919652
2002-03-13,31.635068893432617,32.30826080184845,31.466694017775154,31.97150372686176,55129555206
2002-03-14,31.29863929748535,31.29863929748535,30.79382590114939,30.961882205545525,61840313278
2002-03-15,30.45706558227539,30.961877063861806,30.289011136705245,30.625444100283527,93412069400
2002-03-18,30.7938289642334,30.7938289642334,29.95226205408242,30.7938289642334,39047773677
2002-03-19,30.7938289642334,30.961885285346217,30.289019179519716,30.961885285346217,46678081714
2002-03-20,32.308258056640625,32.308258056640625,30.79382173438954,30.961878016045716,89969926892
2002-03-21,31.635068893432617,31.97150372686176,31.130259184346013,31.130259184346013,59678431206
2002-03-22,31.971515655517578,32.30827285614926,31.80345929687952,32.13989425583342,57703426137
2002-03-25,32.308258056640625,32.47631067646123,31.466691344074604,31.971501010267918,50071097438
2002-03-26,31.80344581604004,32.139880632386,31.63506728709646,31.971502103442425,34394957091
2002-03-27,31.130258560180664,32.13988161994669,31.130258560180664,32.13988161994669,49892148333
2002-03-28,31.971515655517578,31.971515655517578,31.298649399447026,31.466705758085084,66767145308
2002-03-29,32.4763069152832,32.813063922655076,32.308254314925264,32.64468541896914,84362914469
2002-04-01,32.1398811340332,32.64469082536625,32.1398811340332,32.30825966560487,29433916653
2002-04-02,32.308258056640625,32.81306772283394,32.308258056640625,32.47631067646123,52946121391
2002-04-03,31.971515655517578,32.13989425583342,31.80345929687952,31.971515655517578,50674695041
2002-04-04,31.130258560180664,31.971503085829358,30.961880026063326,31.635068259145775,67791165578
2002-04-05,31.130258560180664,31.130258560180664,31.130258560180664,31.130258560180664,0
2002-04-08,30.7938289642334,31.130263848064864,30.625452232432966,30.961885285346217,61887291435
2002-04-09,30.7938289642334,30.961885285346217,30.45707366971432,30.961885285346217,39162192542
2002-04-10,30.45706558227539,30.625444100283527,30.289011136705245,30.45706558227539,76946484121
2002-04-11,30.289020538330078,30.625453606336215,30.289020538330078,30.289020538330078,65494044979
2002-04-12,30.961885452270508,30.961885452270508,29.784207724462913,30.12064077918997,69123195432
2002-04-15,30.7938289642334,31.130263848064864,30.625452232432966,30.961885285346217,45049916269
2002-04-16,31.130258560180664,31.298637094298,30.79382373349708,30.961880026063326,33122690024
2002-04-17,32.308258056640625,32.64468919964759,32.13987953345427,32.13987953345427,119691131673
2002-04-18,32.1398811340332,32.64469082536625,31.971502602461534,32.64469082536625,43245786585
2002-04-19,31.80344581604004,31.971502103442425,31.63506728709646,31.971502103442425,33966082760
2002-04-22,31.29863929748535,31.803449031985245,31.29863929748535,31.466695601881487,33068661869
2002-04-23,31.635068893432617,31.635068893432617,30.961880646852666,30.961880646852666,29257137007
2002-04-24,31.971515655517578,32.13989425583342,31.63508069656368,31.63508069656368,39788585830
2002-04-25,30.961885452270508,31.466698901542212,30.961885452270508,31.298642579523353,54026886847
2002-04-26,30.961885452270508,30.961885452270508,30.625452397543448,30.625452397543448,51807319192
2002-04-29,29.95225715637207,30.289014226743777,29.615824158471412,30.289014226743777,139939925764
2002-04-30,29.44744873046875,29.784205836373793,29.279392419103367,29.61582728342127,75670931619
2002-05-01,29.44744873046875,29.44744873046875,29.44744873046875,29.44744873046875,0
2002-05-02,28.6061954498291,29.61581831685764,28.6061954498291,29.44743981488384,75300367818
2002-05-03,28.6061954498291,28.6061954498291,27.933005514341033,27.933005514341033,58913763934
2002-05-06,27.260149002075195,27.596583902534118,26.92339369091282,27.596583902534118,86268098080
2002-05-07,27.596569061279297,27.764947541766787,26.92337921169511,26.92337921169511,61861001999
2002-05-08,27.933008193969727,28.269765230222614,27.764953748281503,27.764953748281503,79020605781
2002-05-09,28.6061954498291,29.44743981488384,28.6061954498291,29.44743981488384,76347552789
2002-05-10,29.111013412475586,29.27939012129602,28.101390319004825,28.269768858743223,43498655013
2002-05-13,28.6061954498291,28.94262838136957,28.6061954498291,28.6061954498291,27724948539
2002-05-14,29.279394149780273,29.279394149780273,28.94263885488806,28.94263885488806,36539659073
2002-05-15,30.289020538330078,30.457075036063856,29.78420890005158,29.95226339778536,79152731477
2002-05-16,29.78420639038086,29.952260873954064,29.61582783429638,29.952260873954064,27776030515
2002-05-17,30.120643615722656,30.120643615722656,29.61583194982986,29.95226503623962,40331926640
2002-05-20,29.279394149780273,29.95226208727055,29.279394149780273,29.784207596889736,44740805587
2002-05-21,29.111013412475586,29.44744641947257,28.942634872737187,29.111013412475586,36348737770
2002-05-22,29.615819931030273,29.952252880907594,29.1110084700019,29.1110084700019,53130516462
2002-05-23,29.279394149780273,29.447450471079303,29.111017417793274,29.279394149780273,44650024598
2002-05-24,29.44744873046875,29.61582728342127,29.111015697068957,29.111015697068957,44515744323
2002-05-27,29.111013412475586,29.27939012129602,28.942634872737187,29.27939012129602,19161398245
2002-05-28,28.942630767822266,29.447442242960555,28.606197808541356,29.279385968619323,49149752981
2002-05-29,28.774580001831055,28.774580001831055,28.269770260974173,28.606203284658836,45141530520
2002-05-30,29.111013412475586,29.111013412475586,28.269768858743223,28.269768858743223,74988001460
2002-05-31,28.774580001831055,28.942636308343495,28.269770260974173,28.774580001831055,65398588791
2002-06-03,28.6061954498291,28.6061954498291,27.764951084774363,28.269762518288633,42716879074
2002-06-04,27.428207397460938,27.764964564907082,27.260151055383893,27.428207397460938,90498292782
2002-06-05,27.596569061279297,27.764947541766787,27.428190580791806,27.428190580791806,64899535890
2002-06-06,27.091766357421875,27.4281993536384,26.923387823078894,27.4281993536384,85301430088
2002-06-07,25.24089813232422,25.745709650139837,25.24089813232422,25.24089813232422,220255362174
2002-06-10,25.24089813232422,25.577331120047546,24.90414107213964,25.24089813232422,96887346002
2002-06-11,24.90414047241211,25.57733050410863,24.736084187910247,25.57733050410863,69473808544
2002-06-12,24.231279373168945,24.90414546736689,24.062900813360237,24.736089149158445,69348253720
2002-06-13,25.408950805664062,25.577329323932318,24.7360830465503,25.072517841566047,106950879163
2002-06-14,25.408950805664062,25.408950805664062,25.072517841566047,25.240896359834302,34995182956
2002-06-17,24.90414047241211,25.57733050410863,24.90414047241211,25.408951978071137,101340164674
2002-06-18,25.408950805664062,25.577329323932318,25.240896359834302,25.577329323932318,91342244994
2002-06-19,25.35860824584961,26.099117707308334,25.35860824584961,25.728684462033204,88099701354
2002-06-20,25.35860824584961,25.35860824584961,24.432883077212534,24.80331632248766,58709305089
2002-06-21,25.543813705444336,26.099107236953863,24.80330637197834,24.988166806821877,76163646854
2002-06-24,25.35860824584961,25.543823953027967,24.9881768314929,25.35860824584961,50425943958
2002-06-25,25.728689193725586,26.283983050128516,25.358612909482282,25.728689193725586,77223383791
2002-06-26,24.618091583251953,25.543814581334896,24.618091583251953,25.358598942109747,66817691886
2002-06-27,24.618091583251953,25.1733833028846,24.432874113109058,24.803307222477102,52370730270
2002-06-28,25.173389434814453,25.358605119155875,24.803313264260925,24.988173750473027,53725561220
2002-07-01,24.803314208984375,25.173390393633586,24.43288099527405,25.173390393633586,31670484218
2002-07-02,24.432876586914062,24.61809407581005,23.692724351159374,23.692724351159374,34987654104
2002-07-03,23.507509231567383,23.692724893787382,22.76699994985632,23.692724893787382,103732963846
2002-07-04,23.877582550048828,24.06279819048849,23.507506467214633,23.692722107654294,57177497811
2002-07-05,24.803314208984375,24.803314208984375,23.5075129345796,23.877589119228812,64912258296
2002-07-08,26.28398323059082,26.46919897310336,25.54382882610366,25.728689370375317,128201266856
2002-07-09,26.46919059753418,26.46919059753418,25.728681229123367,26.09911442785211,43663517110
2002-07-10,25.913894653320312,26.099112151992692,25.543818515909123,26.099112151992692,55840300646
2002-07-11,24.988168716430664,25.35860001048752,24.80330826746,25.35860001048752,42029900287
2002-07-12,26.28398323059082,26.28398323059082,25.54382882610366,25.54382882610366,77343844351
2002-07-15,25.728689193725586,26.283983050128516,25.728689193725586,26.283983050128516,30993639582
2002-07-16,25.543813705444336,26.283967671797395,25.35859807257018,26.099107236953863,40165515704
2002-07-17,24.803314208984375,25.358606085029614,24.618098517588344,25.173390393633586,56765584704
2002-07-18,23.877582550048828,24.618091744680108,23.692722107654294,24.618091744680108,127583656914
2002-07-19,22.767000198364258,22.952215862605936,22.58213973221336,22.952215862605936,161639111963
2002-07-22,22.39692497253418,22.39692497253418,21.84163311007856,22.02684879694182,79529952182
2002-07-23,22.952213287353516,22.952213287353516,22.026843635235736,22.026843635235736,97899616728
2002-07-24,21.656414031982422,22.211705807483494,21.656414031982422,22.02684534770216,99113193428
2002-07-25,21.471553802490234,22.582139196321684,21.471553802490234,22.396921705557368,106641634836
2002-07-26,19.990535736083984,19.990535736083984,19.990535736083984,19.990535736083984,52826795476
2002-07-29,18.695093154907227,19.06516935079882,18.695093154907227,18.695093154907227,268685257937
2002-07-30,19.250385284423828,19.435245767982668,18.879952090139536,19.250385284423828,179507412116
2002-07-31,18.695093154907227,19.06516935079882,18.50987745788461,19.06516935079882,72425544064
2002-08-01,18.50987434387207,18.87995047750383,18.50987434387207,18.50987434387207,63482390422
2002-08-02,18.47297477722168,18.47297477722168,17.9545832781103,18.13979895154215,96478698311
2002-08-05,17.214073181152344,17.658306985203875,17.214073181152344,17.399288846294816,104370150049
2002-08-06,17.06611442565918,17.510348265896095,16.17764674518535,16.17764674518535,111234870709
2002-08-07,18.250864028930664,18.250864028930664,17.917688074019036,18.21360849329583,98428338108
2002-08-08,18.176698684692383,18.324658832138006,17.917680542597335,18.324658832138006,77595895479
2002-08-09,18.879947662353516,18.879947662353516,18.509871583903045,18.509871583903045,64740914607
2002-08-12,18.695093154907227,18.8799536537762,18.50987745788461,18.8799536537762,52770712571
2002-08-13,18.50987434387207,18.69509000973489,18.435716671724563,18.50987434387207,25020477487
2002-08-14,18.879947662353516,18.879947662353516,18.509871583903045,18.509871583903045,51260440263
2002-08-15,19.620458602905273,19.990536545370205,19.435242948095414,19.435242948095414,105961573482
2002-08-16,19.805675506591797,19.99053780590364,19.620459840102885,19.99053780590364,53287622182
2002-08-19,19.805675506591797,20.17575347239255,19.620459840102885,19.805675506591797,46580983350
2002-08-20,20.175758361816406,20.54583458638398,19.990542650442038,19.990542650442038,85566285325
2002-08-21,19.620458602905273,19.805674257715133,19.435242948095414,19.805674257715133,54778096387
2002-08-22,19.620458602905273,19.990536545370205,19.620458602905273,19.805674257715133,76792100033
2002-08-23,19.620458602905273,19.620458602905273,19.620458602905273,19.620458602905273,0
2002-08-26,19.435237884521484,19.62045349107606,19.250377475947055,19.62045349107606,49183911880
2002-08-27,18.879947662353516,19.620456848213117,18.879947662353516,19.435241209967423,46771935765
2002-08-28,18.50987434387207,18.69509000973489,18.50987434387207,18.50987434387207,66760743254
2002-08-29,18.50987434387207,18.87995047750383,18.287758356441444,18.32465867800925,46533076159
2002-08-30,18.47297477722168,18.69509077372931,18.39881710204364,18.69509077372931,44359594421
2002-09-02,18.02873420715332,18.43571239894705,18.02873420715332,18.43571239894705,32902936481
2002-09-03,18.02873420715332,18.21359646299542,17.954578383110647,18.02873420715332,31752749966
2002-09-04,17.732463836669922,18.028737481388667,17.584503697889627,17.769365987304937,57145958279
2002-09-05,17.584508895874023,17.954586951257944,17.584508895874023,17.954586951257944,31957792095
2002-09-06,17.584508895874023,17.584508895874023,17.584508895874023,17.584508895874023,0
2002-09-09,17.954578399658203,18.02873422376922,17.621402664506103,17.695558488617124,48750177031
2002-09-10,18.695093154907227,18.695093154907227,17.88042788034696,17.9545855649704,49558517546
2002-09-11,18.695093154907227,18.8799536537762,18.50987745788461,18.8799536537762,40989717968
2002-09-12,18.47297477722168,18.69509077372931,18.324659426865605,18.69509077372931,32294468079
2002-09-13,17.806621551513672,18.1025399989277,17.769366033623392,17.99148201049293,38608734895
2002-09-16,17.473445892333984,17.695561870945557,17.32513055392779,17.6214060326604,49178944769
2002-09-17,18.13979721069336,18.13979721069336,17.362387635687302,17.362387635687302,61144158051
2002-09-18,16.88089370727539,17.362384757279447,16.88089370727539,17.214069445745295,112968608908
2002-09-19,16.88089370727539,17.066109332226567,16.65877776890719,17.029209018809542,73465780491
2002-09-20,16.103487014770508,16.510820478659557,15.918626556224506,16.47391832801484,126676288003
2002-09-23,15.585453033447266,16.177647042235794,15.548195679293531,15.918628877472193,75797395458
2002-09-24,15.659249305725098,15.881365226394484,15.363329102267384,15.363329102267384,105920386500
2002-09-25,15.548194885253906,15.84447038904058,15.17811873502102,15.73341239034335,78987027462
2002-09-26,15.770316123962402,16.177649714533874,15.770316123962402,16.14074755241243,82077349709
2002-09-27,15.548194885253906,15.881370712263687,15.548194885253906,15.770312713566456,61569057069
2002-09-30,15.215017318725586,15.215017318725586,14.808039085368055,15.215017318725586,69557291722
2002-10-01,14.844943046569824,15.326078085779097,14.808040894359877,14.956001039454906,77405814202
2002-10-02,14.808042526245117,15.363335298242244,14.808042526245117,15.21502085417034,86896919194
2002-10-03,13.956472396850586,14.548666254052726,13.956472396850586,14.548666254052726,98992186377
2002-10-04,14.067535400390625,14.289653262572946,13.623301506944356,13.623301506944356,89524174664
2002-10-07,13.327025413513184,13.88231817722036,13.327025413513184,13.88231817722036,78537828557
2002-10-08,13.179064750671387,13.253222426495785,12.920047513371333,12.956947836768734,143018927543
2002-10-09,13.327025413513184,13.919574615612099,13.068007250855462,13.179065254321447,176815140516
2002-10-10,13.327025413513184,13.327025413513184,13.327025413513184,13.327025413513184,0
2002-10-11,13.215967178344727,13.771259932316507,13.142164699105301,13.69745745307708,142303923266
2002-10-14,14.067535400390625,14.067535400390625,13.549143820162255,13.660202751253415,143797064993
2002-10-15,15.030160903930664,15.030160903930664,14.5117693542465,14.622827363334814,107764602339
2002-10-16,16.066587448120117,16.066587448120117,15.696511273432481,16.066587448120117,202784225298
2002-10-17,16.103487014770508,16.251802351665873,15.770311219329141,15.881369207503624,114359757123
2002-10-18,17.214073181152344,17.214073181152344,16.510821238191753,16.807094896617606,193637858376
2002-10-21,16.843996047973633,17.10301417149005,16.65878039383795,17.10301417149005,94279112187
2002-10-22,16.103487014770508,17.02921193072309,15.770311219329141,16.880896593827725,136840209293
2002-10-23,16.65877914428711,16.843994784530036,15.43713405873029,15.733409508244227,207266918600
2002-10-24,16.65877914428711,16.955052762883287,16.510819018552517,16.955052762883287,124002532148
2002-10-25,17.029212951660156,17.17717309934988,16.510821468517964,16.658781616207687,125819877973
2002-10-28,17.251327514648438,17.621405452316196,17.21407199769294,17.54724778555541,131088738347
2002-10-29,17.325136184692383,17.36239354590164,17.029217638782338,17.25133368958285,59101295644
2002-10-30,16.843996047973633,17.140269688792866,16.510820257005083,16.955054034657184,74077746973
2002-10-31,17.214073181152344,17.362388524870525,17.066113035526666,17.17717285972805,72249828452
2002-11-01,16.65877914428711,17.214070866971134,16.65877914428711,17.17717055050755,56491857925
2002-11-04,17.399288177490234,17.584503835513274,17.177172199461303,17.214072519467198,88400985319
2002-11-05,17.658308029174805,18.028739381359898,17.658308029174805,17.954583536034665,124262282839
2002-11-06,18.879947662353516,18.879947662353516,17.47344398068298,17.658304420887756,204144045002
2002-11-07,19.06517219543457,19.435250277462305,18.695095944325427,19.250389751011053,152395751105
2002-11-08,18.879947662353516,18.879947662353516,18.509871583903045,18.509871583903045,107783107263
2002-11-11,17.658308029174805,18.509875366198802,17.62140770556894,18.509875366198802,91990724072
2002-11-12,17.325136184692383,17.36239354590164,16.84400192007733,16.84400192007733,95338546119
2002-11-13,17.325136184692383,17.39929387799714,16.84400192007733,17.325136184692383,72543369566
2002-11-14,17.177175521850586,17.584507236688182,17.177175521850586,17.325133859488876,57321657659
2002-11-15,17.917675018310547,18.250850730453795,17.65830175808728,18.250850730453795,105183977112
2002-11-18,17.843523025512695,18.139798521085847,17.621407034275865,17.917680698930976,42476953811
2002-11-19,17.621410369873047,17.8804285632582,17.621410369873047,17.76937054661736,45870578249
2002-11-20,17.06611442565918,17.43619241891459,16.991956747759524,17.251330105888528,55682754488
2002-11-21,17.362390518188477,17.584506530255638,17.17717483178201,17.43619300042808,85523015187
2002-11-22,18.50987434387207,18.50987434387207,18.213600684293937,18.36191419767094,183661410360
2002-11-25,19.250385284423828,19.250385284423828,18.324660243214566,18.695091606580696,147887832670
2002-11-26,18.695093154907227,19.250386878739754,18.695093154907227,19.06516935079882,102202628304
2002-11-27,18.50987434387207,18.50987434387207,18.17669853180812,18.32465867800925,50155420371
2002-11-28,18.695093154907227,19.06516935079882,18.50987745788461,19.06516935079882,88820138071
2002-11-29,18.695093154907227,18.8799536537762,18.50987745788461,18.695093154907227,42270212692
2002-12-02,18.695093154907227,18.695093154907227,18.695093154907227,18.695093154907227,0
2002-12-03,19.805675506591797,19.99053780590364,19.06516620781322,19.25038370522015,126338005013
2002-12-04,19.250385284423828,19.620461449665733,19.250385284423828,19.435245767982668,73386864025
2002-12-05,19.435237884521484,19.435237884521484,18.87994443192048,19.065160038475057,48143978458
2002-12-06,19.06517219543457,19.435250277462305,19.06517219543457,19.06517219543457,51058844811
2002-12-09,19.250385284423828,19.620461449665733,19.065167771822598,19.435245767982668,50093028478
2002-12-10,18.50987434387207,18.69509000973489,18.435716671724563,18.69509000973489,93248680123
2002-12-11,18.50987434387207,18.69509000973489,18.435716671724563,18.50987434387207,86301396122
2002-12-12,18.13979721069336,18.69508897959001,17.95458155503637,18.50987332393302,63603402883
2002-12-13,18.02873420715332,18.28775411795568,17.843518584217247,18.02873420715332,61258493589
2002-12-16,17.732463836669922,17.880423975450217,17.51034602946144,17.695561686034907,60298937548
2002-12-17,17.69556427001953,18.13979994930575,17.69556427001953,17.95458426568627,43846304633
2002-12-18,17.769372940063477,17.880430971663284,17.621412743389662,17.695568609915462,44765306756
2002-12-19,16.991958618164062,17.399292178808537,16.65878457450057,16.732940429644845,109025956371
2002-12-20,17.029212951660156,17.325131416121575,16.473919315660886,16.991955600705616,93595912570
2002-12-23,16.473918914794922,17.029212537282028,16.251802930534467,17.029212537282028,57534935020
2002-12-24,16.584976196289062,16.732934486786657,16.32560290172816,16.399758730535297,34911984116
2002-12-25,16.547719955444336,16.62187762011442,16.288701841645054,16.547719955444336,15449960942
2002-12-26,17.029212951660156,17.029212951660156,16.436663795624376,16.658781616207687,23857678406
2002-12-27,16.843996047973633,17.066112021340736,16.696035911140765,17.066112021340736,27456574932
2002-12-30,15.992432594299316,16.65878433383644,15.955530435422206,16.65878433383644,47293731325
2002-12-31,15.770316123962402,15.99243400030886,15.733415792759446,15.733415792759446,28136119555
2003-01-01,15.770316123962402,15.770316123962402,15.770316123962402,15.770316123962402,0
2003-01-02,15.733416557312012,16.066590641644293,15.696514393397338,15.918632280537434,29925258898
2003-01-03,16.584976196289062,16.65877865797952,16.14074063400878,16.288700755424077,52579684405
2003-01-06,16.584976196289062,16.91815012162272,16.43666087683938,16.584976196289062,49129154621
2003-01-07,16.80709457397461,17.362388191567646,16.80709457397461,16.91815256512603,61698515784
2003-01-08,17.214073181152344,17.54724899192049,16.807094896617606,16.843997048959903,67404817402
2003-01-09,17.029212951660156,17.17717309934988,16.843997283933923,17.029212951660156,48948028212
2003-01-10,17.473445892333984,17.510346212436673,17.3623879030282,17.473445892333984,57046935294
2003-01-13,18.695093154907227,18.695093154907227,17.769369867947784,17.769369867947784,137273311079
2003-01-14,18.695093154907227,18.8799536537762,18.50987745788461,18.8799536537762,96393056226
2003-01-15,18.695093154907227,18.8799536537762,18.361917286791375,18.695093154907227,86943424989
2003-01-16,17.991483688354492,18.695090864306692,17.991483688354492,18.695090864306692,59139106289
2003-01-17,18.06563949584961,18.21359963351462,17.58450356534223,17.7693658533641,78192755017
2003-01-20,17.732463836669922,17.769365987304937,17.39928804131616,17.621405848524642,63110711997
2003-01-21,17.621410369873047,17.954586250713962,17.584508209769577,17.73246838651389,55275862600
2003-01-22,17.69556427001953,17.769368582066793,17.362390256932144,17.6214084216807,39410885459
2003-01-23,18.695093154907227,18.8799536537762,18.065643577369578,18.065643577369578,99996484294
2003-01-24,18.28775978088379,19.065167628361664,18.17669994759996,18.879951948072303,76299782491
2003-01-27,18.102535247802734,18.102535247802734,17.806616878054356,18.028732796628166,51491860024
2003-01-28,17.658308029174805,17.917681381510693,17.02921372088083,17.103016199010668,74556364377
2003-01-29,17.658308029174805,17.658308029174805,17.658308029174805,17.658308029174805,0
2003-01-30,17.658308029174805,17.658308029174805,17.658308029174805,17.658308029174805,0
2003-01-31,17.658308029174805,17.658308029174805,17.658308029174805,17.658308029174805,0
2003-02-03,17.658308029174805,17.658308029174805,17.658308029174805,17.658308029174805,0
2003-02-04,17.658308029174805,17.658308029174805,17.658308029174805,17.658308029174805,0
2003-02-05,17.658308029174805,17.658308029174805,17.658308029174805,17.658308029174805,0
2003-02-06,16.43666648864746,16.6587843456231,16.43666648864746,16.47392201478801,78312317385
2003-02-07,15.548194885253906,15.807570065817474,15.289177649177294,15.289177649177294,156444098138
2003-02-10,15.067059516906738,15.289176411783734,14.992901847434393,15.289176411783734,86410429080
2003-02-11,15.363337516784668,15.54819803023854,15.252279495623371,15.289180741769659,58846760960
2003-02-12,14.956001281738281,15.252275859360145,14.84494328705409,15.14121694921694,72050164654
2003-02-13,14.881848335266113,15.215023320095353,14.881848335266113,14.956005111591232,58453282436
2003-02-14,15.178117752075195,15.289176659039217,15.03015852427776,15.215018988367598,71910988150
2003-02-17,16.21454429626465,16.21454429626465,15.84446819722555,16.21454429626465,77185984366
2003-02-18,15.881370544433594,16.214546367922463,15.84447022160044,16.214546367922463,42627000606
2003-02-19,15.918627738952637,16.251803559148424,15.918627738952637,16.251803559148424,69164819607
2003-02-20,16.325607299804688,16.36286282326199,15.844471292521227,15.918628972223956,71036376200
2003-02-21,16.621883392333984,16.991959617165442,16.547725701911432,16.65878555391378,93056499457
2003-02-24,16.76984214782715,16.84399983193863,16.473921807683606,16.73293998938785,48756659165
2003-02-25,15.918627738952637,16.658781855199138,15.918627738952637,16.658781855199138,63858229750
2003-02-26,15.844470977783203,16.177646817173,15.807570653188968,15.992431136119476,48616795490
2003-02-27,15.548194885253906,15.84447038904058,15.363334409192372,15.585452237504922,45889288783
2003-02-28,15.548194885253906,15.548194885253906,15.548194885253906,15.548194885253906,0
2003-03-03,16.2887020111084,16.399759994780997,15.770310580058554,15.881368563731154,48204979777
2003-03-04,16.066587448120117,16.066587448120117,15.844471436048163,15.992431598663844,32170168559
2003-03-05,15.400237083435059,15.659255243718357,15.36333492804759,15.548195410352289,60949861764
2003-03-06,15.326081275939941,15.511296978971249,15.289180031507907,15.400238962969173,38581028912
2003-03-07,15.400237083435059,15.770313246166271,15.178119247621078,15.252276925599675,48518302763
2003-03-10,15.770316123962402,15.881374146676388,15.548198247615943,15.659258101248415,53968365297
2003-03-11,15.733416557312012,16.029690308648195,15.548199003168012,15.548199003168012,46218481635
2003-03-12,15.918627738952637,15.918627738952637,15.733412068569248,15.770312391037683,32006602890
2003-03-13,16.325607299804688,16.436665304834648,15.844471292521227,15.918628972223956,68480959873
2003-03-14,16.843996047973633,17.32513014485715,16.769838380521502,17.32513014485715,150857310190
2003-03-17,16.2887020111084,16.73293577671664,16.2887020111084,16.658779942192883,60341060598
2003-03-18,17.399288177490234,17.399288177490234,17.029212059523008,17.177172199461303,141363072348
2003-03-19,17.732463836669922,17.843521824815202,17.39928804131616,17.54724818009646,125366615560
2003-03-20,17.991483688354492,18.398817191185582,17.769367690770714,18.139799039429153,143544153548
2003-03-21,17.954578399658203,18.065636367736374,17.732460632584274,18.065636367736374,55634506417
2003-03-24,17.954578399658203,18.139794022764978,17.880420744629596,18.10253668078594,56761429212
2003-03-25,17.251327514648438,17.51034563575012,17.14026952900024,17.399287650101925,65069090229
2003-03-26,17.399288177490234,17.6214059864371,17.399288177490234,17.473445846498805,66753806613
2003-03-27,16.621883392333984,16.880901596081554,16.288707498163863,16.65878555391378,152417480863
2003-03-28,16.43666648864746,16.6587843456231,16.103490618643168,16.547724501676118,83406035690
2003-03-31,15.659249305725098,16.214540938316023,15.585446853854231,16.103482977981333,77543735402
2003-04-01,15.622352600097656,15.622352600097656,15.32607892648244,15.363334447909253,85137907165
2003-04-02,15.844470977783203,15.992431136119476,15.548195462987639,15.733412974959323,45530807291
2003-04-03,16.251802444458008,16.584978241801693,16.177644775586913,16.47391842207518,83089644783
2003-04-04,16.732934951782227,16.807092613567853,16.14074108254773,16.25180089166292,75165160133
2003-04-07,17.103012084960938,17.214070058095665,16.621876215857018,16.769836334639084,79856120398
2003-04-08,16.91815948486328,17.214079891469023,16.880903950823697,17.029219352357533,63372226608
2003-04-09,16.584976196289062,16.76983663309074,16.51081853656422,16.69603417140028,48875783259
2003-04-10,16.473918914794922,16.769839202973632,16.39976124370584,16.547721387795193,49287317610
2003-04-11,16.584976196289062,16.62187651167544,16.43666087683938,16.51081853656422,24538294367
2003-04-14,16.140745162963867,16.769841338564834,16.140745162963867,16.584980849892887,38926002352
2003-04-15,16.547719955444336,16.547719955444336,16.25180152379796,16.436661972927155,40375606106
2003-04-16,17.362390518188477,17.399290843849172,16.91815483221773,16.91815483221773,129519607395
2003-04-17,16.95505714416504,17.399291003288326,16.95505714416504,17.362390677289493,83916290022
2003-04-18,17.584508895874023,17.73246907839138,17.43619534609406,17.473450874899967,109353158050
2003-04-21,17.88042640686035,17.88042640686035,17.399290407300622,17.58450608906002,55647984710
2003-04-22,17.399288177490234,17.732463975451566,17.325130508481664,17.732463975451566,80199879114
2003-04-23,17.88042640686035,17.917681929719585,17.621408244713052,17.732466247960186,126460202439
2003-04-24,17.510343551635742,17.76936347282626,17.325127921271477,17.76936347282626,98290763199
2003-04-25,16.843996047973633,17.36238749307786,16.732936230372186,17.029211702109315,84724571018
2003-04-28,16.2887020111084,16.399759994780997,15.91862591094176,16.32560416025724,98643352334
2003-04-29,16.696033477783203,16.843993593051675,16.43666019399766,16.621875821139156,118886537594
2003-04-30,17.69556427001953,17.843524430405623,17.547250742423685,17.843524430405623,239182284642
2003-05-01,17.69556427001953,17.69556427001953,17.69556427001953,17.69556427001953,0
2003-05-02,17.88042640686035,17.917681929719585,17.658308569447918,17.658308569447918,83687050811
2003-05-05,17.954578399658203,18.139794022764978,17.880420744629596,17.954578399658203,91162699080
2003-05-06,17.69556427001953,18.10254259515418,17.6214084216807,17.95458426568627,70984042978
2003-05-07,17.658308029174805,17.80662338166149,17.510347874801624,17.769367859942122,61006929433
2003-05-08,17.28822898864746,17.584502615123146,17.28822898864746,17.584502615123146,42516871961
2003-05-09,17.584508895874023,17.695566916848076,17.325135494201547,17.325135494201547,47392932866
2003-05-12,17.88042640686035,17.991484410107482,17.769368403613218,17.84352425120732,77305595431
2003-05-13,18.213605880737305,18.435721931538883,18.13980338562742,18.213605880737305,78423898828
2003-05-14,18.213605880737305,18.213605880737305,18.06564569232231,18.13980338562742,61289822100
2003-05-15,18.324661254882812,18.324661254882812,18.06564307854239,18.21360324555016,49432034770
2003-05-16,18.06563949584961,18.509873276000132,18.06563949584961,18.43571560813093,67041985629
2003-05-19,18.102535247802734,18.176692896961075,17.84351718818292,18.065634937674172,49004700893
2003-05-20,17.769372940063477,17.880430971663284,17.621412743389662,17.695568609915462,45992883891
2003-05-21,17.769372940063477,17.806628472433903,17.621412743389662,17.769372940063477,72198636907
2003-05-22,17.769372940063477,17.917686504033707,17.547255045945228,17.658313077545035,69367556736
2003-05-23,18.176698684692383,18.25085635746363,17.84352286982609,17.917680542597335,77408027218
2003-05-26,18.43571662902832,18.472973979521733,18.32465863557021,18.32465863557021,52531668998
2003-05-27,18.250864028930664,18.472981942511346,18.250864028930664,18.43572457595772,46901118529
2003-05-28,18.695093154907227,19.06516935079882,18.695093154907227,18.695093154907227,111594385664
2003-05-29,19.250385284423828,19.250385284423828,18.879952090139536,18.879952090139536,140509421824
2003-05-30,19.805675506591797,20.36096913888146,19.25038370522015,19.25038370522015,150196284018
2003-06-02,20.916261672973633,21.10112214784333,20.17575417917225,20.360969852149477,142074007706
2003-06-03,20.731042861938477,20.916258506879615,20.545827216997342,20.731042861938477,77388158773
2003-06-04,20.731042861938477,20.731042861938477,20.731042861938477,20.731042861938477,0
2003-06-05,21.286334991455078,21.6564110582801,20.916257093712378,20.916257093712378,135359642257
2003-06-06,21.656414031982422,21.656414031982422,21.28633791434122,21.471553572201092,86426629004
2003-06-09,21.841636657714844,22.21171289341698,21.286344705065716,21.471560422012708,111310611036
2003-06-10,21.286334991455078,21.6564110582801,21.101117528110006,21.47155062388247,53176084025
2003-06-11,20.916261672973633,21.47155532471587,20.916261672973633,21.47155532471587,60828892589
2003-06-12,21.656414031982422,22.211705807483494,20.73104430792222,20.91625996578209,136477069104
2003-06-13,21.10112762451172,21.286345176479106,20.9162671016626,21.286345176479106,66954963790
2003-06-16,20.731042861938477,21.10111895376699,20.731042861938477,20.731042861938477,51793235972
2003-06-17,21.471553802490234,21.656414264254252,20.916260190115537,21.101120651879555,100960450135
2003-06-18,21.841636657714844,22.02685237466184,21.656420940767852,21.841636657714844,84217703845
2003-06-19,21.841636657714844,22.02685237466184,21.656420940767852,22.02685237466184,64311302785
2003-06-20,21.656414031982422,22.02684534770216,21.471553572201092,21.841629689842293,47996945477
2003-06-23,21.286334991455078,21.841626690707493,21.286334991455078,21.47155062388247,39969704393
2003-06-24,21.10112762451172,21.10112762451172,20.73105138061377,20.9162671016626,55692212560
2003-06-25,21.10112762451172,21.47156089752794,20.73105138061377,20.9162671016626,53202099134
2003-06-26,21.10112762451172,21.47156089752794,20.9162671016626,21.10112762451172,32158938451
2003-06-27,21.10112762451172,21.47156089752794,20.9162671016626,21.286345176479106,46451329847
2003-06-30,21.10112762451172,21.286345176479106,20.9162671016626,20.9162671016626,28406805466
2003-07-01,21.656414031982422,21.656414031982422,21.101120425563423,21.101120425563423,60523815656
2003-07-02,22.211711883544922,22.211711883544922,21.656419956142553,21.84163566466858,57313162709
2003-07-03,22.582141876220703,23.322294207277846,22.582141876220703,22.582141876220703,85603235654
2003-07-04,22.952213287353516,22.952213287353516,22.582137198483704,22.76699764389315,76343664050
2003-07-07,22.581893920898438,22.581893920898438,21.656452928411383,21.84154222545939,93530385024
2003-07-08,22.952075958251953,23.137546128792327,22.581899110010376,22.952075958251953,99411800454
2003-07-09,22.396814346313477,22.581901877659647,22.026637452702836,22.211724984049003,70019638063
2003-07-10,21.28627586364746,22.39680421100983,21.28627586364746,22.39680421100983,60270951107
2003-07-11,21.28627586364746,21.28627586364746,20.731011689966277,20.91609913755418,56009057175
2003-07-14,22.026630401611328,22.21171787370791,21.471366154403857,21.471366154403857,66079095337
2003-07-15,22.026630401611328,22.396807176722213,21.65645362650044,22.21171787370791,43450568707
2003-07-16,22.026630401611328,22.21171787370791,21.65645362650044,22.026630401611328,37579022970
2003-07-17,21.471370697021484,22.02663506170416,21.471370697021484,21.841547550449302,56681934796
2003-07-18,21.471370697021484,21.65645820827634,21.101193843593663,21.101193843593663,49861129963
2003-07-21,21.101194381713867,21.84154810744992,21.101194381713867,21.471371244581892,33956792885
2003-07-22,20.916109085083008,21.28628598722937,20.731021549469002,20.731021549469002,55617671227
2003-07-23,21.28627586364746,21.65645075882327,21.101186585142084,21.101186585142084,63373451654
2003-07-24,21.656465530395508,21.656465530395508,21.28629038272841,21.47137795656196,79735509542
2003-07-25,21.101194381713867,21.471371244581892,21.101194381713867,21.286283728606957,58440488710
2003-07-28,21.471370697021484,21.65645820827634,21.286283185766628,21.471370697021484,39421419179
2003-07-29,21.101194381713867,21.471371244581892,21.101194381713867,21.471371244581892,27504470801
2003-07-30,21.101194381713867,21.286283728606957,20.731019349763994,21.101194381713867,53640030158
2003-07-31,21.8415470123291,21.8415470123291,20.73101831032435,20.73101831032435,114120709746
2003-08-01,22.211721420288086,22.39681075285589,21.8415464169885,22.026633918638293,93000327378
2003-08-04,22.211721420288086,22.39681075285589,21.8415464169885,22.211721420288086,51672965192
2003-08-05,21.656465530395508,22.39681948756715,21.656465530395508,22.211730082814878,58083135669
2003-08-06,21.656465530395508,21.84155493514778,21.47137795656196,21.47137795656196,32957914783
2003-08-07,22.211721420288086,22.211721420288086,21.4713695827709,21.656457084420694,52379980930
2003-08-08,21.471370697021484,22.02663506170416,21.471370697021484,22.02663506170416,45816399346
2003-08-11,21.101194381713867,21.286283728606957,20.731019349763994,21.101194381713867,50757723974
2003-08-12,21.101194381713867,21.471371244581892,21.101194381713867,21.101194381713867,28211681929
2003-08-13,21.8415470123291,22.026634519023872,21.471370168021497,21.471370168021497,58787871858
2003-08-14,22.026630401611328,22.396807176722213,21.841542929514745,22.026630401611328,75356431788
2003-08-15,22.581893920898438,22.581893920898438,22.211717157720084,22.211717157720084,69231520500
2003-08-18,22.76698875427246,22.76698875427246,22.21172434528395,22.58190122824904,64299970375
2003-08-19,23.13754653930664,23.50772339411602,22.95207636547559,23.322634051252273,108214104053
2003-08-20,23.3226261138916,23.50771539376414,23.137538664936553,23.3226261138916,46342243584
2003-08-21,23.69281578063965,23.69281578063965,23.137551299644095,23.322638849669783,59475468849
2003-08-22,23.69281578063965,23.877903330665337,23.50772823061396,23.69281578063965,48475414989
2003-08-25,23.877891540527344,23.877891540527344,23.507716623256485,23.692804081891914,55161731471
2003-08-26,23.3226261138916,23.692802842719193,23.137538664936553,23.692802842719193,46839490762
2003-08-27,23.69281578063965,24.062992711609514,23.322638849669783,23.322638849669783,69312341766
2003-08-28,24.24807357788086,24.61825040681495,23.87789674894677,24.062986078872807,110860504524
2003-08-29,24.8033447265625,24.988432276468284,24.062992696020878,24.248080245926662,80557554802
2003-09-01,24.988428115844727,25.173517465851248,24.618253077668047,24.988428115844727,42394075642
2003-09-02,24.8033447265625,24.988432276468284,24.433167795832446,24.8033447265625,37245231943
2003-09-03,24.61825180053711,24.98842681951007,24.61825180053711,24.98842681951007,33790180436
2003-09-04,24.433162689208984,24.803339542570676,24.433162689208984,24.61825203134888,35047594406
2003-09-05,25.17351531982422,25.543690326443702,24.988425985596454,24.988425985596454,47028517936
2003-09-08,26.28404426574707,26.28404426574707,25.173515572888643,25.358603078059033,73586720610
2003-09-09,26.098955154418945,26.83930884331241,26.098955154418945,26.83930884331241,75344037056
2003-09-10,25.72877311706543,26.09894802953822,25.543683829911473,25.913860573301825,60459657641
2003-09-11,25.72877311706543,25.72877311706543,25.72877311706543,25.72877311706543,0
2003-09-12,25.17351531982422,25.543690326443702,25.17351531982422,25.35860282313396,52673822244
2003-09-15,24.8033447265625,25.173521657292554,24.618257176656716,25.173521657292554,44112319124
2003-09-16,25.35860824584961,25.35860824584961,24.433166869567344,24.433166869567344,62011519134
2003-09-17,26.469139099121094,26.654226655534526,25.728787042548802,25.728787042548802,106909841604
2003-09-18,26.098955154418945,26.469131998865677,25.91386764765461,26.28404449210134,50232185345
2003-09-19,25.54369354248047,26.28404731076851,25.54369354248047,26.09895795323737,40103307278
2003-09-22,24.988428115844727,25.358604984939586,24.988428115844727,25.358604984939586,44099438423
2003-09-23,25.17351531982422,25.17351531982422,24.61825097897697,24.803338482286712,40647723574
2003-09-24,25.17351531982422,25.17351531982422,24.803338482286712,25.17351531982422,39425352026
2003-09-25,24.61825180053711,24.803339310023592,24.433162460132543,24.61825180053711,45384682924
2003-09-26,24.433162689208984,24.803339542570676,24.24807517798719,24.61825203134888,49326898990
2003-09-29,24.61825180053711,24.98842681951007,24.248074950646064,24.433162460132543,44230610155
2003-09-30,24.61825180053711,24.98842681951007,24.61825180053711,24.61825180053711,25407273678
2003-10-01,24.61825180053711,24.803339310023592,24.433162460132543,24.61825180053711,24671014590
2003-10-02,25.35860824584961,25.35860824584961,24.803343786263934,24.98843132915302,39922120749
2003-10-03,25.913869857788086,25.913869857788086,25.173517936669796,25.543692981769833,52698696877
2003-10-06,26.28404426574707,26.46913177091746,25.91386742448825,26.46913177091746,63513105311
2003-10-07,25.913869857788086,26.28404673380634,25.543692981769833,26.28404673380634,56382722765
2003-10-08,25.72877311706543,26.09894802953822,25.543683829911473,25.913860573301825,42244647482
2003-10-09,25.54369354248047,25.728782900011606,25.173518489254704,25.358606015867586,46467769050
2003-10-10,25.54369354248047,25.54369354248047,25.54369354248047,25.54369354248047,0
2003-10-13,25.913869857788086,26.098957380338103,25.72878233523807,25.72878233523807,56550702943
2003-10-14,25.35860824584961,26.284049622131878,25.35860824584961,26.098960248324374,57016066502
2003-10-15,25.17351531982422,25.728779660671467,25.17351531982422,25.35860282313396,53098224070
2003-10-16,25.72877311706543,25.72877311706543,24.98841963028472,25.173508917438678,43381505903
2003-10-17,25.17351531982422,25.91386716398121,25.17351531982422,25.91386716398121,28499052832
2003-10-20,25.17351531982422,25.35860282313396,24.803338482286712,24.988425985596454,53462906736
2003-10-21,24.8033447265625,25.358609207198338,24.433167795832446,25.358609207198338,124954937727
2003-10-22,24.433162689208984,24.61825203134888,24.24807517798719,24.24807517798719,47089780175
2003-10-23,23.877891540527344,24.248068288715785,23.877891540527344,24.248068288715785,59432923957
2003-10-24,23.877891540527344,24.062980830080356,23.877891540527344,23.877891540527344,50638370824
2003-10-27,24.24807357788086,24.43316107688891,24.062986078872807,24.062986078872807,27947760315
2003-10-28,25.17351531982422,25.17351531982422,24.248074141439464,24.4331616447492,68341319245
2003-10-29,25.72877311706543,26.28403731669218,25.543683829911473,26.28403731669218,86353845379
2003-10-30,25.72877311706543,25.72877311706543,25.358596373675077,25.72877311706543,46748108423
2003-10-31,24.8033447265625,25.72878613792839,24.8033447265625,25.72878613792839,35997276847
2003-11-03,24.8033447265625,25.173521657292554,24.8033447265625,24.8033447265625,32278812241
2003-11-04,25.35860824584961,25.543695788738695,25.173520702960523,25.173520702960523,39473986569
2003-11-05,25.72877311706543,25.72877311706543,25.358596373675077,25.358596373675077,49296353040
2003-11-06,25.54369354248047,25.913870426624488,24.988429131723567,25.913870426624488,62787532546
2003-11-07,25.54369354248047,25.728782900011606,25.173518489254704,25.728782900011606,37384807945
2003-11-10,25.17351531982422,25.543690326443702,24.988425985596454,25.543690326443702,36922991463
2003-11-11,24.433162689208984,24.61825203134888,24.062987666765398,24.433162689208984,105287284048
2003-11-12,24.61825180053711,24.803339310023592,24.248074950646064,24.433162460132543,74206026336
2003-11-13,24.988428115844727,25.173517465851248,24.803340596756385,24.988428115844727,34684860629
2003-11-14,24.988428115844727,25.173517465851248,24.803340596756385,24.988428115844727,30487816093
2003-11-17,24.61825180053711,24.803339310023592,24.248074950646064,24.803339310023592,33994685995
2003-11-18,24.8033447265625,24.8033447265625,24.248080245926662,24.248080245926662,44979795035
2003-11-19,24.433162689208984,24.61825203134888,24.24807517798719,24.433162689208984,34973078221
2003-11-20,24.24807357788086,24.43316107688891,23.87789674894677,24.24807357788086,56741012676
2003-11-21,24.062984466552734,24.062984466552734,23.69280766242203,24.062984466552734,65098363442
2003-11-24,23.69281578063965,24.248080261635202,23.69281578063965,24.062992711609514,33096361030
2003-11-25,24.24807357788086,24.43316107688891,24.062986078872807,24.24807357788086,31656347712
2003-11-26,24.062984466552734,24.43315943976558,23.877895149028454,24.248071953159155,30805913305
2003-11-27,23.3226261138916,24.06297957154678,23.3226261138916,23.87789029167424,53578953289
2003-11-28,23.507719039916992,23.877893995242893,23.507719039916992,23.507719039916992,33359333249
2003-12-01,23.69281578063965,23.877903330665337,23.137551299644095,23.322638849669783,27982847827
2003-12-02,24.433162689208984,24.433162689208984,23.877898324625498,24.062987666765398,45087494933
2003-12-03,24.61825180053711,24.61825180053711,24.433162460132543,24.61825180053711,38394367360
2003-12-04,24.8033447265625,24.8033447265625,24.433167795832446,24.433167795832446,38222902730
2003-12-05,24.062984466552734,24.61824875728986,24.062984466552734,24.61824875728986,38966839637
2003-12-08,23.507719039916992,23.877893995242893,23.507719039916992,23.877893995242893,37655906378
2003-12-09,23.877891540527344,23.877891540527344,23.507716623256485,23.692804081891914,38300392348
2003-12-10,22.952075958251953,23.137546128792327,22.581899110010376,23.137546128792327,137454348315
2003-12-11,23.13754653930664,23.13754653930664,22.766987022611843,22.766987022611843,84341179424
2003-12-12,22.952075958251953,23.5077229770339,22.766986618672124,23.5077229770339,58444822358
2003-12-15,23.3226261138916,23.3226261138916,22.95206855422632,23.137538664936553,44587677627
2003-12-16,22.581893920898438,22.95207068407679,22.581893920898438,22.95207068407679,62468891749
2003-12-17,22.026630401611328,22.5818946488188,21.841542929514745,22.5818946488188,105078026508
2003-12-18,22.211721420288086,22.39681075285589,21.656457084420694,21.8415464169885,53048845543
2003-12-19,22.211721420288086,22.766985756155478,22.211721420288086,22.766985756155478,38567770859
2003-12-22,22.76698875427246,22.95207811121413,22.21172434528395,22.39681370222562,48458250740
2003-12-23,22.952075958251953,23.137546128792327,22.766986618672124,22.766986618672124,35672806918
2003-12-24,22.76698875427246,22.95207811121413,22.58190122824904,22.95207811121413,25285535769
2003-12-25,22.952075958251953,22.952075958251953,22.581899110010376,22.766986618672124,7210784224
2003-12-26,22.952075958251953,23.137546128792327,22.766986618672124,22.952075958251953,14701175109
2003-12-29,22.952075958251953,23.137546128792327,22.766986618672124,22.952075958251953,21356611224
2003-12-30,23.3226261138916,23.50771539376414,22.95206855422632,23.137538664936553,92688485147
2003-12-31,23.507719039916992,23.507719039916992,23.13754225367332,23.32262973133627,19860295564
2004-01-01,23.507719039916992,23.507719039916992,23.507719039916992,23.507719039916992,0
2004-01-02,24.24807357788086,24.24807357788086,23.507721750930667,23.507721750930667,75096573281
2004-01-05,24.433162689208984,24.433162689208984,24.062987666765398,24.24807517798719,40274020409
2004-01-06,24.433162689208984,24.61825203134888,24.062987666765398,24.433162689208984,42246846871
2004-01-07,24.24807357788086,24.61825040681495,24.062986078872807,24.43316107688891,57748718393
2004-01-08,24.24807357788086,24.61825040681495,24.24807357788086,24.43316107688891,35635863203
2004-01-09,24.988428115844727,24.988428115844727,24.618253077668047,24.803340596756385,72428198964
2004-01-12,24.988428115844727,25.173517465851248,24.618253077668047,24.988428115844727,32366304318
2004-01-13,24.988428115844727,25.173517465851248,24.803340596756385,25.173517465851248,31056560933
2004-01-14,24.8033447265625,25.173521657292554,24.618257176656716,24.8033447265625,39630308484
2004-01-15,24.8033447265625,24.988432276468284,24.433167795832446,24.988432276468284,43363600175
2004-01-16,24.61825180053711,24.98842681951007,24.61825180053711,24.803339310023592,32418385738
2004-01-19,24.61825180053711,24.61825180053711,24.61825180053711,24.61825180053711,0
2004-01-20,24.61825180053711,24.61825180053711,24.61825180053711,24.61825180053711,0
2004-01-21,24.61825180053711,24.61825180053711,24.61825180053711,24.61825180053711,0
2004-01-22,24.61825180053711,24.61825180053711,24.61825180053711,24.61825180053711,0
2004-01-23,24.61825180053711,24.61825180053711,24.61825180053711,24.61825180053711,0
2004-01-26,24.61825180053711,24.61825180053711,24.61825180053711,24.61825180053711,0
2004-01-27,25.35860824584961,25.35860824584961,24.98843132915302,25.173520702960523,81458086671
2004-01-28,24.988428115844727,25.173517465851248,24.803340596756385,24.988428115844727,41273422056
2004-01-29,24.61825180053711,25.173516159914637,24.61825180053711,24.61825180053711,86873011292
2004-01-30,24.433162689208984,24.803339542570676,24.24807517798719,24.61825203134888,52905669859
2004-02-02,24.062984466552734,24.61824875728986,24.062984466552734,24.43315943976558,31620533751
2004-02-03,23.507719039916992,23.877893995242893,23.32262973133627,23.692806517579942,78128703415
2004-02-04,23.13754653930664,23.50772339411602,23.13754653930664,23.50772339411602,44442032014
2004-02-05,23.13754653930664,23.50772339411602,22.95207636547559,23.13754653930664,48073147328
2004-02-06,23.3226261138916,23.692802842719193,23.3226261138916,23.3226261138916,34788161750
2004-02-09,24.062984466552734,24.248071953159155,23.69280766242203,23.69280766242203,46450068732
2004-02-10,23.69281578063965,24.248080261635202,23.69281578063965,24.062992711609514,36529491296
2004-02-11,23.69281578063965,23.877903330665337,23.50772823061396,23.877903330665337,25306778155
2004-02-12,23.877891540527344,24.062980830080356,23.692804081891914,23.692804081891914,66227356167
2004-02-13,23.69281578063965,23.877903330665337,23.50772823061396,23.877903330665337,38525854722
2004-02-16,23.13754653930664,23.692810906061656,23.13754653930664,23.692810906061656,59737436564
2004-02-17,23.13754653930664,23.50772339411602,23.13754653930664,23.13754653930664,42890781741
2004-02-18,23.3226261138916,23.692802842719193,23.3226261138916,23.50771539376414,67158874865
2004-02-19,23.507719039916992,23.692806517579942,23.32262973133627,23.507719039916992,59513264264
2004-02-20,23.507719039916992,23.692806517579942,23.32262973133627,23.507719039916992,71642481189
2004-02-23,23.13754653930664,23.50772339411602,22.95207636547559,23.322634051252273,65118193009
2004-02-24,22.76698875427246,23.137548299152073,22.76698875427246,22.95207811121413,57056792765
2004-02-25,22.76698875427246,23.137548299152073,22.76698875427246,22.95207811121413,55758417063
2004-02-26,23.507719039916992,23.507719039916992,22.952072114195833,23.13754225367332,59569366206
2004-02-27,23.507719039916992,23.507719039916992,23.13754225367332,23.507719039916992,50344409270
2004-03-01,23.877891540527344,23.877891540527344,23.32262733370347,23.507716623256485,70684384459
2004-03-02,24.8033447265625,24.8033447265625,24.062992696020878,24.248080245926662,135451351653
2004-03-03,24.433162689208984,24.988427053792467,24.24807517798719,24.803339542570676,78815548906
2004-03-04,24.8033447265625,24.988432276468284,24.248080245926662,24.433167795832446,102016096914
2004-03-05,24.8033447265625,25.358609207198338,24.8033447265625,25.173521657292554,116491650582
2004-03-08,24.433162689208984,24.988427053792467,24.433162689208984,24.433162689208984,55670361361
2004-03-09,24.24807357788086,24.43316107688891,23.87789674894677,24.062986078872807,49940613560
2004-03-10,23.3226261138916,24.06297957154678,23.3226261138916,24.06297957154678,119262980330
2004-03-11,23.507719039916992,23.692806517579942,22.952072114195833,22.952072114195833,67802288695
2004-03-12,22.952075958251953,23.322633637454075,22.952075958251953,23.137546128792327,113946512162
2004-03-15,22.581893920898438,23.507717575176184,22.581893920898438,23.322628278128178,60407658886
2004-03-16,22.396814346313477,22.766989409005813,22.211724984049003,22.766989409005813,84634725148
2004-03-17,22.396814346313477,22.766989409005813,22.211724984049003,22.581901877659647,89454311868
2004-03-18,22.952075958251953,23.137546128792327,22.211722261768802,22.211722261768802,152536452257
2004-03-19,23.3226261138916,23.3226261138916,22.76697927435378,22.95206855422632,50284855440
2004-03-22,21.8415470123291,21.8415470123291,21.8415470123291,21.8415470123291,14709469158
2004-03-23,20.360843658447266,21.101195595864592,20.360843658447266,20.360843658447266,338383911337
2004-03-24,21.471370697021484,21.65645820827634,21.101193843593663,21.65645820827634,191804415239
2004-03-25,21.471370697021484,21.841547550449302,21.286283185766628,21.841547550449302,99468714016
2004-03-26,21.656465530395508,22.02664250898133,21.47137795656196,21.84155493514778,64095071532
2004-03-29,22.76698875427246,22.76698875427246,22.02663681926053,22.21172434528395,63163056845
2004-03-30,22.211721420288086,22.766985756155478,22.211721420288086,22.581898254505685,58881388456
2004-03-31,22.211721420288086,22.581898254505685,22.026633918638293,22.39681075285589,45705002070
2004-04-01,22.026630401611328,22.21171787370791,21.841542929514745,22.026630401611328,51577118946
2004-04-02,22.026630401611328,22.21171787370791,21.65645362650044,22.026630401611328,46253291094
2004-04-05,22.952075958251953,22.952075958251953,22.211722261768802,22.581899110010376,81636893451
2004-04-06,22.952075958251953,23.137546128792327,22.581899110010376,23.137546128792327,64074695876
2004-04-07,22.76698875427246,22.95207811121413,22.58190122824904,22.76698875427246,21580094650
2004-04-08,22.581893920898438,22.766981387028785,22.39680645476809,22.581893920898438,38234543457
2004-04-09,22.211721420288086,22.581898254505685,22.211721420288086,22.39681075285589,25151074974
2004-04-12,22.581893920898438,22.95207068407679,22.39680645476809,22.39680645476809,41585915587
2004-04-13,22.396814346313477,22.952078771270287,22.211724984049003,22.766989409005813,40807655192
2004-04-14,23.3226261138916,23.50771539376414,22.211715096571137,22.39680437644368,86126732211
2004-04-15,22.581893920898438,23.322628278128178,22.581893920898438,23.322628278128178,57452402141
2004-04-16,22.581893920898438,22.766981387028785,22.211717157720084,22.39680645476809,82229731365
2004-04-19,22.026630401611328,22.5818946488188,22.026630401611328,22.396807176722213,68277567038
2004-04-20,22.581893920898438,22.766981387028785,22.211717157720084,22.211717157720084,51785354447
2004-04-21,22.76698875427246,22.76698875427246,22.58190122824904,22.58190122824904,57984263385
2004-04-22,22.952075958251953,23.69281048569565,22.581899110010376,23.137546128792327,168975343453
2004-04-23,23.69281578063965,23.69281578063965,23.137551299644095,23.322638849669783,123657919733
2004-04-26,23.507719039916992,23.877893995242893,23.507719039916992,23.692806517579942,75043367117
2004-04-27,23.507719039916992,23.507719039916992,22.952072114195833,23.507719039916992,61855492809
2004-04-28,22.952075958251953,23.5077229770339,22.952075958251953,23.322633637454075,42400077618
2004-04-29,22.396814346313477,22.581901877659647,22.026637452702836,22.211724984049003,116496329919
2004-04-30,21.28627586364746,22.211714932504453,20.91609913755418,22.211714932504453,117918718068
2004-05-03,21.471370697021484,21.65645820827634,21.101193843593663,21.286283185766628,45051533177
2004-05-04,21.8415470123291,22.026634519023872,21.656457674716272,21.8415470123291,40181643586
2004-05-05,20.360843658447266,21.84154936420018,20.360843658447266,21.84154936420018,100411635466
2004-05-06,20.54591941833496,21.10118351112537,20.54591941833496,20.73100866987657,107086995086
2004-05-07,21.101194381713867,21.101194381713867,20.360842486895965,20.360842486895965,79685895545
2004-05-10,20.360843658447266,20.73102054261506,19.99066677427947,20.73102054261506,73920681977
2004-05-11,21.28627586364746,21.28627586364746,19.805570790191812,20.5459224114609,67254610891
2004-05-12,21.28627586364746,21.65645075882327,21.101186585142084,21.471363311235365,66123068077
2004-05-13,21.101194381713867,21.101194381713867,20.360842486895965,21.101194381713867,66581452711
2004-05-14,20.360843658447266,21.101195595864592,20.175756131822496,20.916108069239826,78750063240
2004-05-17,19.065227508544922,19.805579453663043,19.065227508544922,19.805579453663043,86322031900
2004-05-18,19.250320434570312,19.620497426380094,19.065232854124815,19.250320434570312,57083896847
2004-05-19,20.54591941833496,20.54591941833496,19.805567904920153,19.99065532554455,81206930528
2004-05-20,20.360843658447266,20.360843658447266,19.620491721029936,19.99066677427947,90653143947
2004-05-21,20.360843658447266,20.73102054261506,19.99066677427947,20.175756131822496,73720612771
2004-05-24,19.990665435791016,20.36084229517337,19.805577921558907,20.36084229517337,38600894452
2004-05-25,20.175758361816406,20.545933455980798,19.805581436733558,19.990668983815752,39175308103
2004-05-26,20.73101806640625,21.101193075440367,20.73101806640625,20.91610557092331,61119564380
2004-05-27,21.101194381713867,21.101194381713867,20.731019349763994,21.101194381713867,48113713271
2004-05-28,21.471370697021484,21.471370697021484,21.101193843593663,21.286283185766628,69947358842
2004-05-31,20.73101806640625,21.286282410875465,20.73101806640625,21.286282410875465,33106919598
2004-06-01,20.916109085083008,21.101196620697017,20.54593218293665,20.731021549469002,30231917989
2004-06-02,20.54591941833496,20.916096090500968,20.17574457708616,20.73100866987657,50458326574
2004-06-03,19.6204891204834,20.731017794876394,19.6204891204834,20.54592846186555,70389020107
2004-06-04,19.6204891204834,19.990664124669053,19.435399787472555,19.6204891204834,58741995319
2004-06-07,20.360843658447266,20.360843658447266,19.99066677427947,20.175756131822496,43261676803
2004-06-08,20.916109085083008,20.916109085083008,20.36084464732264,20.54593218293665,52369399817
2004-06-09,20.360843658447266,20.73102054261506,20.360843658447266,20.545931185072032,38013850599
2004-06-10,19.6204891204834,20.175753457679896,19.6204891204834,19.990664124669053,61053061685
2004-06-11,18.695043563842773,19.250307770819337,18.509956105156448,19.250307770819337,107893814967
2004-06-14,18.51662826538086,19.41479297469858,18.47413227040127,18.815868811104806,113316447664
2004-06-15,18.388261795043945,18.516634110942295,18.174454390069325,18.516634110942295,98036108718
2004-06-16,18.60206413269043,19.200988381897137,18.38825861850922,19.200988381897137,84062262225
2004-06-17,18.944244384765625,19.2439280548119,18.516631489219936,18.516631489219936,103497931522
2004-06-18,18.302824020385742,18.645003691050526,18.089018500641842,18.645003691050526,70348210608
2004-06-21,18.60206413269043,18.94424379445255,18.474134911177355,18.94424379445255,50995565009
2004-06-22,18.60206413269043,18.60206413269043,18.60206413269043,18.60206413269043,0
2004-06-23,19.543163299560547,19.6715355621205,18.644998679884363,18.644998679884363,109654288439
2004-06-24,19.585662841796875,19.799470196705037,19.543166843352747,19.799470196705037,46748331561
2004-06-25,19.75697135925293,19.799467351590533,19.500224970612198,19.58566002740574,35313966816
2004-06-28,19.62860107421875,19.799469351204152,19.24392545145545,19.71403428578224,34155088882
2004-06-29,19.714038848876953,19.714038848876953,19.371859143540703,19.457737301003423,31987220079
2004-06-30,20.697635650634766,20.697635650634766,20.099154490981448,20.099154490981448,84527539216
2004-07-01,20.697635650634766,20.868945158797217,20.56926150677418,20.74057286879519,40285560726
2004-07-02,19.75697135925293,20.013272821917088,19.671536302459387,19.799467351590533,70731377312
2004-07-05,19.158052444458008,19.457736125219377,19.072617364423564,19.243928742872576,36094475644
2004-07-06,19.671541213989258,19.671541213989258,19.15805201621786,19.15805201621786,25355314700
2004-07-07,19.115558624267578,19.243930941244823,18.944247226248436,19.02968231604274,51088649390
2004-07-08,19.243928909301758,19.58566552467752,19.20098983279375,19.243928909301758,43033971834
2004-07-09,19.671541213989258,19.71403721693713,19.200989237536,19.371857539926722,41715881710
2004-07-12,19.158052444458008,19.671541653707433,19.02968014214565,19.671541653707433,50840377531
2004-07-13,18.901750564575195,19.029681658702803,18.815874259316775,18.901750564575195,48811729097
2004-07-14,18.901750564575195,19.158053971245703,18.85881333887543,19.029681658702803,43236498540
2004-07-15,18.388261795043945,18.559571337764375,18.08902115485199,18.47413810254704,93174519231
2004-07-16,18.174455642700195,18.47413937583289,17.960650076848474,17.960650076848474,62835198344
2004-07-19,18.046520233154297,18.174449441937185,17.875208883215752,18.089016229979695,49032212214
2004-07-20,17.746837615966797,18.003582192528082,17.746837615966797,17.83271390499467,66092901386
2004-07-21,18.559566497802734,18.773373847020697,18.00358137080382,18.089016437600343,77488231029
2004-07-22,18.51662826538086,18.602061473627565,17.960643168912554,17.960643168912554,87100386778
2004-07-23,18.302824020385742,18.645003691050526,18.260329872084608,18.388259096926085,39942737760
2004-07-26,17.490537643432617,17.832717356926615,17.490537643432617,17.74684105127541,75751311690
2004-07-27,17.832714080810547,18.08901744156687,17.404658140305134,17.49053443017968,70110776710
2004-07-28,17.832714080810547,18.17445065924661,17.789775008943998,17.960645152020582,66424442861
2004-07-29,17.53303337097168,17.918152158071763,17.53303337097168,17.83271707220196,57120501501
2004-07-30,18.345760345458984,18.516628619074574,18.089015789810443,18.260327135580383,113113363251
2004-08-02,18.302824020385742,18.388259096926085,18.13195572116372,18.345763094766287,52584771024
2004-08-03,18.815874099731445,18.858813178925917,18.34576515152099,18.38826115844504,71687761475
2004-08-04,18.730438232421875,18.815873314977154,18.516632697625305,18.645005003725394,50814051124
2004-08-05,19.243928909301758,19.371858140481628,18.51663231141558,18.815872922526033,74169013338
2004-08-06,18.815874099731445,19.243930113288272,18.730439013612926,19.029681497304086,58624417859
2004-08-09,18.51662826538086,18.730433748999747,18.34575999502909,18.38825599000868,61371221716
2004-08-10,18.51662826538086,18.64500054075304,18.4311932032758,18.51662826538086,21795900924
2004-08-11,18.730438232421875,18.987184698480853,18.730438232421875,18.730438232421875,60926838978
2004-08-12,18.730438232421875,18.730438232421875,18.431197615070026,18.55956992117012,32492619043
2004-08-13,18.730438232421875,18.858812392380763,18.474136692473635,18.474136692473635,36585159046
2004-08-16,18.559566497802734,18.687940634082626,18.559566497802734,18.687940634082626,25559606746
2004-08-17,18.730438232421875,18.773377309825484,18.645005003725394,18.645005003725394,18408142353
2004-08-18,19.158052444458008,19.32936382290702,18.645004453588708,18.73043767976441,77122155631
2004-08-19,20.01327133178711,20.056210393045934,19.500223518682265,19.500223518682265,100609360288
2004-08-20,19.842409133911133,20.013277433008312,19.79947191342062,19.885348208260304,51903182740
2004-08-23,20.09916114807129,20.22709040824868,19.842414629171067,19.842414629171067,44596241037
2004-08-24,20.09916114807129,20.09916114807129,20.09916114807129,20.09916114807129,0
2004-08-25,20.09916114807129,20.09916114807129,20.09916114807129,20.09916114807129,0
2004-08-26,20.783069610595703,20.868945903840995,20.440889946533872,20.440889946533872,137066512391
2004-08-27,20.526769638061523,20.740575169766288,20.526769638061523,20.740575169766288,46286067066
2004-08-30,20.569257736206055,20.655135864501638,20.44088546973606,20.526763598031643,53305372453
2004-08-31,20.09916114807129,20.569268319569307,20.013282975589405,20.440895987048787,58552333124
2004-09-01,20.141647338867188,20.312958689847616,20.056214126390106,20.09915319564178,54005075237
2004-09-02,19.62860107421875,20.056213911916128,19.41479372844085,19.885345634930726,63918998808
2004-09-03,18.9871826171875,19.37185642106954,18.815871252462216,19.329362274434693,126728011270
2004-09-06,18.815874099731445,18.901750404261513,18.51663346989916,18.730439013612926,68694328141
2004-09-07,18.9871826171875,18.9871826171875,18.730436179271965,18.815871252462216,34033030082
2004-09-08,18.773374557495117,18.944242843696188,18.730435486386728,18.944242843696188,35283890157
2004-09-09,18.68794822692871,18.8588165760865,18.60207005306998,18.773381474578002,42881853941
2004-09-10,19.072614669799805,19.200986953975423,18.944242385624186,19.200986953975423,52491370462
2004-09-13,19.62860107421875,19.671538289152824,19.37185465964835,19.62860107421875,82727058838
2004-09-14,19.457731246948242,19.71403271507644,19.414792181576892,19.671536721832876,57759550350
2004-09-15,19.414796829223633,19.500230054431864,19.329363604015402,19.414796829223633,28846800196
2004-09-16,19.414796829223633,19.414796829223633,18.987183923231193,19.029679926647745,38571955299
2004-09-17,19.158052444458008,19.32936382290702,19.02968014214565,19.243928742872576,35446947013
2004-09-20,19.329364776611328,19.414798007002275,19.15805338970987,19.286425698356073,28751638685
2004-09-21,19.671541213989258,19.671541213989258,19.41479661510356,19.671541213989258,50264858982
2004-09-22,19.585662841796875,19.671539129190645,19.371855486888716,19.671539129190645,33621707955
2004-09-23,19.20098876953125,19.286423845573566,19.158051549259664,19.158051549259664,41734597832
2004-09-24,18.68794822692871,19.243933579822475,18.68794822692871,19.243933579822475,77032114486
2004-09-27,18.388261795043945,18.559571337764375,18.21739347075034,18.559571337764375,75683974052
2004-09-28,18.388261795043945,18.388261795043945,18.388261795043945,18.388261795043945,0
2004-09-29,18.26032829284668,18.602063007877252,18.174450151512733,18.174450151512733,40361650413
2004-09-30,18.51662826538086,18.68793960787851,18.4311932032758,18.4311932032758,44969847676
2004-10-01,19.02967643737793,19.02967643737793,18.645000823711058,18.773373101031424,44043250339
2004-10-04,19.457731246948242,19.457731246948242,19.200984852833987,19.243923918205336,86714251491
2004-10-05,19.371856689453125,19.457734836036533,19.286423468937848,19.457734836036533,47380051173
2004-10-06,19.243928909301758,19.457736293497646,19.02968030672192,19.371858140481628,51228958824
2004-10-07,19.243928909301758,19.371858140481628,18.858811999034042,19.371858140481628,47753789553
2004-10-08,18.51662826538086,18.858807878230277,18.34575999502909,18.68793960787851,98761848079
2004-10-11,18.302824020385742,18.474135391828508,18.217390797704063,18.302824020385742,38940151740
2004-10-12,18.217390060424805,18.474134644158493,18.217390060424805,18.302823279648898,55164258373
2004-10-13,18.217390060424805,18.345762352291647,18.174450987782055,18.302823279648898,31834946292
2004-10-14,18.26032829284668,18.431194723432714,18.089016936219714,18.174450151512733,47798054806
2004-10-15,18.174455642700195,18.260333809981173,18.046526390270387,18.174455642700195,42023999488
2004-10-18,18.046520233154297,18.302821722885206,18.046520233154297,18.26032757991824,25372937365
2004-10-19,18.388261795043945,18.47413810254704,18.21739347075034,18.260332551431357,36069093386
2004-10-20,18.302824020385742,18.516631393988305,18.302824020385742,18.388259096926085,45963440121
2004-10-21,18.474132537841797,18.602061742920057,18.1744489156336,18.1744489156336,43541046115
2004-10-22,18.474132537841797,18.815869083492473,18.474132537841797,18.815869083492473,47643991526
2004-10-25,18.474132537841797,18.474132537841797,18.474132537841797,18.474132537841797,0
2004-10-26,18.046520233154297,18.26032757991824,18.046520233154297,18.26032757991824,36858358653
2004-10-27,17.91814613342285,18.04651840134043,17.66139974372945,17.960642125934687,42310081250
2004-10-28,18.388261795043945,18.68794550752166,18.302826705967675,18.431199021866025,102666842616
2004-10-29,18.730438232421875,18.815873314977154,18.516632697625305,18.602065926321785,72732544402
2004-11-01,18.773374557495117,18.987181914804577,18.602063199107064,18.858809627524913,63414805282
2004-11-02,19.243928909301758,19.329363990075077,18.901749221683296,18.987184302456615,91234260777
2004-11-03,20.056217193603516,20.099156269421897,19.457735980994585,19.457735980994585,171405475533
2004-11-04,20.312959671020508,20.483827958086533,19.84240773676974,20.14164831176526,172666648797
2004-11-05,20.398391723632812,20.7405694654719,20.227080389722303,20.526763992570213,126636819579
2004-11-08,20.483829498291016,20.52676857284541,20.270023977681472,20.52676857284541,54924396034
2004-11-09,20.440893173217773,20.483832253547856,20.31296393065073,20.39839901902875,63245113030
2004-11-10,20.526769638061523,20.526769638061523,20.355458257035128,20.440891484496174,81425704318
2004-11-11,19.79947280883789,20.312962019933806,19.75697680478729,20.184589717159827,60703295059
2004-11-12,20.09916114807129,20.398401827010147,19.88535371541201,19.88535371541201,39705844004
2004-11-15,20.312959671020508,20.612200246016027,20.312959671020508,20.483827958086533,55523470022
2004-11-16,20.697635650634766,20.74057286879519,20.398395070808107,20.440889216772153,82531782324
2004-11-17,21.25362205505371,21.25362205505371,20.5692627112871,20.655140860354006,145949055570
2004-11-18,21.59580421447754,21.80960975961028,21.296563582659267,21.381996815485916,135703081123
2004-11-19,21.59580421447754,21.80960975961028,21.339059589865354,21.59580421447754,94392384566
2004-11-22,20.612201690673828,21.125249660019374,20.612201690673828,20.954381360977617,73892522380
2004-11-23,20.697635650634766,20.826007940636792,20.31295999896651,20.697635650634766,58128638244
2004-11-24,20.911449432373047,21.08276086217456,20.569269645141702,20.697643839794388,46604307007
2004-11-25,20.655139923095703,21.039815579834894,20.655139923095703,20.996876507249866,44418372009
2004-11-26,20.184595108032227,21.125256264349385,19.885354418512897,20.74058047167051,42229991004
2004-11-29,20.056217193603516,20.398396875726366,19.970782114202336,20.099156269421897,44086215739
2004-11-30,20.227088928222656,20.270028011321727,19.799475948051928,20.270028011321727,92781796853
2004-12-01,19.842409133911133,19.970781430879565,19.756975911291875,19.79947191342062,47480741449
2004-12-02,20.526769638061523,20.526769638061523,20.09915672079322,20.22708595279141,64620027794
2004-12-03,20.911449432373047,20.95438852138117,20.65514782315795,20.783077091579656,72926775765
2004-12-06,20.911449432373047,20.95438852138117,20.569269645141702,20.697643839794388,57341256884
2004-12-07,21.039810180664062,21.08274738837209,20.69763061211674,20.86894007857655,68897214941
2004-12-08,20.868946075439453,20.95438115103368,20.697636559752446,20.95438115103368,47607520997
2004-12-09,20.612201690673828,20.74057398760062,20.312961094705283,20.569262616338584,63210425407
2004-12-10,20.612201690673828,20.612201690673828,20.099155575186945,20.39839617115549,80976385652
2004-12-13,20.355459213256836,20.826011229412547,20.013279507375284,20.184590896449233,66565011387
2004-12-14,20.569257736206055,20.612196800353846,20.398391331561648,20.526763598031643,37938654785
2004-12-15,21.29656219482422,21.381995422083428,20.65514189350773,20.697637897944475,86281567427
2004-12-16,21.38199234008789,21.38199234008789,21.12524776921411,21.296559125143002,58561691185
2004-12-17,21.29656219482422,21.595802807141848,21.29656219482422,21.33905819926096,42662323757
2004-12-20,21.38199234008789,21.38199234008789,20.95437948546584,20.95437948546584,60753721438
2004-12-21,21.082754135131836,21.33905751642546,21.082754135131836,21.25362243804135,56773111485
2004-12-22,21.29656219482422,21.595802807141848,21.168189890883774,21.21068589532052,96826666077
2004-12-23,21.38199234008789,21.38199234008789,21.12524776921411,21.168186839706113,41782753860
2004-12-24,21.38199234008789,21.595799694328164,21.296559125143002,21.38199234008789,26070216099
2004-12-27,21.33905601501465,21.381993233442103,21.210683724214277,21.381993233442103,8412253410
2004-12-28,21.38199234008789,21.595799694328164,21.339055123454383,21.339055123454383,31476852253
2004-12-29,21.59580421447754,21.80960975961028,21.381996815485916,21.59580421447754,48221824340
2004-12-30,21.59580421447754,21.80960975961028,21.59580421447754,21.59580421447754,50723966064
2004-12-31,21.59580421447754,22.0234171586019,21.59580421447754,21.59580421447754,45287534302
2005-01-03,21.809608459472656,22.023415845718564,21.59580292708552,21.809608459472656,31140095998
2005-01-04,21.210693359375,21.595810406719227,21.210693359375,21.38200294642185,33197547587
2005-01-05,20.740577697753906,20.868950017644426,20.740577697753906,20.868950017644426,45343603622
2005-01-06,20.526769638061523,20.697637946842384,20.48383056127885,20.569263788739896,52027134231
2005-01-07,20.440893173217773,20.483832253547856,20.31296393065073,20.440893173217773,52145038772
2005-01-10,20.740577697753906,20.868950017644426,20.44089397595652,20.44089397595652,42064905324
2005-01-11,20.612201690673828,20.783069989715585,20.52676846808228,20.655140765009072,39142041694
2005-01-12,20.09916114807129,20.569268319569307,20.09916114807129,20.440895987048787,49071295621
2005-01-13,20.01327133178711,20.440884094459655,19.885342146039434,20.227078640052433,42903907522
2005-01-14,20.09916114807129,20.141655308109925,19.75698138289149,19.88535371541201,58380111429
2005-01-17,20.911449432373047,20.911449432373047,20.355464052563047,20.44089730434831,49625182164
2005-01-18,20.99687385559082,21.039812922753146,20.78306651793007,20.911438793412433,50467394471
2005-01-19,20.398391723632812,21.082749061169245,20.398391723632812,20.99687278508128,37326191436
2005-01-20,20.526769638061523,20.740575169766288,20.270025029574082,20.270025029574082,47151667938
2005-01-21,20.312959671020508,20.526767029412284,20.312959671020508,20.398394741482786,34275911505
2005-01-24,20.09916114807129,20.355462740769205,20.056222061830347,20.312966726871394,28352792508
2005-01-25,20.355459213256836,20.398398292056623,19.970783500841844,19.970783500841844,44250071829
2005-01-26,21.039810180664062,21.12524337784971,20.4838233023212,20.526762363887336,84585365094
2005-01-27,21.12525177001953,21.16819084864355,20.91144437528735,21.039818538894874,52258477265
2005-01-28,21.38199234008789,21.809605194709942,21.210682838017494,21.210682838017494,96812921013
2005-01-31,22.23722267150879,22.451028198507277,21.595802382795867,21.595802382795867,152370837131
2005-02-01,22.451026916503906,22.66483428515225,22.237221401714187,22.451026916503906,126248497378
2005-02-02,22.87864875793457,23.092454339113857,22.66484132289609,22.66484132289609,127649264280
2005-02-03,22.87864875793457,23.092454339113857,22.45103388785761,22.87864875793457,106363439154
2005-02-04,22.87864875793457,22.87864875793457,22.87864875793457,22.87864875793457,0
2005-02-07,22.87864875793457,22.87864875793457,22.87864875793457,22.87864875793457,0
2005-02-08,22.87864875793457,22.87864875793457,22.87864875793457,22.87864875793457,0
2005-02-09,22.87864875793457,22.87864875793457,22.87864875793457,22.87864875793457,0
2005-02-10,22.87864875793457,22.87864875793457,22.87864875793457,22.87864875793457,0
2005-02-11,22.87864875793457,22.87864875793457,22.87864875793457,22.87864875793457,0
2005-02-14,23.306251525878906,23.73386435406587,23.092444184856234,23.306251525878906,166804805119
2005-02-15,23.520061492919922,23.733868874666584,23.306255965031998,23.306255965031998,72234208996
2005-02-16,23.306251525878906,23.520057013043196,22.878638697691944,23.520057013043196,45692838023
2005-02-17,22.87864875793457,23.306261774152336,22.66484132289609,23.306261774152336,51282538224
2005-02-18,23.092445373535156,23.306252725563517,22.66483252333691,22.87863987536527,72099015536
2005-02-21,23.306251525878906,23.306251525878906,22.878638697691944,23.092444184856234,33289870061
2005-02-22,23.092445373535156,23.306252725563517,22.87863987536527,23.092445373535156,30276297793
2005-02-23,22.87864875793457,23.092454339113857,22.45103388785761,22.87864875793457,63483267116
2005-02-24,22.664833068847656,22.87864042602206,22.45102571167325,22.664833068847656,45716173892
2005-02-25,23.520061492919922,23.520061492919922,23.092448583285336,23.092448583285336,100432106055
2005-02-28,23.520061492919922,23.520061492919922,23.520061492919922,23.520061492919922,0
2005-03-01,23.220813751220703,23.47711705800306,23.092441488707856,23.306248804767545,45611671886
2005-03-02,23.13538360595703,23.39168509271916,23.092444537463873,23.220816816924938,54573620253
2005-03-03,22.87864875793457,23.092454339113857,22.750274570126354,23.092454339113857,76743661371
2005-03-04,22.451026916503906,22.707773358537835,22.28015862124115,22.66483428515225,79686501453
2005-03-07,22.579397201538086,22.707771338061978,22.365591705772196,22.45102491887265,41530428744
2005-03-08,22.964075088500977,23.177882459141752,22.57939942100515,22.87864186700277,39390950305
2005-03-09,22.664833068847656,22.835701354940795,22.53646078164908,22.53646078164908,31971749198
2005-03-10,22.23722267150879,22.579400499925274,22.108850370090792,22.579400499925274,52766961183
2005-03-11,22.451026916503906,22.621895211766663,22.28015862124115,22.28015862124115,32535323155
2005-03-14,22.02341079711914,22.237218134352315,21.937977588969957,22.194279067275858,38227024463
2005-03-15,21.852102279663086,22.023413644110796,21.8096062792385,21.98047457148356,36182466008
2005-03-16,22.23722267150879,22.23722267150879,21.809607909794355,21.809607909794355,51111133328
2005-03-17,21.76667022705078,22.02341482445191,21.68123514942008,21.809607448120644,62232356540
2005-03-18,21.76667022705078,21.980475749523357,21.68123514942008,21.809607448120644,35101998612
2005-03-21,21.6382999420166,21.72417624600669,21.510368849778448,21.72417624600669,52954513236
2005-03-22,21.59580421447754,21.72417652678363,21.339059589865354,21.510369127792007,44011491777
2005-03-23,21.510372161865234,21.595807260601525,21.29656658657487,21.339062599775087,48383695519
2005-03-24,21.6382999420166,21.98047779503291,21.424492545788357,21.467431624712834,44706895386
2005-03-25,22.02341079711914,22.02341079711914,21.76666624666786,21.76666624666786,29554956414
2005-03-28,22.02341079711914,22.108845859126674,21.8950385218935,22.065906792050217,21578933118
2005-03-29,21.852102279663086,22.023413644110796,21.724173060045267,22.023413644110796,25286949476
2005-03-30,21.6382999420166,21.809609477729143,21.59580393535976,21.59580393535976,57722223499
2005-03-31,22.02341079711914,22.065906792050217,21.724170251736783,21.8950385218935,32289271146
2005-04-01,22.493967056274414,22.536463059464154,21.85210370154833,22.023415077143028,44872512425
2005-04-04,22.32265281677246,22.57939738418011,22.28015681903479,22.28015681903479,28863799283
2005-04-05,22.32265281677246,22.32265281677246,22.32265281677246,22.32265281677246,0
2005-04-06,22.02341079711914,22.365590409577955,22.02341079711914,22.15178307234478,32716072938
2005-04-07,21.980470657348633,22.28015426025117,21.980470657348633,22.02340972232957,50403640211
2005-04-08,22.365591049194336,22.365591049194336,22.065907423096174,22.237218770297474,38373156886
2005-04-11,22.19428253173828,22.45102712226664,22.19428253173828,22.45102712226664,30677941288
2005-04-12,22.365591049194336,22.40808704534072,22.02341142694979,22.02341142694979,19729611654
2005-04-13,22.451026916503906,22.493965989889492,22.237221401714187,22.365593695801838,21487076131
2005-04-14,21.9379825592041,22.10885086807247,21.895043482399437,22.10885086807247,49927797525
2005-04-15,21.9379825592041,22.19428409557727,21.595802869221604,21.72417517353107,52396006947
2005-04-18,21.510372161865234,21.595807260601525,21.381999831452013,21.595807260601525,82500076458
2005-04-19,21.424495697021484,21.595807111790315,21.339062452733035,21.424495697021484,53314278200
2005-04-20,21.424495697021484,21.8096126856074,21.339062452733035,21.8096126856074,36464252987
2005-04-21,21.210693359375,21.467438057604486,20.996885899077622,21.039824990869143,69457763228
2005-04-22,21.210693359375,21.51037529553659,21.210693359375,21.424498965812962,47564687339
2005-04-25,21.29656219482422,21.33905819926096,21.104001885054792,21.21068589532052,26072543538
2005-04-26,22.065908432006836,22.151784718683796,21.3607451562899,21.381992228405366,61575799203
2005-04-27,22.32265281677246,22.32265281677246,21.937979037835632,22.28015681903479,65262914721
2005-04-28,22.664833068847656,22.664833068847656,22.02341285118296,22.237220208357368,50355185568
2005-04-29,22.19428253173828,22.322654827002463,22.108849310253223,22.322654827002463,34023149445
2005-05-02,22.19428253173828,22.19428253173828,22.19428253173828,22.19428253173828,0
2005-05-03,22.365591049194336,22.707770671438883,22.322651980889898,22.322651980889898,48265716324
2005-05-04,22.451026916503906,22.66483428515225,22.365593695801838,22.365593695801838,31220693450
2005-05-05,23.04950523376465,23.263310704815616,22.707768713149086,22.707768713149086,69078812263
2005-05-06,23.34919548034668,23.39169148829878,22.964078536667724,23.049513624853056,58038276527
2005-05-09,23.39168930053711,23.39168930053711,23.04951146909436,23.349193296559548,51938652030
2005-05-10,23.39168930053711,23.520061603090447,23.177883771647693,23.39168930053711,41962019351
2005-05-11,22.921571731567383,23.007006779508753,22.57939217544556,22.878634525418526,53146597206
2005-05-12,23.306251525878906,23.306251525878906,22.964071907355336,23.00701097519284,56783075558
2005-05-13,23.434627532958984,23.60549583333754,23.177882937096747,23.22082015790925,64807210969
2005-05-16,23.434627532958984,23.562999830890103,23.306255235027866,23.520060756218925,36327799197
2005-05-17,23.220813751220703,23.520054266969066,23.177876542254698,23.434621067280393,34232561857
2005-05-18,23.477121353149414,23.520058569970796,23.135384784157576,23.22081799947628,42082145938
2005-05-19,24.118989944458008,24.161484098447797,23.733871147857155,23.733871147857155,111472123607
2005-05-20,24.161479949951172,24.246915023259536,23.947674438295454,23.947674438295454,49192818671
2005-05-23,23.605493545532227,24.076045470839087,23.477121260042736,24.076045470839087,26781931543
2005-05-24,24.118989944458008,24.24691918642526,23.563002825761142,23.605498833609843,58410723837
2005-05-25,23.862232208251953,24.332784017050766,23.776799014425215,24.11897856951935,57040854785
2005-05-26,23.947669982910156,23.99060719381941,23.64842759976054,23.862234925496704,45060152305
2005-05-27,24.289852142333984,24.332791214913694,23.990611558599678,23.990611558599678,44665914896
2005-05-30,24.246912002563477,24.246912002563477,24.03310466368542,24.161476939898666,28950202158
2005-05-31,24.332788467407227,24.41822167685931,24.033104845309158,24.204416190223842,78869368398
2005-06-01,23.905176162719727,24.246912715713393,23.862237094050005,24.07604443921656,57861588784
2005-06-02,24.332788467407227,24.37528446298639,24.118982980771758,24.118982980771758,67194816351
2005-06-03,24.674524307250977,24.717463373754235,24.332787771499408,24.41822097850814,65016333549
2005-06-06,24.84583854675293,24.84583854675293,24.503658898929842,24.58909211590855,59845128818
2005-06-07,24.589086532592773,24.802893843374832,24.460714273248676,24.802893843374832,75422326007
2005-06-08,24.888343811035156,25.016716147316085,24.674536372112822,24.674536372112822,84948744176
2005-06-09,24.802902221679688,25.01670960468488,24.50366161223571,25.01670960468488,56691036329
2005-06-10,24.84583854675293,25.016706834568886,24.71746625826001,24.931271763731637,105148682926
2005-06-13,25.375690460205078,25.515460755700495,24.91010666313305,25.14289760049357,69491925975
2005-06-14,25.375690460205078,25.608481397565598,25.328938884223774,25.46870917971919,44913267908
2005-06-15,25.60847282409668,25.60847282409668,25.328930404342955,25.375681964672285,45102875760
2005-06-16,26.027305603027344,26.074057168063593,25.608475402340353,25.794514720165726,49491777256
2005-06-17,26.44661521911621,26.772426683941795,26.02730255750947,26.074054117075203,53602356374
2005-06-20,26.492887496948242,26.539637136467974,26.16707601606329,26.446616522679566,43774458123
2005-06-21,25.981035232543945,26.49288794975409,25.981035232543945,26.49288794975409,29415958543
2005-06-22,26.492887496948242,26.632657750256378,26.074055402274887,26.074055402274887,41546281468
2005-06-23,26.63266372680664,26.77243401148018,26.539643092143777,26.67941529916815,49408583340
2005-06-24,26.353599548339844,26.586390430604137,26.26009641850727,26.53963886568785,37381755119
2005-06-27,26.306852340698242,26.306852340698242,25.88802207171396,26.16708205513269,33091091201
2005-06-28,26.260093688964844,26.306845249021656,25.98103378077378,26.21382463884119,32658503329
2005-06-29,25.561721801757812,26.49288718140371,25.515452750390633,26.49288718140371,119284584828
2005-06-30,25.65522575378418,25.934287621757477,25.515455487149183,25.841266999099712,42307439722
2005-07-01,25.934280395507812,25.93428039550781,25.375678149911764,25.65521860529145,20424031174
2005-07-04,25.65522575378418,26.027306322064653,25.60847610980695,25.79451543277189,19522557421
2005-07-05,25.328929901123047,25.65522195237319,25.328929901123047,25.65522195237319,20550143649
2005-07-06,25.422439575195312,25.515460215089533,25.235917707670538,25.422439575195312,53365764787
2005-07-07,25.422439575195312,25.515460215089533,24.910106135348073,25.422439575195312,60616153071
2005-07-08,25.04987144470215,25.282662312956628,25.003119882599464,25.235910750853943,72912106836
2005-07-11,26.44661521911621,26.44661521911621,25.375681550208615,25.375681550208615,108679945147
2005-07-12,26.586397171020508,26.91220875573668,26.53964559425135,26.53964559425135,76117239035
2005-07-13,26.44661521911621,26.679407997088717,26.353596532263136,26.539635828319597,47584695158
2005-07-14,26.53963851928711,26.586390083593187,26.167077379470538,26.539638519287113,30317490848
2005-07-15,26.353599548339844,26.63265948553712,26.306847983423555,26.586390430604137,27211882278
2005-07-18,26.353599548339844,26.353599548339844,26.353599548339844,26.353599548339844,0
2005-07-19,26.167076110839844,26.35359792669369,26.074055496714518,26.260094802614752,31257029623
2005-07-20,26.260093688964844,26.679408277326335,26.167075001134712,26.21382463884119,65479613711
2005-07-21,26.260093688964844,26.72567732744999,25.934284143067305,25.934284143067305,63424102491
2005-07-22,26.492887496948242,26.492887496948242,25.88801609704848,26.260094707501292,43749540098
2005-07-25,26.120813369750977,26.306852720599807,26.074061796415954,26.306852720599807,24601317660
2005-07-26,25.888015747070312,26.539636777680585,25.88801574707031,26.074055049781663,66825500732
2005-07-27,24.72357749938965,25.468701667676708,24.677308447152992,25.142890184549806,122266751309
2005-07-28,25.09614372253418,25.09614372253418,24.58429094573639,24.77033219815105,76499842386
2005-07-29,24.770334243774414,25.375688284437466,24.770334243774414,25.142895444686133,41934635454
2005-08-01,24.817081451416016,25.09614332562448,24.723580239021842,24.770331806394246,18557408454
2005-08-02,25.561721801757812,25.561721801757812,24.956367899116273,25.096140073110057,45061843410
2005-08-03,26.027305603027344,26.120808733099842,25.655225045026068,25.841266285201975,59730275041
2005-08-04,25.468704223632812,26.02730663151764,25.468704223632816,26.02730663151764,36365791448
2005-08-05,25.468704223632812,25.468704223632816,25.468704223632816,25.468704223632816,0
2005-08-08,24.863346099853516,25.09613887541794,24.817077050694486,24.956366708094667,70687652410
2005-08-09,24.67731475830078,24.956374750604578,24.584294120082543,24.770335396519016,60719869436
2005-08-10,24.58429718017578,25.049881016947484,24.49079594259144,24.863357207215156,49252872868
2005-08-11,24.95636558532715,24.95636558532715,24.63055413852987,24.677305695508675,33853893091
2005-08-12,24.95636558532715,25.282659542025808,24.910096538249725,25.003117142305953,38507261071
2005-08-15,24.67731475830078,24.863354112386343,24.21173290183283,24.817085048316518,51535837393
2005-08-16,24.67731475830078,24.863354112386343,24.49079289413663,24.863354112386343,31214533475
2005-08-17,24.537538528442383,24.677308784623705,24.35149729704122,24.4445179127418,40079514004
2005-08-18,24.211732864379883,24.677314720127626,24.211732864379883,24.537544430328097,38514103281
2005-08-19,24.025203704833984,24.118704902241998,23.792412847651097,24.118704902241998,42894422739
2005-08-22,24.211732864379883,24.304751580103318,24.071960652229446,24.16498129030379,21801291569
2005-08-23,24.211732864379883,24.39777221817766,24.16498129030379,24.211732864379883,28805441837
2005-08-24,23.978939056396484,24.118709329408208,23.885918429494843,24.118709329408208,27495679260
2005-08-25,24.11870765686035,24.257997332543617,23.79241556500335,23.839165207871513,23316013057
2005-08-26,24.58429718017578,24.770338479769464,24.07196368578748,24.118715265755224,37548418982
2005-08-29,23.88591766357422,24.444520072390567,23.792416452001557,24.351499448471706,38574733797
2005-08-30,23.792421340942383,24.164982578476053,23.792421340942383,24.164982578476053,47672464489
2005-08-31,25.14289093017578,25.142890930175778,23.79241473017289,23.79241473017289,60381322224
2005-09-01,25.14289093017578,25.142890930175778,25.142890930175778,25.142890930175778,0
2005-09-02,24.49079132080078,24.77033380522482,24.351501627460962,24.67731317298241,60075576635
2005-09-05,24.25799560546875,24.49078647266508,24.25799560546875,24.3977658588368,24361010117
2005-09-06,24.30474281311035,24.537535579364175,24.257993178248284,24.444514974843404,19749540219
2005-09-07,24.211732864379883,24.35150315417941,24.16498129030379,24.258001928378132,16220889832
2005-09-08,24.164974212646484,24.397765072338455,24.118705162199934,24.211725773029556,22802431148
2005-09-09,24.025203704833984,24.397764809372738,23.97893465488613,24.25799456201687,28265634941
2005-09-12,24.537538528442383,24.677308784623705,24.35149729704122,24.4445179127418,48137107447
2005-09-13,24.91009521484375,24.956364259463022,24.537534153211038,24.537534153211038,80149601150
2005-09-14,25.09614372253418,25.09614372253418,24.863350902007717,24.910102470119522,47095472940
2005-09-15,25.09614372253418,25.142893368295322,24.817081843912195,25.049874664438658,35857932990
2005-09-16,24.49079132080078,25.18916406063789,24.49079132080078,25.096145350746266,48407006712
2005-09-19,24.770334243774414,24.91010452728562,24.351502058595287,24.49079175440118,38608752463
2005-09-20,24.95636558532715,25.14288738099078,24.444514852767625,24.58428509145245,48550504926
2005-09-21,24.95636558532715,24.95636558532715,24.723574742586095,24.95636558532715,17546722820
2005-09-22,24.25799560546875,24.63055672603313,24.16497499164047,24.584287674095027,66175382015
2005-09-23,23.93218421936035,24.211726649555537,23.699393351240758,24.025204833557552,38302580282
2005-09-26,23.746145248413086,24.164977384743707,23.513354358163035,23.978938061013732,41551404761
2005-09-27,23.978939056396484,24.071957760947445,23.699396588022353,23.792417214923994,40158053043
2005-09-28,23.83916473388672,24.07195561302836,23.559622290455913,23.885916298175882,36602111187
2005-09-29,25.110597610473633,25.158794778392245,24.580432608069604,24.67682502155648,50183179
2005-09-30,25.6889705657959,25.6889705657959,25.255197827227917,25.30339501177447,52606810
2005-10-03,25.447975158691406,25.73715815819324,25.39977799210777,25.73715815819324,37066503
2005-10-04,26.026336669921875,26.02633666992187,25.544366973943664,25.544366973943664,61584074
2005-10-05,26.12273597717285,26.4119190246197,26.026343550374516,26.026343550374516,65270754
2005-10-06,25.881750106811523,25.978144448810195,25.785355764812852,25.92994727781086,31700637
2005-10-07,25.978139877319336,26.122729442522793,25.73715598708015,25.73715598708015,39124185
2005-10-10,25.978139877319336,25.978139877319336,25.978139877319336,25.978139877319336,0
2005-10-11,25.496171951293945,25.88174735595709,25.399777619540593,25.88174735595709,34435849
2005-10-12,24.966007232666016,25.25518830860262,24.91781006628487,25.25518830860262,49680260
2005-10-13,24.77322006225586,24.869614400835747,24.676825723675968,24.8214172315458,36270824
2005-10-14,24.628629684448242,25.014203181663337,24.580432516708772,24.917810768534736,40166618
2005-10-17,24.146663665771484,24.676828748240826,24.146663665771484,24.628633495394133,37037227
2005-10-18,24.339445114135742,24.77321767356958,24.291247949493073,24.339445114135746,35050644
2005-10-19,23.881574630737305,24.146659043579735,23.881574630737305,24.146659043579735,58063640
2005-10-20,24.243061065673828,24.339453505842943,23.616499631644725,23.905680796853837,53103456
2005-10-21,23.712886810302734,23.977969304574625,23.471900977009838,23.471900977009838,32710658
2005-10-24,24.243061065673828,24.43584786836294,24.002075159373835,24.050272340633832,43110943
2005-10-25,24.484041213989258,24.869616681314685,24.484041213989258,24.82141950760518,37500414
2005-10-26,24.484041213989258,24.82141950760518,24.291252519151257,24.484041213989258,28925694
2005-10-27,23.905675888061523,24.387645679342935,23.857478716698335,24.09846457351428,34633461
2005-10-28,24.2912540435791,24.917815418772665,24.146664435727274,24.146664435727274,64097625
2005-10-31,25.06240463256836,25.30339051245021,24.67682914710807,24.91781502698992,63756769
2005-11-01,24.966007232666016,25.303385474983767,24.96600723266602,25.303385474983767,27323881
2005-11-02,25.3997745513916,25.447971711446332,25.11059351341324,25.206987833522703,38550167
2005-11-03,25.78535270690918,25.83354987219278,25.640763133408626,25.688960298692223,50505214
2005-11-04,26.12273597717285,26.219130326321803,25.978146375800044,26.026343550374516,61786915
2005-11-07,26.21912956237793,26.21912956237793,25.929948445707534,26.12273521603761,42838049
2005-11-08,26.2673282623291,26.267328262329105,25.978147128850136,26.219131086357496,42921695
2005-11-09,26.652902603149414,26.70109977705121,26.17093278648209,26.219129960383885,74806353
2005-11-10,26.94208335876465,26.99028053201269,26.70109941487501,26.845690934619128,69350569
2005-11-11,27.47224998474121,27.47224998474121,26.990280180881577,26.990280180881577,96114025
2005-11-14,27.47224998474121,27.568644329983247,27.183068871365645,27.279461294257143,62320156
2005-11-15,27.47224998474121,27.47224998474121,26.990280180881577,26.990280180881577,56931288
2005-11-16,27.3758544921875,27.568643174591866,26.749295119074212,27.47224883338968,36987039
2005-11-17,27.038476943969727,27.375855224856277,26.797493006865192,27.375855224856277,27130451
2005-11-18,27.52044105529785,27.665030618750748,27.424046731429176,27.472243893363512,52759463
2005-11-21,27.906023025512695,28.098809796475457,27.71323433219937,27.71323433219937,67668246
2005-11-22,27.954214096069336,27.954214096069336,27.61683587877567,27.90601693326308,35614206
2005-11-23,28.77357292175293,29.014556904746016,28.339800214484683,28.436194576622267,99635505
2005-11-24,28.77357292175293,28.91816254260843,28.62898137854656,28.773572921752933,61217079
2005-11-25,28.484390258789062,28.773573349500804,28.436194999354672,28.773573349500804,23042272
2005-11-28,28.677183151245117,28.869969984037354,28.580788773673408,28.72538034003097,29944080
2005-11-29,27.857833862304688,28.58078782540357,27.85783386230469,28.050622611051654,38924481
2005-11-30,28.677183151245117,28.821774717602683,28.147015996951893,28.147015996951893,52173944
2005-12-01,28.580778121948242,28.91815639536107,28.580778121948242,28.677172463594896,57002387
2005-12-02,29.20733070373535,29.30372502295874,28.9663468280269,29.014543987638593,72773765
2005-12-05,29.882095336914062,29.882095336914062,29.062747294898458,29.400125561195985,46885451
2005-12-06,30.123077392578125,30.21947172620453,29.110942656551764,29.110942656551764,59293230
2005-12-07,30.123077392578125,30.605047138359854,29.83389631404921,30.123077392578125,43699599
2005-12-08,29.737497329711914,30.123072681566285,29.400119137133093,30.123072681566285,38101617
2005-12-09,29.303730010986328,29.496518682249242,29.06274609425803,29.448321514433513,41409801
2005-12-12,29.49652671813965,29.59291915768145,28.966359650080843,29.303737994354314,32498407
2005-12-13,29.882095336914062,29.882095336914062,29.207336881968583,29.496519900809684,45184308
2005-12-14,29.448318481445312,29.689302373353815,29.255529830038398,29.689302373353815,47646626
2005-12-15,29.351924896240234,29.400122060307893,29.110940998252126,29.400122060307893,32392805
2005-12-16,29.882095336914062,30.026684923984188,29.400125561195985,29.400125561195985,43199817
2005-12-19,30.123077392578125,30.123077392578125,29.785699147236006,29.978485892138515,36789427
2005-12-20,30.02668571472168,30.026685714721683,29.737504610615566,29.882096123843862,26550159
2005-12-21,30.364063262939453,30.36406326293945,29.93029257834068,30.074882165756794,33167572
2005-12-22,29.007326126098633,29.5659285938731,28.914305492361837,29.5659285938731,21024968367
2005-12-23,30.797840118408203,30.797840118408203,30.07488631454587,30.26767502082953,35697852
2005-12-26,29.70569610595703,29.7987148026459,29.147091804092145,29.7987148026459,12674941534
2005-12-27,30.749635696411133,30.990621522483078,30.460454627475034,30.74963569641113,21372497
2005-12-28,30.605045318603516,30.605045318603512,30.171272765426824,30.171272765426824,20573681
2005-12-29,30.364063262939453,30.60504911255035,30.171276505601156,30.60504911255035,55692287
2005-12-30,30.123077392578125,30.364061304293838,30.02668305895172,30.315864137480634,29157811
2006-01-02,29.400117874145508,29.785693209436104,28.918148224444785,29.785693209436104,30366490
2006-01-03,30.31586456298828,30.315864562988285,29.159140232637057,29.400124147735173,71325650
2006-01-04,30.55685043334961,30.55685043334961,29.882093932467836,30.4122589307248,55262558
2006-01-05,30.846040725708008,30.846040725708008,30.171284023369445,30.556859556470183,44492141
2006-01-06,31.568992614746094,31.56899261474609,31.183417106014602,31.231614284899887,68933386
2006-01-09,32.82210159301758,32.96669307722518,31.858164132017176,31.858164132017176,78626866
2006-01-10,32.14735412597656,32.77391355390587,31.906370174238514,32.77391355390587,46107547
2006-01-11,31.713579177856445,31.80997352050978,30.894231110004082,31.80997352050978,69942361
2006-01-12,31.568992614746094,32.05096248124815,31.37620582155574,32.05096248124815,48264558
2006-01-13,31.087017059326172,31.32800290965223,30.749638791220118,31.231608569521807,38442473
2006-01-16,30.797840118408203,30.99062882469186,30.605053334475237,30.749642941837287,37459637
2006-01-17,31.135208129882812,31.472588254245213,30.894224249116867,30.894224249116867,39285202
2006-01-18,29.689311981201172,30.21947902178899,29.592917624303244,29.88210069499702,82601078
2006-01-19,29.882095336914062,30.412260360088567,29.544717070616535,29.785700997300363,54131251
2006-01-20,30.123077392578125,30.364061304293838,29.930290647675616,30.364061304293838,36743422
2006-01-23,29.785703659057617,29.97849043316271,29.592914962601927,29.68930931082977,28493874
2006-01-24,29.833890914916992,30.17126909920273,29.737496598735362,29.785693756826177,40324499
2006-01-25,30.605045318603516,30.605045318603512,30.02668127358453,30.364059498866357,41525859
2006-02-03,30.55685043334961,31.087015431606577,30.02668351274231,30.846031516248896,82349095
2006-02-06,32.05095672607422,32.05095672607422,29.689306918865505,30.36406345739644,54588165
2006-02-07,31.3280029296875,31.472594439975605,30.846033151077577,30.846033151077577,41847894
2006-02-08,30.412263870239258,31.328006357562575,30.364066694869543,31.328006357562575,36292781
2006-02-09,30.364063262939453,30.942427379655186,30.171276505601156,30.846033039810827,38461293
2006-02-10,30.171279907226562,30.41226386165649,29.882098777440522,30.364066686300376,39062496
2006-02-13,30.07488441467285,30.21947593525154,29.8820976429185,29.93029481644473,27026939
2006-02-14,30.02668571472168,30.026685714721683,29.68930743953947,29.882096123843862,48076355
2006-02-15,29.544715881347656,30.123078051048097,29.44832154561414,30.123078051048097,38611855
2006-02-16,30.07488441467285,30.315868359953434,29.689308948813576,29.83390046939227,44765035
2006-02-17,29.737497329711914,30.315859396318466,29.68930017043637,30.123072681566285,33274220
2006-02-20,30.219470977783203,30.219470977783203,29.5929097470794,29.641106912698945,23522189
2006-02-21,29.930288314819336,30.460453263741325,29.882091151762765,30.31586177457161,32982506
2006-02-22,29.833890914916992,30.21946625729354,29.544709888722064,30.0748747830211,37527599
2006-02-23,29.303730010986328,29.785699766793268,29.15914042988949,29.73750259897754,43459118
2006-02-24,29.400117874145508,29.544709345760705,29.062739696059978,29.30372355973538,46726524
2006-02-27,29.351924896240234,29.400122060307893,29.062743834184467,29.400122060307893,45298276
2006-03-01,29.11094093322754,29.303727666717364,28.869955113427523,29.062743769267538,57964311
2006-03-02,30.219470977783203,30.267668143402744,29.641106912698945,29.641106912698945,80870659
2006-03-03,29.785703659057617,30.171279129618398,29.592914962601927,30.171279129618398,44579969
2006-03-06,29.351924896240234,29.737500286431324,29.255530568104913,29.737500286431324,28457279
2006-03-07,28.966358184814453,29.351933690529876,28.96635818481445,29.351933690529876,37496232
2006-03-08,28.436187744140625,28.918155594322364,28.38799057465237,28.86995842483411,62459217
2006-03-09,28.821760177612305,28.869955419733465,28.43618478419157,28.43618478419157,28139426
2006-03-10,29.592912673950195,29.97848811469141,28.82176371481821,28.82176371481821,65318851
2006-03-13,29.592912673950195,29.737504185109568,29.303731573981892,29.592912673950195,18581870
2006-03-14,28.91815757751465,29.400127383100035,28.821765154278005,29.400127383100035,34625097
2006-03-15,29.448318481445312,29.882091024760733,29.35192415574186,29.641105210502086,32314387
2006-03-16,29.159147262573242,29.88210110451381,29.159147262573242,29.641115208966426,37898776
2006-03-17,29.255535125732422,29.351929468884716,28.918156847049897,29.062748361778336,42512877
2006-03-20,29.01455307006836,29.255537021212053,28.966355895369492,29.255537021212053,35351768
2006-03-21,29.159147262573242,29.30373687755088,28.86996418791638,28.91816136702586,39790213
2006-03-22,28.725370407104492,28.966354345352915,28.677173234984707,28.918157173233126,46207921
2006-03-23,28.725370407104492,29.06274868959249,28.532581718625345,28.82176475134407,39473405
2006-03-24,28.821760177612305,29.01454691314757,28.677168684198204,28.725365848669572,22809110
2006-03-27,29.062744140625,29.255530876578213,29.014546976049147,29.207333712002356,25907134
2006-03-28,29.592912673950195,29.64110984433665,29.06274764440005,29.303731573981892,41086719
2006-03-29,29.833890914916992,29.83389091491699,29.255526940177184,29.400118414449622,46391942
2006-03-30,30.31586456298828,30.364061730477975,29.930291067771428,30.123077815379855,91007461
2006-03-31,30.94242286682129,31.231603921827997,30.364058834457733,30.364058834457733,91399549
2006-04-03,31.23161506652832,31.328009426711336,30.749645187964084,30.942433908330113,37725212
2006-04-04,31.087017059326172,31.231608569521807,30.894230301415757,31.183411399456595,26653671
2006-04-06,31.76177978515625,31.761779785156254,31.27980994210082,31.32800711864143,65636704
2006-04-07,32.484737396240234,32.67752613640895,31.617193832534095,31.809982572702815,68181621
2006-04-10,32.29193878173828,32.484723595301475,32.00275579434285,32.19554445260648,47331909
2006-04-11,31.858179092407227,32.19555745830552,31.665390356264783,32.0991630902343,33915155
2006-04-12,32.1955451965332,32.436527180230556,31.376197224680975,31.376197224680975,55796844
2006-04-13,32.38834762573242,32.43654096719578,31.95457295024283,32.2919532534014,39164962
2006-04-14,32.77390670776367,32.77390670776367,32.099150245966534,32.29193890496584,38892068
2006-04-17,32.67751693725586,32.82210845167797,32.484728251359705,32.77391128020393,35193887
2006-04-18,32.725711822509766,32.82210615872373,32.243743986140665,32.677514654402785,29590677
2006-04-19,33.448665618896484,33.689651460292225,33.20767977750075,33.20767977750075,57104852
2006-04-20,33.68965530395508,33.73785247773306,33.35227508750924,33.35227508750924,38494751
2006-04-21,33.40047073364258,33.73785093465759,33.352273562069,33.44866790521615,39472359
2006-04-24,32.87030792236328,33.400473000960694,32.82211074751795,32.96670227205394,41773659
2006-04-25,32.29193878173828,32.82210374726281,32.19554445260648,32.82210374726281,36433933
2006-04-26,33.255889892578125,33.35228426666357,32.09916509295732,32.19555946704276,37492050
2006-04-27,32.38834762573242,33.207692101141795,32.38834762573242,33.111301573512925,50857571
2006-04-28,32.82210159301758,33.20767503953767,32.29193666228989,32.72570727021251,46648106
2006-05-02,32.38834762573242,32.48473815336129,32.050967322573854,32.099164508739364,52414425
2006-05-03,32.29193878173828,32.82210374726281,32.29193878173828,32.484723595301475,41723472
2006-05-04,32.53292465209961,32.77391050376063,32.48472748176741,32.77391050376063,25590326
2006-05-05,33.014896392822266,33.49686425198941,32.773910540888245,32.82210771127505,55011621
2006-05-08,33.448665618896484,33.689651460292225,33.20767977750075,33.54505995545478,41549907
2006-05-09,32.77390670776367,33.304071675311334,32.62931521351419,33.304071675311334,42165748
2006-05-10,32.05095672607422,32.532924583681776,31.376200187543283,32.532924583681776,75295680
2006-05-11,32.099151611328125,32.099151611328125,31.424395120829708,31.424395120829708,42994885
2006-05-12,31.279802322387695,31.520786224036744,31.23160515758784,31.327999487187547,57094397
2006-05-15,30.4604549407959,30.797833178416713,30.41225777508575,30.65324360363651,61700133
2006-05-16,30.07488441467285,30.749640999338936,30.026687241146618,30.508657054058357,58757899
2006-05-17,30.701446533203125,30.84603806653254,30.26767577791635,30.364068211118553,33387142
2006-05-18,29.100341796875,29.19384300237002,28.867550919557825,29.0540727429253,58946971613
2006-05-19,29.100341796875,29.37988423811493,28.867550919557825,29.100341796875,45212447317
2006-05-22,29.303730010986328,30.267669522600208,29.255532843170602,30.21947235478448,66874659
2006-05-23,29.448318481445312,29.737499536205544,28.82175920907313,28.96634877527817,60425583
2006-05-24,29.400117874145508,29.73749605223104,29.014542538854915,29.448315031350575,58294711
2006-05-25,28.821760177612305,29.351925142096935,28.82176017761231,29.159138406561674,53210104
2006-05-26,28.677183151245117,29.20734838318716,28.580788773673408,28.91816717282321,62662057
2006-05-29,28.029409408569336,28.494991218064072,27.84336815090283,27.93638877973608,35559318188
2006-05-30,29.01455307006836,29.496522894706366,28.821766293623522,28.918158720670633,34352203
2006-06-01,29.592912673950195,29.930292866655396,29.20733723320898,29.64110984433665,47066334
2006-06-02,30.123077392578125,30.123077392578125,29.7375019804228,29.930290647675616,46201648
2006-06-05,29.11094093322754,30.31586234282686,28.918152277387527,30.219469937257045,55459125
2006-06-06,29.303730010986328,29.496518682249242,28.918154590810847,29.06274609425803,54823419
2006-06-07,28.966358184814453,29.3037365120216,28.96635818481445,29.15914689884755,33273175
2006-06-08,26.94208335876465,28.773568252787932,26.94208335876465,28.725371079539894,80875887
2006-06-09,28.19520378112793,28.387992471965998,27.424052862476724,27.95421983993088,71531628
2006-06-12,27.71324348449707,28.243410643845838,27.472259460621014,27.95422943072433,55858533
2006-06-13,27.08668327331543,27.56865323281921,27.038486085129936,27.47225885644822,54639398
2006-06-14,28.002412796020508,28.33979103183398,27.086670497133767,27.086670497133767,58904278
2006-06-15,27.3758544921875,28.339794059508428,27.327657321586408,28.291596888907335,45438382
2006-06-16,28.628969192504883,28.725363513611814,28.387985312087604,28.677166353058347,57760425
2006-06-19,28.628969192504883,28.77356067416528,28.43618247264107,28.725363513611814,67351439
2006-06-20,28.347265243530273,28.86549820341929,28.08814976697593,28.55455963155408,91355412
2006-06-21,28.658206939697266,28.761855148399004,28.295445232973105,28.347268333933698,34227699
2006-06-22,29.901966094970703,29.953789200654754,29.124619509709916,29.331911932446125,42459279
2006-06-23,29.331907272338867,29.539199662141495,28.96914559018427,29.539199662141495,29058725
2006-06-26,29.539209365844727,29.798324938218116,29.020978221097945,29.020978221097945,24011566
2006-06-27,29.746496200561523,30.057434828630758,29.435557572492296,29.746496200561527,37100479
2006-06-28,29.07279396057129,29.38373256854243,28.91732465658572,29.020970859242766,57331751
2006-06-29,29.383731842041016,29.43555494208823,29.072793241757708,29.072793241757708,51614615
2006-06-30,30.264732360839844,30.316557481055057,29.95379368023475,30.26473236083984,71963641
2006-07-03,30.316551208496094,30.472018509851093,30.16107989357986,30.316551208496097,30083993
2006-07-04,30.472030639648438,30.731148263133637,30.368386399748346,30.57567889311137,30927555
2006-07-05,29.901966094970703,30.47202025749528,29.85014298928665,30.42019915859196,23413662
2006-07-06,29.591018676757812,29.79831103795918,29.435549405856783,29.746487947658835,39664663
2006-07-07,29.48737335205078,29.642842627464425,29.124611709418954,29.59101953565988,39109394
2006-07-10,29.48737335205078,29.642842627464425,28.865496250396216,29.020965525809856,41145718
2006-07-11,29.22826385498047,29.48737936685733,29.124617650229723,29.228263854980465,26654930
2006-07-12,29.591018676757812,30.05742648946089,29.38372631555644,29.953780308860207,52523144
2006-07-13,29.17644691467285,29.43556248127494,29.176446914672848,29.331916254634102,19841467
2006-07-14,28.554567337036133,28.761859774217704,28.502742220959867,28.606390446331527,52402345
2006-07-17,27.880863189697266,28.45091735678511,27.67357076530169,28.347271144587317,56417131
2006-07-18,28.036317825317383,28.13996398323547,27.932671667399298,27.98449474635834,29474923
2006-07-19,27.880863189697266,28.347271144587317,27.88086318969727,28.088155614092845,32017790
2006-07-20,29.124614715576172,29.176437812729745,28.606383744040418,28.761853035501144,48255594
2006-07-21,28.450912475585938,29.02096855165249,28.347266281170278,29.02096855165249,43132301
2006-07-24,27.414447784423828,27.466270876438838,27.103509232333764,27.414447784423828,74943008
2006-07-25,27.880863189697266,28.24362493238953,27.725393871400584,28.139978720191742,43911911
2006-07-26,27.793794631958008,28.103177942433078,27.69066619287289,28.103177942433078,39066183301
2006-07-27,27.948226928710938,28.000050023874266,27.6906667076477,27.79379514865,52802041866
2006-07-28,28.19179916381836,28.24362226502301,27.93268365779511,28.03632986020441,41668503
2006-07-31,28.39909553527832,28.761859301160428,28.08815688462009,28.658211077493508,39760084
2006-08-01,28.554567337036133,28.658211548846044,28.39909600236908,28.450919111664476,21196648
2006-08-02,28.450912475585938,28.60638377398984,28.243620086754614,28.45091247558594,22049346
2006-08-03,28.450912475585938,28.710027961625098,28.295443183962448,28.60638377398984,32050274
2006-08-04,28.450912475585938,28.710027961625098,28.295443183962448,28.55456067678201,35807220
2006-08-07,28.29545021057129,28.658211981110732,28.19180399041716,28.658211981110732,21937683
2006-08-08,28.761857986450195,28.7618579864502,28.295448025001708,28.399094237150095,21339779
2006-08-09,28.917320251464844,28.969143344898896,28.50273349721218,28.55455859742649,51550663
2006-08-10,29.435562133789062,29.53920835920636,28.917331006702586,28.917331006702586,60819692
2006-08-11,29.746496200561523,29.850142409917936,29.539203781848705,29.79831930523973,46873006
2006-08-14,29.850141525268555,30.005610834695624,29.694672215841482,29.74649531898384,25133270
2006-08-15,29.850141525268555,30.005610834695624,29.694672215841482,29.953787731553266,20543928
2006-08-16,30.575666427612305,30.679312632037934,30.31655091654822,30.47201821640607,58560042
2006-08-17,30.93843650817871,31.145728973077325,30.731144043280096,31.093905856852672,62238825
2006-08-18,30.886611938476562,31.249373734978114,30.78296571090469,31.19755062119218,57626135
2006-08-21,30.005613327026367,30.834785052957503,29.85014400468568,30.731138838063714,41619
2006-08-22,30.472030639648438,30.472030639648438,30.057445652922393,30.057445652922393,20302
2006-08-23,30.109262466430664,30.523849373055427,29.642854454106423,30.472024253793958,32399474
2006-08-24,29.48737335205078,29.850134994682616,29.38372716844169,29.642842627464425,36856851
2006-08-25,29.539209365844727,29.850148052692795,29.383740022420692,29.539209365844727,24699815
2006-08-28,29.124614715576172,29.539199492804773,28.969145424115446,29.539199492804773,26852877
2006-08-29,29.280088424682617,29.43555773959984,29.176442214737797,29.38373463462743,26054996
2006-08-30,29.694677352905273,29.953792913443046,29.539208016582613,29.74650046501283,26826484
2006-08-31,30.109262466430664,30.420203148094487,30.05743935395019,30.161085578911134,40281854
2006-09-01,30.472030639648438,30.523855769770613,30.21291502294466,30.21291502294466,29076998
2006-09-04,30.731143951416016,30.782967067485753,30.523851487137055,30.627497719276537,26855923
2006-09-05,30.368377685546875,30.782962553307858,30.316554577076754,30.782962553307858,15028800
2006-09-06,29.95379066467285,30.420200645406258,29.642852015371133,30.31655442897235,25035819
2006-09-07,29.591018676757812,29.694664857358493,29.435549405856783,29.435549405856783,23380164
2006-09-08,29.23759651184082,29.546981932300486,29.18577340035382,29.18577340035382,30968925561
2006-09-11,29.17644691467285,30.057439841119955,29.12462380135243,29.487385594595356,36606117
2006-09-12,29.383731842041016,29.59102424222988,29.124616341804927,29.280085641946577,28685163
2006-09-13,30.264732360839844,30.26473236083984,29.850147453366386,29.95379368023475,45216335
2006-09-14,30.264732360839844,30.57567304822597,29.850147453366386,30.57567304822597,40731551
2006-09-15,30.423830032348633,30.423830032348633,30.011318128719807,30.165749963588414,42647055608
2006-09-18,31.042089462280273,31.145735717172467,30.78297382504979,30.834796952495886,61945456
2006-09-19,31.353015899658203,31.560308327939886,31.249369685517365,31.353015899658203,51626796
2006-09-20,31.042089462280273,31.145735717172467,30.834796952495886,31.09391258972637,34033812
2006-09-21,31.353015899658203,31.456662113799045,31.093900364306105,31.353015899658203,34170852
2006-09-22,30.93843650817871,31.19755208930198,30.834790275729404,31.042082740628018,28759266
2006-09-25,30.93843650817871,31.093905856852672,30.679320927055443,30.93843650817871,16036811
2006-09-26,31.353015899658203,31.456662113799045,31.197546578446946,31.197546578446946,26138235
2006-09-27,31.560312271118164,31.612135384663414,31.301196703391895,31.56031227111816,35342297
2006-09-28,31.560312271118164,31.663958498208668,31.456666044027656,31.56031227111816,74300439
2006-09-29,30.93843650817871,31.456667670425244,30.679320927055443,31.40484455420059,46391840
2006-10-02,31.197540283203125,31.353009573042776,30.834778606910614,30.99024789675026,44685429
2006-10-03,31.093902587890625,31.24937192021979,30.886610144785063,31.09390258789062,31465567
2006-10-04,30.316551208496094,31.09389774917417,30.316551208496097,31.09389774917417,46779615
2006-10-05,31.4566593170166,31.50848241947948,30.88660518992497,30.88660518992497,45036660
2006-10-09,31.4566593170166,31.456659317016605,31.456659317016605,31.456659317016605,0
2006-10-11,31.40483283996582,31.560302130648584,31.301186646177307,31.456655936860074,38087172
2006-10-12,31.61212921142578,31.663952314850984,31.40483679772497,31.61212921142578,31482824
2006-10-13,32.752235412597656,32.85588160653364,32.02671004826539,32.02671004826539,78219804
2006-10-16,33.685054779052734,33.78870097795564,32.804060081597584,33.16682177775774,80407380
2006-10-17,32.596763610839844,33.27046381953014,32.544940517863665,33.16681763357779,38272938
2006-10-18,32.13035583496094,32.337648207258596,31.871238362808626,32.182178928035356,36902531
2006-10-19,31.61212921142578,32.02671403882741,31.508483004575375,31.76759852170139,38504385
2006-10-20,32.02671432495117,32.07853943562002,31.715775701622057,31.715775701622057,19804923
2006-10-23,31.715776443481445,31.871245758782567,31.560307128180323,31.6121302332807,12936645
2006-10-24,32.64859390258789,32.75224011139346,31.974891538570997,31.974891538570997,52962690
2006-10-25,32.28581619262695,32.596754665151636,32.13034695636461,32.596754665151636,39131727
2006-10-26,31.712665557861328,32.53768916853995,31.71266555786133,32.22830581623061,33418405823
2006-10-27,32.38947677612305,32.59676918346571,32.23400747061604,32.33765367428738,38132852
2006-10-30,31.4566593170166,31.974890341645363,31.456659317016605,31.87124413671961,60226864
2006-10-31,31.61212921142578,31.819421625126594,31.560306108000578,31.61212921142578,27665986
2006-11-01,31.197540283203125,31.871240539174938,31.14571718658991,31.819417442561722,54269145
2006-11-02,31.50848388671875,31.715776306223134,31.04207594283389,31.093899047709986,38329785
2006-11-03,31.663949966430664,31.871242364757222,31.197542070195908,31.197542070195908,59433042
2006-11-06,31.353015899658203,31.508485220869463,31.249369685517365,31.249369685517365,36353353
2006-11-07,31.40483283996582,31.767594518225604,31.35300974307156,31.612125227542837,40351897
2006-11-08,31.301191329956055,31.612129957849135,31.301191329956055,31.50848374855144,28891231
2006-11-09,31.353015899658203,31.767600756221565,31.353015899658203,31.612131435010305,42639970
2006-11-10,31.50848388671875,31.663953201347038,31.249368362338274,31.353014572090462,32187315
2006-11-13,31.093902587890625,31.40484125254896,31.042079477114232,31.35301814177257,27048795
2006-11-14,31.50848388671875,31.50848388671875,31.197545257462178,31.197545257462178,24290723
2006-11-15,32.02671432495117,32.234008747284584,31.767598805510243,31.9230681171748,52333317
2006-11-16,32.23400115966797,32.49311661811527,32.13035497628905,32.38947043473635,36581754
2006-11-17,32.33765411376953,32.54494652392938,32.13036170360967,32.389477216309494,30150991
2006-11-20,32.23400115966797,32.28582425135743,31.923060602751015,32.28582425135743,34728151
2006-11-21,32.64859390258789,32.64859390258789,31.093898763723644,31.093898763723644,44474285
2006-11-22,32.64859390258789,32.700417006990676,32.441301484976755,32.64859390258789,36937045
2006-11-23,32.90770721435547,33.01135341619964,32.70041481066712,32.8040610125113,44517935
2006-11-24,32.85588073730469,33.0113500240956,32.64858835491682,32.80405764170772,24710981
2006-11-27,33.477760314941406,33.52958341430071,33.11499861942626,33.218644818144874,43691630
2006-11-28,33.16682815551758,33.270474374350954,32.95953571785082,33.16682815551758,34585020
2006-11-29,33.425941467285156,33.52958767918733,32.8558873018232,33.37411836133407,64572577
2006-11-30,33.94417190551758,33.94417190551758,33.374115777410324,33.63323128710426,73244718
2006-12-01,34.4624137878418,34.4624137878418,33.47777253385436,33.89235948682767,70899799
2006-12-04,34.35874938964844,34.56604175317209,34.09963393524387,34.30692629876753,51629842
2006-12-05,34.66969680786133,34.98063543272454,34.46240439128586,34.92881232858067,47807928
2006-12-06,35.187931060791016,35.239754169664614,34.876992407549416,34.928815516423015,48948919
2006-12-07,34.72152328491211,35.084285049158474,34.5142308481999,35.03246193998042,35983850
2006-12-08,34.255104064941406,34.721511894539034,33.68505005098874,34.721511894539034,38821101
2006-12-11,34.4624137878418,34.514236906115805,33.78871325027965,33.89235948682767,35027611
2006-12-12,33.27046585083008,34.462399068834856,33.1149965624095,34.462399068834856,42079625
2006-12-13,33.63322830200195,33.68505340612161,32.85588184191318,33.425935912644945,39262677
2006-12-14,33.218650817871094,33.84053012928286,33.218650817871094,33.78870702056362,23654245
2006-12-15,33.63322830200195,33.94416889281787,33.425935912644945,33.68505340612161,34750484
2006-12-18,34.51423263549805,34.721525082944765,33.84053218129621,33.84053218129621,33957678
2006-12-19,33.736873626708984,34.151458370071246,33.6850505337887,34.151458370071246,36219358
2006-12-20,33.58140563964844,33.99599243051308,33.47775944362739,33.99599243051308,33437938
2006-12-21,33.63322830200195,34.047815087496375,33.5814052046627,33.5814052046627,34600247
2006-12-22,33.995994567871094,33.995994567871094,33.736879061527645,33.944171466602405,9512657
2006-12-25,33.736873626708984,33.94416599839011,33.633225434088175,33.89234290546983,4135584
2006-12-26,34.203285217285156,34.25510831589376,33.68505423119915,33.68505423119915,19243564
2006-12-27,34.41058349609375,34.51422971103494,34.20329106621136,34.20329106621136,23128415
2006-12-28,34.255104064941406,34.617865710184006,34.255104064941406,34.46239643365146,20507384
2006-12-29,34.98064041137695,34.98064041137695,33.94417818098413,34.30693996162162,30997598
2007-01-02,35.08428955078125,35.239758898263496,34.8769970874716,35.13611266660867,26292533
2007-01-03,35.23974609375,35.602507772730874,34.98063060876366,35.136099899755465,42463339
2007-01-04,35.08428955078125,35.291582014090906,35.03246643495384,35.08428955078125,22444226
2007-01-05,34.66969680786133,35.084281641012275,34.46240439128586,34.98063543272454,30905222
2007-01-08,34.099639892578125,34.46240159212034,34.04781679264352,34.25510919238193,24350615
2007-01-09,34.203285217285156,34.462400710328154,34.151462118676555,34.151462118676555,26319941
2007-01-10,33.27046585083008,33.89234501129275,33.16681965854969,33.89234501129275,74638473
2007-01-11,34.099639892578125,34.56604779198954,33.529583786516994,33.529583786516994,69732415
2007-01-12,35.80980682373047,36.017099250289746,34.721521584294265,34.980637117493366,134447109
2007-01-15,35.86162567138672,36.17256427429807,35.654333269445814,35.96527187235717,70399346
2007-01-16,36.43168640136719,36.53533260976603,35.809805137412795,35.861628241612216,76456547
2007-01-17,36.74263000488281,36.794453116103824,35.8616331005636,36.224398892672625,49354965
2007-01-18,36.71462631225586,36.97218849976687,36.55967480035463,36.6114978874028,55236218231
2007-01-19,36.172569274902344,36.742627472607445,36.01709995195412,36.01709995195412,47456698
2007-01-22,35.75798416137695,36.37986144878149,35.70616105409324,36.27621523421407,55429423
2007-01-23,35.654335021972656,35.75798122803766,35.34339640377765,35.654335021972656,39219027
2007-01-24,36.53533172607422,36.898093446695924,36.276212197783174,36.79444724080401,80198266
2007-01-25,36.79444885253906,36.89809506297107,36.58715643167505,36.74262574732306,39276889
2007-01-26,35.23974609375,35.44703848173907,34.72151512377732,34.72151512377732,123692965
2007-01-29,35.55068588256836,35.65433208008136,35.23974729002936,35.39521658629886,46715662
2007-01-30,35.06460189819336,35.219031745752574,35.012778778103836,35.06460189819336,40901509938
2007-01-31,34.92881393432617,35.34339878653639,34.15146733643201,35.239752573483834,84426227
2007-02-01,34.72152328491211,35.136108158336526,34.56605395737795,35.136108158336526,34083552
2007-02-02,35.1361083984375,35.239754617501866,34.92881596030877,35.1361083984375,52608414
2007-02-05,35.1361083984375,35.343400836566225,34.87699285077658,35.1361083984375,26738169
2007-02-06,35.706153869628906,35.706153869628906,35.136099804209124,35.23974599792181,36294476
2007-02-07,35.654335021972656,35.96527364016765,35.49886571287515,35.86162743410265,31078807
2007-02-08,35.44704055786133,35.91344845815411,35.239748157731206,35.91344845815411,42722194
2007-02-09,35.23974609375,35.65433086972814,34.98063060876366,35.44703848173907,60761830
2007-02-12,34.72152328491211,35.18793126751458,34.46240773902185,34.72152328491211,52307939
2007-02-13,34.099639892578125,34.77334019172795,34.099639892578125,34.46240159212034,59982220
2007-02-14,34.87699508666992,34.87699508666992,34.41058707097981,34.72152574810655,36108710
2007-02-26,35.706153869628906,35.861623160197944,35.60250767591622,35.8098000633416,92771500
2007-02-27,35.913455963134766,36.3280408500325,35.7061635196859,35.75798663054812,77431059
2007-03-01,34.56604766845703,35.23974796519918,34.56604766845703,34.56604766845703,93824176
2007-03-02,34.44582748413086,34.54895596434629,34.187747408831676,34.34269900391543,32609394488
2007-03-05,32.64082717895508,33.72393312081998,32.64082717895508,33.517676154367045,76199105583
2007-03-06,33.736873626708984,33.9959890913104,32.80405594736365,32.80405594736365,68872611
2007-03-07,33.94417190551758,34.2551105171503,33.78870259970121,34.2551105171503,52956599
2007-03-08,34.151458740234375,34.20328183371636,33.6850508988965,34.20328183371636,42735391
2007-03-09,34.4624137878418,34.56606002438981,34.15147507819773,34.514236906115805,38752073
2007-03-12,34.82516098022461,34.82516098022461,34.41057620826488,34.51422240125481,36451819
2007-03-13,35.80980682373047,35.80980682373047,35.13610643741282,35.23975265069246,88232914
2007-03-14,35.187931060791016,35.34340038741181,34.928815516423015,34.98063862529661,49611790
2007-03-15,35.75798416137695,35.91345348322809,35.49886862495839,35.55069173224211,39083001
2007-03-16,35.75798416137695,35.86163037594437,35.49886862495839,35.75798416137695,32378157
2007-03-19,35.75798416137695,35.80980726866066,35.55069173224211,35.75798416137695,24381068
2007-03-20,35.86162567138672,36.01709497284239,35.75797947041627,35.75797947041627,27396980
2007-03-21,36.1207389831543,36.276208275181034,35.96526969112755,36.1207389831543,36829443
2007-03-22,36.379852294921875,36.69079487394669,36.32802920067783,36.587148685458615,64008173
2007-03-23,36.27621078491211,36.37985698676725,36.12074148212939,36.32803388583968,52240942
2007-03-26,36.27621078491211,36.37985698676725,36.224391697545634,36.27621078491211,17781796
2007-03-27,35.86162567138672,36.63897619222617,35.86162567138672,36.27621047526852,47981513
2007-03-28,35.39521789550781,35.75797960022125,35.23974859348776,35.44704099618116,37260867
2007-03-29,35.60251998901367,35.80981244813095,34.98064261166185,34.98064261166185,58493045
2007-03-30,35.187931060791016,35.49886971403261,35.08428484304381,35.239754169664614,40987360
2007-04-02,35.34339904785156,35.55069147548931,34.9806372994855,35.136106620213816,25540332
2007-04-03,35.23974609375,35.3952153847418,35.0842768027582,35.29156919074727,27851752
2007-04-04,35.913455963134766,36.068925295721414,35.23975552192595,35.23975552192595,57533759
2007-04-09,35.75798416137695,36.172569019646645,35.60251483952582,36.01709969779551,43425670
2007-04-10,35.498870849609375,35.861632623328994,35.343401518015256,35.861632623328994,38949006
2007-04-11,35.913455963134766,35.96527907399698,35.550694187099246,35.550694187099246,30941767
2007-04-12,35.498870849609375,35.91345573386037,35.39522462854663,35.498870849609375,29913454
2007-04-13,35.39521789550781,35.965272002914645,35.291571694161114,35.91344890224129,15635840
2007-04-16,34.98064041137695,35.80981019569121,34.98064041137695,35.602517749612645,26257004
2007-04-17,35.23974609375,35.75797706372268,35.136099899755465,35.602507772730874,29041468
2007-04-18,35.55068588256836,35.60250898132486,35.03245489500336,35.03245489500336,47689159
2007-04-19,34.92881393432617,35.498868106115225,34.82516772127362,35.498868106115225,71378934
2007-04-20,34.98064041137695,35.18793285745552,34.87699418833767,34.928817299857315,36506635
2007-04-23,35.55068588256836,35.86162447510736,35.187924191272856,35.23974729002936,50902003
2007-04-24,36.172569274902344,36.27621549020116,35.55069198310946,35.654338198408276,62405304
2007-04-25,35.913455963134766,36.12074840658363,35.60251729796147,35.96527907399698,26780804
2007-04-26,36.224395751953125,36.5353343923203,36.12074552493585,36.48351128559244,54886335
2007-04-27,35.75798416137695,36.27621523421407,35.60251483952582,36.22439614049195,37065965
2007-04-30,35.60251998901367,35.60251998901367,35.18793507077912,35.60251998901367,41678654
2007-05-02,35.23974609375,35.602507772730874,35.23974609375,35.602507772730874,49526520
2007-05-03,35.44704055786133,35.55068675792639,35.239748157731206,35.239748157731206,63168671
2007-05-04,35.80980682373047,35.86162993037029,35.44704507725174,35.49886818389155,43466274
2007-05-07,35.498870849609375,36.068925065454486,35.447047739078,36.01710195492311,40177297
2007-05-08,35.23974609375,35.49886157873634,35.136099899755465,35.49886157873634,29353109
2007-05-09,35.23974609375,35.49886157873634,35.0842768027582,35.18792299675273,33224764
2007-05-10,35.498870849609375,35.60251707067213,35.39522462854663,35.498870849609375,38463780
2007-05-11,34.98064041137695,35.23975596897516,34.98064041137695,34.98064041137695,48734729
2007-05-14,34.82516098022461,35.084276462699435,34.61786859424475,34.98063026970951,59656368
2007-05-15,34.4624137878418,34.825175615759875,34.358767551293774,34.669706260937836,52371892
2007-05-16,34.51423263549805,34.721525082944765,34.41058641177469,34.721525082944765,41476646
2007-05-17,35.08428955078125,35.291582014090906,34.77335085581677,34.82517397164419,50899973
2007-05-18,35.498870849609375,35.706163291734875,35.343401518015256,35.6543401812035,83547136
2007-05-21,35.86162567138672,35.96527187235717,35.49886396799014,35.654333269445814,69019803
2007-05-22,35.44704055786133,35.80980225808904,35.44704055786133,35.757979158056514,27513718
2007-05-23,35.706153869628906,35.861623160197944,35.65433077277257,35.706153869628906,61157725
2007-05-24,35.498870849609375,35.706163291734875,35.343401518015256,35.498870849609375,44111889
2007-05-25,34.92881393432617,35.136106360431285,34.66969840169479,35.03246014737873,68090971
2007-05-28,35.03245544433594,35.187924743043304,34.98063234476682,35.187924743043304,30897102
2007-05-29,35.55068588256836,35.55068588256836,35.13610109251636,35.187924191272856,50855308
2007-05-30,35.23974609375,35.49886157873634,34.98063060876366,35.18792299675273,48759092
2007-05-31,35.34339904785156,35.60251458239875,35.34339904785156,35.49886836857987,48873800
2007-06-01,35.654335021972656,35.75798122803766,35.550688815907655,35.654335021972656,65352187
2007-06-04,35.80980682373047,36.017099250289746,35.75798371709065,35.75798371709065,65067954
2007-06-05,35.75798416137695,35.91345348322809,35.60251483952582,35.80980726866066,46546138
2007-06-06,35.706153869628906,35.96526935391063,35.550684579059876,35.75797696648525,90103773
2007-06-07,35.75798416137695,35.75798416137695,35.49886862495839,35.60251483952582,90202240
2007-06-08,35.609779357910156,35.93647300307843,35.55532831906624,35.93647300307843,143994171
2007-06-11,35.71867370605469,35.936469447954096,35.664222672597504,35.936469447954096,52761870
2007-06-12,35.28307342529297,35.71866904825373,35.28307342529297,35.66421802189709,58542485
2007-06-13,34.90192794799805,35.28307041409186,34.793028002560796,35.28307041409186,53593156
2007-06-14,35.3919792175293,35.446430256094786,35.174183455197436,35.22863449376293,63326163
2007-06-15,35.77312088012695,35.82757191409646,35.55532513617836,35.77312088012695,76806520
2007-06-20,37.18880081176758,37.29769868141113,36.20871578901104,36.20871578901104,156874548
2007-06-21,37.678836822509766,37.787734673365435,36.862100843110284,37.35214326994275,144017402
2007-06-22,37.56993865966797,37.95108323247968,37.18879408685625,37.95108323247968,61035331
2007-06-25,38.332237243652344,38.332237243652344,37.51549687396927,37.5699479103341,98997697
2007-06-26,37.624393463134766,38.11444018575293,37.56994662459813,38.05998915125156,43949034
2007-06-27,37.842185974121094,38.005530653619815,37.3521435436971,37.56993924700467,45260101
2007-06-28,38.332237243652344,38.44113512041711,37.896641540628394,38.22333936688758,76420675
2007-06-29,38.6044807434082,38.65892757916781,38.059987210024964,38.65892757916781,65587704
2007-07-02,38.65892791748047,38.65892791748047,38.05998754309616,38.60448108124439,34884691
2007-07-03,38.767818450927734,39.14896301632486,38.71337162499316,38.71337162499316,45479286
2007-07-04,39.148963928222656,39.203414951389334,38.876717204317,39.09451710101985,45053037
2007-07-05,38.87672424316406,38.985626309214744,38.55003063290591,38.87672424316406,49550867
2007-07-06,38.386688232421875,38.65893505173738,38.16889245535561,38.604488205453485,41337000
2007-07-09,39.20342254638672,39.20342254638672,38.27778434497359,38.38668221644019,54256770
2007-07-10,39.20342254638672,39.53011616078651,38.87672473602223,39.20342254638672,83992138
2007-07-11,39.42121124267578,39.53010909467661,38.87671778670772,39.094517686673306,62059539
2007-07-12,39.04007339477539,39.69346481541533,38.767826619845025,39.475669073856906,66911902
2007-07-13,39.7479133605957,39.802364396307134,39.2034239833056,39.584568645391094,87624340
2007-07-16,39.47565841674805,39.747900922217376,38.98561603255433,39.747900922217376,47211551
2007-07-17,39.58456039428711,39.63900722268467,38.822271229009566,39.63900722268467,30858563
2007-07-18,38.65892791748047,39.31231932406542,38.65892791748047,39.09452358719196,42577363103
2007-07-19,38.114437103271484,38.277781801635726,37.787739314614186,38.059986073173796,66622013
2007-07-20,37.78773880004883,38.1144365842574,37.4610452118046,38.1144365842574,70424916
2007-07-23,37.40659713745117,37.515495008801835,37.18880139474985,37.40659713745117,55621371
2007-07-24,38.82227325439453,38.82227325439453,37.56994158838411,37.56994158838411,79181188726
2007-07-25,37.89663314819336,38.11443304945469,37.73328846720231,38.059982025148365,43271279
2007-07-26,37.13433837890625,38.114427296744985,37.07989155878169,38.114427296744985,74248020
2007-07-27,34.84748077392578,35.6097699403509,34.84748077392578,35.39197003854089,259580202
2007-07-30,35.3919792175293,35.555328137260716,34.35744515048791,34.466345129636366,124382706
2007-07-31,35.3919792175293,35.50087709869523,35.174183455197436,35.3919792175293,108052949
2007-08-01,33.37735366821289,35.11972782700972,33.37735366821289,34.847483175936546,184354436
2007-08-02,34.73857498168945,34.73857498168945,33.59514352230307,33.758490274220655,96617978
2007-08-03,34.79302978515625,35.11972544224227,34.248538422000884,35.06527651572493,43447030
2007-08-06,34.0851936340332,34.520787169605455,33.976295774635666,34.03074470433443,51372018
2007-08-07,33.37735366821289,34.24854074761131,33.32290473799826,34.194091817396675,68951228
2007-08-08,34.194091796875,34.194091796875,33.1051089972716,33.431802578363346,79317547
2007-08-09,34.73857498168945,35.0108216662004,34.411879379872644,34.901923831588675,50910417
2007-08-10,33.48624801635742,33.921841510368374,33.26845231834291,33.26845231834291,79525621
2007-08-13,33.75849914550781,34.085194833175926,33.54070132106834,34.0307459015616,60228287
2007-08-14,33.70405197143555,34.13964554504691,33.486254135638724,33.86739877479645,42393530
2007-08-15,33.21400833129883,33.48625299428776,33.050659435523244,33.48625299428776,70863285
2007-08-16,32.179466247558594,32.72395966678595,31.90722163592674,32.66950864647776,116610239
2007-08-17,32.12501907348633,32.8328592982137,31.90722337232833,32.17946799877583,77250950
2007-08-20,33.867401123046875,33.92185006127581,33.10511388985931,33.758503246589,62321146
2007-08-21,33.70405197143555,33.75850090588918,32.9417626931201,33.486254135638724,50454877
2007-08-22,33.15956115722656,33.48625477013857,33.05066118827356,33.48625477013857,36245251
2007-08-23,34.194091796875,34.30298965723891,33.92184504798308,34.03074500632913,81387175
2007-08-24,33.54071044921875,34.30299989524175,33.48626150278608,34.30299989524175,55273907
2007-08-27,33.54071044921875,34.08520410951104,33.4318125563534,33.97630621664568,39349188
2007-08-28,33.431800842285156,33.486249769639635,32.99620732546728,33.105107278158265,37855298
2007-08-29,32.77842330932617,32.83287225610461,32.451727530672784,32.451727530672784,51182125
2007-08-30,32.94176483154297,33.2140116194664,32.88731589355477,33.105113743489994,32552446
2007-08-31,34.139644622802734,34.139644622802734,32.99621073621814,32.99621073621814,57537468
2007-09-03,34.0851936340332,34.13964256373197,33.64960009846095,34.13964256373197,29107106
2007-09-04,33.54071044921875,34.03075516307836,33.4318125563534,33.649610440066866,18916538
2007-09-05,33.64960479736328,34.139647331064886,33.59515586006115,34.08519839376275,30499989
2007-09-06,33.867401123046875,34.08519897394506,33.26846070454612,33.64960537013113,39366359
2007-09-07,33.75849914550781,34.19409269640457,33.486252389454016,34.19409269640457,26939502
2007-09-10,33.322906494140625,33.37735542722476,32.83286399840117,33.37735542722476,33192828655
2007-09-11,33.37735366821289,33.486251528642164,33.10510901713972,33.486251528642164,19271072
2007-09-12,33.48624801635742,33.64959688785022,33.21400339383928,33.21400339383928,31121180
2007-09-13,32.9962158203125,33.48625839064586,32.88731793756788,33.48625839064586,31171684
2007-09-14,33.64960479736328,33.64960479736328,33.159562263661684,33.43180695017235,46905501
2007-09-17,33.1051025390625,33.758491671763664,32.94175368240092,33.758491671763664,29274777
2007-09-18,33.1051025390625,33.1051025390625,33.1051025390625,33.1051025390625,0
2007-09-19,33.431800842285156,33.97629431179401,33.105107278158265,33.92184328645751,87697065
2007-09-20,33.21400833129883,33.812948687856704,33.15955939870104,33.59515295746556,67565415811
2007-09-21,33.48624801635742,33.64959688785022,33.21400339383928,33.48624801635742,30268684
2007-09-26,33.48624801635742,33.64959688785022,33.21400339383928,33.21400339383928,87819283
2007-09-27,34.62968444824219,34.62968444824219,33.595150605351144,33.86739524927928,75288389
2007-09-28,34.62968444824219,34.79303123459907,34.357437706331986,34.62968444824219,66759382
2007-10-01,34.79302978515625,34.956378662690256,34.5752340790869,34.5752340790869,59374780
2007-10-02,35.33753204345703,35.55532780374593,35.11973418518563,35.33753204345703,110099346
2007-10-03,35.3919792175293,35.555328137260716,35.22863449376293,35.555328137260716,78886249
2007-10-04,34.956382751464844,35.39197421455376,34.79303385482426,34.956382751464844,40264309
2007-10-05,35.17417907714844,35.391974812371764,34.84748547431345,34.95638334192511,27759677
2007-10-08,35.3919792175293,35.71867705699214,35.11973451461447,35.664226018426646,64394814
2007-10-09,35.28307342529297,35.55532016514793,34.847481998296324,35.55532016514793,42308685
2007-10-11,34.46634292602539,35.391976954737764,34.302994016737706,35.391976954737764,81860897
2007-10-12,33.37735366821289,34.0851939569674,33.32290473799826,34.0851939569674,79288255
2007-10-15,34.24855041503906,34.24855041503906,33.32291414414425,33.37736308972833,90365662
2007-10-16,33.9763069152832,34.19410270549234,33.64961113198671,33.64961113198671,80164994188
2007-10-17,33.75849914550781,34.13964376479025,33.54070132106834,34.13964376479025,47351950
2007-10-18,34.24855041503906,34.24855041503906,33.64960991563146,33.92185464355186,32670623
2007-10-19,33.75849914550781,34.24854162801889,33.70405021389349,34.24854162801889,26892029
2007-10-22,32.9962158203125,32.9962158203125,32.45172430860683,32.66952007409608,80311453
2007-10-23,33.48624801635742,33.59514796334659,32.996205597842845,32.996205597842845,35098825
2007-10-24,33.1051025390625,33.81294059132362,32.996202601960874,33.540693895542134,33074650
2007-10-25,33.268455505371094,33.37735336481047,32.88731089935115,32.94175982907084,46308551
2007-10-26,33.54071044921875,33.649610440066866,33.214016770622685,33.214016770622685,72908671
2007-10-29,34.79302978515625,34.84748080965558,33.75849598536285,33.75849598536285,83796185
2007-10-30,34.3029899597168,35.065279184950185,34.13964316773056,35.065279184950185,38215892
2007-10-31,34.73857498168945,34.95637274889454,34.30298154526092,34.84747491428281,48506457
2007-11-01,34.956382751464844,35.06528061723707,34.520789190393685,35.06528061723707,54973917971
2007-11-02,33.54071044921875,34.62969567182057,33.48626150278608,34.30299989524175,60329294
2007-11-05,34.030731201171875,34.030731201171875,32.941746745351814,33.75848456272154,64364512822
2007-11-06,34.0851936340332,34.30298935282827,33.75849795785849,34.03074470433443,32956472
2007-11-07,34.3029899597168,34.73858350299557,34.24854102905472,34.73858350299557,71047117
2007-11-08,33.70405197143555,33.92184770925008,33.431805201185085,33.486254135638724,58650562
2007-11-09,33.921844482421875,34.46633797112764,33.486250950246514,33.54069987952067,69057285
2007-11-12,33.54071044921875,33.812957279364895,33.4318125563534,33.54071044921875,77819618
2007-11-13,33.595149993896484,33.595149993896484,33.21400540135212,33.48625004032521,53703253
2007-11-14,33.48624801635742,34.41188392888295,33.4317990918538,34.19408823086843,76601477
2007-11-15,33.15956115722656,33.54070370562391,33.15956115722656,33.214010092711895,49587229
2007-11-16,32.94176483154297,33.050662707519365,32.66951804361954,33.050662707519365,49988226
2007-11-19,32.94176483154297,33.75850309733082,32.88731589355477,32.94176483154297,71248120
2007-11-20,32.94176483154297,33.105113743489994,32.560620167643144,32.66951804361954,64323100
2007-11-21,31.907224655151367,32.99620740068755,31.90722465515137,32.94175847320895,83413370
2007-11-22,32.615074157714844,32.72397414854231,31.25384420320769,31.58053997972458,55509253
2007-11-23,32.451725006103516,32.77842075934173,32.28837817847571,32.66952077627392,54809277
2007-11-26,33.268455505371094,33.268455505371094,32.669513082490276,32.72396411019208,146777924701
2007-11-27,32.179466247558594,32.72395966678595,32.016119480579476,32.397264034845904,83528517
2007-11-28,31.85277557373047,32.28836908943615,31.85277557373047,31.85277557373047,54263840
2007-11-29,32.66952133178711,32.66952133178711,32.016131912183035,32.12502979911994,59114183
2007-11-30,32.9962158203125,32.9962158203125,32.2883774844899,32.2883774844899,47288316
2007-12-03,32.56062698364258,33.10512067346969,32.4517290848703,33.050669626100685,40504705
2007-12-04,32.832862854003906,33.10510960791759,32.070573621431315,32.560616100090215,41376393
2007-12-05,33.15956115722656,33.268459028197235,32.615067606408545,32.77841651084688,113492161
2007-12-06,33.70405197143555,33.70405197143555,33.21400946337056,33.486254135638724,93817062
2007-12-07,34.0851936340332,34.57523609930422,33.976295774635666,34.03074470433443,165686374
2007-12-10,33.268455505371094,34.30298936600943,33.268455505371094,34.30298936600943,75090416
2007-12-11,34.139644622802734,34.139644622802734,33.322906432096914,33.37735536507967,77784265
2007-12-12,33.37735366821289,33.92184506834137,33.15955794735435,33.75849827769746,118280890
2007-12-13,33.050655364990234,33.540697795998696,33.050655364990234,33.2140042406477,139614519
2007-12-14,32.56062698364258,32.94177172732841,32.125033290570606,32.94177172732841,153675665
2007-12-17,32.39727020263672,32.45171913532907,32.07057450850036,32.17947237388507,67113915
2007-12-18,32.01612854003906,32.45172213988982,31.90723066457198,32.12502641550615,82978031368
2007-12-19,32.233924865722656,32.669516347006855,32.016127027098236,32.669516347006855,87625350
2007-12-20,32.12501907348633,32.23391902204727,32.01612122290733,32.23391902204727,56875874
2007-12-21,32.12501907348633,32.451714723205264,32.12501907348633,32.23391902204727,77640836
2007-12-24,32.233924865722656,32.560618476685804,32.07057596225876,32.39727167120423,36075560
2007-12-25,32.451725006103516,32.506173948646115,32.179478195407896,32.39727606356091,25618334
2007-12-26,32.39727020263672,32.50616806802143,31.96167664311564,32.39727020263672,24080002286
2007-12-27,33.595149993896484,33.595149993896484,32.451716216263385,32.66951192744186,127516944
2007-12-28,32.94176483154297,34.03074988525425,32.94176483154297,33.486256309407395,74708611
2007-12-31,32.39727020263672,32.50616806802143,31.96167664311564,32.39727020263672,24080002
2008-01-02,32.94176483154297,33.75850309733082,32.77841801757837,33.75850309733082,39300705
2008-01-03,32.34282684326172,32.66952049571172,32.34282684326172,32.615071553636724,35123067
2008-01-04,32.66952133178711,32.887319203643564,31.85278508177768,32.28837872750794,48851900
2008-01-07,30.382646560668945,31.58052926966521,30.382646560668945,31.036037892114923,104088436
2008-01-08,30.491546630859375,30.81824019984633,30.21929989205486,30.382646676548337,47704464
2008-01-09,31.036033630371094,31.036033630371094,29.674804324422915,29.9470489268235,45426762
2008-01-10,30.328201293945312,31.253837376918586,30.110405555825622,31.036041638798896,61813083
2008-01-11,29.947057723999023,30.54600022118772,29.78371091457431,30.54600022118772,72260208
2008-01-14,29.89260482788086,30.927140777814152,29.783706969355908,30.763791892044637,77963047
2008-01-15,31.308292388916016,31.52609026729624,30.055962455664844,30.164860345863605,98374485
2008-01-16,30.16485023498535,30.60044374775764,29.892603502759425,30.273748088682925,79288255
2008-01-17,29.783714294433594,30.709350515513027,29.674816409126038,30.273756876300197,51692209
2008-01-18,29.72926139831543,29.892608204554538,29.02142104198132,29.402565687854892,66086677
2008-01-21,29.021419525146484,29.78370877705179,29.021419525146488,29.729259844484584,43136940
2008-01-22,27.006805419921875,27.823541651321843,27.006805419921875,27.006805419921875,88136444
2008-01-23,27.769086837768555,27.98688465861261,27.442393253475693,27.769086837768555,78966044
2008-01-24,29.239213943481445,29.674807451201808,28.912518288195685,29.674807451201808,72080416
2008-01-25,30.21929931640625,30.491546050024724,29.947052582787773,29.947052582787773,50756887
2008-01-28,29.51146697998047,30.16485847665,29.40256909652974,30.16485847665,39967349
2008-01-29,31.036033630371094,31.036033630371094,30.27374454768595,30.437091309126302,58653592
2008-01-30,31.471633911132812,31.743878572520476,31.036040354930346,31.30828501631801,111730604
2008-01-31,32.615074157714844,32.615074157714844,31.199395256785337,31.308293149630046,172864922
2008-02-01,33.431800842285156,33.867394359103024,32.88730947075832,33.21400513286723,135886361
2008-02-12,32.66952133178711,32.83287026017511,32.50617450138175,32.50617450138175,104072274
2008-02-13,32.615074157714844,33.21401676432627,32.615074157714844,33.21401676432627,52671974
2008-02-14,33.75849914550781,33.75849914550781,32.77841418048565,32.77841418048565,73558144
2008-02-15,33.48624801635742,33.59514796334659,33.159554469335646,33.21400339383928,30468677
2008-02-18,32.66952133178711,33.649608608167185,32.50617450138175,33.48625967977919,52548746
2008-02-19,33.48624801635742,33.48624801635742,32.66950995283916,33.105105544832014,20237706
2008-02-20,33.268455505371094,33.43180229453016,32.506166293331205,33.43180229453016,41368312
2008-02-21,33.70405197143555,33.81294984034282,33.26845839782419,33.486254135638724,40795604
2008-02-22,33.15956115722656,33.214010092711895,32.72396757536155,33.15956115722656,37511876
2008-02-25,33.322906494140625,33.48625329339303,32.996210797653575,33.214008627972355,40391577
2008-02-26,33.9763069152832,34.03075586283549,33.48626219134706,33.64961113198671,59821230
2008-02-27,34.62968444824219,34.62968444824219,34.13964199118948,34.1940909199751,94417042
2008-02-29,33.54071044921875,34.57524672538789,33.54071044921875,34.08520410951104,64072603
2008-03-03,33.050655364990234,33.050655364990234,32.66951078576543,32.72396180963923,47462048
2008-03-04,34.24855041503906,34.30299936062315,32.72397364473664,32.72397364473664,74207617
2008-03-05,34.46634292602539,34.57524080022892,34.03074933122889,34.57524080022892,70510771
2008-03-06,35.33753204345703,35.33753204345703,34.57524268648087,34.57524268648087,64834194
2008-03-07,34.84748077392578,35.119725406233336,34.46633619071322,34.629682970097754,53416394
2008-03-10,33.322906494140625,34.24854255253539,33.214008627972355,34.24854255253539,60318183
2008-03-11,33.9763069152832,33.9763069152832,32.99621956539371,32.99621956539371,43667225
2008-03-12,34.73857498168945,34.95637274889454,34.35743046256678,34.84747491428281,47048930
2008-03-13,33.75849914550781,34.575237315687005,33.486252389454016,34.13964376479025,42630896
2008-03-14,33.268455505371094,34.085193647130666,32.99620875879053,34.030744717410975,45962098
2008-03-17,32.615074157714844,32.83287204138702,32.397278372025426,32.6695231041372,91075740
2008-03-18,32.615074157714844,32.99621888065409,32.397278372025426,32.615074157714844,47983242
2008-03-19,33.812957763671875,33.812957763671875,33.10511935192586,33.48626198241375,43634903
2008-03-20,34.0851936340332,34.248540423129505,33.2140065628887,33.59515116876218,54806246
2008-03-21,35.28307342529297,35.33752445164961,34.62968418681594,34.62968418681594,102541013
2008-03-24,36.698760986328125,37.73329711760522,36.64430994953884,37.73329711760522,131630948
2008-03-25,36.5898551940918,36.69875304815014,36.15425958189441,36.69875304815014,88833390
2008-03-26,36.480953216552734,36.480953216552734,35.664213109486134,35.82756197009216,54853719
2008-03-27,34.73857498168945,35.44641510262893,34.62967714707773,35.39196408734144,55009270
2008-03-28,33.921844482421875,34.46633797112764,33.7584976945994,33.867395553147716,110883158
2008-03-31,34.35744857788086,34.35744857788086,33.26846546162292,33.59516123569339,74797497
2008-04-01,33.64960479736328,34.57524092746435,33.64960479736328,34.03074945646062,49433699
2008-04-02,34.84748077392578,35.39197003854089,34.357436239808216,34.57523404363624,64325120
2008-04-03,35.06528091430664,35.3375276790259,34.793034149587385,34.84748518091703,28688938
2008-04-07,35.3919792175293,35.446430256094786,34.956387692865576,35.01083663344854,46050984238
2008-04-08,35.06528091430664,35.39197451439105,34.62968734954518,35.174178781001444,42646047
2008-04-09,34.35744857788086,35.11973801805106,34.19410173983699,34.302999631866236,43211685
2008-04-10,35.119728088378906,35.555321631319906,34.35743886373663,34.41188779435649,47965061
2008-04-11,34.90192794799805,35.174172566636486,34.57523230765005,35.01082579545342,37326023
2008-04-14,34.3029899597168,34.629685641671415,34.3029899597168,34.46633884968518,36523020
2008-04-15,34.3029899597168,34.73858350299557,34.19409209839264,34.3029899597168,38509822
2008-04-16,35.50088119506836,35.50088119506836,34.68414489409985,34.847493832679774,46918631
2008-04-17,36.5354118347168,36.75320758853005,36.26316504446778,36.5354118347168,102502630
2008-04-18,36.37205505371094,36.37205505371094,35.936463640307494,36.37205505371094,34048355
2008-04-21,36.698760986328125,36.75320782715249,36.37206315752224,36.37206315752224,39365349375
2008-04-22,36.64430618286133,36.64430618286133,36.26316155240903,36.64430618286133,38568406
2008-04-23,35.17417907714844,35.93646834639461,35.17417907714844,35.93646834639461,71430943
2008-04-24,34.79302978515625,35.11972544224227,34.5752340790869,35.06527651572493,64370573
2008-04-25,35.22863006591797,35.33752793339666,34.84748543176031,34.84748543176031,48321615
2008-04-28,36.20872497558594,36.20872497558594,34.57524812457141,34.84749496573478,76233812
2008-04-29,35.22863006591797,36.48096183586964,35.22863006591797,36.20871506919066,54811297
2008-04-30,36.3176155090332,36.58986229499533,35.50087515114684,35.50087515114684,79222601
2008-05-02,37.025447845458984,37.13434570315005,36.80765213007684,37.025447845458984,92729220214
2008-05-05,36.5898551940918,37.079897635336344,36.09981275284725,37.02544661032517,44992433
2008-05-06,37.025447845458984,37.025447845458984,36.3720565033484,36.69875427238577,33356459
2008-05-07,37.13433837890625,37.56993391971939,37.07989155878169,37.406585067419044,53091152
2008-05-08,36.75320053100586,37.02544726897676,35.93646451305723,37.02544726897676,47647900
2008-05-09,36.099815368652344,36.8621045982605,35.99091750670323,36.75320254034706,43383396
2008-05-12,36.807655334472656,36.91655320164414,35.990919232704236,36.372059669822185,28053606
2008-05-13,37.51549530029297,37.51549530029297,36.807657033031504,37.18880168370261,64676623
2008-05-14,37.35214614868164,37.67883972642701,37.07989940257839,37.56994186717855,67232093
2008-05-15,37.35214614868164,37.515490839572216,36.97100154332993,37.4610440079301,84659793
2008-05-16,37.678836822509766,37.73328784591955,37.35214326994275,37.35214326994275,97350277
2008-05-19,37.78773880004883,38.005534525544974,37.678840937300755,37.678840937300755,82585115
2008-05-20,37.13433837890625,37.842180608232184,36.69874703405644,37.678831755931846,76617638
2008-05-21,36.64430618286133,36.97100397808586,36.48096148121355,36.91655294689361,43023812
2008-05-22,36.426513671875,36.426513671875,35.88202009565104,36.0453690077112,44796480
2008-05-23,35.66422653198242,36.26316698500215,35.66422653198242,35.936473336800056,60767663
2008-05-26,35.66422653198242,35.82757545406603,35.119735020329706,35.283081844430754,49128659
2008-05-27,35.827571868896484,36.20871651830802,35.50087405742105,36.20871651830802,32916070
2008-05-28,36.480953216552734,36.753195722944724,36.26315333709018,36.37205117883969,109790265
2008-05-29,36.5354118347168,37.07990541521483,36.5354118347168,37.025454378779074,103415731
2008-05-30,35.71867370605469,37.025452353415815,35.71867370605469,36.971005515923295,180901017
2008-06-02,36.807655334472656,36.807655334472656,36.09981709987572,36.208714967047214,52833585
2008-06-03,35.99091720581055,36.80765326158299,35.99091720581055,36.698755400544286,62414073
2008-06-04,36.5354118347168,36.64430971162343,36.04536929065453,36.04536929065453,34817016
2008-06-05,36.91654968261719,36.91654968261719,36.20871151549411,36.69875396903534,81693225
2008-06-06,37.24324035644531,37.51548707523105,37.24324035644531,37.40658922690952,84141628
2008-06-09,35.555320739746094,36.48095883101908,35.44642288123707,36.48095883101908,107090355
2008-06-10,34.79302978515625,35.50086792786364,34.79302978515625,35.39197007482896,89169743
2008-06-11,35.882015228271484,35.882015228271484,34.95638130941043,35.11972810133024,46983276
2008-06-12,35.28307342529297,35.60977119150457,34.847481998296324,35.119726640169226,74684369
2008-06-13,35.28307342529297,35.60977119150457,35.28307342529297,35.500869138791295,52043712
2008-06-16,35.882015228271484,35.93646625689357,35.55532164443187,35.827568395613696,35600828
2008-06-17,35.50088119506836,35.609783284765335,35.2830854076055,35.39198330133693,44224782
2008-06-18,35.66422653198242,35.88202229745048,35.17418396169673,35.33753288378033,34896812
2008-06-19,35.01083755493164,35.39198014904404,34.5752439208206,35.01083755493164,65880623
2008-06-20,34.68413162231445,35.33752293065024,34.41188489417755,35.11972512854432,67444207746
2008-06-23,34.90192794799805,35.174172566636486,34.085189896118976,34.411883438485106,49626622
2008-06-24,34.956382751464844,35.44642524542211,34.956382751464844,35.39197421455376,60810086
2008-06-25,36.04536819458008,36.208717102955326,35.010834199460525,35.11973207305577,92978706
2008-06-26,35.3919792175293,36.31761750138728,35.174183455197436,36.31761750138728,53469927
2008-06-27,34.84748077392578,35.39197003854089,34.13964053396217,34.357436239808216,177331439
2008-06-30,35.3919792175293,35.446430256094786,34.575243010802296,34.79303877313416,88412192
2008-07-01,34.956382751464844,35.44642524542211,34.84748488569261,34.84748488569261,32120137
2008-07-02,33.64960479736328,34.95638558656169,33.64960479736328,34.84748771195742,80100349
2008-07-03,32.01612854003906,32.887315739740565,31.308288153538182,32.39727320215627,117381930
2008-07-04,32.12501907348633,32.61506149907376,31.79832342376739,32.288367947336766,56226401
2008-07-07,32.723960876464844,32.941756573821394,32.016120664092234,32.50616308112639,41049131
2008-07-08,32.0705680847168,32.61505940056015,31.743872456018064,32.61505940056015,65377610
2008-07-09,32.39727020263672,33.05065949292722,32.17947237388507,32.39727020263672,54682008
2008-07-10,32.39727020263672,32.83286376215779,31.96167664311564,32.07057450850036,42522819
2008-07-11,33.9763069152832,34.30300060059691,32.56062588699264,32.94177061784142,60408079
2008-07-14,32.9962158203125,33.70405625411767,32.72397111345094,33.268462625156616,40530966
2008-07-15,31.36273765563965,32.39727161795384,31.362737655639652,32.28837374781178,63559489
2008-07-16,31.073278427124023,31.53533497409971,30.726736016892257,31.53533497409971,86539545
2008-07-17,33.21030044555664,33.21030044555664,32.286189212404565,32.286189212404565,68844510
2008-07-18,33.49909210205078,34.30769151830354,32.921521090441665,34.0766631136599,68904810
2008-07-21,34.538719177246094,34.88526177672961,34.307690777590416,34.307690777590416,55555395
2008-07-22,33.441322326660156,34.24992143645461,33.03702277176292,34.24992143645461,64985310
2008-07-23,33.26805114746094,33.787864861816075,32.9792679648693,33.787864861816075,72415275
2008-07-24,34.01889419555664,34.01889419555664,33.556837546771234,33.61459462786941,40385925
2008-07-25,33.38357162475586,33.61459998597405,33.03702908292857,33.61459998597405,35268465
2008-07-28,33.38357162475586,33.38357162475586,33.38357162475586,33.38357162475586,0
2008-07-29,31.766376495361328,32.343947419949735,31.362076848149442,32.343947419949735,73118775
2008-07-30,32.9215087890625,32.9215087890625,32.34394020753957,32.805994629903445,50989680
2008-07-31,32.45945358276367,32.979267286425284,32.17066819184055,32.92150799396838,50981640
2008-08-01,32.343936920166016,32.69047714814918,31.766366183073885,31.766366183073885,37225200
2008-08-04,32.170677185058594,32.343948468049945,31.8241346190759,32.112920090728146,23351175
2008-08-05,31.997398376464844,32.4594550224354,31.766370053479562,32.4594550224354,60352260
2008-08-06,33.96113586425781,34.076650022201775,33.037022600706095,33.15253675865006,82447185
2008-08-07,34.36543655395508,34.53870779660326,33.84562282601052,34.134408230424164,45290224
2008-08-08,34.94301223754883,35.00076932648903,34.365441348146824,34.365441348146824,77002095
2008-08-11,35.000770568847656,35.69385566073124,34.943013477857356,35.520584387760344,48411855
2008-08-12,35.34730911254883,35.636094534802254,35.17403785919677,35.34730911254883,63225555
2008-08-13,35.34730911254883,35.92487995705568,35.28955202809814,35.69385161925294,56098095
2008-08-14,34.94301223754883,35.28955477119003,34.65422679284783,35.231797682249834,41157765
2008-08-15,35.000770568847656,35.462827296770044,34.65422802290586,35.17404184181855,50530395
2008-08-18,34.71198654174805,35.289557475408984,34.654229448381955,35.11628619531071,49773630
2008-08-19,34.65422439575195,34.885252735532106,34.01889646135655,34.192167716191655,50736420
2008-08-20,34.65422439575195,35.05852399036722,34.192167716191655,34.192167716191655,37273440
2008-08-21,34.30768585205078,34.4232000352943,34.13441457718551,34.24992876042903,46564665
2008-08-22,34.76972961425781,34.885243754409046,34.30767305365288,34.59645840403096,52435875
2008-08-25,34.94301223754883,35.231797682249834,34.307684259206624,34.65422679284783,52525320
2008-08-26,34.65422439575195,34.76973856564203,34.30768188608173,34.65422439575195,52961490
2008-08-27,34.885257720947266,35.289557373340564,34.36544388215589,34.596472254952054,65996340
2008-08-28,34.71198654174805,34.94301491521242,34.48095816828367,34.596472355015855,80459295
2008-08-29,34.01889419555664,34.65422208763657,34.01889419555664,34.596465006538395,78159855
2008-09-01,32.69047927856445,33.268050053296456,32.34393902799751,33.268050053296456,119573895
2008-09-02,31.362092971801758,32.343964048394504,31.246578727496733,32.343964048394504,116539800
2008-09-03,31.766376495361328,32.05516195765553,31.3043197556906,31.47759103306712,78947775
2008-09-04,30.842254638671875,31.593096636693716,30.611226331588234,30.726740485130055,71765040
2008-09-05,30.611234664916992,30.90002012738792,29.9181517692596,30.149177924963514,81669315
2008-09-08,32.74824142456055,32.74824142456055,31.99739935196752,32.055156434474675,64699890
2008-09-09,31.362092971801758,32.17069268193696,31.304335849649245,31.766392826869364,50564565
2008-09-10,31.01552391052246,31.47758049551338,30.72673854490314,30.957766837398598,66204375
2008-09-11,30.206933975219727,30.957776151737622,29.86039364648422,30.957776151737622,72654465000
2008-09-12,30.43796157836914,30.668989934614824,30.091421258273314,30.495718667430562,37015155
2008-09-15,29.860383987426758,30.66898077861325,29.45608448469749,30.49570956315785,41212035
2008-09-16,29.456090927124023,30.206930810710404,29.282819673771968,29.282819673771968,60774360
2008-09-17,30.553470611572266,31.477583880942937,30.4957135322366,31.188798484264602,85298370
2008-09-18,30.033658981323242,30.9577700324062,29.744873585899718,29.744873585899718,123948660
2008-09-19,32.112911224365234,32.112911224365234,31.188797970225366,31.535340440527815,130290210
2008-09-22,32.228424072265625,32.97926606076093,32.11290992018942,32.97926606076093,60327135
2008-09-23,31.766376495361328,32.28619032749089,31.593105217984803,31.593105217984803,56568435
2008-09-24,30.784502029418945,31.304315795793716,30.784502029418945,31.18880162548821,39469365
2008-09-25,30.611234664916992,31.3620768673414,30.495720479928625,30.495720479928625,39524640000
2008-09-26,30.842254638671875,30.842254638671875,30.03365777815135,30.668983408359143,71671575
2008-09-29,30.842254638671875,30.842254638671875,30.842254638671875,30.842254638671875,0
2008-09-30,30.322446823120117,30.322446823120114,28.763007662415205,28.87852183833947,78348795
2008-10-01,30.322446823120117,31.188803142552096,30.322446823120114,31.188803142552096,43628055
2008-10-02,29.68712615966797,30.668994609092934,28.21432016412097,28.300955810917852,43619010
2008-10-03,29.68712615966797,31.70862237065552,28.994040985292912,31.70862237065552,56136285
2008-10-06,28.300947189331055,31.70861271095915,28.30094718933105,31.70861271095915,59422635
2008-10-07,28.705249786376953,30.264688904268905,27.694500774788825,30.264688904268905,48947520
2008-10-08,26.712636947631836,28.705254543575204,26.712636947631836,28.705254543575204,86231010
2008-10-09,26.625999450683594,28.56085981602283,24.864408146857702,28.56085981602283,64536075
2008-10-13,26.94365882873535,27.203563483503316,25.701881565542372,25.701881565542372,93667005
2008-10-14,28.820758819580078,28.820758819580075,28.44533782508115,28.820758819580075,90937425
2008-10-15,27.83890151977539,30.784511560248827,27.838901519775394,30.784511560248827,68217390
2008-10-16,26.88590431213379,29.744880379836626,26.88590431213379,29.744880379836626,16615665
2008-10-17,25.9617977142334,28.7630149786489,25.9617977142334,28.7630149786489,52474065
2008-10-20,25.528608322143555,25.701879554613647,25.066551702223304,25.066551702223304,74536830
2008-10-21,25.470857620239258,27.29020380230177,24.69113687895269,27.29020380230177,72999180
2008-10-22,24.604496002197266,27.232440911973043,24.604496002197266,27.232440911973043,48494265
2008-10-23,23.767026901245117,23.76702690124512,23.76702690124512,23.76702690124512,27365145
2008-10-24,22.95842170715332,25.413095405853586,22.95842170715332,25.413095405853586,60111060
2008-10-27,22.120941162109375,24.546736004766835,21.370101430188974,24.546736004766835,64823505
2008-10-28,22.92955207824707,23.65151586264357,21.08132479019203,23.65151586264357,84327540
2008-10-29,24.257957458496094,24.51786435907056,24.084688405719145,24.51786435907056,102281865
2008-10-30,25.932912826538086,25.93291282653809,22.58300390542202,22.58300390542202,73326810
2008-10-31,27.723377227783203,27.7233772277832,24.142440356698412,24.142440356698412,108091770
2008-11-03,27.14580535888672,29.62935737303042,26.568234608092332,29.62935737303042,59412585
2008-11-04,27.723377227783203,28.994033032264795,26.97253737577105,28.994033032264795,58564365
2008-11-05,27.723377227783203,29.62936093450559,27.29019911261902,29.62936093450559,74490600
2008-11-06,25.78851890563965,29.62936290070005,25.78851890563965,29.62936290070005,39522630
2008-11-07,25.124317169189453,25.788523782115735,23.998055996326574,23.998055996326574,98908080
2008-11-10,24.951038360595703,26.56823658303391,24.200198543021717,26.56823658303391,63185355
2008-11-11,24.89328956604004,25.41310345339614,24.257961481493698,24.951046664635165,38927670
2008-11-12,25.066551208496094,26.625992270011167,24.63337313585302,26.625992270011167,58458840
2008-11-13,23.3916072845459,26.799273897248376,23.3916072845459,26.799273897248376,57074955
2008-11-14,24.084688186645508,24.257957237846405,21.77440464699784,21.77440464699784,45642075
2008-11-17,23.564876556396484,25.759643906540326,22.409734680387686,22.409734680387686,43537605
2008-11-18,22.2364559173584,25.210943033018932,22.12094176862315,25.210943033018932,69764085000
2008-11-19,21.947668075561523,22.75626702570971,21.94766807556152,22.23645341490016,50393715000
2008-11-20,21.25459098815918,21.601131270974758,20.417113286863085,20.417113286863085,43302435000
2008-11-21,22.2364559173584,22.698512512299395,19.781782471006487,19.781782471006487,56183520000
2008-11-24,21.543378829956055,22.236463973467245,20.7059031624863,20.7059031624863,50246985
2008-11-25,23.045061111450195,23.045061111450195,20.04169465671825,20.04169465671825,82679340
2008-11-26,22.52524757385254,23.27608975012036,21.456743614205706,21.456743614205706,57932220
2008-11-27,23.622631072998047,24.08468777299177,23.420481266750794,24.08468777299177,62983350000
2008-11-28,23.564876556396484,23.767026384698024,23.333848181194725,23.622633650196924,50929380
2008-12-01,23.564876556396484,25.210951515436147,22.987305618392085,25.210951515436147,62615520
2008-12-02,21.91879653930664,25.210948244530176,21.91879653930664,25.210948244530176,83978805
2008-12-03,21.45674705505371,23.44936478195505,21.081323692443387,23.44936478195505,73562985
2008-12-04,21.398984909057617,22.958426395771472,21.370108577280174,22.958426395771472,59691975000
2008-12-05,21.485614776611328,21.861035774434256,19.926175923003694,19.926175923003694,40846215
2008-12-08,22.987302780151367,22.987302780151367,19.9839364876268,19.9839364876268,101543190
2008-12-09,23.564876556396484,23.564876556396484,21.398985538879984,21.398985538879984,79399020000
2008-12-10,25.21094512939453,25.210945129394528,21.918793830958514,21.918793830958514,113429325000
2008-12-11,25.932912826538086,26.972540420279422,25.124313586961495,26.972540420279422,82269300000
2008-12-12,24.142440795898438,27.72337773212774,24.142440795898438,27.72337773212774,68770140000
2008-12-15,25.095436096191406,25.817399733264086,25.0665575507085,25.817399733264086,68397285
2008-12-16,25.701879501342773,26.82814251006404,24.48898087656602,26.82814251006404,58276935
2008-12-17,26.568235397338867,26.62599247413406,23.9114120790322,23.9114120790322,87302340
2008-12-18,25.990671157836914,26.568242070865622,24.720015149173747,24.720015149173747,49571625
2008-12-19,25.9617977142334,27.1458183186276,25.9617977142334,27.1458183186276,39498510000
2008-12-22,25.759639739990234,27.752256939532245,25.41309723323988,27.752256939532245,51111285
2008-12-23,25.32646369934082,25.67300623472684,23.969174316684935,23.969174316684935,38107590
2008-12-24,25.066551208496094,27.08804666655824,24.835522903086453,27.08804666655824,30835410000
2008-12-25,24.89328956604004,25.06656086182541,23.333850118244808,23.333850118244808,6107385000
2008-12-26,25.066551208496094,26.625992270011167,24.720008750381634,26.625992270011167,7415895000
2008-12-29,25.037675857543945,25.182068566805746,24.604497729758542,25.066554399396306,17648805000
2008-12-30,26.106185913085938,26.27945719079528,23.304969137724346,23.304969137724346,30441450000
2008-12-31,25.64412498474121,26.279452899257265,24.286835745274843,24.286835745274843,20743200000
2009-01-02,25.64412498474121,25.64412498474121,25.64412498474121,25.64412498474121,0
2009-01-05,26.712636947631836,27.203570048919417,25.644130672588297,25.644130672588297,41163795000
2009-01-06,26.33721351623535,26.71263460700396,25.99067097091048,26.71263460700396,34246380
2009-01-07,25.730764389038086,26.828149129851493,24.835529468900837,24.835529468900837,70769085
2009-01-08,23.998050689697266,25.124311613512866,23.940293605692748,23.940293605692748,88934460
2009-01-09,23.680383682250977,24.488980540051934,22.323092382699574,22.323092382699574,68485725
2009-01-12,24.05580711364746,25.326460712609578,23.391600665820306,25.326460712609578,49417860
2009-01-13,25.29758071899414,25.73075881227231,24.08468427208759,25.73075881227231,72003225
2009-01-14,24.83553123474121,27.05917942028334,24.83553123474121,27.05917942028334,45100380
2009-01-15,23.680383682250977,23.853654911980943,23.102812916484424,23.102812916484424,73444395
2009-01-16,24.084688186645508,24.257957237846405,22.034311545208205,22.034311545208205,32827320
2009-01-19,23.680383682250977,23.940290526845928,23.622626605674323,23.940290526845928,36530745000
2009-01-20,22.871782302856445,25.32645559546293,22.871782302856445,25.32645559546293,81333645
2009-01-21,23.218339920043945,24.460115539442086,22.35198329190098,24.460115539442086,65519970
2009-02-02,24.142440795898438,24.83552579276975,23.420479471763294,24.83552579276975,112945920
2009-02-03,24.748884201049805,25.81738998026964,24.43122253501314,25.81738998026964,88523415
2009-02-04,24.77777099609375,24.864406628697065,23.045060558300143,23.045060558300143,83271285
2009-02-05,24.488977432250977,25.008791055473345,23.045052915349657,23.045052915349657,69793230
2009-02-06,25.817394256591797,26.192815268231115,25.355337626881862,26.192815268231115,100351260
2009-02-09,26.27945327758789,26.91478120125041,24.02692921705693,24.02692921705693,104560200
2009-02-10,25.90403175354004,28.098798689581297,25.87515321208854,28.098798689581297,44570745
2009-02-11,26.59712028503418,27.69450279183914,25.4130999280819,27.69450279183914,80546730
2009-02-12,26.19281768798828,26.8281456125326,24.74889058675119,24.74889058675119,68792250
2009-02-13,26.53936004638672,26.71263129758262,24.37346940643793,24.37346940643793,49684185
2009-02-16,26.481603622436523,28.387585218805963,26.42384653726555,28.387585218805963,51524340
2009-02-17,25.29758071899414,28.329825157669,24.864402625715975,28.329825157669,69379170
2009-02-18,25.759639739990234,26.16393933119898,23.680386913760636,23.680386913760636,57631725
2009-02-19,26.221708297729492,27.550119627954643,25.413108748904214,27.550119627954643,57849810
2009-02-20,25.355337142944336,28.041039037601127,25.326458604138647,28.041039037601127,71748960
2009-02-23,25.990671157836914,27.116932223970114,25.124314788293844,27.116932223970114,48933450
2009-02-24,25.413097381591797,25.64412572077402,24.17132227275988,24.17132227275988,59968350
2009-02-25,25.817394256591797,27.174685606364722,25.58636594173683,27.174685606364722,53483085
2009-02-26,25.990671157836914,26.13506388609409,24.026932267812082,24.026932267812082,51748455
2009-02-27,25.9617977142334,26.25058322750028,24.17132974625197,24.17132974625197,59610570
2009-03-02,25.846275329589844,27.752256899709284,25.499732823336757,27.752256899709284,101285910
2009-03-03,25.759639739990234,25.904032451136214,24.055807962740186,24.055807962740186,58369395
2009-03-04,26.568235397338867,26.568235397338864,23.969169155827394,23.969169155827394,84194880
2009-03-05,26.914783477783203,28.416465573729766,26.56824094465568,28.416465573729766,78208095
2009-03-06,28.012161254882812,28.156553952808615,25.037673891883564,25.037673891883564,101923080
2009-03-09,27.867767333984375,29.91814355455035,27.145806090310828,29.91814355455035,69829410
2009-03-10,27.232440948486328,27.86776882548168,26.857022144534145,27.86776882548168,76816170
2009-03-11,28.127685546875,29.109556246512174,27.723385847024396,29.109556246512174,84086340
2009-03-12,27.867767333984375,30.091414784457335,27.694496104077388,30.091414784457335,51724335
2009-03-13,28.589738845825195,28.87852431035604,25.932914786414266,25.932914786414266,114907680
2009-03-16,28.878530502319336,30.55348434145906,28.791894844384178,30.55348434145906,74268495
2009-03-17,28.878530502319336,30.900026973199694,28.676380633803966,30.900026973199694,58131210
2009-03-18,29.109554290771484,29.1673113868697,26.857029757214004,26.857029757214004,80529645
2009-03-19,28.416461944580078,30.611228826481568,28.358704863101817,30.611228826481568,50981640
2009-03-20,27.55010986328125,30.380205066816526,27.55010986328125,30.380205066816526,62498940
2009-03-23,29.051790237426758,29.109547319693462,27.550106098492506,27.550106098492506,59197515
2009-03-24,30.26468849182129,30.26468849182129,27.03029612736281,27.03029612736281,62127090
2009-03-25,30.149179458618164,30.61123622207595,28.156561880479405,28.156561880479405,74241360
2009-03-26,29.860383987426758,32.22842171771184,29.51384155651596,32.22842171771184,61318065
2009-03-27,29.975900650024414,30.380197972455903,29.802629420008536,29.860386496680498,53753430
2009-03-30,30.033658981323242,30.03365898132324,29.340574032306783,29.975901902238537,46200855
2009-03-31,29.68712615966797,30.49572331549917,27.954413223730324,27.954413223730324,69573135
2009-04-02,30.26468849182129,30.32244557741064,27.26132446972021,27.26132446972021,84861195
2009-04-03,30.380203247070312,31.073288287467324,28.15655762340251,28.15655762340251,69842475
2009-04-06,30.26468849182129,32.4594577442166,29.802634021379053,32.4594577442166,77220180
2009-04-07,30.091428756713867,32.343953577140056,29.45610061872172,32.343953577140056,75857400
2009-04-08,28.994033813476562,29.744875899991737,28.012163392649022,28.012163392649022,112552965
2009-04-09,30.26468849182129,30.26468849182129,28.87852065194945,28.87852065194945,85832025
2009-04-10,30.611234664916992,30.611234664916992,28.156560448186955,28.156560448186955,43027065
2009-04-13,30.43796157836914,30.90001829086051,28.474222764553527,28.474222764553527,57354345
2009-04-14,30.322446823120117,32.517216165681134,29.629363981847188,32.517216165681134,72156990
2009-04-15,30.033658981323242,30.32244216247445,28.214310990155045,28.214310990155045,89649015
2009-04-16,29.629369735717773,32.112922786109976,29.51385553736125,32.112922786109976,93780570
2009-04-17,29.109554290771484,30.264693998462846,27.578991244168744,27.578991244168744,153010245
2009-04-20,29.975900650024414,29.975900650024414,27.08804681642647,27.08804681642647,78258345
2009-04-21,29.80263900756836,29.802639007568356,27.896654864235362,27.896654864235362,64313970
2009-04-22,29.28282356262207,31.88189049379454,29.167309378380057,31.88189049379454,67226460
2009-04-23,29.629369735717773,29.687126834896038,27.2613308836821,27.2613308836821,62227590
2009-04-24,29.16730308532715,29.91814512090073,27.578983394690734,27.578983394690734,82606980
2009-04-27,29.16730308532715,29.45608848362468,28.87851768702962,28.87851768702962,63072795
2009-04-28,29.456090927124023,29.74487634937745,27.145809763369154,27.145809763369154,55329270
2009-04-29,29.80263900756836,29.918153198073387,27.405719554588988,27.405719554588988,58527180
2009-04-30,31.88188362121582,31.88188362121582,27.723376099199697,27.723376099199697,155433300
2009-05-04,34.07664489746094,34.07664489746094,29.68711198427087,29.68711198427087,177780480
2009-05-05,33.49909210205078,35.17404803571721,31.708624180335683,31.708624180335683,131490180
2009-05-06,33.21030044555664,33.4990858978769,32.690486631380175,33.4990858978769,176802615
2009-05-07,32.632728576660156,33.21029721077095,30.900016031510173,30.900016031510173,141852735
2009-05-08,32.51721954345703,32.921516986916316,31.997405697801383,32.632733731380505,96870945
2009-05-11,32.45945358276367,32.92150799396838,30.264684611747953,30.264684611747953,77070435
2009-05-12,31.997398376464844,32.34394086094276,30.206928873328938,30.206928873328938,83635095
2009-05-13,32.57497024536133,32.805996361602055,31.939642336450085,31.99739941907838,94040865
2009-05-14,31.47759246826172,31.997406324091767,30.32245056641717,30.32245056641717,82343670
2009-05-15,31.650854110717773,32.22842488567603,29.282816147661165,29.282816147661165,64244625
2009-05-18,32.343936920166016,32.343936920166016,31.30430959340018,31.650852035655458,62795415
2009-05-19,32.9215087890625,32.9215087890625,32.34394020753957,32.34394020753957,91570575
2009-05-20,32.45945358276367,32.92150799396838,32.17066819184055,32.92150799396838,64667730
2009-05-21,32.69047927856445,32.80599343351086,30.206927161489084,30.206927161489084,64073775
2009-05-22,32.45945358276367,32.74823897368679,32.2861823482098,32.69047968122989,57527205
2009-05-25,32.170677185058594,32.86376231702399,30.206935977823306,30.206935977823306,50797725
2009-05-26,32.69047927856445,34.36543452528727,32.1129107181047,34.36543452528727,62398440
2009-05-27,34.885257720947266,34.885257720947266,32.69048817938366,32.69048817938366,183899925
2009-06-01,34.07664489746094,35.00075802203653,33.78785954603107,34.885243881464575,102013530
2009-06-02,34.596473693847656,34.65423078944887,34.07665983343679,34.07665983343679,80862300
2009-06-03,34.538719177246094,36.96451515935757,33.9611481781069,36.96451515935757,73274550
2009-06-04,33.441322326660156,36.9067448686498,32.92150861322086,36.9067448686498,81700470
2009-06-05,33.15253829956055,35.75160475983052,32.92150997293456,35.75160475983052,42436125
2009-06-08,32.69047927856445,33.55683544066246,31.015526246113893,31.015526246113893,55954380
2009-06-09,32.40169906616211,34.94300849292174,32.34394198341138,34.94300849292174,75314700
2009-06-10,33.61458969116211,34.65421699824748,33.094776037619425,34.65421699824748,55321230
2009-06-11,33.67235565185547,33.67235565185547,32.63273028462505,33.499084388271626,54057945
2009-06-12,32.343936920166016,33.38356203265973,32.343936920166016,33.38356203265973,87307365
2009-06-15,30.784502029418945,31.766372477015732,30.380202433349677,31.535344136404724,98056845
2009-06-16,30.957773208618164,31.362072803691508,30.322445273502908,30.72674486857625,78092520
2009-06-17,30.033658981323242,30.553470478813267,29.91814482315383,30.553470478813267,83768760
2009-06-18,30.43796157836914,30.784504112737665,30.033664169211892,30.784504112737665,62847675
2009-06-19,30.206933975219727,30.32244815622248,29.86039364648422,30.14917688471835,66898830
2009-06-22,30.611234664916992,30.668991757411177,29.45609502930612,29.45609502930612,48037995
2009-06-23,29.629369735717773,29.918155231609088,29.629369735717773,29.918155231609088,59505045
2009-06-24,30.553470611572266,31.65085511894994,29.744873715145253,29.802630794480923,122965770
2009-06-25,31.01552391052246,31.13103805677019,30.668981471779272,30.90000976427473,56556375
2009-06-26,31.419828414916992,31.4775854972183,30.90001467420518,31.073285921109115,68721900
2009-06-29,30.842254638671875,31.477582483151895,30.668983408359143,31.477582483151895,64387335
2009-06-30,31.593093872070312,31.593093872070312,31.073280226619556,31.53533680035356,45144600
2009-07-01,31.766376495361328,32.05516195765553,30.957777200937556,31.362076848149442,46831995
2009-07-02,31.824129104614258,31.939643273258945,31.477586598680187,31.708614935969567,34404165
2009-07-03,31.766376495361328,31.766376495361328,31.24656266323176,31.24656266323176,27359115
2009-07-06,31.419828414916992,31.9396421556288,31.304314250314366,31.824127991026174,33242385
2009-07-07,31.997398376464844,32.11291253795748,31.362070488255327,31.419827569001647,37127715
2009-07-08,31.419828414916992,31.593099661820926,31.24655716801305,31.593099661820926,58099050
2009-07-09,31.93964385986328,32.40170054292819,31.362073006032155,31.419830091415268,60531150
2009-07-10,32.40169906616211,32.45945614891284,31.997399486907007,32.34394198341138,52935360
2009-07-13,31.766376495361328,33.09478740764184,31.41983394060828,33.037030315182996,67172190
2009-07-14,32.228424072265625,32.45945237641803,31.939638692075125,32.05515284415132,88881195
2009-07-15,32.8802604675293,33.73907420141517,32.5735416111528,32.75757479704203,73533000
2009-07-16,33.186981201171875,33.86176412741767,33.1256383624583,33.73907610991123,49572000
2009-07-17,33.12562561035156,33.73906312165437,33.06428279525264,33.67772030655544,54577000
2009-07-20,33.61638259887695,33.86175859379095,33.43235177273092,33.67772776764491,69655000
2009-07-21,34.045780181884766,34.045780181884766,33.493685513174235,33.739061441507424,67895000
2009-07-22,33.923099517822266,34.107130333635645,33.5550378861955,33.861756692577394,55795000
2009-07-23,34.65922546386719,34.78191345564885,33.98444501918625,34.04578784503768,69194000
2009-07-24,35.088626861572266,35.149969677977175,34.843250915795736,34.965938888684,81642000
2009-07-27,35.33400344848633,35.51803659338527,34.90459901726517,35.08862982208547,49935000
2009-07-28,35.518043518066406,35.518043518066406,35.027291489429246,35.33401033728792,48101000
2009-07-29,34.65922546386719,35.57938189211145,34.29116382860101,35.57938189211145,56781000
2009-07-30,34.352500915527344,34.59787685809819,33.86175137046406,34.41384373113085,62361000
2009-07-31,36.13148498535156,36.31551584526092,35.640732905487475,35.763420925453495,196178000
2009-08-03,35.76340866088867,35.947439457687224,35.027283133615924,35.947439457687224,69991000
2009-08-04,35.33400344848633,36.07012900784618,34.78191103402542,35.94744102460643,62034000
2009-08-05,34.90460205078125,35.57938250712625,34.72056888988821,35.518039680214464,53365000
2009-08-06,34.8432731628418,35.27268017208315,34.659242256046916,35.27268017208315,53205000
2009-08-07,34.8432731628418,34.8432731628418,34.8432731628418,34.8432731628418,0
2009-08-10,35.45669937133789,35.7634182280797,34.96594966856682,35.14998051459607,69103000
2009-08-11,35.02729415893555,35.334013030169935,34.65923244948599,35.14998217544516,64378000
2009-08-12,35.27265548706055,35.27265548706055,34.65921800032906,35.02727955633663,42908000
2009-08-13,35.947444915771484,35.947444915771484,35.27266444502858,35.5793832662897,79925000
2009-08-14,36.13148498535156,36.43820386522694,35.886108945419515,36.31551584526092,51220000
2009-08-17,35.45669937133789,36.315513106246634,35.21132568999194,36.192825095534076,48628000
2009-08-18,35.33400344848633,35.45669143172608,34.72056587236622,35.027284660426275,32027000
2009-08-19,35.21131896972656,35.51803776792948,35.149973806038744,35.27266179333566,21153000
2009-08-20,35.395347595214844,35.45669041503645,34.659222056962754,35.211316795671465,25658000
2009-08-21,34.8432731628418,35.64074198567291,34.659242256046916,35.579399130101265,42051000
2009-08-24,35.82475662231445,36.19281824470368,35.33400467235719,35.4566926598465,59282000
2009-08-25,36.00878143310547,36.1928122136337,35.763405499015605,35.94743627954384,35268000
2009-08-26,36.19282150268555,36.19282150268555,35.579383850097656,36.00879067492497,50183000
2009-08-27,36.07013702392578,36.13148219921808,35.518044486770094,35.886106178207214,30410000
2009-08-28,36.49953842163086,36.49953842163086,35.763412808977165,36.19281961136505,49629000
2009-08-31,36.31549072265625,36.68355218785463,35.886084119873,36.56086425276259,45013000
2009-09-01,37.41969680786133,37.41969680786133,36.00879067492497,36.43819749975228,84266000
2009-09-02,36.56087875366211,37.297004316101194,36.56087875366211,37.05163068867394,61298000
2009-09-03,36.683563232421875,36.92893917648293,36.376844472384775,36.92893917648293,42433000
2009-09-04,36.8062629699707,36.92895098121977,36.499544111887616,36.92895098121977,44401000
2009-09-07,38.03313064575195,38.03313064575195,36.622224654328505,36.86759828670549,74764000
2009-09-08,38.4625358581543,38.7079094805195,37.665067490329825,38.03312909391693,70265000
2009-09-09,38.03313064575195,38.64656823681246,38.03313064575195,38.523880250584625,50654000
2009-09-10,38.95329666137695,39.87345327542523,38.03314004732868,39.689420080552146,96349000
2009-09-11,38.27851486206055,38.52388854728244,37.97179600047378,38.52388854728244,47431000
2009-09-14,37.726417541503906,38.339855225105595,37.29701069496691,38.278512392777046,44672000
2009-09-15,38.33985137939453,38.462539371824356,37.41969494628906,37.41969494628906,36111000
2009-09-16,38.4625358581543,38.89194262239166,38.33984787693239,38.40119069750404,35054000
2009-09-17,38.33985137939453,38.646570190429685,38.03313256835938,38.646570190429685,38573000
2009-09-18,38.4625358581543,38.4625358581543,37.910441112695025,38.03312909391693,46352000
2009-09-21,38.2171630859375,38.401193903093265,37.726413460162526,38.339851077400944,33473000
2009-09-22,38.33985137939453,38.52388219799986,38.03313256835938,38.03313256835938,24321000
2009-09-23,38.2171630859375,38.585227060327824,37.665070634470204,38.46253906886439,34755000
2009-09-24,37.29700469970703,38.03313026971729,37.11297389222413,38.03313026971729,54162000
2009-09-25,37.48103713989258,37.60372513025178,37.051632683753525,37.41969431475236,45106000
2009-09-28,37.23565673828125,37.665063456530625,37.112968770198805,37.665063456530625,27489000
2009-09-29,39.07596969604492,39.07596969604492,38.033125465271794,38.033125465271794,82548000
2009-09-30,39.56671905517578,39.873437807541485,39.07596951940633,39.07596951940633,102127000
2009-10-01,39.87344741821289,39.99613307666732,39.137321767091635,39.87344741821289,54800000
2009-10-02,38.4625358581543,38.830597461741405,38.33984787693239,38.64656665994785,77795000
2009-10-05,38.03313064575195,38.15581863197979,37.726411850221695,38.03313064575195,60826000
2009-10-06,38.27851486206055,38.64657655993299,37.78776281145835,38.03313883675945,81906000
2009-10-07,38.09446716308594,38.64656183968418,37.849093571325405,38.64656183968418,62388000
2009-10-08,37.35835647583008,37.9104489960161,37.35835647583008,37.542387315892086,82064000
2009-10-09,37.48103713989258,37.60372513025178,37.235663499252944,37.29700632439316,67762000
2009-10-12,37.542381286621094,37.91044290763476,37.17431732552872,37.91044290763476,36486000
2009-10-13,37.91044616699219,37.91044616699219,36.99028969526869,37.174320521597615,51266000
2009-10-14,38.95329666137695,38.95329666137695,38.217170902122476,38.339858918678104,85334000
2009-10-15,39.13731384277344,39.26000181646558,38.646564288083304,39.26000181646558,62541000
2009-10-16,37.9717903137207,38.646570772123056,37.91044514654303,38.339851956471286,75045000
2009-10-19,37.665061950683594,37.971780688587934,37.419686024328826,37.84909272541054,103211000
2009-10-20,38.03313064575195,38.21716145505437,37.91044265952411,37.91044265952411,67524000
2009-10-21,37.78776168823242,38.155825715243516,37.603730844766446,37.84910686277384,48816000
2009-10-22,37.91044616699219,38.155822162150024,37.419696516755444,38.155822162150024,72693000
2009-10-23,37.726417541503906,38.09447921563329,37.726417541503906,38.03313638330475,36966000
2009-10-26,37.726417541503906,38.21716722036945,37.726417541503906,37.9104483785686,36720000
2009-10-27,37.60372543334961,37.97178940739394,37.4810374420015,37.72641342469772,49427000
2009-10-28,37.11296081542969,37.726398184279766,37.11296081542969,37.60371024249418,62705000
2009-10-29,36.99028396606445,37.17431476388994,36.19281561543499,36.80625316823897,103965000
2009-10-30,36.8062629699707,37.66507670863502,36.8062629699707,37.66507670863502,65520000
2009-11-02,36.683563232421875,36.92893917648293,36.31550165640872,36.4995324444153,38079000
2009-11-03,36.31549072265625,36.62220939034747,36.25414558507137,36.62220939034747,52726000
2009-11-04,36.56087875366211,36.62222391557791,36.192817142481886,36.31550512623485,64073000
2009-11-05,36.62222671508789,36.80625753474585,36.43819589542993,36.744914708219476,43726000
2009-11-06,36.8062629699707,36.99029381680472,36.62223212313668,36.99029381680472,44520000
2009-11-09,36.8062629699707,37.11298182805379,36.68357495872163,37.11298182805379,34813000
2009-11-10,37.11296081542969,37.11296081542969,36.80624213100465,37.05161801457582,40584000
2009-11-11,38.15581512451172,38.339845916897126,37.35834679745595,37.419689614891595,94778000
2009-11-12,38.15581512451172,38.52387670928253,37.971784332126305,38.339845916897126,102770000
2009-11-13,37.91044616699219,38.155822162150024,37.72641534066327,37.91044616699219,43120000
2009-11-16,38.27851486206055,38.46254571099677,38.15582684941,38.27851486206055,59633000
2009-11-17,38.40119171142578,38.769255664809634,38.09447292031191,38.64656768034835,57822000
2009-11-18,38.585227966308594,38.769258787785404,38.46253997196444,38.64657079344125,54524000
2009-11-19,38.585227966308594,38.769258787785404,38.46253997196444,38.585227966308594,40088000
2009-11-20,37.84909439086914,38.52387470791946,37.665063608044356,38.52387470791946,50419000
2009-11-23,38.03313064575195,38.09447346882652,37.66506902714712,37.66506902714712,25386000
2009-11-24,38.27851486206055,38.33985769834622,37.9104508241089,38.15582684941,25992000
2009-11-25,38.4625358581543,38.64656665994785,38.155817075138835,38.155817075138835,46553000
2009-11-26,38.03313064575195,38.64656823681246,37.91044265952411,38.523880250584625,31172000
2009-11-27,36.8062629699707,37.6037315329709,36.8062629699707,37.48104352172183,93737000
2009-11-30,37.48103713989258,37.60372513025178,37.235663499252944,37.41969431475236,32695000
2009-12-01,37.23565673828125,37.78774908453472,37.05162595619676,37.72640627053267,53946000
2009-12-02,37.29700469970703,37.72641147721957,37.11297389222413,37.6650686547515,38474000
2009-12-03,37.726417541503906,37.9104483785686,37.41969869970306,37.78776037383245,54543000
2009-12-04,37.726417541503906,37.9717935509762,37.60372953676775,37.726417541503906,26379000
2009-12-07,38.33985137939453,38.52388219799986,38.03313256835938,38.03313256835938,46543000
2009-12-08,38.27851486206055,38.58523372364732,37.97179600047378,38.58523372364732,39388000
2009-12-09,38.27851486206055,38.27851486206055,37.97179600047378,38.15582684941,37770000
2009-12-10,37.60372543334961,38.523881858342236,37.41969461636685,38.523881858342236,62875000
2009-12-11,38.40119171142578,38.40119171142578,37.665068484815414,37.97178727592929,40997000
2009-12-14,38.4625358581543,38.52387867872594,38.03312909391693,38.09447191448858,38704000
2009-12-15,38.4625358581543,38.4625358581543,38.155817075138835,38.33984787693239,27949000
2009-12-16,37.91044616699219,38.33985298847894,37.72641534066327,38.33985298847894,49488000
2009-12-17,38.15581512451172,38.27850309946148,37.72640838222677,38.094469966997586,33109000
2009-12-18,37.9717903137207,37.9717903137207,37.60372633089126,37.726414325167745,32071000
2009-12-21,38.15581512451172,38.52387670928253,38.15581512451172,38.27850309946148,52334000
2009-12-22,38.585227966308594,38.585227966308594,38.339851977620285,38.40119480475293,43944000
2009-12-23,38.89194869995117,38.95329153010873,38.5238846987689,38.646572699162995,65488000
2009-12-24,39.01463317871094,39.07597834708964,38.83060235373265,38.891947522111344,56297000
2009-12-25,38.89194869995117,39.19866753089691,38.70791552932055,39.19866753089691,20204000
2009-12-28,39.07596969604492,39.26000048028056,38.891938911809284,38.891938911809284,39136000
2009-12-29,38.830596923828125,39.07597288287278,38.58522330486204,39.07597288287278,28498000
2009-12-30,39.19866180419922,39.26000462539495,38.83059785678896,38.83059785678896,59566000
2009-12-31,39.56671905517578,39.56671905517578,39.19865748836828,39.50537624073399,51979000
2010-01-04,39.812095642089844,39.873438457531606,39.26000094280035,39.873438457531606,39407000
2010-01-05,39.56671905517578,39.93478062198328,39.19865748836828,39.873437807541485,37138000
2010-01-06,39.812095642089844,39.812095642089844,39.07597015639666,39.56671970016598,49261000
2010-01-07,39.3826904296875,39.87344236158531,39.3826904296875,39.8120995401374,42134000
2010-01-08,39.26000213623047,39.444035268306834,38.95328336954117,38.95328336954117,46076000
2010-01-11,39.56671905517578,39.81209499309969,38.95328155044437,39.26000030281008,36799000
2010-01-12,39.01463317871094,39.50538516542491,38.83060235373265,39.50538516542491,49853000
2010-01-13,38.52387619018555,38.7079069800912,38.40118821688896,38.64656416348214,47976000
2010-01-14,38.769248962402344,39.01462254882619,38.64656099915129,39.01462254882619,36149000
2010-01-15,38.95329666137695,38.95329666137695,38.5238897734719,38.58523495178935,47852000
2010-01-18,38.585227966308594,38.7079136205739,38.52388279909709,38.52388279909709,30136000
2010-01-19,38.33985137939453,38.76925818285952,38.03313256835938,38.646570190429685,47202000
2010-01-20,38.646568298339844,38.76925628476301,38.155818692725866,38.58522547516761,52281000
2010-01-21,38.40119171142578,38.64656768034835,38.09447292031191,38.64656768034835,24738000
2010-01-22,37.48103713989258,37.849101110970196,37.41969431475236,37.72641312061099,63918000
2010-01-25,37.0516357421875,37.297009403081546,36.867602571418246,36.867602571418246,62151000
2010-01-26,36.86759567260742,37.54237837897572,36.80625285388237,37.17431444638978,79112000
2010-01-27,36.56087875366211,37.05163068867394,36.49953593182495,36.867597543005175,52639000
2010-01-28,36.8062629699707,37.72641954421997,36.68357495872163,37.11298182805379,43988000
2010-01-29,37.726417541503906,37.726417541503906,36.43819934197198,36.867603848429916,91560000
2010-02-01,36.683563232421875,37.235657936520035,36.4995324444153,37.235657936520035,75480000
2010-02-02,36.19282150268555,37.05163515234017,36.19282150268555,36.9289471538068,65510000
2010-02-03,36.683563232421875,36.99028199245898,36.07012571234767,36.92893917648293,42426000
2010-02-04,36.2541618347168,36.80625662004904,36.19281900971489,36.80625662004904,42564000
2010-02-05,35.088626861572266,35.51803359664197,35.088626861572266,35.33400046727035,62227000
2010-02-08,35.21131896972656,35.70206857883549,34.965942995132735,35.57938059153857,45247000
2010-02-09,35.947444915771484,36.315508905332166,35.39535244154881,35.82475925933015,45754000
2010-02-10,35.82475662231445,36.315506232192995,35.70206863482514,36.19281824470368,53679000
2010-02-22,36.19282150268555,37.11297798156738,36.19282150268555,37.11297798156738,47519000
2010-02-23,36.683563232421875,36.744908388476354,36.25415650035424,36.56087526039135,50343000
2010-02-24,35.8860969543457,36.31550371070401,35.824754134899614,36.31550371070401,54884000
2010-02-25,35.70207214355469,36.13147897192919,35.51804131427388,35.88610297283549,55655000
2010-02-26,36.07013702392578,36.13148219921808,35.579387321983226,35.702075332488654,30877000
2010-03-01,36.56087875366211,36.74491189933087,35.70206754754871,36.49953593182495,60146000
2010-03-02,36.744911193847656,37.112972797961284,36.49953523105283,37.112972797961284,53495000
2010-03-03,36.8062629699707,36.86760580555565,36.56088694747256,36.56088694747256,32150000
2010-03-04,36.31549072265625,36.68355218785463,35.824741322365846,36.68355218785463,53405000
2010-03-05,37.0516357421875,37.0516357421875,36.56088374024146,36.68357174072797,59062000
2010-03-08,37.542381286621094,37.542381286621094,37.17431732552872,37.35835047611427,43993000
2010-03-09,37.60372543334961,37.665070599063064,37.29700662501874,37.542382607714956,29829000
2010-03-10,37.665061950683594,37.665061950683594,37.29699806115144,37.603716799055775,30540000
2010-03-11,37.665061950683594,37.91043553696011,37.54237398750621,37.787747573782724,25340000
2010-03-12,37.29700469970703,37.72641147721957,37.1743167146922,37.6650686547515,67894000
2010-03-15,36.683563232421875,37.60371951253318,36.683563232421875,37.60371951253318,37911000
2010-03-16,36.62222671508789,36.92894552787744,36.62222671508789,36.86760036127223,29394000
2010-03-17,37.11296081542969,37.35833669900086,36.74489933015078,37.11296081542969,68876000
2010-03-18,37.0516357421875,37.174321402595034,36.80625974121448,36.867602571418246,70048000
2010-03-19,36.8062629699707,36.99029381680472,36.62223212313668,36.8062629699707,45829000
2010-03-22,36.19282150268555,36.56088315820671,36.07013350415218,36.56088315820671,47044000
2010-03-23,36.56087875366211,36.867597543005175,36.49953593182495,36.49953593182495,48107000
2010-03-24,37.17431640625,37.29700439024686,36.86759761629718,36.86759761629718,46973000
2010-03-25,37.726417541503906,37.726417541503906,36.92894902083752,37.35835586737451,62713000
2010-03-26,38.03313064575195,38.03313064575195,36.99028627293333,37.60372386399385,77332000
2010-03-29,38.15581512451172,38.217157941947356,37.84909635717654,38.03312714956195,37464000
2010-03-30,38.15581512451172,38.27850309946148,37.84909635717654,38.27850309946148,29950000
2010-03-31,37.726417541503906,38.1558243880409,37.726417541503906,38.1558243880409,39228000
2010-04-01,38.09446716308594,38.33984309492478,37.726405605405986,37.726405605405986,54656000
2010-04-02,38.27851486206055,38.33985769834622,38.094481673045124,38.33985769834622,17299000
2010-04-06,38.89194869995117,38.95329153010873,38.5238846987689,38.5238846987689,52915000
2010-04-07,38.95329666137695,38.95329666137695,38.707920628265704,38.95329666137695,48336000
2010-04-08,38.2171630859375,38.646569886020146,38.094475094474056,38.5238818945567,48530000
2010-04-09,38.4625358581543,38.64656665994785,37.97178627334528,37.97178627334528,31569000
2010-04-12,38.70791244506836,38.89194560103519,38.523881629180316,38.830600435686655,34914000
2010-04-13,38.585227966308594,38.7079136205739,38.094475988931976,38.64657079344125,42708000
2010-04-14,39.13731384277344,39.13731384277344,38.58522147127646,38.70790710489015,55548000
2010-04-15,39.50537872314453,39.812097494783615,39.260002769801865,39.56672154144094,70894000
2010-04-16,38.646568298339844,39.07597508078158,38.58522547516761,39.01462991753064,49654000
2010-04-19,38.40119171142578,38.769255664809634,38.27850606704317,38.339848889234474,66249000
2010-04-20,38.52387619018555,38.64656416348214,38.27850258367083,38.58522134687307,37426000
2010-04-21,38.27851486206055,38.707919396218664,38.21716968569567,38.58523372364732,44895000
2010-04-22,37.78776168823242,37.91044969723612,37.29701199229677,37.91044969723612,90506000
2010-04-23,37.84909439086914,38.27850111084587,37.78774923654197,37.971782359445115,48869000
2010-04-26,38.95329666137695,39.01463949961513,38.27851608043993,38.27851608043993,67358000
2010-04-27,39.07596969604492,39.07596969604492,38.707905787495264,38.95328172652837,25300000
2010-04-28,38.09446716308594,38.40118590784534,38.03312435016538,38.09446716308594,72599000
2010-04-29,37.78776168823242,38.155825715243516,37.78776168823242,38.155825715243516,40178000
2010-04-30,37.91044616699219,38.46254098605785,37.91044616699219,37.91044616699219,43339000
2010-05-03,37.78776168823242,38.40119939317177,37.66507601930786,38.40119939317177,22418000
2010-05-04,37.41969680786133,38.03313446044922,37.29700880932796,37.971791631222004,38039000
2010-05-05,36.683563232421875,36.92893917648293,36.683563232421875,36.744908388476354,93944000
2010-05-06,36.49953842163086,36.74491440587503,36.31550760348714,36.683569239774585,48824000
2010-05-07,36.438201904296875,36.86760644095043,35.88610701420056,35.94744985084272,61514000
2010-05-10,36.683563232421875,36.8062512044524,36.192813684378194,36.438189628439254,56272000
2010-05-11,36.86759567260742,37.17431444638978,36.74491003515731,37.05162880893967,67770000
2010-05-12,36.86759567260742,37.41969040144708,36.80625285388237,37.41969040144708,27694000
2010-05-13,37.542381286621094,37.72641209712793,37.11297450205268,37.17431732552872,39828000
2010-05-14,37.542381286621094,37.72641209712793,37.11297450205268,37.235662489083474,31551000
2010-05-17,36.31549072265625,37.11295879063788,36.25414558507137,37.11295879063788,73173000
2010-05-18,36.49953842163086,36.806257231896666,36.43819559560922,36.560881247652496,30445000
2010-05-19,36.37683868408203,36.56086944280553,35.94743202034183,36.19280792535853,48408000
2010-05-20,36.13148498535156,36.6222347251363,36.13148498535156,36.49954670517028,31637000
2010-05-21,36.07013702392578,36.25416786964434,35.518044486770094,35.763418167701786,45655000
2010-05-24,36.19282150268555,36.56088315820671,36.00879067492497,36.56088315820671,19294000
2010-05-25,35.82475662231445,36.131475420998385,35.64072347104111,36.07013025721436,48371000
2010-05-26,36.13148498535156,36.1928278252949,35.886108945419515,36.13148498535156,42766000
2010-05-27,36.00878143310547,36.37684299416193,35.39534393795913,35.88609346606054,55467000
2010-05-28,36.00878143310547,36.43818814772357,35.763405499015605,36.1314694001504,61106000
2010-05-31,36.928932189941406,36.928932189941406,36.07011888828403,36.254149641474044,25365000
2010-06-01,36.683563232421875,36.8062512044524,36.31550165640872,36.744908388476354,27295000
2010-06-02,36.683563232421875,37.05162714851346,36.376844472384775,36.683563232421875,35241000
2010-06-03,37.29700469970703,37.41969268472185,37.11297389222413,37.29700469970703,46916000
2010-06-04,37.41969680786133,37.41969680786133,36.9289471538068,37.11297798156738,41837000
2010-06-07,36.31549072265625,36.62220939034747,36.00877205496503,36.62220939034747,69197000
2010-06-08,35.8860969543457,36.31550371070401,35.824754134899614,36.13147291228718,40396000
2010-06-09,35.947444915771484,36.19282090881194,35.76341409103059,35.82475925933015,45955000
2010-06-10,36.438201904296875,36.683575590944734,36.07013786420626,36.683575590944734,28784000
2010-06-11,37.11296081542969,37.11296081542969,36.80624213100465,36.92893007279024,41097000
2010-06-14,37.48103713989258,37.66507029547078,37.35835148961215,37.35835148961215,44867000
2010-06-15,37.665061950683594,37.971780688587934,37.23565524960188,37.603716799055775,37382000
2010-06-17,38.09446716308594,38.21715512900536,37.849093571325405,38.03312435016538,55896000
2010-06-18,38.4625358581543,38.4625358581543,37.910441112695025,38.27850505636074,46267000
2010-06-21,38.830596923828125,39.07597288287278,38.70790894430579,38.70790894430579,68207000
2010-06-22,38.40119171142578,38.83059848700094,38.40119171142578,38.83059848700094,30437000
2010-06-23,38.09446716308594,38.33984309492478,38.03312435016538,38.03312435016538,37155000
2010-06-24,38.03313064575195,38.15581863197979,37.84909983644953,38.09447346882652,35311000
2010-06-25,37.665061950683594,37.971780688587934,37.603716799055775,37.72640476223316,30548000
2010-06-28,37.84909439086914,37.84909439086914,37.48103048514121,37.54237563946838,20466000
2010-06-29,37.41969680786133,38.40119611597038,37.41969680786133,38.03313446044922,47903000
2010-06-30,37.17431640625,37.419692374243716,36.990285600294044,36.990285600294044,58283000
2010-07-01,36.928932189941406,37.174305747502096,36.80624424112207,37.174305747502096,15325000
2010-07-02,36.99028396606445,37.23565992321747,36.80625316823897,36.80625316823897,66885000
2010-07-05,37.665061950683594,37.91043553696011,36.9902793232471,36.9902793232471,86939000
2010-07-06,38.63230514526367,38.63230514526367,37.922862357290455,37.98735849816595,69631000
2010-07-07,38.374332427978516,38.63231211748735,38.18084889098522,38.567815964971814,59093000
2010-07-08,38.95479202270508,38.95479202270508,38.50332872059973,38.76130599303345,50323000
2010-07-09,38.95479202270508,39.01928572574424,38.63231858695512,38.95479202270508,37986000
2010-07-12,38.567813873291016,39.08377076404971,38.567813873291016,39.08377076404971,44157000
2010-07-13,38.43882751464844,38.82579706294964,38.374333820069936,38.63231351893741,37431000
2010-07-14,38.95479202270508,39.14827559209964,38.82580215634968,38.95479202270508,59702000
2010-07-15,38.890289306640625,39.01927915126211,38.76129946201914,38.95478545908969,32938000
2010-07-16,38.63230514526367,39.01927214941182,38.567809004388174,39.01927214941182,29874000
2010-07-19,39.406253814697266,39.535243684162864,38.30984607493249,38.37433977952673,56238000
2010-07-20,39.66423416137695,39.857717738401405,39.34176071291047,39.53524428993493,53905000
2010-07-21,39.85770797729492,39.922204127359485,39.66422444765436,39.922204127359485,41172000
2010-07-22,39.9867057800293,40.18018934819983,39.535242480780006,39.92221207739813,45274000
2010-07-23,40.502655029296875,40.6316448701463,40.244677807874595,40.37366518844744,65925000
2010-07-26,40.3736572265625,40.696130534954456,40.18017373358254,40.6316368573865,26958000
2010-07-27,40.30918502807617,40.63165850830078,40.180195143930845,40.63165850830078,20942000
2010-07-28,40.631656646728516,40.631656646728516,40.115699594063614,40.18019330304274,26119000
2010-07-29,40.631656646728516,40.631656646728516,40.373676890257414,40.631656646728516,38043000
2010-07-30,40.244686126708984,40.244686126708984,39.599739249423756,40.244686126708984,43549000
2010-08-02,40.18018341064453,40.50265679670151,40.0511935641664,40.37366695022338,48015000
2010-08-03,39.9867057800293,40.37367291637037,39.793222211858755,40.37367291637037,32913000
2010-08-04,39.9867057800293,40.11569564556867,39.72872604895054,39.9867057800293,20350000
2010-08-05,39.922203063964844,39.986696752034945,39.857706915618245,39.986696752034945,21813000
2010-08-06,39.27726745605469,39.79322448744022,39.08378141654257,39.728728320843786,62419000
2010-08-09,39.14826583862305,39.27725567284166,38.954782317433356,39.01927600440444,56912000
2010-08-10,39.34176254272461,39.599742297607484,39.21277266528317,39.27726883414253,62187000
2010-08-11,39.34176254272461,39.47075242016605,39.14827895670109,39.21277266528317,28506000
2010-08-12,38.8257942199707,39.08377143967131,38.761298069838126,38.8257942199707,65513000
2010-08-13,38.76129913330078,39.08377251198141,38.63231175004984,38.82579528520289,64069000
2010-08-16,38.890289306640625,38.890289306640625,38.43882608060375,38.69680576984672,39691000
2010-08-17,38.567813873291016,39.01927707530857,38.567813873291016,39.01927707530857,37445000
2010-08-18,38.43882751464844,38.890290757528135,38.374333820069936,38.6968072135159,42369000
2010-08-19,38.76129913330078,38.954785128730464,38.37433206299468,38.37433206299468,45753000
2010-08-20,38.63230514526367,38.825788647337745,38.50331532378889,38.567809004388174,30073000
2010-08-23,38.76129913330078,39.27725850741109,38.438825754620154,38.63231175004984,27530000
2010-08-24,38.43882751464844,38.7613009080944,38.43882751464844,38.6968072135159,30548000
2010-08-25,37.85836410522461,38.30982719573326,37.793867972137136,38.30982719573326,70486000
2010-08-26,37.92287063598633,38.116354180298536,37.72938709167411,37.7938807863526,33540000
2010-08-27,37.92287063598633,37.98736679094156,37.72938709167411,37.85837694130784,43374000
2010-08-30,38.30983352661133,38.43882089355021,37.98736018871149,38.18084369939613,27583000
2010-08-31,37.98737335205078,38.051867057868506,37.66489990240783,38.051867057868506,77308000
2010-09-01,38.116363525390625,38.245353406649144,37.85838622315094,38.245353406649144,33670000
2010-09-02,38.374332427978516,38.76129950196511,38.30983873573963,38.696805809726236,25353000
2010-09-03,38.567813873291016,38.63231002230868,38.24534050903227,38.24534050903227,38247000
2010-09-06,39.01927947998047,39.01927947998047,38.761299788564145,38.954785787264726,25773000
2010-09-07,38.8257942199707,39.08377143967131,38.761298069838126,39.0192777498153,20235000
2010-09-08,38.24534225463867,38.63231178557727,37.98736502762291,38.438825789969655,66266000
2010-09-09,38.374332427978516,38.50332227273293,38.18084889098522,38.50332227273293,21194000
2010-09-10,38.24534225463867,38.50332194193108,38.11635241099247,38.374332098284874,32620000
2010-09-13,39.27726745605469,39.27726745605469,38.30984709960287,38.438834512241364,86590000
2010-09-14,39.34176254272461,39.47075242016605,39.14827895670109,39.47075242016605,33482000
2010-09-15,39.47074508666992,39.47074508666992,39.019281829643475,39.47074508666992,39289000
2010-09-16,39.01927947998047,39.34175286411254,39.01927947998047,39.212763018404374,27832000
2010-09-17,39.47074508666992,39.599734940145595,39.0837755262429,39.34175523319425,49333000
2010-09-20,39.9867057800293,39.9867057800293,39.535242480780006,39.66423234631938,65877000
2010-09-21,39.85770797729492,40.180181346788046,39.728718137442364,40.180181346788046,32205000
2010-09-23,38.69681167602539,39.27726483527658,38.632317974009496,39.27726483527658,106168000
2010-09-24,38.76129913330078,38.82579528520289,38.438825754620154,38.50332190652226,58578000
2010-09-27,39.14826583862305,39.21275952559413,38.954782317433356,39.21275952559413,57033000
2010-09-28,39.34176254272461,39.47075242016605,39.083782787841734,39.14827895670109,48335000
2010-09-29,39.66423416137695,39.922213904261,39.34176071291047,39.66423416137695,79436000
2010-09-30,39.9867057800293,39.9867057800293,39.72872604895054,39.793222211858755,56151000
2010-10-01,39.9867057800293,40.18018934819983,39.793222211858755,40.11569564556867,38944000
2010-10-04,39.922203063964844,40.05119044010505,39.728717079201544,39.986696752034945,25742000
2010-10-05,39.406253814697266,39.79322342309406,39.27726640550879,39.79322342309406,28432000
2010-10-06,39.85770797729492,39.98669781714749,39.66422444765436,39.922204127359485,34117000
2010-10-07,39.535240173339844,39.79321988936183,39.34175661646181,39.59973633248379,37414000
2010-10-08,39.85770797729492,39.85770797729492,39.34175107816124,39.34175107816124,54186000
2010-10-11,39.66423416137695,39.986707609843435,39.40625441849291,39.986707609843435,24273000
2010-10-12,39.34176254272461,39.66423600618956,38.95479537067757,39.66423600618956,27854000
2010-10-13,39.34176254272461,39.53524612874813,38.95479537067757,39.53524612874813,28950000
2010-10-14,39.85770797729492,39.98669781714749,39.5352346078018,39.59973075786636,45889000
2010-10-15,39.922203063964844,39.922203063964844,39.470739866644635,39.535233554714736,29898000
2010-10-18,39.01927947998047,39.857709786668515,38.954785787264726,39.59973255552887,32498000
2010-10-19,39.14826583862305,39.14826583862305,38.76129633596722,39.083769691375515,34442000
2010-10-20,39.34176254272461,39.40625625130669,38.95479537067757,39.01928907925965,34445000
2010-10-21,39.34176254272461,39.599742297607484,39.21277266528317,39.53524612874813,37243000
2010-10-22,39.85770797729492,39.85770797729492,39.59973075786636,39.79321428750692,42883000
2010-10-25,39.9867057800293,40.11569564556867,39.857715914489916,39.9867057800293,38467000
2010-10-26,40.18018341064453,40.18018341064453,39.98669987106568,40.11568971754381,37835000
2010-10-27,39.9867057800293,40.244685511108045,39.92221207739813,40.18018934819983,26552000
2010-10-28,40.43815994262695,40.63164346708156,40.05119043344123,40.24467641817234,61848000
2010-10-29,40.502655029296875,40.69613856043273,40.309171498161014,40.6316448701463,67800000
2010-11-01,40.95412826538086,40.95412826538086,40.63165481447235,40.88963455931003,76051000
2010-11-02,40.82513427734375,40.88963043718985,40.63165071835933,40.63165071835933,24276000
2010-11-03,41.21208953857422,41.27658321573838,40.825120094761026,40.95410990936542,44405000
2010-11-04,41.21208953857422,41.341076892902535,41.01860358652958,41.21208953857422,32641000
2010-11-05,41.40558624267578,41.66356596953361,41.147608976094965,41.59907226795766,43711000
2010-11-08,40.82513427734375,41.40558495429701,40.696144417928494,41.40558495429701,23591000
2010-11-09,41.27660369873047,41.27660369873047,40.69615047510615,40.825140353720144,25317000
2010-11-10,41.40558624267578,41.470084864805756,41.08311527451901,41.27659883952388,37637000
2010-11-11,41.0831184387207,41.40558943171403,41.0831184387207,41.212108312084354,31688000
2010-11-12,40.631656646728516,41.27660357762897,40.631656646728516,41.01862382115787,29650000
2010-11-15,41.21208953857422,41.27658321573838,40.76062641759686,41.14759340113398,27583000
2010-11-16,41.59907531738281,41.72806272999015,41.34109557161375,41.47008790477547,55027000
2010-11-17,41.14760208129883,41.59906529751321,41.01861223948377,41.40557930465233,51345000
2010-11-18,40.82513427734375,41.212103855589525,40.63165071835933,41.08311399617427,39053000
2010-11-19,41.0831184387207,41.27660201862758,40.63165511208652,41.01862227190028,23769000
2010-11-22,41.14760208129883,41.470077915974755,40.76063501613027,41.01861223948377,25384000
2010-11-23,40.889625549316406,41.14760277703185,40.82512939718007,41.08310908517215,30876000
2010-11-24,40.76063537597656,41.27659228751518,40.631645533022756,40.631645533022756,26848000
2010-11-25,41.534576416015625,41.59907011425255,40.95412329077576,41.14760684576342,34656000
2010-11-26,41.534576416015625,41.59907011425255,41.21210300427723,41.21210300427723,30955000
2010-11-29,41.4700813293457,41.728056113656315,41.14760546812703,41.66356241757866,33430000
2010-11-30,40.889625549316406,41.53457230901997,40.889625549316406,41.14760277703185,66488000
2010-12-01,41.66355895996094,41.66355895996094,41.147602053328065,41.147602053328065,58038000
2010-12-02,42.69548416137695,42.82447649778699,41.85705611720696,41.921549825134726,87811000
2010-12-03,44.04987716674805,45.1462849765276,43.01795814512662,43.08245677439388,124694000
2010-12-06,44.178863525390625,44.82381043817005,44.11436981822357,44.43684327461328,58644000
2010-12-07,43.856388092041016,44.24335523815407,43.59840835444758,44.17886153389426,58928000
2010-12-08,43.856388092041016,44.30784894241387,43.72740068352141,44.24335523815407,46509000
2010-12-09,45.146278381347656,45.21077208063881,44.372344148746095,44.501331547328405,91264000
2010-12-10,44.952789306640625,45.08178161700677,44.69481452701536,44.88829561173431,32731000
2010-12-13,44.75930404663086,45.40425077663836,44.501324370517246,45.14627110052474,36075000
2010-12-14,44.50132751464844,45.08178059677627,44.30784151375469,45.08178059677627,45977000
2010-12-15,45.146278381347656,45.21077208063881,44.17885813031878,44.243351829609935,56590000
2010-12-16,45.92020797729492,46.178187668964675,45.01728643728082,45.14627382283902,61923000
2010-12-17,47.0166130065918,48.37100002312889,46.1781803713032,46.43616002220374,108365000
2010-12-20,45.92020797729492,47.081114129532125,45.72672689895762,47.081114129532125,91134000
2010-12-21,45.98472213745117,46.178203281201874,45.662248643978316,46.11370956661831,35454000
2010-12-22,45.92020797729492,46.178187668964675,45.597734592846074,45.85571428451582,26216000
2010-12-23,45.79122543334961,46.307184871242704,45.59773941400123,46.307184871242704,35499000
2010-12-24,45.6622428894043,45.79123030231582,45.46875684948261,45.79123030231582,21468000
2010-12-27,45.597740173339844,45.66223879456598,45.14627934808062,45.66223879456598,29035000
2010-12-28,45.726722717285156,45.79121640416636,45.53323673608865,45.726722717285156,35961000
2010-12-29,45.53323745727539,45.66222975363377,45.27525778511161,45.66222975363377,40312000
2010-12-30,45.53323745727539,45.66222975363377,45.210764097208916,45.53323745727539,53976000
2010-12-31,45.79122543334961,46.62965828978742,45.33976461560856,45.46875201480489,143558000
2011-01-03,45.8557243347168,46.17819778984217,45.662243213974236,46.11370408292798,35149000
2011-01-04,45.92020797729492,46.178187668964675,45.66223320617852,45.791220591736725,35448000
2011-01-05,45.01729202270508,45.85571997396623,44.88829970058908,45.726732572404195,51755000
2011-01-06,45.79122543334961,45.79122543334961,44.9527925769118,45.01729119706384,46666000
2011-01-07,46.75863265991211,47.08110598860116,46.371665649595755,46.371665649595755,169755000
2011-01-10,47.85504913330078,47.85504913330078,46.82313526886112,47.0811149651094,66767000
2011-01-11,48.04854202270508,48.30652175593111,47.59708117997515,47.790562289479055,81911000
2011-01-12,48.3065185546875,48.371012253581505,48.177526236345656,48.177526236345656,53397000
2011-01-13,48.11302947998047,48.564495184656586,47.85504978024461,48.43550287451191,92995000
2011-01-14,48.24203109741211,48.24203109741211,47.79056530563514,47.984051347904476,28681000
2011-01-17,48.88697052001953,48.951464217375545,48.56449711268577,48.628990810041785,67207000
2011-01-18,49.531925201416016,49.918892367564446,48.50000619761421,48.693492240965675,56518000
2011-01-19,50.305843353271484,50.49932933438984,49.40291697564064,49.596402956759,86839000
2011-01-20,49.2739372253418,49.660904326895185,49.080451214288274,49.660904326895185,43578000
2011-01-21,48.11302947998047,48.4999965693075,47.72606239065344,47.72606239065344,81340000
2011-01-24,48.564491271972656,48.6289849615722,48.11302560366966,48.49999266182001,40750000
2011-01-25,48.371009826660156,48.95146292869079,48.306516131001985,48.95146292869079,43750000
2011-01-26,48.11302947998047,48.4999965693075,47.9195483955937,48.11302947998047,66493000
2011-01-27,48.499996185302734,48.6289884944261,48.242021408162934,48.30651510244788,69734000
2011-01-28,49.20944595336914,49.59641307399084,48.30651939154923,48.50000049158313,97365000
2011-02-08,48.693485260009766,49.6609054969636,48.24202445098615,49.6609054969636,105232000
2011-02-09,47.59708023071289,48.7579816262461,47.59708023071288,48.693487924364376,79084000
2011-02-10,46.4361686706543,47.339095156694384,46.4361686706543,47.145609152345266,83493000
2011-02-11,46.04920959472656,46.69415649403491,45.726736145072394,46.56516416184063,111841000
2011-02-14,46.75863265991211,47.01661230697385,46.11368600253401,46.43615933122306,64830000
2011-02-15,46.75863265991211,47.14559967022847,46.049192320906705,46.694138978284805,56427000
2011-02-16,46.500667572021484,46.88763470349569,46.37168016838143,46.69415359803561,53849000
2011-02-17,46.75863265991211,47.01661230697385,46.17817968416132,46.694138978284805,49280000
2011-02-18,47.08110809326172,47.66156109496042,47.08110809326171,47.14560177777208,73532000
2011-02-21,47.33908462524414,47.33908462524414,46.62964430138123,47.14559866393953,37954000
2011-02-22,46.75863265991211,46.75863265991211,45.92020003709958,46.56514669447768,82528000
2011-02-23,45.79122543334961,46.37167857084087,45.46875201480489,46.11369885189433,78154000
2011-02-24,45.46875,46.04920311177031,45.46875,45.79122340425532,62708000
2011-02-25,45.46875,45.855717100995655,45.08178289900435,45.533243696740335,78655000
2011-03-01,46.04920959472656,46.30718933856077,45.14628295158401,45.14628295158401,77441000
2011-03-02,45.404258728027344,45.79122584968858,45.404258728027344,45.662238449319474,52968000
2011-03-03,45.6622428894043,46.17819746160479,45.210777103105166,45.210777103105166,59349000
2011-03-04,46.30718994140625,46.436177354725395,45.984716487553996,46.11370390087313,55215000
2011-03-07,45.726722717285156,46.242677132887685,45.726722717285156,46.178183446006486,30090000
2011-03-08,46.11369705200195,46.30718306379826,45.468750240085846,45.468750240085846,49251000
2011-03-09,46.04920959472656,46.56516416184063,45.85572355671232,46.56516416184063,42715000
2011-03-10,45.46875,46.500663909506294,45.210770292485016,46.500663909506294,61899000
2011-03-11,45.146278381347656,45.53324549764844,44.82380496433803,45.146278381347656,52528000
2011-03-14,45.33977127075195,45.46875868888155,44.56583200031057,45.33977127075195,47199000
2011-03-15,43.856388092041016,45.210775563713796,42.69548173314765,45.14628185945399,114456000
2011-03-16,44.178863525390625,44.565830688947386,43.92088377616796,44.37234956744623,60944000
2011-03-17,43.46942901611328,43.53392273234647,42.37301615792851,43.08246179815901,104629000
2011-03-18,44.04987716674805,44.11437087546074,43.340431609244675,43.72740370262999,55649000
2011-03-21,44.50132751464844,44.565821208095215,43.85638073907382,44.04986673996756,34725000
2011-03-22,44.24334716796875,44.82380024153819,44.114359782977026,44.82380024153819,31467000
2011-03-23,44.30784225463867,44.565821953292954,43.920875166934,44.565821953292954,31189000
2011-03-24,44.75930404663086,45.21076478941488,44.501324370517246,44.565818059407384,44701000
2011-03-25,45.92020797729492,45.92020797729492,45.14627382283902,45.404253514508774,51518000
2011-03-28,45.79122543334961,45.79122543334961,45.33976461560856,45.533245714403066,28535000
2011-03-29,45.6622428894043,45.920217715227345,45.404263143026846,45.53325055593837,34785000
2011-03-30,45.33977127075195,45.66224473663054,45.146285223002955,45.33977127075195,60127000
2011-03-31,45.53323745727539,45.79121712943916,45.14627040930622,45.79121712943916,41950000
2011-04-01,45.597740173339844,45.66223879456598,45.2107730487528,45.597740173339844,26616000
2011-04-06,47.0166130065918,47.0166130065918,46.11368668871621,46.11368668871621,114050000
2011-04-07,46.952125549316406,47.08111293159263,46.62965217307262,47.08111293159263,45048000
2011-04-08,47.0166130065918,47.08110668917879,46.69413967310427,47.0166130065918,64884000
2011-04-11,45.8557243347168,47.081124448304095,45.72673692088843,47.081124448304095,42409000
2011-04-12,45.21076202392578,45.597729054149355,45.21076202392578,45.46874168425908,45901000
2011-04-13,45.597740173339844,45.66223879456598,45.14627934808062,45.2107730487528,27328000
2011-04-14,45.01729202270508,45.46875284872616,44.88829970058908,45.339765447164126,46816000
2011-04-15,44.63031005859375,45.14626939128675,44.56581637214535,45.14626939128675,51993000
2011-04-18,44.50132751464844,45.017286903329484,44.372340127754875,45.017286903329484,27120000
2011-04-19,43.92088317871094,44.178862924424294,43.85638947242119,44.178862924424294,42649000
2011-04-20,45.01729202270508,45.01729202270508,44.17885915088996,44.50133257534901,48039000
2011-04-21,45.597740173339844,45.98471221848084,45.339765370651115,45.597740173339844,50849000
2011-04-22,45.726722717285156,45.79121640416636,45.33975567544504,45.726722717285156,25299000
2011-04-25,45.33977127075195,45.855725863824944,45.210778932067754,45.791232154760145,22040000
2011-04-26,45.33977127075195,45.33977127075195,44.56583200031057,44.952799175253965,31838000
2011-04-27,46.629669189453125,46.887644048147315,46.1137096309547,46.1137096309547,58612000
2011-04-28,47.08110809326172,47.53256880538697,47.01661440875135,47.339087751855885,83054000
2011-04-29,47.210113525390625,47.66157933080438,47.01663239783153,47.53258699187705,92890000
2011-05-03,48.11302947998047,48.24202179012514,47.46808269091758,47.66156869585785,81495000
2011-05-04,47.59708023071289,47.98404736255729,47.08112077455098,47.98404736255729,46461000
2011-05-05,48.24203109741211,48.24203109741211,47.468091848889216,47.72607159839685,45326000
2011-05-06,48.371009826660156,48.75797692116272,47.98404273215758,48.37100982666015,53441000
2011-05-09,48.693485260009766,49.08045237068055,48.499999244397486,48.7579789583626,59843000
2011-05-10,47.984039306640625,48.75797344039563,47.98403930664063,48.75797344039563,43183000
2011-05-11,48.371009826660156,48.56449583418822,48.11303012347392,48.56449583418822,43103000
2011-05-12,48.82247543334961,49.01596145996584,47.790561439355876,47.8550551413766,58360000
2011-05-13,48.95146179199219,49.08044918031331,48.69348209479648,49.01595548615275,37218000
2011-05-16,48.3065185546875,48.95146538473525,48.177526236345656,48.95146538473525,25843000
2011-05-17,48.75797653198242,49.01595623310949,48.11302973944151,48.11302973944151,41026000
2011-05-18,48.564491271972656,48.886964640523466,48.30651159302139,48.564491271972656,27879000
2011-05-19,48.499996185302734,49.20944158409759,48.30651510244788,48.30651510244788,52635000
2011-05-20,48.693485260009766,49.01595867232771,48.306518149338984,49.01595867232771,32925000
2011-05-23,48.43550109863281,48.69348078890989,48.048534023493865,48.17752140835574,38984000
2011-05-24,48.24203109741211,48.43551221912699,47.85505901287343,48.3065248046504,34727000
2011-05-25,48.04854202270508,48.30652175593111,47.27460774358116,47.85505599264703,59534000
2011-05-26,47.85504913330078,48.37100852579733,47.726061745453364,48.37100852579733,33168000
2011-05-27,47.72607421875,48.04854769320101,47.59708679719148,47.59708679719148,46500000
2011-05-30,48.43550109863281,48.564493404048015,47.72606064078585,47.72606064078585,33671000
2011-05-31,49.467430114746094,49.59642245973341,48.629002014825296,48.69349572704154,62660000
2011-06-01,49.6609001159668,49.854386110613945,49.20943935586113,49.20943935586113,44950000
2011-06-02,49.2739372253418,49.918884034781996,49.209443528508515,49.209443528508515,61778000
2011-06-03,49.78989791870117,49.78989791870117,49.08045732411235,49.66091050897749,35389000
2011-06-07,49.983375549316406,50.43483632799208,49.402922462052366,49.78988954671058,40816000
2011-06-08,49.983375549316406,50.30584893995716,49.72539585269312,49.72539585269312,58158000
2011-06-09,49.596405029296875,50.3058454554555,49.53191133974666,50.3058454554555,33565000
2011-06-10,48.564491271972656,49.98337212537496,48.43549897222047,49.66089875682416,55263000
2011-06-13,48.177528381347656,48.37101440719806,47.66157384666996,48.04854097781674,68652000
2011-06-14,49.14494323730469,49.2739355471316,48.04853566682012,48.04853566682012,52699000
2011-06-15,49.6609001159668,49.918879801978576,49.08044705257862,49.660900115966804,85237000
2011-06-16,48.693485260009766,49.14494606903338,48.62899156165693,49.01595867232771,62276000
2011-06-17,47.85504913330078,48.43550221972104,47.79055543937707,48.37100852579733,79539000
2011-06-20,48.3065185546875,48.62899196971137,47.790559122427766,48.113032537451645,31713000
2011-06-21,48.95146179199219,49.14494287447387,48.56449470647535,48.62898840063592,40800000
2011-06-22,48.371009826660156,49.209442631877025,48.11303012347392,49.209442631877025,45315000
2011-06-23,47.85504913330078,48.30651483187362,47.59707435760595,48.17752252347276,53121000
2011-06-24,47.0166130065918,47.4680737052533,46.371666339616745,47.4680737052533,68685000
2011-06-27,46.4361686706543,46.50066236525284,46.17818897170663,46.4361686706543,64884000
2011-06-28,46.75863265991211,46.82312634153942,46.30717196796844,46.50065301285037,95586000
2011-06-29,48.0366096496582,48.50755473985508,47.36382801628181,47.70021883297,93038000
2011-06-30,48.57482147216797,48.57482147216797,47.969322238156806,48.03659936050077,48764000
2011-07-01,48.978492736816406,49.113046976737266,48.440265511302506,48.574819751223366,40514000
2011-07-04,49.44943618774414,49.71854979221964,49.18032258326864,49.71854979221964,39959000
2011-07-05,49.247615814208984,49.31489808702788,48.70939356207515,49.247615814208984,34203000
2011-07-06,48.978492736816406,49.38216058949421,48.77665624401988,49.24760121665812,42991000
2011-07-07,48.17115783691406,48.64210800052459,48.10388070865995,48.507548611100496,47655000
2011-07-08,48.77664566040039,48.97848210940218,48.44025500067349,48.507532106036045,52356000
2011-07-11,47.969337463378906,48.843950597279104,47.22927348395644,48.843950597279104,47105000
2011-07-12,47.296546936035156,47.632937724675756,47.161987540829266,47.498378329469865,39821000
2011-07-13,48.57482147216797,48.7766579721153,47.161981371282884,47.43109499357419,69016000
2011-07-14,47.56565475463867,48.036604931495255,47.16198684084446,47.43110049434594,54343000
2011-07-15,47.027435302734375,47.229266704856485,46.75832163365526,47.09471243677508,88064000
2011-07-18,46.89287185668945,47.229262630791716,46.691040471977615,46.89287185668945,34351000
2011-07-19,46.085540771484375,46.96015892688349,46.085540771484375,46.82559952371326,57401000
2011-07-20,48.17115783691406,48.238434965168175,46.6910404836601,46.89287186842244,55120000
2011-07-21,48.17115783691406,48.17115783691406,47.498376288541195,48.03660358040584,32798000
2011-07-22,48.440269470214844,48.70938310496583,48.23843296092269,48.70938310496583,37196000
2011-07-25,48.440269470214844,48.77666023042467,48.03660158454618,48.70938310496583,32490000
2011-07-26,49.58399963378906,49.58399963378906,48.642109542540645,48.642109542540645,52821000
2011-07-27,49.38215255737305,49.718543235375705,49.11303898838804,49.583983884426004,35569000
2011-07-28,49.11304473876953,49.3821583392636,48.642099787591164,48.97849050498,33682000
2011-07-29,48.440269470214844,48.70938310496583,47.969324459087346,48.30571521929717,60614000
2011-08-01,48.843929290771484,48.97848865238635,48.44026147175647,48.44026147175647,41072000
2011-08-02,48.0366096496582,48.50755473985508,47.90205024323301,48.44027760310074,33350000
2011-08-03,47.16197967529297,47.43109328790669,46.9601483155191,47.16197967529297,45976000
2011-08-04,47.09470748901367,47.56565251073751,46.82559384820759,46.82559384820759,43900000
2011-08-05,44.8072509765625,45.749146189398004,44.40358306618042,44.40358306618042,89615000
2011-08-08,43.8653564453125,45.345478983599754,43.058020612003844,44.40358375612897,97375000
2011-08-09,42.587066650390625,43.79807278630333,41.84700805801554,42.048841986258054,115504000
2011-08-10,44.2690315246582,45.07636739498394,43.73080418916352,43.79808132287129,109734000
2011-08-11,44.67269515991211,44.94180880175629,43.05801844176285,43.46168633807122,54267000
2011-08-12,43.79808044433594,45.48003441787354,43.79808044433594,45.21092075552429,61038000
2011-08-15,44.941802978515625,45.00908009703043,44.336298646052136,45.00908009703043,39616000
2011-08-16,44.403587341308594,44.94181469558195,44.403587341308594,44.94181469558195,38915000
2011-08-17,44.2690315246582,44.53814005948926,43.9326407232031,44.403585792073734,35809000
2011-08-18,43.32713317871094,44.269028382514286,42.58707192816317,44.269028382514286,73212000
2011-08-19,42.99073028564453,42.99073028564453,42.38522603006077,42.45250314003353,43186000
2011-08-22,43.73080062866211,44.06719140272874,42.38523753239558,42.78890543469237,46280000
2011-08-23,44.941802978515625,45.14363433406003,43.73079431358865,43.73079431358865,46451000
2011-08-24,45.41275405883789,45.54730831399405,44.6726953896474,45.54730831399405,48112000
2011-08-25,45.076377868652344,45.48004589760902,44.67270983969567,45.345491598929286,30837000
2011-08-26,45.68186950683594,45.95098316069603,45.076365068879724,45.143642199115746,40454000
2011-08-29,46.69103240966797,47.027423125684436,45.81641449485918,46.15280521087564,38554000
2011-08-30,46.42192459106445,47.296542614786986,46.152810958156316,47.296542614786986,33717000
2011-08-31,46.69103240966797,46.69103240966797,45.614583144998285,46.4891959268921,47445000
2011-09-01,46.15280532836914,46.96014612861293,46.15280532836914,46.691032528531665,47910000
2011-09-02,45.41275405883789,46.758317142062715,45.14364041560977,46.758317142062715,42191000
2011-09-05,44.8072509765625,45.1436417573669,44.336305936602734,44.47086019575811,49750000
2011-09-06,44.470855712890625,45.210914329475784,44.47085571289063,44.739969336989446,38972000
2011-09-07,46.15280532836914,46.15280532836914,44.941801827375954,45.076356060959085,40017000
2011-09-08,46.220088958740234,46.82559336102521,46.01825757992239,46.82559336102521,42602000
2011-09-09,46.62376022338867,47.16198234618162,46.35464659553445,46.75831447085803,38210000
2011-09-13,46.01825714111328,47.094706549957756,46.01825714111328,46.82559291451772,34863000
2011-09-14,45.21092224121094,46.825599135450545,45.009090837503706,46.75832200088147,60617000
2011-09-15,46.48920440673828,46.96015457481381,46.085536500470624,46.42192727784632,42178000
2011-09-16,47.834774017333984,48.44027852548588,47.2965517801341,47.36382891816951,76993000
2011-09-19,47.90203857421875,48.23842930896162,47.56564783947588,48.036597947865054,28682000
2011-09-20,47.431095123291016,48.23843085945746,46.89286787723644,47.76748586884627,46860000
2011-09-21,48.440269470214844,48.50754659567367,47.70021082433635,47.76748794979519,52306000
2011-09-22,46.42192459106445,47.43109686478325,46.42192459106445,47.22926035687324,64836000
2011-09-23,45.41275405883789,46.35464924367843,45.34547693125981,45.883699084800256,85391000
2011-09-26,45.21092224121094,45.345481643265444,45.21092224121094,45.345481643265444,26574000
2011-09-27,47.027435302734375,47.229266704856485,46.22009429549702,46.354653696494736,56625000
2011-09-28,47.296546936035156,47.70021485582066,46.96015614739455,47.632937724675756,42230000
2011-09-29,47.296546936035156,47.70021485582066,46.62376535875395,46.82559675218866,39894000
2011-09-30,47.09470748901367,47.63293477062585,46.42192595345634,47.296544002847185,60198000
2011-10-03,46.15280532836914,47.094700362196065,45.81641461149631,47.094700362196065,33871000
2011-10-04,46.48920440673828,47.09470883259772,45.883699980878845,47.09470883259772,35690000
2011-10-05,46.48920440673828,46.89287231300594,46.22009075825454,46.35465014895437,30824000
2011-10-06,46.42192459106445,47.027428981878856,46.22008808315445,46.892869598966975,57224000
2011-10-07,46.48920440673828,46.48920440673828,46.48920440673828,46.48920440673828,13073000
2011-10-11,47.09470748901367,47.36382112981976,46.82559384820759,47.09470748901367,55155000
2011-10-12,47.36381912231445,47.43109624643551,46.82559186351492,47.43109624643551,41221000
2011-10-13,47.36381912231445,47.36381912231445,46.28736973763095,46.96015124467258,58272000
2011-10-14,47.296546936035156,47.632937724675756,47.027433278539455,47.632937724675756,35631000
2011-10-17,47.834774017333984,47.834774017333984,47.431106056204925,47.63294260322776,38911000
2011-10-18,47.56565475463867,47.56565475463867,47.09470971069809,47.16198684084446,25527000
2011-10-19,47.834774017333984,47.834774017333984,47.22926950918209,47.76749687929858,31141000
2011-10-20,46.89287185668945,47.565653404893986,46.825594728452174,47.43109914841943,25687000
2011-10-21,47.296546936035156,47.56565546061477,46.82559675218866,47.56565546061477,17897000
2011-10-24,48.238433837890625,48.372993224170216,47.90204307156526,47.90204307156526,50063000
2011-10-25,48.103878021240234,48.440268776633516,47.767487265846945,48.30571452764244,40816000
2011-10-26,48.37299728393555,48.44027441626379,47.834769959477256,48.03660648937816,25653000
2011-10-27,48.37299728393555,48.57482868092027,48.03660648937816,48.44027441626379,38771000
2011-10-28,49.180320739746094,49.7858250438899,48.50753932023407,49.44943433413388,90679000
2011-10-31,49.51671600341797,49.65127537944436,49.18032526272503,49.44943888186245,46670000
2011-11-01,49.65128707885742,49.7858413536737,49.11305971375919,49.449450533716444,37063000
2011-11-02,49.71855926513672,49.71855926513672,48.709386905761484,49.18033195363684,34533000
2011-11-03,49.44943618774414,49.92038114588996,48.64210050723272,49.92038114588996,36408000
2011-11-04,50.18949890136719,50.391335404645794,49.718553904271126,50.12222177791282,56744000
2011-11-07,50.45861053466797,50.59316477626097,49.98766555617719,50.45861053466797,28458000
2011-11-08,50.12222671508789,50.45861749841063,49.785835931765156,50.45861749841063,21447000
2011-11-09,49.853111267089844,50.39133855419596,49.853111267089844,50.39133855419596,17538000
2011-11-10,48.843929290771484,49.382156471401366,48.77665217642145,48.77665217642145,45120000
2011-11-11,49.38215255737305,49.51670677540835,48.843925419403035,49.4494296663907,27464000
2011-11-14,51.064117431640625,51.131394555788816,50.18949941896749,50.39133592432762,63557000
2011-11-15,51.13139343261719,51.13139343261719,50.45861194008275,50.79500268634997,35895000
2011-11-16,50.72771453857422,51.131382319779085,50.391323865417775,51.131382319779085,38931000
2011-11-17,50.929561614990234,51.131398134476896,50.32406232236205,50.59317083778973,34876000
2011-11-18,49.92039108276367,50.593172661415025,49.584000293438,50.45861839885119,52324000
2011-11-21,49.31488800048828,49.7185558902543,49.11305148914742,49.24760574143086,21320000
2011-11-22,49.78583908081055,50.59317495868419,49.65128481213705,50.59317495868419,42423000
2011-11-23,49.38215255737305,50.122211022396016,49.180316097405694,49.78582034439336,42823000
2011-11-24,48.978492736816406,49.24760121665812,48.84393336398031,49.045769856776836,46889000
2011-11-25,48.17115783691406,49.314889548897455,47.96932645215172,49.113053031219245,36741000
2011-11-28,49.51671600341797,50.05494324169282,48.1711530406462,48.1711530406462,34892000
2011-11-29,49.51671600341797,49.92038386566642,49.045771019613994,49.65127537944436,42495000
2011-11-30,50.18949890136719,50.18949890136719,49.11304952735082,49.785831027725486,51206000
2011-12-01,51.53507614135742,51.53507614135742,50.79501731304871,50.79501731304871,78257000
2011-12-02,51.13139343261719,51.66962067981091,50.72772556367961,51.53506130155476,35285000
2011-12-05,51.3332405090332,51.33324050903321,50.72773601442527,51.13140396652506,28821000
2011-12-06,50.72771453857422,51.33321877683868,50.660437430525796,51.33321877683868,40835000
2011-12-07,51.400508880615234,51.46778600567351,50.7277273642012,51.46778600567351,40811000
2011-12-08,51.3332405090332,51.60234905515541,50.66045887789472,51.60234905515541,31661000
2011-12-09,49.853111267089844,51.13139722428001,49.44944336821817,51.13139722428001,41947000
2011-12-12,50.45861053466797,50.59316477626097,49.8531061816689,50.52588765546447,28286000
2011-12-13,50.593170166015625,50.59317016601563,49.58399784781386,49.58399784781386,29883000
2011-12-14,50.12222671508789,50.525894628491976,49.718558801683805,50.525894628491976,27551000
2011-12-15,48.77664566040039,49.85309474494365,48.77664566040039,49.85309474494365,35609000
2011-12-16,48.91120910644531,49.38215919873533,48.77665487031393,48.978491357426094,20783000
2011-12-19,48.77664566040039,49.44942697985419,48.44025500067349,49.44942697985419,24429000
2011-12-20,48.978492736816406,49.045769856776836,48.440265511302506,49.045769856776836,26756000
2011-12-21,51.13139343261719,51.13139343261719,49.85310757021867,50.39133481741239,52799000
2011-12-22,50.45861053466797,50.79500127156576,50.05494267697369,50.660447029972765,25805000
2011-12-23,50.72771453857422,50.99682810368223,50.18948740835818,50.99682810368223,28697000
2011-12-26,50.45861053466797,50.79500127156576,50.25677403936318,50.72772415076926,11293000
2011-12-27,50.79500961303711,50.79500961303711,50.256782292447745,50.32406455720852,14575000
2011-12-28,50.929561614990234,50.929561614990234,50.39133945121897,50.66045309956256,19957000
2011-12-29,50.99684143066406,51.064118556293984,50.59316841105318,50.727727795228695,24738000
2011-12-30,50.99684143066406,51.064118556293984,50.391337034163406,50.929559172118466,32240000
2012-01-02,46.96015548706055,50.72773124027401,46.96015548706055,50.458617586562475,26261000
2012-01-03,47.431095123291016,51.06411620187086,47.431095123291016,50.79500257884357,56936000
2012-01-04,47.431095123291016,51.19867044692679,47.431095123291016,51.19867044692679,56684000
2012-01-05,51.13139343261719,51.13139343261719,50.66044844100926,51.13139343261719,56718000
2012-01-06,50.862281799316406,51.06411830814099,50.39133678927989,51.06411830814099,29866000
2012-01-09,50.862281799316406,50.862281799316406,50.1895002804553,50.593168165188835,27627000
2012-01-10,51.467803955078125,51.467803955078125,50.99685878251235,51.13141307955473,56436000
2012-01-11,51.467803955078125,51.80419483060151,51.19869022807593,51.66964053355912,41075000
2012-01-12,51.80417251586914,51.871449635410606,51.467781785246615,51.602336024329546,55391000
2012-01-13,52.140560150146484,52.47695086079259,51.804169439500384,51.938723670592864,57301000
2012-01-16,50.66044616699219,51.73689548014516,50.18949606360856,51.198668257111066,37659000
2012-01-17,50.862281799316406,51.06411830814099,50.39133678927989,51.06411830814099,43605000
2012-01-18,51.60235595703125,51.60235595703125,50.86229709037847,51.06413365988249,56756000
2012-01-30,52.94790267944336,53.486129939548434,51.93873041643301,52.476957676538085,134364000
2012-01-31,52.8133430480957,52.8133430480957,51.33322593303484,52.544229445471444,84114000
2012-02-01,51.80417251586914,52.2751174855746,51.602336024329546,52.140563246491666,46150000
2012-02-02,51.66962814331055,52.14057320294487,51.19867795076005,52.14057320294487,53946000
2012-02-03,51.26594924926758,51.400508631647995,50.862281367957515,51.33323150691559,47741000
2012-02-06,52.07329559326172,52.14057272503337,51.53506827325621,52.00601846149006,47544000
2012-02-07,52.07329559326172,52.14057272503337,51.66962766971565,52.14057272503337,29943000
2012-02-08,52.140560150146484,52.140560150146484,51.73689232395414,52.140560150146484,34702000
2012-02-09,52.476951599121094,52.476951599121094,51.467779452984146,51.80417016836313,54953000
2012-02-10,51.73689270019531,52.47695124241563,51.602333335209394,52.47695124241563,42117000
2012-02-13,51.53507614135742,51.8714669844902,51.26596244026782,51.40052185727108,36380000
2012-02-14,52.006019592285156,52.073296725519654,51.26595572795694,51.87146019289992,41995000
2012-02-15,52.8133430480957,52.8133430480957,52.20783872541988,52.20783872541988,70978000
2012-02-16,52.8133430480957,53.08245665071997,52.47695232804414,52.8133430480957,57944000
2012-02-17,53.82254409790039,54.56260305266296,53.4188760437497,53.48615319728851,63929000
2012-02-20,53.82254409790039,54.36077159204651,53.620707504366145,54.22621215205108,31043000
2012-02-21,53.82254409790039,53.82254409790039,53.35159889021088,53.82254409790039,27443000
2012-02-22,53.62068176269531,53.82251825933395,53.14973678109227,53.75524113809285,41090000
2012-02-23,52.54424285888672,53.418861007458005,52.27512918756352,53.149747336134816,59936000
2012-02-24,53.21702575683594,53.21702575683594,51.938739636845604,52.14057617844488,39386000
2012-02-29,54.562591552734375,54.562591552734375,53.4188647848796,53.95708703266909,77948000
2012-03-01,53.88981246948242,54.495317018493516,53.88981246948242,54.495317018493516,21169000
2012-03-02,53.82254409790039,53.88982125143921,53.28431660375427,53.82254409790039,23782000
2012-03-05,53.082462310791016,53.55340731591306,52.81334867947173,52.94790292867358,22782000
2012-03-06,53.48613357543945,53.55341070429707,52.67879776331617,53.55341070429707,27703000
2012-03-07,53.21702575683594,53.35158516220761,52.94791207900905,53.149748620608335,30305000
2012-03-08,53.62068176269531,53.95707250181615,53.284291023574475,53.687964016851744,36169000
2012-03-09,53.82254409790039,53.82254409790039,53.015207989599,53.48615319728851,22702000
2012-03-12,53.82254409790039,54.158934998512265,53.55343035082733,53.95709840497802,28913000
2012-03-13,54.6971435546875,54.6971435546875,53.88980259299662,54.22619337713881,47221000
2012-03-14,55.975425720214844,55.97542572021485,55.16808987280369,55.43720353291279,60618000
2012-03-15,55.975425720214844,55.97542572021485,55.504480664711025,55.97542572021485,30072000
2012-03-16,54.562591552734375,56.37910511293025,54.562591552734375,55.97543201094224,29079000
2012-03-19,56.31181716918945,56.648207965021925,55.437204179774746,56.31181716918945,37321000
2012-03-20,55.975425720214844,56.580930172231284,55.70631719302189,56.51365304043305,29232000
2012-03-21,57.11915969848633,57.32099110167612,56.37910095429111,57.05188256408974,61534000
2012-03-22,57.32098388671875,57.65737464927676,56.71548462044688,57.18642963486182,37740000
2012-03-23,57.45554733276367,57.455547332763665,56.78276576009176,57.186433677111694,29341000
2012-03-26,56.24453353881836,57.25370580972868,55.50447490006725,57.25370580972868,58830000
2012-03-27,57.72465896606445,57.72465896606446,56.715486642412394,57.18643167361701,34236000
2012-03-28,57.52280807495117,58.195589455944756,56.917303805474035,58.195589455944756,28246000
2012-03-29,56.580928802490234,56.85004245608449,56.1099837583873,56.85004245608449,49391000
2012-03-30,57.11915969848633,57.11915969848633,55.77359647888909,56.311818686978185,43730000
2012-04-02,57.253719329833984,57.32099647053196,56.51366051632265,57.05188790774007,23624000
2012-04-03,57.18641662597656,57.18641662597656,56.379081032658,57.18641662597656,31241000
2012-04-05,55.90814971923828,56.513654183501906,55.90814971923828,56.04270911847256,42645000
2012-04-06,56.37910461425781,56.51365889178587,55.908154377076265,56.51365889178587,34072000
2012-04-09,55.840877532958984,56.24454550058981,55.168095875935386,55.168095875935386,23209000
2012-04-10,55.168087005615234,56.17725932888868,55.03353274901178,55.90814568276592,33332000
2012-04-11,55.437191009521484,56.177249557953445,54.966240927490254,55.168077410205775,40711000
2012-04-12,55.57176208496094,55.639039221950924,54.83170331223796,55.504484947970944,36673000
2012-04-13,57.11915969848633,57.186436832882926,55.63903707717956,56.1099872837884,44685000
2012-04-16,57.11915969848633,57.186436832882926,56.37910095429111,56.917323162380214,19461000
2012-04-17,56.37910461425781,57.11916340649549,56.10999092628502,57.11916340649549,29423000
2012-04-18,57.18641662597656,57.18641662597656,56.78274882931728,57.18641662597656,32325000
2012-04-19,57.72465896606445,57.72465896606446,56.715486642412394,56.85004089906632,31398000
2012-04-20,56.71548080444336,57.65737076989979,56.58092142872434,57.18642578717157,27633000
2012-04-23,56.71548080444336,56.91731216864887,56.10997644599612,56.648198550126175,20301000
2012-04-24,56.91733169555664,56.91733169555665,56.24454998489305,56.37910940677603,24868000
2012-04-25,56.64820861816406,57.1191588175092,56.44637721808723,57.1191588175092,31076000
2012-04-26,56.513648986816406,56.64820324076157,56.17725821903774,56.64820324076157,21008000
2012-04-27,57.85919952392578,60.415770858381386,57.859199523925774,58.53198091373887,116673000
2012-04-30,58.39744567871094,58.80111361728121,57.657381802929734,58.06105487441633,47549000
2012-05-02,59.47389221191406,59.81028299916141,58.39744271930577,58.53199698103828,47424000
2012-05-03,59.81028747558594,59.87756461148746,59.13750585073776,59.473896663161845,27641000
2012-05-04,58.935672760009766,59.20478645228532,58.33016823561895,58.33016823561895,37633000
2012-05-07,57.590087890625,58.19559218853375,57.186420069657444,58.19559218853375,46464000
2012-05-08,56.782752990722656,57.85920223834138,56.782752990722656,57.85920223834138,45605000
2012-05-09,56.91733169555664,57.320999695371384,56.17727284041011,56.44638655125897,40753000
2012-05-10,57.38827896118164,57.657387524991265,56.7154972858239,57.18644240540758,28381000
2012-05-11,57.52280807495117,57.65736229798406,56.850026693957595,57.65736229798406,33565000
2012-05-14,57.45554733276367,57.52282446344765,57.051879415743734,57.051879415743734,13924000
2012-05-15,57.52280807495117,57.65736229798406,56.58091311497724,57.45553096343473,30654000
2012-05-16,56.1099739074707,56.850032475239914,56.1099739074707,56.64819598725054,64877000
2012-05-17,57.253719329833984,57.253719329833984,56.58093765702062,57.05188790774007,33612000
2012-05-18,55.03352737426758,56.44636746228491,55.03352737426758,56.44636746228491,57538000
2012-05-21,55.50448226928711,55.70631880343285,54.49530986439098,54.49530986439098,32372000
2012-05-22,55.30265426635742,55.773604541042786,55.30265426635742,55.63904511988251,33935000
2012-05-23,53.21702575683594,54.62986614928147,53.149748620608335,54.495311876826264,62853000
2012-05-24,54.2261962890625,54.2261962890625,52.5442422780313,53.0824696147278,40831000
2012-05-25,53.82254409790039,54.158934998512265,53.28431660375427,53.687989790822755,28205000
2012-05-28,54.89898681640625,54.96626396119903,53.68798281138469,53.822537100970266,28830000
2012-05-29,55.36992645263672,55.97542577230044,55.168089924138044,55.5044807163584,40599000
2012-05-30,54.96623611450195,55.168072579544145,54.024346298743794,54.89895900379273,75216000
2012-05-31,57.253719329833984,57.253719329833984,53.62069727005846,54.15892466147587,81199000
2012-06-01,53.75524139404297,54.96624498089485,53.75524139404297,54.96624498089485,66832000
2012-06-04,51.467803955078125,51.8714719791227,51.19869022807593,51.467803955078125,65908000
2012-06-05,52.61151123046875,52.61151123046875,51.93872973067802,52.140566233781435,37461000
2012-06-06,52.34239959716797,52.880621684966435,52.140563106171555,52.61150807460961,33650000
2012-06-07,53.68796920776367,53.68796920776367,52.880628276065345,53.41885556386423,47636000
2012-06-08,52.40966033935547,52.94788225896827,51.80415618849168,51.80415618849168,34628000
2012-06-11,54.09162902832031,54.15890614601806,53.55340182090814,53.75523830691647,36966000
2012-06-12,53.418853759765625,53.687967394576376,52.81334936467035,52.81334936467035,38319000
2012-06-13,53.82254409790039,54.36077159204651,53.48615319728851,54.36077159204651,32241000
2012-06-14,53.284297943115234,53.957079508724846,53.21702081313747,53.822525248769324,30382000
2012-06-15,52.54424285888672,53.486138142059716,52.54424285888672,53.284301605338236,83325000
2012-06-18,54.36075973510742,54.49531401283664,53.82253235835718,53.82253235835718,33626000
2012-06-19,54.15892028808594,54.42803396206344,53.82252947884317,54.42803396206344,28864000
2012-06-20,54.89898681640625,54.89898681640625,54.15892795785133,54.69715538202789,28945000
2012-06-21,54.2261962890625,54.49530995741075,54.02436488748853,54.15891915520451,27004000
2012-06-22,53.88981246948242,54.495317018493516,53.755258184331936,53.82253532690718,30162000
2012-06-25,53.553409576416016,54.360750504451914,53.21701880629667,54.360750504451914,39476000
2012-06-26,52.94790267944336,53.2170163094959,52.67879418230638,53.14973918521165,36877000
2012-06-27,53.351593017578125,53.48614730984481,52.6115290113597,52.678811290410266,31889000
2012-06-28,53.75524139404297,54.02435501320406,53.48612777488187,53.8225185156044,33067000
2012-06-29,54.6971435546875,54.6971435546875,53.351580418118715,53.55341180885442,47813000
2012-07-02,56.04270553588867,56.31181405132171,54.831696684776325,54.831696684776325,61179000
2012-07-03,56.64820861816406,57.1191588175092,56.10998641837624,56.24454068509413,59905000
2012-07-04,56.647830963134766,57.2757020988572,56.647830963134766,57.2757020988572,38922000
2012-07-05,56.50830841064453,57.20594184781299,56.29901625048571,57.20594184781299,26863000
2012-07-06,56.438560485839844,56.50832278279567,55.88045146514908,56.50832278279567,38090000
2012-07-09,55.810707092285156,56.019999372890744,55.53165249231897,55.74094477292456,45026000
2012-07-10,55.182823181152344,55.740932255755894,54.83400634015578,55.392115414759324,33429000
2012-07-11,54.48518753051758,54.624717455388314,53.99684609977603,54.48518753051758,58592000
2012-07-12,52.81085968017578,54.06660224850461,52.81085968017578,54.06660224850461,68200000
2012-07-13,52.88062286376953,53.02014743854664,51.973697160154266,52.25275163222984,51423000
2012-07-16,52.67133712768555,53.229446140166516,52.67133712768555,53.229446140166516,35444000
2012-07-17,52.18299865722656,52.46204785657886,51.973706435190024,51.973706435190024,51636000
2012-07-18,52.18299865722656,52.531815478939244,52.18299865722656,52.32252325690271,37193000
2012-07-19,54.06658935546875,54.415406060987905,53.57824809675015,53.57824809675015,61961000
2012-07-20,53.50850296020508,53.717795200384515,53.159686108254526,53.29921604254841,48352000
2012-07-23,51.834171295166016,52.39227490290397,51.485354544384336,52.39227490290397,57404000
2012-07-24,52.18299865722656,52.18299865722656,51.76441421315349,51.834181835513874,39904000
2012-07-25,52.043460845947266,52.46203990404713,51.903936267421145,52.32251532552101,52097000
2012-07-26,53.22944641113281,53.5084955962718,52.4620451844345,52.81086198838027,46806000
2012-07-27,55.322357177734375,55.3921194865573,53.85732207983801,54.34566888664447,72384000
2012-07-30,55.11304473876953,56.089732672062055,54.97352017223676,55.81067821647547,37840000
2012-07-31,56.50830841064453,56.50830841064454,54.76422481772341,54.76422481772341,67536000
2012-08-01,55.810707092285156,56.159524011611936,55.39212785359778,55.880469411645755,35881000
2012-08-02,55.810707092285156,55.810707092285156,55.810707092285156,55.810707092285156,0
2012-08-03,55.67116165161133,55.88044853149149,55.2525772468074,55.46186944920937,46567000
2012-08-06,56.438560485839844,56.85713959009688,56.29903056940611,56.438560485839844,58403000
2012-08-07,56.78736114501953,56.78736114501953,56.299014560151406,56.717598867901394,40024000
2012-08-08,56.159507751464844,57.13619590729912,55.880453232294734,57.13619590729912,39881000
2012-08-09,57.415245056152344,57.415245056152344,56.71761148474112,56.71761148474112,54211000
2012-08-10,57.20595169067383,57.4850061780595,56.6478427159025,57.41524388684349,29859000
2012-08-13,57.694297790527344,58.46169902450015,57.554773196635246,58.46169902450015,30234000
2012-08-14,58.043113708496094,58.46169812880339,57.764064524987226,57.90358911674166,33268000
2012-08-15,57.903594970703125,58.39193641373618,57.55477813353021,58.39193641373618,27260000
2012-08-16,57.83383560180664,58.18265245667577,57.55478105340677,57.903597908275906,27999000
2012-08-17,57.20595169067383,58.043109830309184,57.205951690673835,57.903585247877174,27049000
2012-08-20,57.4849967956543,57.69428363514359,57.1361800739847,57.69428363514359,20997000
2012-08-21,58.32216262817383,58.53145481828055,57.69429138037515,57.69429138037515,36814000
2012-08-22,57.4849967956543,58.1826302389935,57.1361800739847,57.973338076983424,33548000
2012-08-23,57.694297790527344,57.76406540999548,57.34548098327501,57.48501089968919,22336000
2012-08-24,57.20595169067383,57.41524388684349,56.99665949450417,57.41524388684349,25460000
2012-08-27,57.903594970703125,58.25241180787604,57.48501583060014,57.83383266777305,25691000
2012-08-28,57.4849967956543,58.1826302389935,57.205942353814464,57.41523451582453,31760000
2012-08-29,57.694297790527344,57.90359000388758,57.275718686328965,57.6245354935813,18411000
2012-08-30,57.694297790527344,58.043114597779685,57.41524860274315,57.41524860274315,45455000
2012-08-31,58.112876892089844,58.112876892089844,57.48500563206604,57.48500563206604,13487000
2012-09-03,58.53144073486328,58.531440734863274,57.7640450933197,58.252386322705554,20728000
2012-09-04,58.601219177246094,58.60121917724609,58.25240239642915,58.60121917724609,21632000
2012-09-05,57.20595169067383,58.11287744404683,57.13618939945783,57.903585247877174,43274000
2012-09-06,56.578086853027344,57.764067228535815,56.508324553885025,57.764067228535815,25755000
2012-09-07,58.46170425415039,58.531466557336984,57.7640705772394,57.90359518361257,44441000
2012-09-10,58.252403259277344,58.322165551969725,58.04311105867842,58.11287867389257,16875000
2012-09-11,58.88026428222656,59.089551123848146,58.601209837543614,58.740734398624674,31566000
2012-09-12,58.950035095214844,59.22908958028823,58.95003509521485,58.95003509521485,37428000
2012-09-13,59.2988395690918,59.2988395690918,58.950022865744195,58.950022865744195,29565000
2012-09-14,60.34528732299805,60.34528732299805,59.64765394354142,59.717416216983025,51715000
2012-09-17,60.34528732299805,60.69410401272636,59.85694608638653,60.62434173928476,24786000
2012-09-18,59.787200927734375,60.3453099697584,59.57791402886708,60.3453099697584,35483000
2012-09-19,59.9964714050293,60.2755258249056,59.36860029093771,59.92670913069031,41915000
2012-09-20,59.508155822753906,59.996497276225746,59.368625891388625,59.996497276225746,24807000
2012-09-21,59.787200927734375,60.3453099697584,59.50815172924465,59.99649314912395,50990000
2012-09-24,60.06624221801758,60.27553439330659,59.3686087304157,59.787187758472605,30299000
2012-09-25,59.92670822143555,60.135995041277035,59.78717835235427,59.856945948155044,35885000
2012-09-26,60.275543212890625,60.275543212890625,59.29885512283369,59.577909623210225,36796000
2012-09-27,61.112709045410156,61.25223897433445,60.136020833030294,60.55460529728064,53924000
2012-09-28,62.64749526977539,62.64749526977538,61.74056952068882,61.810331811575104,58535000
2012-10-01,62.019630432128906,62.22891732647035,61.60105132092384,62.22891732647035,38119000
2012-10-02,62.507965087890625,62.64749499156518,62.01962373133368,62.22891060306311,23575000
2012-10-03,62.64749526977539,62.71725756066167,62.29867849282234,62.5079653654812,26330000
2012-10-04,63.20557403564453,63.20557403564454,62.43817849297224,62.717232869176584,36462000
2012-10-05,63.48465347290039,63.69394566830322,63.066074404616366,63.48465347290039,35197000
2012-10-08,62.15913391113281,63.48463841507246,62.08937163671922,63.48463841507246,38011000
2012-10-09,60.763893127441406,61.74058135461786,60.763893127441406,60.83365543169916,60022000
2012-10-11,59.64765548706055,59.78718003755427,59.15931423781208,59.36860106355267,74170000
2012-10-12,60.205772399902344,60.205772399902344,59.50813890893023,59.717425762709176,23657000
2012-10-15,60.275543212890625,60.275543212890625,59.577909623210225,60.066251006977744,19093000
2012-10-16,61.04292678833008,61.042926788330085,60.484817900114166,60.484817900114166,29187000
2012-10-17,60.97319030761719,61.3917694896328,60.34531887333224,61.252244869801956,34739000
2012-10-18,61.46152114868164,61.53128344650773,60.69412522755038,60.69412522755038,20400000
2012-10-19,60.48484802246094,60.903432558344555,60.136031124240226,60.136031124240226,27597000
2012-10-22,59.9964714050293,60.20576355056661,59.717416985152994,60.20576355056661,20015000
2012-10-23,59.787200927734375,60.20578537051353,59.71743862811194,59.926730849501524,16134000
2012-10-24,59.577911376953125,60.27554498716915,59.3686191648795,59.3686191648795,28246000
2012-10-25,59.159324645996094,59.717428268681275,58.9500324609133,59.57790369364032,36358000
2012-10-26,60.903377532958984,61.60101069909818,60.20574436681979,60.34526887104017,65197000
2012-10-29,61.46152114868164,62.15915477198682,61.11270433702905,61.601051066855966,36010000
2012-10-30,61.391746520996094,62.08938000418923,61.18245434702972,61.94985543655904,30286000
2012-10-31,61.88009262084961,61.94986023258705,61.32198898460054,61.39175127381648,25911000
2012-11-01,62.228904724121094,62.228904724121094,61.18245449677026,61.81032569768498,35973000
2012-11-02,62.71725845336914,62.85678303712768,62.43820396333036,62.787020745248405,38858000
2012-11-05,62.996307373046875,62.99630737304688,61.94985711982365,62.717252907683104,31435000
2012-11-06,63.06605529785156,63.2055798375014,62.57770876403708,63.2055798375014,26333000
2012-11-07,63.48465347290039,63.48465347290039,62.78701991825314,63.135836695576764,22025000
2012-11-08,63.13584518432617,63.41489970820888,62.71726605976328,63.34513740786878,39566000
2012-11-09,63.345115661621094,63.414877938011934,62.43819010097856,62.99629895714635,36639000
2012-11-12,63.69392013549805,64.04273677299253,63.2055736494941,63.48462802399357,29882000
2012-11-13,62.996307373046875,63.48464869554256,62.29867387089806,63.48464869554256,37000000
2012-11-14,63.13584518432617,63.41489970820888,62.438211535880576,62.78702836010338,30190000
2012-11-15,62.926544189453125,63.205598674438434,62.08938605701882,62.71725731760535,25043000
2012-11-16,62.926544189453125,62.996311802590654,62.22891063825067,62.22891063825067,32472000
2012-11-19,62.787010192871094,63.135826916164824,62.57771802988654,62.57771802988654,23037000
2012-11-20,63.06605529785156,63.066055297851555,62.647476356382015,62.787000896031856,21424000
2012-11-21,63.13584518432617,63.41489970820888,62.228919312337965,62.99632058364599,30032000
2012-11-22,63.69392013549805,63.693920135498054,62.99628686050911,62.99628686050911,20745000
2012-11-23,66.6240005493164,66.6240005493164,63.83346649489477,63.903228781751054,63873000
2012-11-26,66.48446655273438,66.69375338364091,66.20541212233844,66.62399110667207,34282000
2012-11-27,67.18209075927734,67.18209075927734,65.78682412105783,65.99611092327886,48731000
2012-11-28,66.90304565429688,67.04257020847905,66.48446666922982,66.8332833772058,54692000
2012-11-29,67.3216323852539,67.87974131123858,66.62399888903366,66.97281563714378,48637000
2012-11-30,68.8564224243164,68.92619003041159,66.90305187163543,66.97281415520956,74919000
2012-12-03,68.2983169555664,68.78665824968107,67.53092121230586,68.57737140471232,41656000
2012-12-04,67.39141082763672,67.80998996122005,66.48449025862655,67.60070305568962,41419000
2012-12-05,67.60070037841797,67.74022497657917,65.99614088695292,65.99614088695292,60447000
2012-12-06,67.39141082763672,67.60070305568962,67.04259399589685,67.39141082763672,33074000
2012-12-07,68.43785858154297,68.71691310026168,67.74022494600732,67.74022494600732,37005000
2012-12-10,67.3216323852539,68.36808262958428,67.3216323852539,68.29832034446649,28995000
2012-12-11,68.577392578125,68.577392578125,67.46117443690669,67.87975890112484,40565000
2012-12-12,68.64714813232422,68.7169104286611,67.80998460871564,68.57738583598734,32453000
2012-12-13,69.20526123046875,69.34479116462651,68.2983406097957,68.57739515558846,39860000
2012-12-14,68.64714813232422,68.78667272499797,68.0192768202483,68.50761821712844,32975000
2012-12-17,67.67046356201172,68.15880498448124,67.11235451702744,67.25188443953466,46575000
2012-12-18,67.46117401123047,67.46117401123047,66.27519889682264,66.27519889682264,35265000
2012-12-19,67.8797378540039,67.8797378540039,67.11233678922977,67.46115351957405,27857000
2012-12-20,66.97282409667969,67.60069538709044,66.34495280626895,67.04258639060936,35458000
2012-12-21,66.13566589355469,67.32164085737008,65.99613598323873,66.34495277524583,34230000
2012-12-24,66.41471862792969,67.25188216711867,66.34495633029448,66.97282765405568,16019000
2012-12-25,67.3216323852539,67.87974131123858,66.69376117415145,66.97281563714378,15925000
2012-12-26,66.97282409667969,67.87974988533097,66.97282409667969,67.3216408888499,11988000
2012-12-27,66.69379425048828,67.46119041241127,66.62403193077235,67.11237349130775,24172000
2012-12-28,67.67046356201172,67.67046356201172,66.90306761705007,67.53093896202681,25594000
2013-01-02,69.48430633544922,69.69359854698801,67.74022231436605,68.08903911858269,40527000
2013-01-03,70.46099853515625,71.15863218401918,69.76336488629332,70.11218171072478,44107000
2013-01-04,70.80979919433594,70.80979919433594,69.76334895993689,70.11216570473657,39278000
2013-01-07,70.1121597290039,70.46097644407358,69.13547186230468,70.46097644407358,40288000
2013-01-08,69.5540542602539,69.76334642854792,68.99595068233809,69.48429197832954,31090000
2013-01-09,69.76337432861328,70.11219120025635,69.20526520497515,70.11219120025635,26137000
2013-01-10,70.46099853515625,70.46099853515625,69.41454806186185,69.69360258591149,35738000
2013-01-11,70.46099853515625,70.80981535958772,70.11218171072478,70.80981535958772,22418000
2013-01-14,71.15863037109375,71.15863037109375,69.76336310891544,70.4609967400046,23448000
2013-01-15,70.1121597290039,71.15860987421291,69.62381845691463,71.15860987421291,35617000
2013-01-16,69.20526123046875,70.11218717366455,69.20526123046875,70.11218717366455,34626000
2013-01-17,69.2750015258789,70.46097622441022,68.71689265449908,70.11215951042799,33698000
2013-01-18,70.80979919433594,70.80979919433594,70.11216570473657,70.80979919433594,49737000
2013-01-21,70.1121597290039,70.46097644407358,69.76334301393423,70.46097644407358,17257000
2013-01-22,70.46099853515625,70.46099853515625,69.69360258591149,70.46099853515625,21797000
2013-01-23,70.46099853515625,70.80981535958772,69.76336488629332,70.80981535958772,23184000
2013-01-24,69.69358825683594,70.11216729558893,69.20524160952306,69.76335054287456,39614000
2013-01-25,69.06571960449219,69.69359084721913,68.36808607313368,69.69359084721913,47836000
2013-01-28,69.2750015258789,69.41452608246352,68.7866549327914,68.8564172110837,29117000
2013-01-29,70.46099853515625,70.80981535958772,69.5540726626255,69.76336488629332,35346000
2013-01-30,70.80979919433594,71.15861593913563,70.11216570473657,71.15861593913563,27884000
2013-01-31,70.80979919433594,70.80979919433594,69.76334895993689,70.11216570473657,39667000
2013-02-01,70.80979919433594,70.80979919433594,70.11216570473657,70.80979919433594,22085000
2013-02-04,71.85626220703125,71.85626220703125,71.15862859337075,71.15862859337075,33911000
2013-02-05,71.85626220703125,71.85626220703125,70.80981178654051,71.85626220703125,17175000
2013-02-06,73.25152587890625,73.25152587890625,71.85625871930803,72.20507550920759,30600000
2013-02-18,74.64680480957031,75.69325534428391,74.29798796466578,74.64680480957031,63701000
2013-02-19,74.64680480957031,75.69325534428391,74.29798796466578,75.69325534428391,21802000
2013-02-20,76.04206085205078,76.3908776449501,75.34442726625215,75.69324405915147,40532000
2013-02-21,74.64680480957031,75.69325534428391,74.64680480957031,75.69325534428391,30260000
2013-02-22,73.60035705566406,74.2979907718315,73.25154019758034,73.94917391374777,39344000
2013-02-25,73.25152587890625,74.64679303850446,73.25152587890625,74.29797624860491,35913000
2013-02-26,72.20507049560547,73.25152079264322,71.50743696424696,72.20507049560547,38440000
2013-02-27,72.90270233154297,72.90270233154297,70.46098502857262,71.15861854370701,80851000
2013-03-01,73.25152587890625,73.25152587890625,71.50744192940849,71.85625871930803,31408000
2013-03-04,71.15863037109375,72.90271444881664,70.80981355554917,72.90271444881664,50033000
2013-03-05,72.55387115478516,72.55387115478516,71.50742109005267,72.205054466541,53913000
2013-03-06,72.55387115478516,72.90268784302931,71.85623777829683,72.55387115478516,35977000
2013-03-07,71.85626220703125,72.55389582069175,71.85626220703125,72.2050790138615,20518000
2013-03-08,72.20507049560547,72.90270402696397,71.1586201985677,71.85625372992621,44571000
2013-03-11,71.15863037109375,72.55389763327206,71.15863037109375,71.15863037109375,35709000
2013-03-12,71.5074234008789,71.8562401003954,70.80979000184594,71.15860670136243,29992000
2013-03-13,72.90270233154297,73.25151908911016,71.15861854370701,71.5074353012742,57399000
2013-03-14,72.55387115478516,72.90268784302931,71.85623777829683,72.55387115478516,32329000
2013-03-15,71.85626220703125,73.25152943435225,71.85626220703125,73.25152943435225,34424000
2013-03-18,70.1121597290039,71.15860987421291,70.1121597290039,71.15860987421291,43902000
2013-03-19,69.76337432861328,70.80982494354248,69.48431976679421,70.46100807189941,47215000
2013-03-20,68.92618560791016,69.41452688411675,68.92618560791016,69.41452688411675,61605000
2013-03-21,68.8564224243164,70.11216481873501,68.8564224243164,68.92619003041159,56415000
2013-03-22,68.36808776855469,69.13548360757497,68.36808776855469,68.7866668332456,44822000
2013-03-25,69.4145278930664,70.11216133922787,69.20523573020964,69.69358233603515,24203000
2013-03-26,69.06571960449219,69.34477408153988,68.92619502722906,69.2052441817553,27183000
2013-03-27,70.1121597290039,70.1121597290039,68.92618502677529,69.06570958379488,25674000
2013-03-28,69.76337432861328,70.11219120025635,69.27503283732221,69.76337432861328,27872000
2013-03-29,70.1121597290039,70.46097644407358,69.62381845691463,69.76334301393423,18943000
2013-04-01,70.46099853515625,71.15863218401918,70.11218171072478,70.46099853515625,15964000
2013-04-02,70.1121597290039,70.46097644407358,69.62381845691463,70.1121597290039,22291000
2013-04-03,70.1121597290039,70.80979315914324,69.76334301393423,70.80979315914324,26312000
2013-04-08,68.71690368652344,69.41453722648814,68.71690368652344,69.06572045650579,53948000
2013-04-09,68.01927185058594,68.71690540802784,68.01927185058594,68.36808862930688,40543000
2013-04-10,68.577392578125,68.92620941662508,68.15880811390686,68.92620941662508,34877000
2013-04-11,70.80979919433594,70.80979919433594,68.9261909014261,69.06571547033752,54072000
2013-04-12,70.1121597290039,70.80979315914324,69.76334301393423,70.80979315914324,18954000
2013-04-15,69.34477233886719,70.46098489648547,69.13548015571068,70.11216813957218,23233000
2013-04-16,70.1121597290039,70.46097644407358,68.50760071067515,68.50760071067515,33395000
2013-04-17,69.76337432861328,70.80982494354248,69.55408207661822,70.80982494354248,35304000
2013-04-18,69.69358825683594,70.4609840483033,69.34477150412157,69.76335054287456,32242000
2013-04-19,74.29798889160156,74.29798889160156,73.60035519308887,73.60035519308887,66723000
2013-04-22,75.69324493408203,76.39087852794454,74.99561134021953,75.69324493408203,72170000
2013-04-23,73.94915771484375,74.99560805986512,73.60034093316996,74.29797449651754,45835000
2013-04-24,73.94915771484375,74.64679127819133,72.90270736982238,74.29797449651754,35383000
2013-04-25,74.64680480957031,74.64680480957031,73.60035427485671,73.94917111976125,26145000
2013-04-26,75.69324493408203,76.04206173101329,74.64679454328828,74.64679454328828,36420000
2013-04-29,75.34443664550781,75.69325348182961,74.99561980918602,75.69325348182961,21008000
2013-04-30,76.390869140625,76.390869140625,75.69323563249144,75.69323563249144,34314000
2013-05-02,77.0885009765625,77.43731772306279,76.04205073706166,76.73968423006222,37313000
2013-05-03,76.73969268798828,78.48377661271529,76.73969268798828,77.78614304282449,36502000
2013-05-06,77.7861328125,77.7861328125,77.08849933436099,77.7861328125,19268000
2013-05-07,78.48377990722656,78.83259670681423,77.43732950846353,78.13496310763888,19273000
2013-05-08,79.8790512084961,80.22786802600044,78.4837839384787,78.4837839384787,40914000
2013-05-09,80.22785949707031,80.92549305791441,79.87904271664827,80.92549305791441,27151000
2013-05-10,79.8790512084961,80.22786802600044,79.1814175734874,80.22786802600044,27413000
2013-05-13,79.8790512084961,80.5766848435048,79.53023439099174,80.22786802600044,18197000
2013-05-14,80.57669067382812,81.27432435931583,80.22787383108428,80.57669067382812,27714000
2013-05-15,80.22785949707031,80.92549305791441,79.18140915580418,80.22785949707031,25970000
2013-05-16,79.18142700195312,80.92551129715034,78.8326101429137,80.22787757907145,44164000
2013-05-17,79.18142700195312,79.18142700195312,77.78615956579536,78.1349764248348,19214000
2013-05-20,79.53023529052734,79.53023529052734,78.48378482617831,78.48378482617831,14472000
2013-05-21,78.48377990722656,79.18141350640191,78.13496310763888,78.83259670681423,17184000
2013-05-22,78.13495635986328,79.1814066682543,77.43732282093593,78.48377312932695,31200000
2013-05-23,75.34443664550781,77.78615449976039,75.34443664550781,77.0885208271168,46370000
2013-05-24,76.390869140625,77.08850264875856,75.69323563249144,76.390869140625,26614000
2013-05-27,78.13495635986328,78.13495635986328,76.3908725125449,76.3908725125449,19085000
2013-05-28,76.390869140625,78.48376966502568,76.390869140625,78.1349529109589,21209000
2013-05-29,77.43731689453125,78.13495038006756,77.08850015176309,77.08850015176309,16736000
2013-05-30,76.73969268798828,77.78614304282449,76.39087590304288,77.43732625787909,36088000
2013-05-31,76.390869140625,77.78613615689213,76.04205238655821,77.78613615689213,37162000
2013-06-03,74.9956283569336,75.69326210909111,74.29799460477606,75.34444523301235,35739000
2013-06-04,76.04206085205078,76.73969443784941,74.99561047335283,76.04206085205078,27446000
2013-06-05,76.390869140625,77.08850264875856,75.69323563249144,76.390869140625,23334000
2013-06-06,74.9956283569336,76.39089586124864,74.64681148085484,75.69326210909111,31641000
2013-06-07,75.69324493408203,76.39087852794454,75.34442813715079,75.34442813715079,32987000
2013-06-10,75.69324493408203,76.7396953248758,75.34442813715079,76.7396953248758,21045000
2013-06-11,75.34443664550781,76.739703990795,75.34443664550781,76.739703990795,34785000
2013-06-13,72.90270233154297,74.64678611937892,72.55388557397578,73.94915260424453,60275000
2013-06-14,73.94915771484375,73.94915771484375,72.90270736982238,73.25152415149617,41147000
2013-06-17,73.94915771484375,73.94915771484375,73.25152415149617,73.60034093316996,22921000
2013-06-18,74.29798889160156,74.29798889160156,72.90272149457618,73.25153834383252,29969000
2013-06-19,73.60035705566406,74.2979907718315,73.25154019758034,73.94917391374777,21991000
2013-06-20,72.55387115478516,73.60032121951764,72.205054466541,73.25150453127347,29951000
2013-06-21,72.20507049560547,72.20507049560547,70.80980343288846,71.1586201985677,38787000
2013-06-24,70.46099853515625,71.50744900845065,69.76336488629332,71.50744900845065,53521000
2013-06-25,70.46099853515625,71.85626583288212,70.46099853515625,70.46099853515625,32319000
2013-06-26,70.80979919433594,72.55388291833437,70.80979919433594,71.856249428735,54819000
2013-06-27,72.90270233154297,73.25151908911016,71.85625205884139,71.85625205884139,45541000
2013-06-28,77.43731689453125,77.43731689453125,73.25151598131335,73.94914946684966,74198000
2013-07-01,75.34443664550781,76.3908871544732,75.34443664550781,76.0420703181514,51539000
2013-07-02,76.73969268798828,76.73969268798828,75.69324233315209,76.04205911809748,44320000
2013-07-03,76.7393798828125,76.7393798828125,75.66359418352073,76.7393798828125,44593000
2013-07-04,76.7393798828125,76.7393798828125,76.02218941661799,76.38078464971524,24252000
2013-07-05,78.17374420166016,78.53233935854851,76.73936357410676,77.09795873099512,28230000
2013-07-08,75.30498504638672,77.45655604771206,74.94638987949916,76.73936571393695,32729000
2013-07-09,76.02220153808594,76.38079682835993,74.22922508671599,74.94641566726396,34261000
2013-07-10,76.02220153808594,76.73939211863392,74.94641566726396,74.94641566726396,22045000
2013-07-11,78.53233337402344,78.53233337402344,77.09795285577644,77.09795285577644,55975000
2013-07-12,78.89094543457031,78.89094543457031,77.81515981500799,78.53235022804954,31046000
2013-07-15,78.53233337402344,78.53233337402344,77.45654798533819,77.81514311489994,33099000
2013-07-16,77.45655059814453,78.17374088146069,76.73936031482837,77.81514573980262,35863000
2013-07-17,78.17374420166016,78.17374420166016,76.73936357410676,77.45655388788346,36386000
2013-07-18,75.6635971069336,77.45657334169505,75.6635971069336,77.09797809474276,43963000
2013-07-19,70.42809295654297,71.50387852393453,70.42809295654297,71.28872469349322,117410000
2013-07-22,69.56746673583984,70.57153436039351,69.4957487923135,70.28465711455983,86924000
2013-07-23,71.71902465820312,72.79481002807617,70.64323928833008,70.64323928833008,85529000
2013-07-24,73.15341186523438,73.87060217763863,71.71903124042586,72.07762639662799,58261000
2013-07-25,73.51200866699219,74.22919899545064,72.43622317430449,73.15341350276296,36398000
2013-07-26,73.51200866699219,73.87060383122142,72.43622317430449,73.87060383122142,31781000
2013-07-29,71.71902465820312,72.79481002807617,71.71902465820312,71.71902465820312,38265000
2013-07-30,73.15341186523438,73.5120070214365,72.07762639662799,72.07762639662799,33818000
2013-07-31,73.51200866699219,73.87060383122142,72.43622317430449,72.79481833853372,36945000
2013-08-01,72.07762908935547,73.15341459815181,71.71903391975668,73.15341459815181,27849000
2013-08-02,72.07762908935547,73.87060493734938,71.71903391975668,73.5120097677506,27947000
2013-08-05,72.07762908935547,72.79481942855303,71.64731598018254,71.71903391975668,23349000
2013-08-06,70.85839080810547,72.07761190537636,70.71494949142688,72.07761190537636,42742000
2013-08-07,69.56746673583984,70.64325230391984,69.56746673583984,70.64325230391984,45468000
2013-08-08,69.13713836669922,69.63916933247566,68.34823021831032,68.85026118408676,55550000
2013-08-09,69.13713836669922,71.71902206675705,69.13713836669922,71.71902206675705,47046000
2013-08-12,68.85026550292969,69.35229650019755,68.56338830232198,69.13714270353739,33389000
2013-08-13,69.71089935302734,69.85434070508008,68.8502731276233,68.8502731276233,34361000
2013-08-14,69.42403411865234,69.78262932490213,68.70684370615274,68.85027959996123,41618000
2013-08-15,68.85026550292969,69.13714270353739,68.34823450566182,69.13714270353739,42647000
2013-08-16,69.20884704589844,69.9260371707264,68.27649769493152,68.41993900293296,37509000
2013-08-19,68.4916763305664,68.92198943306207,68.34824045364384,68.4916763305664,49081000
2013-08-20,67.70276641845703,68.4199567290938,67.70276641845703,68.27651538392975,41635000
2013-08-22,67.77446746826172,68.06134461538272,66.62696435150417,66.6986822703528,60185000
2013-08-23,69.56746673583984,69.78262603814719,68.49168116775984,68.6351170548125,44276000
2013-08-26,69.42403411865234,69.99778316561485,68.92199754686546,69.99778316561485,18663000
2013-08-27,68.56340026855469,69.42403202058213,68.56340026855469,68.8502775192305,22435000
2013-08-28,69.42403411865234,69.78262932490213,68.20480713436586,68.56340234061565,34586000
2013-08-29,70.78668212890625,70.93012347540316,69.49574284080138,69.49574284080138,36841000
2013-08-30,72.07762908935547,72.07762908935547,70.85840770141083,71.43215668973204,37275000
2013-09-02,73.15341186523438,73.15341186523438,71.43215402111858,71.71903124042586,30751000
2013-09-03,73.15341186523438,73.87060217763863,72.79481670903225,73.87060217763863,31074000
2013-09-04,72.07762908935547,72.79481942855303,71.71903391975668,72.07762908935547,25183000
2013-09-05,72.79481506347656,72.79481506347656,71.71902961918873,72.07762476728468,30002000
2013-09-06,73.15341186523438,73.15341186523438,72.43622155283012,73.15341186523438,24631000
2013-09-09,73.8706283569336,73.8706283569336,72.43624722378925,73.51203307364752,32515000
2013-09-10,74.94637298583984,74.94637298583984,73.51199264161325,73.8705877276699,37304000
2013-09-11,74.94637298583984,74.94637298583984,73.51199264161325,73.8705877276699,40290000
2013-09-12,74.22920989990234,74.94640033371782,73.8706146829946,73.8706146829946,32814000
2013-09-13,73.51200866699219,73.87060383122142,73.15341350276296,73.51200866699219,22273000
2013-09-16,75.6635971069336,75.6635971069336,74.5878113660767,74.5878113660767,40590000
2013-09-17,75.6635971069336,75.6635971069336,74.94640661302901,75.6635971069336,25402000
2013-09-18,73.8706283569336,75.66360477336403,73.8706283569336,75.30500949007794,28113000
2013-09-23,75.6635971069336,76.02219235388588,73.51202562521983,73.87062087217213,51403000
2013-09-24,75.30498504638672,75.66358021327427,74.58779471261161,75.30498504638672,28633000
2013-09-25,73.8706283569336,74.94641420679186,73.8706283569336,74.94641420679186,31708000
2013-09-26,72.79481506347656,74.22919565586034,72.79481506347656,74.22919565586034,23012000
2013-09-27,73.8706283569336,74.22922364021969,73.15343779036142,74.22922364021969,26146000
2013-09-30,72.07762908935547,73.15341459815181,71.71903391975668,72.07762908935547,45308000
2013-10-01,72.79481506347656,73.51200535966845,72.07762476728468,72.07762476728468,22557000
2013-10-02,73.8706283569336,74.22922364021969,73.15343779036142,74.22922364021969,14186000
2013-10-03,75.30498504638672,76.02217538016184,73.8706043788365,74.22919954572406,50622000
2013-10-04,74.5877914428711,75.30498174520639,74.22919629170345,74.94638659403874,19872000
2013-10-07,73.8706283569336,74.58781892350576,73.15343779036142,74.22922364021969,20847000
2013-10-08,75.30498504638672,75.66358021327427,73.8706043788365,74.22919954572406,21082000
2013-10-09,75.30498504638672,75.66358021327427,73.8706043788365,74.58779471261161,22183000
2013-10-11,76.38075256347656,77.09794272839183,75.30496731610366,75.30496731610366,56367000
2013-10-14,75.30498504638672,76.3807705470494,75.30498504638672,76.3807705470494,18568000
2013-10-15,76.7393798828125,76.7393798828125,76.02218941661799,76.38078464971524,21383000
2013-10-16,76.02220153808594,77.45658269918191,76.02220153808594,77.45658269918191,18482000
2013-10-17,76.7393798828125,77.45657034900701,76.7393798828125,77.09797511590975,28095000
2013-10-18,78.89094543457031,78.89094543457031,77.81515981500799,77.81515981500799,58487000
2013-10-21,78.89094543457031,79.96673105413264,78.53235022804954,79.60813584761186,40443000
2013-10-22,79.96672821044922,79.96672821044922,78.5323474353739,78.89094262914273,38261000
2013-10-23,79.60812377929688,79.96671893145587,78.8909334749789,79.60812377929688,21861000
2013-10-24,78.89094543457031,78.89094543457031,77.81515981500799,78.17375502152876,21193000
2013-10-25,76.7393798828125,78.17376081520152,76.38078464971524,77.81516558210426,36027000
2013-10-28,78.53233337402344,78.53233337402344,77.09795285577644,77.45654798533819,21177000
2013-10-29,78.53233337402344,78.53233337402344,77.45654798533819,77.81514311489994,21491000
2013-10-30,78.89094543457031,78.89094543457031,78.17375502152876,78.17375502152876,16582000
2013-10-31,78.53233337402344,78.53233337402344,77.45654798533819,77.81514311489994,22472000
2013-11-01,78.53233337402344,79.24952363314695,77.81514311489994,79.24952363314695,10837000
2013-11-04,78.17374420166016,78.17374420166016,77.45655388788346,77.45655388788346,9601000
2013-11-05,76.38075256347656,78.17372797576475,76.38075256347656,77.81513289330711,20304000
2013-11-06,76.7393798828125,77.09797511590975,76.38078464971524,76.38078464971524,16437000
2013-11-07,76.7393798828125,77.09797511590975,76.02218941661799,76.7393798828125,15925000
2013-11-08,76.02220153808594,76.38079682835993,75.30501095753796,75.30501095753796,30518000
2013-11-11,74.94637298583984,76.02215824400979,74.94637298583984,75.3049680718965,21451000
2013-11-12,75.30498504638672,76.02217538016184,74.94638987949916,76.02217538016184,31600000
2013-11-13,73.8706283569336,75.30500949007794,73.8706283569336,75.30500949007794,26650000
2013-11-14,74.22920989990234,74.94640033371782,74.22920989990234,74.58780511681007,29904000
2013-11-15,74.5877914428711,74.94638659403874,74.22919629170345,74.22919629170345,19182000
2013-11-18,74.5877914428711,75.30498174520639,74.5877914428711,74.94638659403874,25261000
2013-11-19,75.30498504638672,75.66358021327427,74.58779471261161,74.94638987949916,34470000
2013-11-20,73.8706283569336,74.58781892350576,73.51203307364752,74.58781892350576,45380000
2013-11-21,72.43622589111328,73.8706066018284,72.0776307134345,73.15341624647084,56509000
2013-11-22,71.71902465820312,72.79481002807617,71.71902465820312,71.71902465820312,56921000
2013-11-25,72.43622589111328,73.51201142414962,72.43622589111328,72.43622589111328,30887000
2013-11-26,74.22920989990234,75.30499555062556,72.79482903227138,73.15342424917911,44922000
2013-11-27,75.30498504638672,75.66358021327427,74.94638987949916,75.30498504638672,21779000
2013-11-28,75.30498504638672,75.66358021327427,74.94638987949916,75.30498504638672,22729000
2013-11-29,75.30498504638672,75.30498504638672,74.58779471261161,74.94638987949916,34425000
2013-12-02,74.94637298583984,75.66356315795315,74.58777789978319,75.3049680718965,18860000
2013-12-03,74.5877914428711,75.30498174520639,74.22919629170345,74.5877914428711,21820000
2013-12-04,75.30498504638672,75.66358021327427,74.22919954572406,74.22919954572406,23415000
2013-12-05,74.5877914428711,75.30498174520639,74.22919629170345,75.30498174520639,25185000
2013-12-06,73.8706283569336,74.94641420679186,73.8706283569336,73.8706283569336,25116000
2013-12-09,75.30498504638672,75.30498504638672,74.58779471261161,74.58779471261161,23911000
2013-12-10,74.5877914428711,75.30498174520639,74.5877914428711,74.94638659403874,22217000
2013-12-11,75.30498504638672,75.30498504638672,74.22919954572406,74.22919954572406,24563000
2013-12-12,73.8706283569336,74.94641420679186,73.8706283569336,74.94641420679186,18272000
2013-12-13,73.51200866699219,74.22919899545064,73.51200866699219,73.51200866699219,28244000
2013-12-16,73.15341186523438,73.87060217763863,73.15341186523438,73.5120070214365,18669000
2013-12-17,74.22920989990234,74.94640033371782,73.8706146829946,73.8706146829946,26199000
2013-12-18,72.43622589111328,73.8706066018284,72.43622589111328,73.51201142414962,55359000
2013-12-19,73.51200866699219,73.87060383122142,72.79481833853372,73.15341350276296,27684000
2013-12-20,73.15341186523438,74.22919733384076,72.79481670903225,72.79481670903225,37568000
2013-12-23,74.5877914428711,74.94638659403874,73.8706011405358,73.8706011405358,28261000
2013-12-24,73.8706283569336,74.58781892350576,73.8706283569336,74.58781892350576,13997000
2013-12-25,73.8706283569336,74.22922364021969,73.51203307364752,73.51203307364752,9762000
2013-12-26,74.5877914428711,74.5877914428711,73.8706011405358,73.8706011405358,6738000
2013-12-27,74.94637298583984,74.94637298583984,73.8705877276699,74.22918281372654,24086000
2013-12-30,76.02220153808594,76.02220153808594,74.58782037698998,74.58782037698998,44182000
2013-12-31,75.6635971069336,76.02219235388588,75.3050018599813,75.6635971069336,24400000
2014-01-02,74.94637298583984,75.66356315795315,74.22918281372654,75.3049680718965,15071000
2014-01-03,73.51200866699219,73.87060383122142,73.15341350276296,73.87060383122142,38599000
2014-01-06,73.51200866699219,73.87060383122142,73.15341350276296,73.15341350276296,23706000
2014-01-07,73.15341186523438,73.87060217763863,73.15341186523438,73.5120070214365,15836000
2014-01-08,74.5877914428711,74.94638659403874,73.51200598936815,73.8706011405358,30218000
2014-01-09,72.43622589111328,73.8706066018284,72.0776307134345,73.51201142414962,63998000
2014-01-10,73.15341186523438,73.5120070214365,72.79481670903225,73.15341186523438,33266000
2014-01-13,73.8706283569336,74.22922364021969,73.51203307364752,73.8706283569336,19545000
2014-01-14,74.22920989990234,74.22920989990234,73.15342424917911,73.51201946608685,21639000
2014-01-15,75.30498504638672,76.02217538016184,74.58779471261161,74.58779471261161,54299000
2014-01-16,76.7393798828125,77.09797511590975,76.02218941661799,76.02218941661799,49437000
2014-01-17,77.09796142578125,77.81515176462572,76.739366256359,77.45655659520348,53446000
2014-01-20,77.09796142578125,77.81515176462572,76.739366256359,76.739366256359,24245000
2014-01-21,76.38075256347656,77.81513289330711,76.02215748101892,77.81513289330711,24568000
2014-01-22,77.09796142578125,77.09796142578125,76.02217591751453,76.02217591751453,28698000
2014-01-23,77.09796142578125,77.81515176462572,77.09796142578125,77.81515176462572,27910000
2014-01-24,77.45655059814453,77.81514573980262,76.73936031482837,76.73936031482837,33999000
2014-01-27,75.30498504638672,76.3807705470494,74.58779471261161,76.02217538016184,64827000
2014-02-05,72.07762908935547,73.15341459815181,72.07762908935547,73.15341459815181,145517000
2014-02-06,73.15341186523438,73.87060217763863,72.43622155283012,72.43622155283012,71895000
2014-02-07,74.5877914428711,74.94638659403874,73.8706011405358,74.22919629170345,54104000
2014-02-10,73.8706283569336,74.94641420679186,73.8706283569336,74.58781892350576,26221000
2014-02-11,74.94637298583984,75.3049680718965,74.58777789978319,74.94637298583984,21030000
2014-02-12,75.30498504638672,75.66358021327427,74.94638987949916,75.30498504638672,22692000
2014-02-13,75.30498504638672,76.02217538016184,75.30498504638672,75.30498504638672,19561000
2014-02-14,77.09796142578125,77.09796142578125,76.38077108693676,76.38077108693676,42658000
2014-02-17,77.81514739990234,77.81514739990234,77.09795710128573,77.45655225059403,33403000
2014-02-18,77.45655059814453,77.81514573980262,77.09795545648646,77.81514573980262,22196000
2014-02-19,77.45655059814453,77.45655059814453,76.73936031482837,77.45655059814453,26867000
2014-02-20,76.38075256347656,76.7393476459342,76.02215748101892,76.38075256347656,28429000
2014-02-21,77.09796142578125,77.09796142578125,76.739366256359,76.739366256359,31448000
2014-02-24,76.7393798828125,77.45657034900701,76.02218941661799,77.09797511590975,32033000
2014-02-25,77.45655059814453,77.45655059814453,76.3807651731703,77.09795545648646,31499000
2014-02-26,77.09796142578125,77.45655659520348,76.739366256359,77.09796142578125,34908000
2014-02-27,77.45655059814453,77.45655059814453,77.09795545648646,77.09795545648646,48583000
2014-03-03,77.45655059814453,77.45655059814453,76.3807651731703,77.45655059814453,51435000
2014-03-04,77.09796142578125,77.45655659520348,77.09796142578125,77.45655659520348,47911000
2014-03-05,78.89094543457031,78.89094543457031,77.81515981500799,77.81515981500799,54846000
2014-03-06,81.0425033569336,81.40109850453065,78.89093247135129,78.89093247135129,69737000
2014-03-07,82.1183090209961,82.47690425689565,81.40111854919701,81.75971378509655,65651000
2014-03-10,81.0425033569336,82.11828879972475,80.68390820933654,82.11828879972475,37846000
2014-03-11,81.75970458984375,82.11829978541324,81.40110939427427,81.40110939427427,28415000
2014-03-12,81.0425033569336,81.0425033569336,80.3253130617395,80.68390820933654,18376000
2014-03-13,83.55268859863281,84.2698790587069,82.8354981385587,83.55268859863281,56987000
2014-03-14,82.47688293457031,82.83547807776411,81.75969264818275,82.47688293457031,44655000
2014-03-17,81.75970458984375,82.47689498098273,81.04251419870478,82.11829978541324,33845000
2014-03-18,82.1183090209961,82.47690425689565,81.40111854919701,82.1183090209961,37464000
2014-03-19,82.1183090209961,82.47690425689565,81.40111854919701,82.1183090209961,32171000
2014-03-20,80.32530975341797,81.40109515190125,80.32530975341797,81.04250001907349,45292000
2014-03-21,80.68391418457031,81.75969970703125,80.32531901041666,81.75969970703125,60088000
2014-03-24,80.68391418457031,80.68391418457031,79.96672383626301,79.96672383626301,28463000
2014-03-25,81.401123046875,81.401123046875,79.96674202402258,79.96674202402258,38029000
2014-03-26,82.83547973632812,83.19407488670184,82.11828943558069,82.83547973632812,43314000
2014-03-27,83.194091796875,83.194091796875,81.75971090382544,82.11830612708782,30745000
2014-03-28,84.26986694335938,84.26986694335938,82.83548622942985,83.19408140791224,43654000
2014-03-31,84.987060546875,84.987060546875,83.55267977815137,84.6284653546941,46921000
2014-04-01,85.70423889160156,85.70423889160156,84.98704860798983,85.3456437497957,40015000
2014-04-02,86.06285095214844,86.78004137674967,85.3456605275472,86.42144616444905,43151000
2014-04-03,84.987060546875,85.34565573905591,84.26987016251319,84.987060546875,36937000
2014-04-07,84.26986694335938,84.62846212184175,83.55267658639461,84.26986694335938,45015000
2014-04-08,85.34565734863281,85.70425254757664,83.91127655285747,83.91127655285747,39873000
2014-04-09,85.34565734863281,86.06284774652049,85.34565734863281,85.70425254757664,28578000
2014-04-10,85.70423889160156,85.70423889160156,84.98704860798983,85.3456437497957,25612000
2014-04-11,86.06285095214844,86.06285095214844,84.62847010294595,84.98706531524658,34449000
2014-04-14,86.42144012451172,86.78003531175035,86.06284493727307,86.06284493727307,30297000
2014-04-15,87.8558120727539,87.8558120727539,86.78002661880181,87.13862177011917,28525000
2014-04-16,86.78003692626953,87.85582250800014,86.78003692626953,87.13863212017974,49971000
2014-04-17,86.06285095214844,87.1386365890503,85.3456605275472,86.42144616444905,35783000
2014-04-18,88.21441650390625,88.21441650390625,86.78003574774517,87.85582131486598,32741000
2014-04-21,87.13864135742188,87.49723658934542,86.78004612549833,87.49723658934542,21736000
2014-04-22,87.13864135742188,87.85583182126896,86.42145089357479,86.78004612549833,22674000
2014-04-23,86.78003692626953,88.21441770191035,86.42144173235933,88.21441770191035,31054000
2014-04-24,86.78003692626953,86.78003692626953,86.06284653844912,86.78003692626953,24389000
2014-04-25,84.987060546875,86.78003650777954,84.6284653546941,86.78003650777954,49361000
2014-04-28,85.34565734863281,86.06284774652049,84.2698717518013,84.98706214968898,28017000
2014-04-29,86.42144012451172,86.78003531175035,85.3456545627958,86.42144012451172,21769000
2014-04-30,84.987060546875,86.42144131559863,83.91127497033229,86.06284612341773,43654000
2014-05-02,84.62847900390625,85.70426475395591,83.91128850387315,85.34566950393935,42629000
2014-05-05,83.9112777709961,84.62846817929521,83.19408736269699,84.26987297514566,28604000
2014-05-06,84.62847900390625,85.34566950393935,83.55269325385659,83.91128850387315,27491000
2014-05-07,84.987060546875,85.34565573905591,84.26987016251319,84.6284653546941,33234000
2014-05-08,85.70423889160156,86.06283403340743,85.3456437497957,85.70423889160156,27052000
2014-05-09,86.06285095214844,86.06285095214844,85.3456605275472,86.06285095214844,22485000
2014-05-12,84.987060546875,86.06284612341773,84.26987016251319,85.70425093123681,35472000
2014-05-13,86.42144012451172,86.78003531175035,85.70424975003444,86.06284493727307,24007000
2014-05-14,87.49723052978516,87.49723052978516,86.42144490851732,86.7800401156066,32763000
2014-05-15,87.49723052978516,87.49723052978516,86.42144490851732,86.7800401156066,16779000
2014-05-16,87.49723052978516,88.21442094396373,86.7800401156066,87.49723052978516,28390000
2014-05-19,86.78003692626953,87.85582250800014,86.78003692626953,87.49722731408994,18373000
2014-05-20,86.78003692626953,87.49722731408994,86.78003692626953,87.49722731408994,25192000
2014-05-21,86.42144012451172,87.49722568622762,86.42144012451172,87.49722568622762,24178000
2014-05-22,87.49723052978516,87.49723052978516,86.7800401156066,87.13863532269588,26290000
2014-05-23,87.49723052978516,87.85582573687444,86.7800401156066,86.7800401156066,31726000
2014-05-26,88.21441650390625,88.57301169294652,87.49722612582572,88.21441650390625,19792000
2014-05-27,88.57301330566406,88.93160850123355,87.85582291452509,87.85582291452509,18012000
2014-05-28,88.93159484863281,88.93159484863281,87.85580942707676,88.93159484863281,36670000
2014-05-29,87.49723052978516,88.93161135814229,87.13863532269588,88.57301615105301,43028000
2014-05-30,85.70423889160156,87.85580974243675,85.70423889160156,87.49721460063088,69042000
2014-06-03,87.8558120727539,87.8558120727539,86.06283631616708,86.06283631616708,37556000
2014-06-04,88.57301330566406,88.93160850123355,88.21441811009458,88.57301330566406,33407000
2014-06-05,88.21441650390625,88.57301169294652,87.13863093678545,88.21441650390625,19524000
2014-06-06,87.8558120727539,88.57300237538863,87.49721692143653,88.57300237538863,19230000
2014-06-09,88.21441650390625,88.57301169294652,87.85582131486598,87.85582131486598,19684000
2014-06-10,89.29019927978516,89.29019927978516,87.8558185684633,88.21441374629377,25050000
2014-06-11,89.64879608154297,89.64879608154297,88.57301052856445,88.93160571289063,27770000
2014-06-12,88.57301330566406,88.93160850123355,88.21441811009458,88.93160850123355,22138000
2014-06-13,88.21441650390625,88.57301169294652,87.85582131486598,88.21441650390625,17160000
2014-06-16,88.93159484863281,88.93159484863281,87.85580942707676,87.85580942707676,13550000
2014-06-17,89.64879608154297,89.64879608154297,88.21441534423828,88.93160571289063,19795000
2014-06-18,90.00740051269531,90.72459095502755,88.93161484919696,89.6488052915292,37238000
2014-06-19,90.365966796875,90.365966796875,89.29018147786459,89.29018147786459,17873000
2014-06-20,89.29019927978516,91.08317516893747,88.93160410195469,90.724579991107,30094000
2014-06-23,88.21441650390625,90.0073924491076,88.21441650390625,89.64879726006733,25096000
2014-06-24,88.21441650390625,88.57301169294652,87.49722612582572,88.21441650390625,33225000
2014-06-25,88.57301330566406,89.29020369680305,88.21441811009458,88.21441811009458,30757000
2014-06-26,89.29019927978516,89.64879445761562,88.57300892412422,89.29019927978516,30279000
2014-06-27,90.00740051269531,90.72459095502755,88.93161484919696,89.6488052915292,44396000
2014-06-30,90.72456359863281,91.08315871167088,89.64877825951858,90.36596848559473,33280000
2014-07-01,91.80036926269531,92.15896445512772,90.3659884929657,90.7245836853981,32922000
2014-07-02,95.0277099609375,95.0277099609375,92.51754403744104,92.8761391693691,51457000
2014-07-03,96.46209716796875,96.820692324727,93.59333591390276,94.31052622741926,40176000
2014-07-04,96.8207015991211,97.53789198133681,94.66913045247396,95.74491602579754,44006000
2014-07-07,97.53789520263672,97.53789520263672,95.02772878198063,96.4621095937841,32123000
2014-07-08,96.46209716796875,97.5378826382435,96.10350201121051,97.17928748148525,36117000
2014-07-09,96.10350036621094,96.82069066745132,95.74490521559073,95.74490521559073,39145000
2014-07-10,96.46209716796875,97.5378826382435,96.46209716796875,96.46209716796875,47098000
2014-07-11,97.896484375,98.97226991758242,97.1792940132784,97.5378891941392,43144000
2014-07-14,97.16310119628906,98.62971404453494,97.16310119628906,98.62971404453494,46321000
2014-07-15,97.52974700927734,98.26305337776814,97.16309382503194,97.52974700927734,36989000
2014-07-16,95.69650268554688,97.89642228751346,95.32984941855244,97.52976902051904,39065000
2014-07-17,91.29666137695312,92.02996789403709,90.19670160132719,91.66331463549511,136198000
2014-07-18,90.56336212158203,90.93001540952366,89.09674896981552,89.09674896981552,95711000
2014-07-21,90.56336212158203,91.2966686974653,89.83005554569877,90.93001540952366,56612000
2014-07-22,91.29666137695312,91.66331463549511,89.8300483427852,90.56335485986916,53220000
2014-07-23,91.29666137695312,91.29666137695312,91.29666137695312,91.29666137695312,0
2014-07-24,91.66332244873047,91.66332244873047,90.93001586914063,91.29666915893556,65602000
2014-07-25,90.19670104980469,91.66331407500476,89.83004779350466,91.29666081870474,31299000
2014-07-28,89.09674835205078,89.83005492284954,88.73009506665139,89.46340163745016,43425000
2014-07-29,90.92999267578125,90.92999267578125,89.463379890688,89.83003308696132,37994000
2014-07-30,91.29666137695312,91.66331463549511,90.19670160132719,90.56335485986916,32381000
2014-07-31,88.73009490966797,90.93001461817214,88.73009490966797,90.93001461817214,44748000
2014-08-01,87.99678802490234,88.73009459177652,87.63013474146524,87.99678802490234,52455000
2014-08-04,90.56336212158203,90.56336212158203,87.99678910599064,87.99678910599064,39633000
2014-08-05,87.630126953125,89.83004645822437,87.630126953125,89.83004645822437,61184000
2014-08-06,88.36344146728516,89.0967480354784,87.2634816149953,87.2634816149953,34561000
2014-08-07,89.09674835205078,89.09674835205078,87.63013521045323,88.363441781252,29493000
2014-08-08,88.36344146728516,88.73009475138177,87.63013489909191,88.36344146728516,35075000
2014-08-11,88.36344146728516,88.73009475138177,87.63013489909191,87.99678818318854,42890000
2014-08-12,89.09674835205078,89.46340163745016,88.363441781252,88.73009506665139,32237000
2014-08-13,89.83004760742188,90.56335411850287,88.36343458525988,88.73008784080038,39756000
2014-08-14,90.92999267578125,90.92999267578125,90.19668628323463,90.56333947950795,32907000
2014-08-15,90.92999267578125,91.66329906832787,90.19668628323463,91.29664587205457,19151000
2014-08-18,90.19670104980469,90.93000756240473,89.83004779350466,90.93000756240473,14578000
2014-08-19,90.92999267578125,91.66329906832787,90.56333947950795,90.92999267578125,31575000
2014-08-20,92.02996826171875,92.02996826171875,91.29666174170505,91.66331500171191,28876000
2014-08-21,91.29666137695312,92.39662115257907,90.93000811841115,92.39662115257907,22562000
2014-08-22,92.02996826171875,92.39662152172559,90.56335522169137,91.29666174170505,42715000
2014-08-25,91.66332244873047,92.39662902832032,91.66332244873047,92.0299757385254,20077000
2014-08-26,91.29666137695312,92.02996789403709,90.93000811841115,91.66331463549511,28801000
2014-08-27,92.02996826171875,92.39662152172559,91.29666174170505,92.02996826171875,36779000
2014-08-28,91.66332244873047,92.39662902832032,91.29666915893556,92.39662902832032,21587000
2014-08-29,90.92999267578125,91.66329906832787,90.92999267578125,91.29664587205457,28324000
2014-09-01,94.22988891601562,94.22988891601562,91.66331606616306,91.66331606616306,36304000
2014-09-02,92.39659118652344,93.86320374503968,92.02993804689437,93.86320374503968,19182000
2014-09-03,93.86324310302734,93.86324310302734,92.02997663617134,93.12993651628494,24561000
2014-09-04,93.49659729003906,93.86325061274509,92.39663732192095,93.86325061274509,21641000
2014-09-05,93.12992858886719,94.22988837534987,92.0299688023845,94.22988837534987,20096000
2014-09-09,93.12992858886719,93.49658185102808,92.76327532670629,93.49658185102808,22090000
2014-09-10,91.66332244873047,92.39662902832032,90.93001586914063,92.39662902832032,29294000
2014-09-11,91.66332244873047,92.39662902832032,91.66332244873047,92.39662902832032,22827000
2014-09-12,90.19670104980469,91.66331407500476,90.19670104980469,91.29666081870474,19798000
2014-09-15,90.56336212158203,90.56336212158203,89.46340225775715,89.83005554569877,19518000
2014-09-16,89.83004760742188,90.19670086296237,89.46339435188138,90.19670086296237,19187000
2014-09-17,91.29666137695312,91.66331463549511,90.19670160132719,90.56335485986916,23504000
2014-09-18,91.66332244873047,91.66332244873047,90.5633625793457,91.29666915893556,14726000
2014-09-19,91.66332244873047,92.39662902832032,91.66332244873047,92.0299757385254,30603000
2014-09-22,89.46338653564453,90.9299994296715,89.46338653564453,90.9299994296715,39365000
2014-09-23,89.83004760742188,90.56335411850287,89.46339435188138,90.19670086296237,15286000
2014-09-24,90.19670104980469,90.93000756240473,89.46339453720465,89.46339453720465,27613000
2014-09-25,89.46338653564453,90.9299994296715,89.0967333121378,90.19669298265802,23213000
2014-09-26,88.73009490966797,89.09674819441867,88.36344162491727,88.73009490966797,23545000
2014-09-29,88.36344146728516,89.46340131957501,87.99678818318854,89.46340131957501,54783000
2014-09-30,87.99678802490234,88.73009459177652,87.26348145802815,87.99678802490234,44070000
2014-10-01,89.09674835205078,89.46340163745016,87.99678849585261,87.99678849585261,42211000
2014-10-02,88.73009490966797,89.83005476392005,88.36344162491727,88.73009490966797,30761000
2014-10-03,91.29666137695312,91.66331463549511,89.46339508424323,89.8300483427852,52003000
2014-10-06,92.39659118652344,92.39659118652344,90.92997862800719,91.66328490726532,37186000
2014-10-07,91.66332244873047,92.0299757385254,90.5633625793457,91.66332244873047,39986000
2014-10-08,89.83004760742188,91.66331388512435,89.83004760742188,90.56335411850287,29221000
2014-10-09,91.66332244873047,91.66332244873047,90.5633625793457,90.93001586914063,35347000
2014-10-13,88.36344146728516,89.0967480354784,86.53017504680206,87.2634816149953,69183000
2014-10-14,88.73009490966797,89.09674819441867,87.63013505541589,87.99678834016657,31862000
2014-10-15,89.09674835205078,90.19670820824894,88.73009506665139,89.09674835205078,43922000
2014-10-16,89.09674835205078,90.93001477904771,87.99678849585261,89.09674835205078,45527000
2014-10-17,90.56336212158203,92.02997527334854,90.56336212158203,91.66332198540691,91597000
2014-10-20,92.39659118652344,92.39659118652344,91.29663176763626,91.66328490726532,38276000
2014-10-21,91.66332244873047,92.39662902832032,91.29666915893556,92.39662902832032,25582000
2014-10-22,94.59654235839844,94.59654235839844,93.49658256353334,93.49658256353334,64167000
2014-10-23,93.49659729003906,94.22990393545112,93.49659729003906,93.86325061274509,26374000
2014-10-24,92.02996826171875,93.49658130174615,91.66331500171191,93.12992804173929,42082000
2014-10-27,93.86324310302734,93.86324310302734,92.76328322291374,92.76328322291374,25119000
2014-10-28,93.86324310302734,94.96320298314095,93.49658980965614,94.59654968976974,34984000
2014-10-29,94.59654235839844,94.96319562335347,93.86323582848837,94.59654235839844,34583000
2014-10-30,94.22988891601562,94.59654218028027,93.12992912322167,94.22988891601562,35688000
2014-10-31,95.69650268554688,95.69650268554688,93.49658308358028,93.86323635057471,41983000
2014-11-03,96.06315612792969,97.16311593092125,95.69650286026582,96.79646266325739,44912000
2014-11-04,96.79647064208984,96.79647064208984,96.06316404631644,96.79647064208984,32171000
2014-11-05,96.79647064208984,96.79647064208984,96.06316404631644,96.42981734420314,22440000
2014-11-06,96.79647064208984,97.16312393997656,96.42981734420314,97.16312393997656,28374000
2014-11-07,96.06315612792969,96.42980939559354,95.69650286026582,96.42980939559354,16709000
2014-11-10,98.62972259521484,98.62972259521484,96.79645637597294,97.16310961982131,42569000
2014-11-11,98.26306915283203,98.99637563904719,97.52976266661686,98.99637563904719,20451000
2014-11-12,96.79647064208984,98.62973713152337,96.42981734420314,98.62973713152337,27373000
2014-11-13,98.26306915283203,98.62972239593961,97.16310942350928,97.89641590972444,24882000
2014-11-14,98.99637603759766,98.99637603759766,97.89641630384658,98.26306954843027,23655000
2014-11-17,97.52974700927734,99.36301293050437,97.16309382503194,98.99635974625896,23562000
2014-11-18,96.4298095703125,98.6297291802816,96.06315630198431,98.26307591195342,42688000
2014-11-19,99.72969055175781,100.09634382584515,97.1631176331464,97.52977090723374,70920000
2014-11-20,101.92959594726562,101.92959594726562,100.46298305593805,100.82963627876995,44092000
2014-11-21,101.56295013427734,102.2962566334418,100.82964363511289,102.2962566334418,30388000
2014-11-24,101.56295013427734,103.02956313260626,101.19629688469512,102.66290988302403,33292000
2014-11-25,101.92959594726562,102.6629023929294,101.56294272443373,101.56294272443373,42648000
2014-11-26,101.92959594726562,101.92959594726562,101.19628950160184,101.56294272443373,23137000
2014-11-27,102.66292572021484,104.12953894478935,102.66292572021484,102.66292572021484,26123000
2014-11-28,103.76287841796875,103.76287841796875,101.92961201482441,101.92961201482441,35681000
2014-12-01,102.66292572021484,104.12953894478935,101.56296580178397,101.92961910792759,41250000
2014-12-02,100.82965087890625,102.29626398259943,100.82965087890625,102.29626398259943,45913000
2014-12-03,101.1963119506836,101.92961855902188,100.09635203817616,100.82965864651445,38940000
2014-12-04,101.92959594726562,102.6629023929294,101.56294272443373,101.92959594726562,28226000
2014-12-05,100.82965087890625,102.29626398259943,100.46299760298295,101.56295743075283,27050000
2014-12-08,101.1963119506836,101.56296525485273,100.4630053423453,101.1963119506836,19595000
2014-12-09,101.1963119506836,101.92961855902188,100.82965864651445,101.1963119506836,31770000
2014-12-10,99.72969055175781,101.92961019628187,99.72969055175781,101.19630364810719,39726000
2014-12-11,98.62972259521484,99.72968232676,98.62972259521484,98.99637583906323,32283000
2014-12-12,98.99637603759766,99.72968252676505,98.62972279301397,98.99637603759766,31433000
2014-12-15,99.72969055175781,100.09634382584515,98.62973072949578,98.62973072949578,44381000
2014-12-16,97.52974700927734,99.36301293050437,97.52974700927734,98.62970656201355,41199000
2014-12-17,95.69650268554688,97.52976902051904,95.32984941855244,97.52976902051904,70497000
2014-12-18,96.4298095703125,97.52976937529705,96.06315630198431,96.79646283864068,50410000
2014-12-19,101.1963119506836,101.1963119506836,98.26308551733044,98.62973882149959,44362000
2014-12-22,101.56295013427734,102.66290988302403,100.46299038553066,100.82964363511289,34577000
2014-12-23,100.82965087890625,102.66291725852273,100.46299760298295,101.92961070667613,19122000
2014-12-24,101.1963119506836,101.1963119506836,99.72969873400702,99.72969873400702,16679000
2014-12-25,100.82965087890625,101.19630415482955,100.46299760298295,100.46299760298295,7358000
2014-12-26,101.92959594726562,101.92959594726562,100.46298305593805,101.19628950160184,13112000
2014-12-29,103.39620971679688,103.39620971679689,101.19629036112035,101.19629036112035,34993000
2014-12-30,102.66292572021484,103.76288563864573,101.92961910792759,103.3962323325021,21789000
2014-12-31,103.39620971679688,103.39620971679689,101.92959681301252,101.92959681301252,18306000
2015-01-05,102.2962417602539,103.02954815280053,100.82962897516066,103.02954815280053,32046000
2015-01-06,97.89640808105469,100.82963379134846,97.52975486726797,100.82963379134846,66778000
2015-01-07,98.26306915283203,98.99637563904719,97.89641590972444,97.89641590972444,43703000
2015-01-08,101.1963119506836,101.1963119506836,99.72969873400702,100.09635203817616,42491000
2015-01-09,98.26306915283203,99.36302888215477,97.52976266661686,98.99637563904719,61558000
2015-01-12,96.79647064208984,97.89643053574996,96.79647064208984,97.16312393997656,30338000
2015-01-13,97.16310119628906,97.52975440835053,95.69648834804319,96.06314156010465,37818000
2015-01-14,95.32984924316406,97.52976884108324,95.32984924316406,97.16311557476337,48740000
2015-01-15,96.4298095703125,97.52976937529705,96.4298095703125,96.4298095703125,40607000
2015-01-16,100.46300506591797,102.66292488487967,99.7296984595974,102.66292488487967,124042000
2015-01-19,101.92959594726562,102.29624917009751,100.82963627876995,101.56294272443373,49986000
2015-01-20,101.1963119506836,101.92961855902188,100.82965864651445,101.92961855902188,32739000
2015-01-21,103.39620971679688,103.39620971679689,102.29625003895862,102.29625003895862,70464000
2015-01-22,102.66292572021484,104.12953894478935,102.29627241407123,103.76288563864573,43846000
2015-01-23,106.32942199707031,106.32942199707031,104.4961561005691,104.4961561005691,82089000
2015-01-26,106.32942199707031,106.69607517637056,105.22946245916958,106.69607517637056,46716000
2015-01-27,107.79606628417969,107.7960662841797,105.96279985077528,106.69610642413704,52805000
2015-01-28,107.42938995361328,107.79604316164608,106.69608353754765,107.42938995361328,45898000
2015-01-29,105.22948455810547,106.32944432700552,104.86283130180544,105.59613781440548,34459000
2015-01-30,103.39620971679688,106.69608875031167,103.39620971679689,106.32943552436559,43666000
2015-02-02,104.49620056152344,104.86285389682703,103.02958722030907,103.02958722030907,29181000
2015-02-03,105.9627914428711,105.9627914428711,104.12952515493215,104.86283167010774,27160000
2015-02-04,107.06275177001953,107.42940502950589,105.59613873207405,105.96279199156042,40416000
2015-02-05,106.69610595703125,107.06275924210696,105.22949281672841,106.69610595703125,23363000
2015-02-06,104.86283874511719,106.69610515674512,104.86283874511719,106.69610515674512,27301000
2015-02-09,104.12955474853516,105.229514833907,103.76290138674455,104.86286147211639,26315000
2015-02-10,104.49620056152344,104.86285389682703,103.76289389091626,104.12954722621984,33294000
2015-02-11,108.52938079833984,109.26268742535565,107.06276754430822,107.06276754430822,71259000
2015-02-12,108.89602661132812,109.62933318783537,108.16272003482086,109.62933318783537,33577000
2015-02-13,108.89602661132812,109.995986476089,108.5293733230745,108.89602661132812,37815000
2015-02-24,110.72927856445312,111.46258504501242,108.89601236305491,109.26266560333455,72531000
2015-02-25,113.29582977294922,113.29582977294922,111.82921708980425,111.82921708980425,48183000
2015-02-26,110.36263275146484,112.92920560615008,110.36263275146484,112.56255234119504,55574000
2015-03-02,109.26268005371094,112.19590636387768,108.8960267649401,111.09594649756515,41388000
2015-03-03,110.36263275146484,110.72928601641988,108.89601969164471,109.99597948650981,29134000
2015-03-04,110.36263275146484,111.09593928137491,109.26267295659974,109.99597948650981,32627000
2015-03-05,109.99598693847656,110.72929351806641,108.8960270690918,109.99598693847658,28872000
2015-03-06,109.26268005371094,109.62933334248179,108.8960267649401,109.26268005371094,31316000
2015-03-09,106.69610595703125,108.16271909733409,106.32945267195554,108.16271909733409,67163000
2015-03-10,105.59613800048828,106.32944451438057,105.59613800048828,106.32944451438057,46809000
2015-03-11,107.06275177001953,108.529364807965,104.86283221310131,105.22948547258768,51795000
2015-03-12,108.52938079833984,108.89603411184774,107.42942085781613,107.79607417132404,32183000
2015-03-13,109.26268005371094,109.62933334248179,107.79606689862757,108.52937347616925,45451000
2015-03-16,107.06275177001953,109.6293245864241,107.06275177001952,109.26267132693773,36912000
2015-03-17,109.26268005371094,109.99598663125262,108.8960267649401,108.8960267649401,55718000
2015-03-18,112.56254577636719,112.92919901993842,109.9959730713686,110.72927955851105,70808000
2015-03-19,112.92920684814453,113.6625133861195,111.82924704118209,111.82924704118209,43070000
2015-03-20,112.92920684814453,112.92920684814453,111.09594050320712,111.09594050320712,37536000
2015-03-23,112.56254577636719,112.92919901993842,111.82923928922473,112.92919901993842,26285000
2015-03-24,111.095947265625,112.56256043084777,111.095947265625,112.56256043084777,36086000
2015-03-25,110.72927856445312,111.82923828529206,110.36262532417348,111.46258504501242,44424000
2015-03-26,106.69610595703125,107.79606581225838,105.96279938687984,106.69610595703125,157081000
2015-03-27,104.49620056152344,106.69612057334498,104.49620056152344,105.59616056743421,106610000
2015-03-30,104.49620056152344,105.59616056743421,104.12954722621984,104.49620056152344,59832000
2015-03-31,106.69610595703125,106.69610595703125,104.86283953165271,105.59614610180412,56539000
2015-04-01,105.59613800048828,106.32944451438057,105.22948474354214,106.32944451438057,38697000
2015-04-02,107.79606628417969,108.52937285754146,105.96279985077528,106.32945313745616,49213000
2015-04-07,107.06275177001953,108.16271154847863,106.32944525104679,107.42940502950589,33362000
2015-04-08,104.86283874511719,107.0627584390707,104.86283874511719,106.69610515674512,47500000
2015-04-09,104.86283874511719,106.69610515674512,104.86283874511719,105.59614530976836,46493000
2015-04-10,107.79606628417969,107.7960662841797,106.32945313745616,107.06275971081793,33819000
2015-04-13,107.79606628417969,108.16271957086057,107.06275971081793,107.42941299749882,23821000
2015-04-14,105.59613800048828,106.6960977713267,105.22948474354214,106.32944451438057,41528000
2015-04-15,104.86283874511719,105.96279859209395,103.76287889814044,105.22949202744277,71481000
2015-04-16,107.79606628417969,107.7960662841797,105.96279985077528,106.32945313745616,54354000
2015-04-17,104.49620056152344,105.59616056743421,104.49620056152344,104.86285389682703,76708000
2015-04-20,104.86283874511719,105.59614530976836,103.76287889814044,104.12953218046601,34341000
2015-04-21,104.49620056152344,105.22950723213062,103.76289389091626,104.12954722621984,36209000
2015-04-22,105.22948455810547,106.32944432700552,104.86283130180544,105.22948455810547,40606000
2015-04-23,107.79606628417969,107.7960662841797,106.32945313745616,106.69610642413704,46931000
2015-04-24,111.82925415039062,111.82925415039064,108.89602781201972,109.26268110431609,122689000
2015-04-27,111.095947265625,112.19590713954209,109.99598739170793,112.19590713954209,57529000
2015-04-28,111.095947265625,112.56256043084777,110.36264068301361,112.56256043084777,43177000
2015-04-29,108.89602661132812,110.72929305259626,108.5293733230745,109.995986476089,37363000
2015-04-30,107.79606628417969,108.89602614422235,107.42941299749882,107.7960662841797,48913000
2015-05-04,108.16272735595703,108.89603398209911,107.06276741674391,108.89603398209911,30811000
2015-05-05,107.79606628417969,108.52937285754146,107.06275971081793,108.16271957086057,27559000
2015-05-06,108.16272735595703,108.52938066902807,106.69611410367287,106.69611410367287,18784000
2015-05-07,107.42938995361328,108.1626963696789,107.06273674558047,107.06273674558047,21826000
2015-05-08,107.42938995361328,108.1626963696789,107.06273674558047,107.06273674558047,19987000
2015-05-11,108.89602661132812,109.26267989958176,107.79606674656723,109.26267989958176,20326000
2015-05-12,108.16272735595703,108.89603398209911,107.79607404288599,107.79607404288599,20509000
2015-05-13,108.52938079833984,109.26268742535565,107.79607417132404,108.16272748483193,18844000
2015-05-14,107.06275177001953,108.89601806745137,107.06275177001952,108.529364807965,38700000
2015-05-15,107.42938995361328,107.79604316164608,106.32943032951485,107.79604316164608,24295000
2015-05-18,107.42938995361328,107.79604316164608,106.32943032951485,107.79604316164608,22879000
2015-05-19,107.42938995361328,108.1626963696789,106.32943032951485,106.69608353754765,26257000
2015-05-20,107.42938995361328,107.79604316164608,107.06273674558047,107.42938995361328,26920000
2015-05-21,106.69610595703125,107.42941252718266,105.96279938687984,107.06275924210696,40819000
2015-05-22,106.69610595703125,107.79606581225838,106.32945267195554,107.06275924210696,22074000
2015-05-25,108.16272735595703,108.16272735595703,106.69611410367287,107.42942072981495,16253000
2015-05-26,107.42938995361328,108.89600278574451,107.42938995361328,108.89600278574451,15545000
2015-05-27,106.32942199707031,107.79603471427127,106.32942199707031,106.69607517637056,23825000
2015-05-28,107.79606628417969,108.16271957086057,107.06275971081793,107.7960662841797,35891000
2015-05-29,107.06275177001953,108.16271154847863,106.69609851053316,107.79605828899226,56616000
2015-06-01,106.32942199707031,107.06272835567079,105.59611563846983,106.69607517637056,31570000
2015-06-02,105.59613800048828,105.96279125743442,105.22948474354214,105.96279125743442,33317000
2015-06-03,104.86283874511719,105.96279859209395,104.86283874511719,105.22949202744277,29870000
2015-06-04,103.39620971679688,104.49616939463515,102.6629032649047,104.12951616868907,58172000
2015-06-05,102.66292572021484,103.02957902635848,101.92961910792759,102.29627241407123,42648000
2015-06-08,101.56295013427734,102.66290988302403,101.56295013427734,102.2962566334418,45469000
2015-06-09,101.92959594726562,102.6629023929294,101.19628950160184,101.56294272443373,31575000
2015-06-10,102.2962417602539,103.76285454534715,102.2962417602539,103.39620134907385,37077000
2015-06-11,105.22948455810547,105.59613781440548,103.39621827660537,103.39621827660537,44613000
2015-06-12,105.9627914428711,105.9627914428711,104.49617841251994,105.59613818528331,31448000
2015-06-15,104.86283874511719,105.96279859209395,104.4961854627916,105.96279859209395,23608000
2015-06-16,104.12955474853516,104.86286147211639,103.39624802495392,104.86286147211639,27272000
2015-06-17,104.49620056152344,105.22950723213062,104.12954722621984,104.86285389682703,31326000
2015-06-18,104.12955474853516,104.86286147211639,104.12955474853516,104.12955474853516,28591000
2015-06-22,104.12955474853516,105.229514833907,104.12955474853516,104.12955474853516,28278000
2015-06-23,105.9627914428711,106.3294447004589,104.49617841251994,104.86283167010774,37230000
2015-06-24,106.32942199707031,106.32942199707031,105.22946245916958,105.96276881777007,18555000
2015-06-25,107.42938995361328,107.79604316164608,106.32943032951485,106.32943032951485,43496000
2015-06-26,107.06275177001953,108.16271154847863,106.69609851053316,107.79605828899226,33561000
2015-06-29,104.79279327392578,106.6843599395201,104.79279327392578,106.30604660640124,53014000
2015-06-30,106.3060302734375,106.3060302734375,104.79277717345974,105.17109044845418,45261000
2015-07-01,106.68433380126953,107.81927352255963,105.17108083954939,105.92770732040945,32546000
2015-07-02,107.0626449584961,107.44095819156499,106.30601849235832,106.30601849235832,23908000
2015-07-03,107.81930541992188,107.81930541992188,105.92773865816886,107.06267871522067,16093000
2015-07-06,106.3060302734375,107.06265682342638,106.3060302734375,106.68434354843194,20617000
2015-07-07,106.3060302734375,107.44097009842082,106.3060302734375,106.68434354843194,26349000
2015-07-08,104.41445922851562,106.68433877696161,104.41445922851562,106.30602551888728,51986000
2015-07-09,103.27954864501953,104.41448874001975,101.38798182001918,101.38798182001918,53233000
2015-07-10,103.27954864501953,103.27954864501953,103.27954864501953,103.27954864501953,0
2015-07-13,104.79279327392578,105.5494199401635,103.65785327456918,103.65785327456918,34518000
2015-07-14,104.79279327392578,106.30604660640124,104.41447994080691,105.5494199401635,27536000
2015-07-15,104.79279327392578,105.5494199401635,104.41447994080691,105.17110660704463,23295000
2015-07-16,103.27954864501953,105.92774220002003,102.5229219150194,105.92774220002003,36999000
2015-07-17,105.9277114868164,105.9277114868164,104.41445846557617,104.41445846557617,55781000
2015-07-20,105.17108917236328,107.44096879478838,104.79277590195909,107.0626555243842,27655000
2015-07-21,106.3060302734375,107.06265682342638,105.54940372344862,106.68434354843194,19431000
2015-07-22,105.17108917236328,105.54940244276746,104.41446263155491,105.17108917236328,24620000
2015-07-23,102.90120697021484,104.03614675297457,102.90120697021484,103.65783349205466,36389000
2015-07-24,103.65784454345703,104.41447114596401,102.90121794095005,104.41447114596401,38194000
2015-07-27,101.38793182373047,102.52287135907073,101.38793182373047,102.14455818062399,43371000
2015-07-28,101.38793182373047,103.27949771596425,101.38793182373047,102.14455818062399,34219000
2015-07-29,102.52290344238281,102.90121673921817,101.76627684871208,102.14459014554744,29871000
2015-07-30,104.79279327392578,105.17110660704463,102.90122660833144,102.90122660833144,36097000
2015-07-31,105.54939270019531,106.30601917116445,104.03613975825704,106.30601917116445,39992000
2015-08-03,101.76626586914062,104.7927719172935,101.76626586914062,104.7927719172935,33631000
2015-08-04,103.27954864501953,103.27954864501953,101.76629518501925,102.14460855001933,26546000
2015-08-05,101.38793182373047,102.52287135907073,101.38793182373047,102.52287135907073,28491000
2015-08-06,101.38793182373047,102.9011845375175,99.87467910994346,102.9011845375175,38414000
2015-08-07,100.63131713867188,101.00963036099772,99.49637747169437,100.63131713867188,30554000
2015-08-10,97.60480499267578,99.1180577832599,94.95661260915357,99.1180577832599,63646000
2015-08-11,98.73975372314453,101.0096331190789,98.73975372314453,101.0096331190789,64344000
2015-08-12,97.22650146484375,98.36144117065905,96.46987499430023,97.98312793538729,41642000
2015-08-13,96.84821319580078,98.36146652698517,96.46989986300468,97.60483986139297,35943000
2015-08-14,95.33493041992188,97.22649649968224,94.57830398801774,96.84818328373017,39413000
2015-08-17,93.82169342041016,94.95663326017319,93.06506686056814,94.95663326017319,37847000
2015-08-18,95.33493041992188,95.71324363587395,94.57830398801774,94.57830398801774,40722000
2015-08-19,94.57831573486328,96.46988204956054,93.82168920898437,96.46988204956054,41301000
2015-08-20,95.33493041992188,95.33493041992188,93.44336434016152,94.19999077206568,38012000
2015-08-21,91.55180358886719,94.19999625466087,91.55180358886719,93.0650565407493,59694000
2015-08-24,87.01205444335938,91.5518138056216,85.12048804241678,90.79518724524456,116158000
2015-08-25,93.4433822631836,93.82169555169851,88.90362280100464,89.28193608951955,94960000
2015-08-26,92.68673706054688,94.19998991051499,90.4168577855947,91.55179742307078,64879000
2015-08-27,93.82169342041016,94.57831998025218,92.30844030072613,94.57831998025218,53388000
2015-08-28,94.57831573486328,96.0915687866211,94.20000247192382,96.0915687866211,41466000
2015-08-31,97.60480499267578,97.60480499267578,93.44335981856945,95.3349258067996,56941000
2015-09-01,93.82169342041016,96.46988637985723,93.82169342041016,96.46988637985723,42340000
2015-09-02,94.9566421508789,96.09158209690534,93.06507557416816,93.06507557416816,36973000
2015-09-03,96.0915756225586,96.46988891241118,94.57832246314823,96.46988891241118,24004000
2015-09-04,94.57831573486328,96.0915687866211,93.44337594604492,95.71325552368164,22006000
2015-09-07,92.68673706054688,95.33492954799107,92.30842384805484,94.19998991051499,25891000
2015-09-08,93.06505584716797,93.44336908231905,92.30842937686579,92.68674261201687,15090000
2015-09-09,97.60480499267578,97.60480499267578,95.71323900444563,95.71323900444563,53588000
2015-09-10,94.57831573486328,96.8481953125,94.57831573486328,96.0915687866211,32912000
2015-09-11,96.46990966796875,96.46990966796875,93.8217160692402,94.956656182981,20525000
2015-09-14,96.46990966796875,97.60484978170956,95.33496955422794,96.84822303921568,25508000
2015-09-15,95.33493041992188,96.84818328373017,94.95661720396981,96.46987006777809,21658000
2015-09-16,97.98313903808594,98.36145231622527,96.46988592552863,96.84819920366796,39923000
2015-09-17,99.11808013916016,99.49639342213405,98.36145357321237,98.73976685618626,49472000
2015-09-18,99.49640655517578,99.49640655517578,97.60483989062871,97.98315322353812,31937000
2015-09-21,97.98313903808594,98.36145231622527,97.22651248180729,98.36145231622527,29930000
2015-09-22,97.60480499267578,98.36143138796784,97.22649179502976,98.36143138796784,17636000
2015-09-23,94.20001220703125,96.46989201924886,94.20001220703125,96.0915787172126,32905000
2015-09-24,96.0915756225586,96.84820220226378,94.95663575300081,96.0915756225586,43432000
2015-09-25,96.0915756225586,96.46988891241118,94.57832246314823,96.0915756225586,24630000
2015-09-29,96.0915756225586,96.0915756225586,96.0915756225586,96.0915756225586,0
2015-09-30,98.36146545410156,99.11809211144082,96.09158548208384,96.84821213942308,67112000
2015-10-01,101.0096435546875,101.38795682642791,97.98313738076428,99.11807719598549,49600000
2015-10-02,99.87474060058594,100.25305401195179,99.49642718922009,100.25305401195179,25216000
2015-10-05,100.2530288696289,101.00965550260723,99.49640223665057,100.63134218611806,30276000
2015-10-06,100.63131713867188,102.52288325030105,100.25300391634605,102.14457002797522,48613000
2015-10-07,102.14456939697266,102.14456939697266,100.63131651701751,101.0096297370063,31784000
2015-10-08,102.90120697021484,103.65783349205466,102.14458044837504,103.65783349205466,31144000
2015-10-12,104.79279327392578,105.17110660704463,103.27953994145031,103.65785327456918,46971000
2015-10-13,104.03617095947266,104.79279765735973,102.90123091264203,104.79279765735973,36108000
2015-10-14,103.27954864501953,104.03617537501968,102.90123528001946,103.27954864501953,18007000
2015-10-15,105.9277114868164,106.68433799743653,105.1710849761963,105.1710849761963,57142000
2015-10-16,104.03617095947266,104.03617095947266,102.90123091264203,103.6578576105291,36196000
2015-10-19,104.41445922851562,105.17108574466428,103.65783271236695,104.79277248658995,26150000
2015-10-20,105.17108917236328,105.17108917236328,104.03614936115072,105.17108917236328,27462000
2015-10-21,104.79279327392578,105.92773327328237,104.03616660768805,105.5494199401635,17976000
2015-10-22,104.03617095947266,104.79279765735973,103.6578576105291,104.41448430841619,15149000
2015-10-23,105.9277114868164,106.30602474212647,105.1710849761963,105.9277114868164,35644000
2015-10-26,105.9277114868164,106.30602474212647,105.1710849761963,106.30602474212647,24382000
2015-10-27,105.17108917236328,105.92771571317165,104.03614936115072,104.79277590195909,26012000
2015-10-28,104.41445922851562,105.17108574466428,103.65783271236695,103.65783271236695,22522000
2015-10-29,103.27954864501953,105.54942883501997,103.27954864501953,105.1711154700199,20428000
2015-10-30,103.27954864501953,104.03617537501968,102.90123528001946,103.65786201001961,27844000
2015-11-02,104.03617095947266,104.79279765735973,102.5229175636985,104.79279765735973,21663000
2015-11-03,105.54939270019531,105.92770593567988,104.4144529937416,104.79276622922617,33082000
2015-11-04,109.3325424194336,109.3325424194336,106.68434935045077,107.06266264601975,75144000
2015-11-05,107.81930541992188,109.3325588293243,107.81930541992188,108.9542454769737,35773000
2015-11-06,105.9277114868164,108.95421752929688,105.1710849761963,108.95421752929688,45683000
2015-11-09,107.44098663330078,108.19761329973248,106.30604663365324,106.68435996686908,24833000
2015-11-10,105.54939270019531,107.0626456421336,105.17107946471074,107.0626456421336,23307000
2015-11-11,104.03617095947266,106.30605105313387,103.27954426158557,106.30605105313387,29412000
2015-11-12,104.79279327392578,105.17110660704463,104.41447994080691,104.79279327392578,16474000
2015-11-13,102.90120697021484,105.17108653573429,102.90120697021484,104.03614675297457,21639000
2015-11-16,102.14456939697266,102.52288261696145,101.38794295699509,101.38794295699509,32110000
2015-11-17,104.79279327392578,105.92773327328237,104.03616660768805,104.41447994080691,28188000
2015-11-18,103.65784454345703,105.927724350978,103.27953124220355,105.5494110497245,29074000
2015-11-19,106.3060302734375,106.3060302734375,104.4144638984653,104.79277717345974,27426000
2015-11-20,106.68433380126953,106.68433380126953,105.92770732040945,106.3060205608395,20271000
2015-11-23,106.68433380126953,107.06264704169956,105.92770732040945,106.68433380126953,17170000
2015-11-24,105.54939270019531,107.0626456421336,105.54939270019531,105.92770593567988,21843000
2015-11-25,106.68433380126953,106.68433380126953,104.79276759911936,105.54939407997942,27099000
2015-11-26,107.81930541992188,107.81930541992188,105.92773865816886,106.68436536287007,31976000
2015-11-27,105.17108917236328,108.19759533559674,105.17108917236328,108.19759533559674,23135000
2015-11-30,105.17108917236328,105.17108917236328,102.90120954993817,103.27952282034235,108490000
2015-12-01,107.81930541992188,107.81930541992188,104.79279860111706,106.30605201051947,46117000
2015-12-02,107.81930541992188,108.9542454769737,107.44099206757127,108.9542454769737,31609000
2015-12-03,107.81930541992188,108.19761877227249,107.06267871522067,107.06267871522067,18825000
2015-12-04,106.3060302734375,107.81928337341526,106.3060302734375,106.68434354843194,30869000
2015-12-07,108.5759048461914,109.33253136079902,107.44096507428,107.44096507428,40284000
2015-12-08,107.81930541992188,108.9542454769737,106.68436536287007,108.5759321246231,32173000
2015-12-09,106.3060302734375,107.44097009842082,106.3060302734375,107.44097009842082,26751000
2015-12-10,106.68433380126953,107.06264704169956,105.17108083954939,106.3060205608395,41414000
2015-12-11,105.54939270019531,107.44095887761817,105.17107946471074,106.68433240664903,29914000
2015-12-14,105.17108917236328,105.54940244276746,104.03614936115072,104.03614936115072,32656000
2015-12-15,104.41445922851562,106.30602551888728,104.41445922851562,105.54939900273862,23558000
2015-12-16,108.5759048461914,108.95421810349521,106.6843385596724,107.44096507428,56401000
2015-12-17,109.71083068847656,109.71083068847656,108.19757785139413,109.33251747920596,34462000
2015-12-18,107.44098663330078,109.71086663259587,107.44098663330078,108.19761329973248,36298000
2015-12-21,107.0626449584961,107.81927142463388,106.30601849235832,107.0626449584961,26847000
2015-12-22,107.44098663330078,107.44098663330078,106.30604663365324,106.68435996686908,17085000
2015-12-23,107.0626449584961,108.19758465770278,106.30601849235832,106.68433172542721,18064000
2015-12-24,107.44098663330078,108.57592663294832,107.44098663330078,108.19761329973248,13471000
2015-12-25,108.1976089477539,108.57592226575305,107.44098231175563,107.44098231175563,6126000
2015-12-28,108.5759048461914,108.95421810349521,108.1975915888876,108.5759048461914,10797000
2015-12-29,107.44098663330078,108.95423996616417,107.06267330008492,108.57592663294832,12801000
2015-12-30,107.81930541992188,108.9542454769737,107.44099206757127,107.81930541992188,14578000
2015-12-31,108.1976089477539,108.95423558375218,106.68435567575735,107.44098231175563,18336000
2016-01-04,105.54939270019531,108.57589858407188,105.17107946471074,107.81927211310274,39169000
2016-01-05,104.41445922851562,105.92771226081295,103.65783271236695,105.17108574466428,46381000
2016-01-06,102.52290344238281,104.41446992655962,102.14459014554744,104.41446992655962,53617000
2016-01-07,100.63131713867188,102.14457002797522,98.73975102704271,101.76625680564939,62539000
2016-01-08,101.38793182373047,102.14455818062399,99.87467910994346,99.87467910994346,50123000
2016-01-11,100.63131713867188,101.76625680564939,98.73975102704271,100.63131713867188,48345000
2016-01-12,100.63131713867188,101.38794358332355,99.49637747169437,100.63131713867188,34688000
2016-01-13,101.0096435546875,102.52289664164911,100.6313302829471,101.0096435546875,37717000
2016-01-14,99.49640655517578,99.8747198880852,98.73977988935695,98.73977988935695,39253000
2016-01-15,103.65784454345703,104.41447114596401,102.52290463969656,104.03615784471053,79464000
2016-01-18,103.65784454345703,104.41447114596401,101.76627803718956,102.14459133844306,36757000
2016-01-19,104.41445922851562,104.41445922851562,102.9012061962183,104.0361459704413,23737000
2016-01-20,101.76626586914062,104.03614540525528,101.00963935710242,104.03614540525528,43839000
2016-01-21,102.14456939697266,103.27950905693902,101.38794295699509,101.38794295699509,31933000
2016-01-22,104.79279327392578,104.79279327392578,102.90122660833144,103.27953994145031,33889000
2016-01-25,105.54939270019531,105.92770593567988,105.17107946471074,105.92770593567988,27184000
2016-01-26,104.03617095947266,105.17111100630326,103.6578576105291,104.03617095947266,24049000
2016-01-27,105.54939270019531,105.54939270019531,104.79276622922617,105.17107946471074,24029000
2016-01-28,105.9277114868164,106.30602474212647,104.41445846557617,104.41445846557617,37867000
2016-01-29,108.1976089477539,108.1976089477539,104.41447576776251,104.79278908576165,55616000
2016-02-01,108.95423889160156,108.95423889160156,107.06267224417792,108.95423889160156,40943000
2016-02-02,107.81930541992188,109.3325588293243,107.06267871522067,108.9542454769737,25380000
2016-02-03,110.46747589111328,110.46747589111328,109.33253607031418,109.71084934391388,70465000
2016-02-15,109.71083068847656,110.8457703162884,107.44095143285291,107.44095143285291,72875000
2016-02-16,111.60242462158203,111.980737925384,110.08917140637413,110.46748471017611,55006000
2016-02-17,111.98072814941406,112.73735469096415,111.22410160786397,112.73735469096415,38453000
2016-02-18,114.25060272216797,114.25060272216797,113.11566296002722,113.49397621407414,61657000
2016-02-19,114.25060272216797,114.25060272216797,112.73734970598031,112.73734970598031,35668000
2016-02-22,114.25060272216797,115.3855424843087,113.11566296002722,113.11566296002722,27003000
2016-02-23,113.11566925048828,114.25060907574402,112.73735597540303,113.87229580065878,22302000
2016-02-24,111.98072814941406,113.8722945032893,111.22410160786397,113.1156679617392,22026000
2016-02-25,113.87228393554688,114.25059717121314,112.3590309928818,112.73734422854807,25202000
2016-02-26,112.73735046386719,114.62891674681798,111.98072395068687,114.25060349022782,37655000
2016-03-01,115.00720977783203,115.00720977783203,112.35901744742142,112.35901744742142,38629000
2016-03-02,115.76387023925781,116.89881014356426,115.76387023925781,116.52049684212878,36010000
2016-03-03,116.52049255371094,116.898805841223,115.76386597868685,116.52049255371094,28822000
2016-03-04,115.38555908203125,116.1421856989626,114.6289324650999,115.76387239049693,32794000
2016-03-07,115.00720977783203,116.142149348008,114.2505833977147,115.38552296789068,23906000
2016-03-08,115.00720977783203,115.00720977783203,113.11564382753873,114.2505833977147,35683000
2016-03-09,115.76387023925781,115.76387023925781,113.8723037320804,115.00724363638685,24004000
2016-03-10,116.89879608154297,116.89879608154297,114.62891654597902,115.763856313761,28302000
2016-03-11,117.27713775634766,117.27713775634766,115.76388436594317,116.89882440874653,29566000
2016-03-14,118.03374481201172,119.16868466597336,117.65543152735783,118.4120580966656,32751000
2016-03-15,116.89879608154297,118.41204910525227,115.763856313761,117.27710933747029,28689000
2016-03-16,118.03374481201172,118.03374481201172,116.52049167339618,117.65543152735783,30962000
2016-03-17,119.92530059814453,121.06024035143929,119.16867409594805,120.68192710034104,48193000
2016-03-18,120.68191528320312,120.68191528320314,119.92528885509527,119.92528885509527,55975000
2016-03-21,121.06025695800781,121.06025695800781,119.54700374603271,121.06025695800781,26100000
2016-03-22,119.92530059814453,120.68192710034104,118.7903608448498,120.68192710034104,25809000
2016-03-23,120.68191528320312,120.68191528320314,119.54697564104134,119.92528885509527,27478000
2016-03-24,119.92530059814453,120.3036138492428,118.7903608448498,119.5469873470463,24853000
2016-03-25,119.5470199584961,120.30364666709417,118.79039324989802,119.92533331279513,10175000
2016-03-28,120.30364227294922,120.30364227294922,118.79038891102532,119.54701559198728,15268000
2016-03-29,120.30364227294922,120.68195561343019,119.54701559198728,119.92532893246825,18977000
2016-03-30,122.19520568847656,122.57351901878145,119.92532570664729,119.92532570664729,43616000
2016-03-31,122.57353973388672,123.3301665223675,120.30365936844437,122.57353973388672,49433000
2016-04-01,119.92530059814453,121.81686685363577,119.16867409594805,121.81686685363577,31564000
2016-04-06,116.14218139648438,118.03374786873982,116.14218139648438,117.65543457428873,58134000
2016-04-07,116.89879608154297,117.27710933747029,115.38554305783367,117.27710933747029,35238000
2016-04-08,119.16869354248047,119.54700685531375,116.52050035264757,116.52050035264757,41032000
2016-04-11,119.92530059814453,120.3036138492428,117.65542109155506,118.0337343426533,21758000
2016-04-12,119.92530059814453,120.68192710034104,119.16867409594805,119.16867409594805,14859000
2016-04-13,122.19520568847656,122.57351901878145,120.68195236725704,121.06026569756193,39611000
2016-04-14,122.19520568847656,122.95183234908633,121.06026569756193,122.57351901878145,31338000
2016-04-15,120.68191528320312,121.06022849725706,118.03372278482563,118.79034921293349,48779000
2016-04-18,119.5470199584961,119.92533331279513,119.16870660419706,119.5470199584961,20279000
2016-04-19,119.16869354248047,121.81688673231338,118.7903802296472,121.06026010664684,26577000
2016-04-20,116.52049255371094,119.54699885380732,116.52049255371094,119.16868556629528,40996000
2016-04-21,118.79036712646484,118.79036712646486,116.5204874998445,118.03374058425807,29723000
2016-04-22,118.41206359863281,119.54700350532897,117.27712369193665,117.65543699416871,28990000
2016-04-25,119.16869354248047,119.16869354248048,118.03375360398066,118.41206691681393,14306000
2016-04-26,119.5470199584961,119.92533331279513,118.41207989559898,118.41207989559898,18119000
2016-04-27,118.41206359863281,119.16869020309693,117.65543699416871,118.03375029640077,28845000
2016-04-28,115.76387023925781,119.54700325361264,115.76387023925781,119.16868995217716,48915000
2016-04-29,113.49398803710938,114.25061462402344,112.73736145019531,114.25061462402344,66445000
2016-05-03,111.60242462158203,112.35905122918598,110.84579801397808,111.980737925384,68550000
2016-05-04,111.22412109375,112.73737444196429,110.84580775669643,111.22412109375,52973000
2016-05-05,111.60242462158203,112.35905122918598,110.46748471017611,111.60242462158203,38269000
2016-05-06,111.98072814941406,112.35904142018912,111.22410160786397,112.35904142018912,36510000
2016-05-09,111.60242462158203,112.73736453298795,110.84579801397808,112.35905122918598,38478000
2016-05-10,111.22412109375,111.98074776785715,110.84580775669643,111.22412109375,29785000
2016-05-11,111.22412109375,112.73737444196429,110.84580775669643,112.35906110491072,40057000
2016-05-12,110.46747589111328,111.98072898551209,110.46747589111328,111.22410243831268,23749000
2016-05-13,108.95423889160156,110.08917888005574,108.1976122326321,109.71086555057101,60038000
2016-05-16,109.3325424194336,110.08916901057154,108.19760253272666,108.19760253272666,31133000
2016-05-17,111.22412109375,111.22412109375,109.71086774553572,110.08918108258929,30277000
2016-05-18,111.22412109375,111.22412109375,109.71086774553572,110.46749441964286,31057000
2016-05-19,111.22412109375,112.35906110491072,110.08918108258929,111.98074776785715,35132000
2016-05-20,112.35903930664062,113.11566583395808,111.22409951566446,111.60241277932317,36306000
2016-05-23,116.52049255371094,116.898805841223,113.11567296610251,113.87229954112661,50127000
2016-05-24,114.25060272216797,116.14216899240253,114.25060272216797,115.3855424843087,24470000
2016-05-25,116.89879608154297,117.27710933747029,115.38554305783367,116.14216956968832,30719000
2016-05-26,117.27713775634766,117.27713775634766,116.14219771354429,116.89882440874653,17196000
2016-05-27,118.41206359863281,118.41206359863281,116.89881038970461,118.03375029640077,22992000
2016-05-30,118.79036712646484,119.54699366867163,117.27711404205128,118.79036712646486,36339000
2016-05-31,118.41206359863281,119.16869020309693,117.27712369193665,118.41206359863281,69656000
2016-06-01,120.30364227294922,120.30364227294922,118.03376223006337,118.03376223006337,26926000
2016-06-02,120.30364227294922,121.06026895391116,119.54701559198728,120.30364227294922,21977000
2016-06-03,121.43856811523438,121.43856811523438,120.30362822630694,120.30362822630694,31853000
2016-06-06,121.8168716430664,122.57349817501091,121.06024511112189,121.81687164306639,28757000
2016-06-07,122.57353973388672,123.7084799166079,121.81691294540595,122.19522633964633,47046000
2016-06-08,125.22169494628906,125.60000822407243,123.70844183515567,124.08675511293902,45214000
2016-06-13,122.57353973388672,122.95185312812711,121.81691294540595,121.81691294540595,48750000
2016-06-14,122.57353973388672,123.3301665223675,121.81691294540595,121.81691294540595,27509000
2016-06-15,123.33014678955078,123.33014678955078,121.81689345470967,122.57352012213023,29270000
2016-06-16,121.43856811523438,122.95182130047094,120.68194152261609,122.19519470785265,24408000
2016-06-17,123.33014678955078,124.46508679068162,122.57352012213023,122.9518334558405,30633000
2016-06-20,123.33014678955078,124.84340012439189,123.33014678955078,124.46508679068162,24911000
2016-06-21,125.22169494628906,125.22169494628908,123.70844183515567,124.08675511293902,27970000
2016-06-22,125.60001373291016,125.60001373291016,123.70844726102898,124.46507384978145,30359000
2016-06-23,124.08677673339844,125.60003010819598,124.08677673339844,125.22171676449659,22494000
2016-06-24,120.30364227294922,124.08677567775894,116.89882220862046,124.08677567775894,86547000
2016-06-27,122.26935577392578,122.66250482786124,121.08990861211943,121.48305766605488,42874000
2016-06-28,123.44880676269531,123.84195582881854,121.87621049820238,122.26935956432561,1327000
2016-06-29,125.02141571044922,125.80771392246461,124.23511749843381,124.6282666044415,31514000
2016-06-30,127.77346801757812,128.1666171499399,125.41457322340744,126.59402062049278,42398000
2016-07-01,130.5255126953125,130.5255126953125,128.55976702219033,129.3460652914392,36212000
2016-07-04,130.5255126953125,130.91866182993692,129.3460652914392,130.13236356068808,25724000
2016-07-05,128.95291137695312,130.13235873710818,128.95291137695312,129.7392096170565,16346000
2016-07-06,126.98715209960938,128.1665993327327,126.20085394419384,128.1665993327327,34803000
2016-07-07,129.3460693359375,129.73921848285525,128.16662189518428,128.55977104210203,23769000
2016-07-08,129.3460693359375,129.3460693359375,129.3460693359375,129.3460693359375,0
2016-07-11,133.6707000732422,134.06384919110468,132.49125271965477,133.6707000732422,50643000
2016-07-12,134.45700073242188,134.8501498573705,133.27755335757607,134.45700073242188,41961000
2016-07-13,132.4912567138672,133.67070410301142,131.31180932472296,133.27755497329667,50653000
2016-07-14,132.88438415527344,133.67068228636973,131.31178789308086,131.31178789308086,34790000
2016-07-15,133.2775421142578,133.2775421142578,130.91864756356298,132.0980948389104,41546000
2016-07-18,133.2775421142578,133.6706912060403,132.0980948389104,132.0980948389104,24749000
2016-07-19,134.0638885498047,134.0638885498047,132.88444084995305,134.0638885498047,42456000
2016-07-20,133.6707000732422,134.06384919110468,132.88440183751723,133.6707000732422,38053000
2016-07-21,135.2432861328125,135.2432861328125,133.67068978243097,134.45698795762175,33130000
2016-07-22,134.45700073242188,135.2432989823191,134.06385160747328,135.2432989823191,28504000
2016-07-25,134.85011291503906,136.0295599667741,132.884367828814,135.24326193228407,27145000
2016-07-26,136.02960205078125,136.02960205078125,134.85015463415598,135.24330377303107,32685000
2016-07-27,137.60215759277344,138.38845563616073,137.2090085710798,137.60215759277344,34117000
2016-07-28,138.78163146972656,138.78163146972656,136.02958778619092,137.6021841767827,31071000
2016-07-29,135.6363983154297,139.1747391410496,135.6363983154297,139.1747391410496,29795000
2016-08-01,139.17477416992188,139.17477416992188,137.20902877204162,137.60217785161768,34188000
2016-08-02,138.3884735107422,139.5679207281633,137.99532443826848,139.5679207281633,15250000
2016-08-03,135.6363983154297,136.81584525730298,135.24324933480526,135.6363983154297,21627000
2016-08-04,137.20904541015625,137.20904541015625,135.63644890115734,136.02959802840707,13612000
2016-08-05,139.17477416992188,139.56792324949794,136.8158796924656,137.60217785161768,25759000
2016-08-08,139.96107482910156,139.96107482910156,138.78162756930575,139.96107482910156,16200000
2016-08-09,140.354248046875,141.14054635526085,139.1748005842962,140.354248046875,16413000
2016-08-10,141.14053344726562,141.14053344726562,139.9610860925531,140.7473843290281,19279000
2016-08-11,138.78163146972656,139.9610787626704,137.99533327443066,139.56792966502246,28180000
2016-08-12,139.56797790527344,140.3542763723454,139.17482867173746,140.3542763723454,22947000
2016-08-15,140.7473907470703,140.7473907470703,139.5679433385753,140.35424161090532,12020000
2016-08-16,137.99534606933594,140.74739000804064,137.60219693523527,139.9610917398393,34260000
2016-08-17,139.17477416992188,139.56792324949794,138.38847601076978,139.17477416992188,21487000
2016-08-18,138.3884735107422,138.7816225832159,137.60217536579478,138.3884735107422,27253000
2016-08-19,137.20904541015625,139.56794017365465,136.81589628290652,139.17479104640492,23470000
2016-08-22,135.6363983154297,136.81584525730298,134.85010035418082,136.02954729605412,21337000
2016-08-23,137.60215759277344,137.60215759277344,136.42271052769252,136.81585954938618,20888000
2016-08-24,136.42274475097656,137.99534123225584,136.42274475097656,137.602192111936,12092000
2016-08-25,138.78163146972656,139.1747805673745,137.20903507913476,137.6021841767827,23892000
2016-08-26,139.17477416992188,139.17477416992188,137.60217785161768,137.60217785161768,15076000
2016-08-29,138.3884735107422,139.1747716556896,136.8158772208474,137.60217536579478,16975000
2016-08-30,136.81588745117188,138.7816329605278,136.81588745117188,138.38848385865663,19471000
2016-08-31,138.78163146972656,139.1747805673745,137.20903507913476,138.78163146972656,38524000
2016-09-01,136.81588745117188,138.38848385865663,136.02958924742953,138.38848385865663,22692000
2016-09-02,136.81588745117188,138.7816329605278,136.81588745117188,138.7816329605278,16999000
2016-09-05,139.17477416992188,139.56792324949794,138.7816250903458,138.7816250903458,22381000
2016-09-06,139.96107482910156,140.74737300229876,138.78162756930575,139.17477665590437,26024000
2016-09-07,145.46519470214844,145.46519470214844,141.53370295344172,141.9268521283124,49761000
2016-09-08,143.89254760742188,145.0719947189581,143.49939857024313,143.49939857024313,30204000
2016-09-09,141.92681884765625,142.31996793033673,141.14052068229526,142.31996793033673,29793000
2016-09-12,137.99534606933594,139.56794260573864,136.81589866703393,139.56794260573864,43036000
2016-09-13,137.99534606933594,138.7816443375373,136.42274953293327,138.7816443375373,36834000
2016-09-14,136.81588745117188,138.38848385865663,136.4227383493007,136.81588745117188,52877000
2016-09-19,143.89254760742188,143.89254760742188,140.35420627281314,141.14050434717063,57055000
2016-09-20,144.28575134277344,144.28575134277344,142.71315459789307,143.10630378411315,23641000
2016-09-21,144.67886352539062,144.67886352539062,141.92681992572287,142.31996901138967,25008000
2016-09-22,145.46519470214844,145.8583438770191,144.28574717753642,145.46519470214844,20980000
2016-09-23,147.0377197265625,147.4308687097886,145.07197481043198,145.46512379365808,23213000
2016-09-26,144.28575134277344,145.4651989014337,143.89260215655335,144.28575134277344,24225000
2016-09-27,144.28575134277344,144.28575134277344,144.28575134277344,144.28575134277344,0
2016-09-28,144.28575134277344,144.28575134277344,144.28575134277344,144.28575134277344,0
2016-09-29,147.0377197265625,147.4308687097886,145.85827277688418,145.85827277688418,54272000
2016-09-30,144.67886352539062,146.64460895372474,143.49941626839015,145.85831078239107,42592000
2016-10-03,146.25144958496094,146.64459864298504,145.07200241088867,146.25144958496094,17742000
2016-10-04,147.0377197265625,147.0377197265625,145.46512379365808,145.46512379365808,16859000
2016-10-05,146.25144958496094,146.25144958496094,145.07200241088867,146.25144958496094,19148000
2016-10-06,147.43087768554688,147.43087768554688,145.4651326497396,145.4651326497396,15524000
2016-10-07,147.8240509033203,147.8240509033203,146.25145461711477,147.8240509033203,15380000
2016-10-11,147.43087768554688,150.18292073567707,146.2514306640625,150.18292073567707,30294000
2016-10-12,149.00347900390625,149.39662802502474,146.25143585607685,146.64458487719534,22604000
2016-10-13,148.21719360351562,150.1829388767718,147.03774643956191,149.78978982212055,37642000
2016-10-14,147.8240509033203,148.61034904642307,146.64460368866617,147.03775276021753,33248000
2016-10-17,146.64459228515625,147.4308903671142,145.46514516221933,146.64459228515625,37340000
2016-10-18,147.0377197265625,147.0377197265625,145.85827277688418,146.6445707433364,38150000
2016-10-19,149.00347900390625,149.00347900390625,147.43088291943232,147.43088291943232,33272000
2016-10-20,149.78982543945312,149.78982543945312,148.610377995048,149.00352714318305,13226000
2016-10-21,148.21719360351562,150.96923698607426,148.21719360351562,150.1829388767718,21936000
2016-10-24,150.18292236328125,150.18292236328125,149.00347532901463,150.18292236328125,13459000
2016-10-25,151.75552368164062,151.75552368164062,150.18292758131275,150.9692256314767,18878000
2016-10-26,150.57608032226562,151.36237839183357,149.78978225269765,149.78978225269765,21043000
2016-10-27,148.21719360351562,150.57608793142302,148.21719360351562,150.57608793142302,26231000
2016-10-28,149.00347900390625,149.39662802502474,148.21718096166927,149.00347900390625,24348000
2016-10-31,148.21719360351562,149.78978982212055,146.64459738491067,148.61034265816684,25330000
2016-11-01,149.00347900390625,149.00347900390625,147.43088291943232,148.21718096166927,14290000
2016-11-02,146.25144958496094,147.8240458170573,146.25144958496094,147.4308967590332,16488000
2016-11-03,145.07203674316406,146.644633347426,145.07203674316406,145.85833504529504,25038000
2016-11-04,145.07203674316406,146.2514841963605,144.67888759209856,145.07203674316406,14860000
2016-11-07,148.6103057861328,148.6103057861328,146.2514120434958,146.64456100060195,21332000
2016-11-08,148.21719360351562,149.39664076746934,147.82404454886438,149.39664076746934,15437000
2016-11-09,143.10629272460938,149.78982837383563,143.10629272460938,149.3966792179988,55541000
2016-11-10,145.85830688476562,147.82405226057108,145.85830688476562,147.0377541102489,38234000
2016-11-11,142.71311950683594,143.89256677548747,142.31997041728542,142.71311950683594,67603000
2016-11-14,141.92681884765625,143.10626609569772,141.53366976497574,142.31996793033673,47989000
2016-11-15,141.53367614746094,143.1062725490994,140.7473779466417,141.1405270470513,33505000
2016-11-16,141.53367614746094,143.8925707499186,141.53367614746094,141.92682524787054,34833000
2016-11-17,142.71311950683594,143.49941768593695,141.9268213277349,143.10626859638643,22434000
2016-11-18,142.31997680664062,142.71312591384128,141.53367859223928,142.71312591384128,22474000
2016-11-21,142.31997680664062,142.71312591384128,141.53367859223928,141.92682769943997,15600000
2016-11-22,144.67886352539062,145.46516169672427,142.7131180970565,143.10626718272331,27599000
2016-11-23,145.85830688476562,146.6446050350878,144.67885965928235,145.07200873444344,22128000
2016-11-24,143.89254760742188,145.46514375613685,143.89254760742188,144.67884568177936,14980000
2016-11-25,143.10629272460938,144.2857401921199,143.10629272460938,143.49944188044623,10116000
2016-11-28,144.67886352539062,144.67886352539062,142.7131180970565,142.7131180970565,19096000
2016-11-29,143.10629272460938,145.4651876596304,143.10629272460938,144.2857401921199,24408000
2016-11-30,143.89254760742188,143.89254760742188,142.7131004958856,142.7131004958856,39671000
2016-12-01,143.89254760742188,143.89254760742188,142.7131004958856,143.10624953306439,13908000
2016-12-02,139.96107482910156,141.14052208889734,139.96107482910156,140.74737300229876,53836000
2016-12-05,140.7473907470703,141.5336890194003,139.9610924747403,139.9610924747403,29191000
2016-12-06,143.10629272460938,143.89259103628305,141.92684525709888,142.3199944129357,27309000
2016-12-07,142.71311950683594,144.285715865038,142.71311950683594,143.89256677548747,14110000
2016-12-08,145.85830688476562,145.85830688476562,143.89256150896014,144.67885965928235,27257000
2016-12-09,146.25144958496094,146.25144958496094,145.07200241088867,146.25144958496094,24867000
2016-12-12,145.46519470214844,147.03779140163113,144.6788963524071,146.25149305188978,18796000
2016-12-13,146.25144958496094,146.64459864298504,145.07200241088867,146.64459864298504,23591000
2016-12-14,147.43087768554688,147.43087768554688,145.85828165690106,146.64457967122397,16571000
2016-12-15,147.0377197265625,147.4308687097886,145.07197481043198,145.46512379365808,22803000
2016-12-16,145.46519470214844,147.03779140163113,145.46519470214844,145.8583438770191,35985000
2016-12-19,143.4994354248047,145.0720319774053,143.4994354248047,144.67888283925515,20535000
2016-12-20,143.4994354248047,143.4994354248047,141.53368973405395,142.31998801035425,24139000
2016-12-21,141.53367614746094,143.1062725490994,141.53367614746094,142.31997434828017,29690000
2016-12-22,140.7473907470703,141.92683815556532,140.7473907470703,141.5336890194003,26269000
2016-12-23,140.354248046875,141.5336955094538,140.354248046875,140.74739720106794,22961000
2016-12-26,141.14053344726562,141.53368256550314,140.7473843290281,140.7473843290281,5675000
2016-12-27,141.53367614746094,141.92682524787054,141.1405270470513,141.53367614746094,8252000
2016-12-28,143.10629272460938,143.10629272460938,141.92684525709888,142.3199944129357,21226000
2016-12-29,141.53367614746094,142.71312344868977,141.53367614746094,141.53367614746094,30200000
2016-12-30,142.71311950683594,143.49941768593695,141.53367223818438,142.31997041728542,36610000
2017-01-03,143.89254760742188,144.28569664460062,142.31995145870687,142.7131004958856,22630000
2017-01-04,143.89254760742188,144.67884568177936,142.7131004958856,143.89254760742188,24369000
2017-01-05,144.28575134277344,144.28575134277344,142.71315459789307,143.10630378411315,20979000
2017-01-06,144.67886352539062,145.07201261105743,144.2857144397238,144.67886352539062,22443000
2017-01-09,144.67886352539062,145.46516169672427,143.89256535405698,144.67886352539062,18569000
2017-01-10,144.67886352539062,145.85831078239107,144.2857144397238,145.07201261105743,20198000
2017-01-11,143.10629272460938,145.4651876596304,142.71314356877255,145.4651876596304,29107000
2017-01-12,145.07203674316406,145.85833504529504,143.49944013890212,143.49944013890212,41130000
2017-01-13,142.71311950683594,143.49941768593695,141.9268213277349,141.9268213277349,52352000
2017-01-16,141.14053344726562,141.92683168374063,140.7473843290281,141.53368256550314,30756000
2017-01-17,142.31997680664062,142.31997680664062,141.14052948503863,141.92682769943997,13159000
2017-01-18,142.31997680664062,142.31997680664062,141.14052948503863,141.92682769943997,23693000
2017-01-19,141.92681884765625,142.31996793033673,141.14052068229526,141.14052068229526,24627000
2017-01-20,142.31997680664062,142.71312591384128,141.92682769943997,142.31997680664062,23429000
2017-01-23,145.46519470214844,145.46519470214844,143.49944882779508,143.49944882779508,36992000
2017-01-24,145.85830688476562,146.6446050350878,145.07200873444344,145.46515780960453,55022000
2017-02-02,145.07203674316406,148.21722995168795,144.67888759209856,147.82408080062245,94089000
2017-02-03,145.07203674316406,146.2514841963605,144.2857384410331,146.2514841963605,29518000
2017-02-06,145.07203674316406,145.85833504529504,144.67888759209856,145.07203674316406,24779000
2017-02-07,145.07203674316406,145.46518589422953,143.89258928996762,144.2857384410331,23616000
2017-02-08,144.28575134277344,145.0720497152136,143.89260215655335,144.28575134277344,29168000
2017-02-09,144.67886352539062,145.85831078239107,144.2857144397238,144.67886352539062,18967000
2017-02-10,145.85830688476562,145.85830688476562,144.67885965928235,145.07200873444344,34747000
2017-02-13,147.43087768554688,147.82402669270834,146.64457967122397,146.64457967122397,25124000
2017-02-14,147.43087768554688,149.39662272135416,147.43087768554688,148.61032470703125,45696000
2017-02-15,148.6103057861328,149.003454743239,146.64456100060195,147.03770995770813,39347000
2017-02-16,148.6103057861328,149.78975265745134,147.8240078719205,149.39660370034517,27018000
2017-02-17,149.00347900390625,149.78977704614323,148.61032998278776,149.39662802502474,20389000
2017-02-20,149.39666748046875,149.78981660541737,149.00351835552016,149.39666748046875,13254000
2017-02-21,149.39666748046875,149.39666748046875,148.21722010562294,149.39666748046875,31159000
2017-02-22,148.21719360351562,150.1829388767718,148.21719360351562,149.78978982212055,25677000
2017-02-23,148.21719360351562,149.0034917128181,147.03774643956191,147.82404454886438,35725000
2017-02-24,148.6103057861328,149.78975265745134,147.4308589148143,147.4308589148143,22766000
2017-03-01,146.25144958496094,148.2171948750814,146.25144958496094,148.2171948750814,46186000
2017-03-02,146.25144958496094,148.2171948750814,145.46515146891278,147.8240458170573,39980000
2017-03-03,144.67886352539062,145.46516169672427,144.67886352539062,145.07201261105743,28197000
2017-03-06,144.28575134277344,145.0720497152136,144.28575134277344,144.67890052899352,12531000
2017-03-07,145.85830688476562,145.85830688476562,144.67885965928235,144.67885965928235,18812000
2017-03-08,147.0377197265625,147.8240176930147,145.85827277688418,146.25142176011028,31791000
2017-03-09,145.07203674316406,146.2514841963605,144.67888759209856,145.85833504529504,28489000
2017-03-10,144.28575134277344,145.0720497152136,143.89260215655335,144.67890052899352,20053000
2017-03-13,146.64459228515625,146.64459228515625,145.46514516221933,145.46514516221933,10487000
2017-03-14,146.25144958496094,147.8240458170573,146.25144958496094,147.8240458170573,22245000
2017-03-15,146.64459228515625,147.03774132613523,145.8582942031983,145.8582942031983,14131000
2017-03-16,149.39666748046875,149.39666748046875,147.82407098067435,147.82407098067435,31507000
2017-03-17,150.57608032226562,150.57608032226562,148.6103351483457,149.00348418312967,33764000
2017-03-20,150.57608032226562,150.57608032226562,149.00348418312967,150.57608032226562,16215000
2017-03-21,153.32814025878906,153.32814025878906,150.5760967156826,150.96924579326924,32246000
2017-03-22,152.14869689941406,152.14869689941406,150.57610054903253,151.3623987242233,27396000
2017-03-23,152.14869689941406,152.14869689941406,150.96924963662792,150.96924963662792,18472000
2017-03-24,151.36239624023438,151.75554532137784,150.9692471590909,150.9692471590909,17541000
2017-03-27,151.75552368164062,152.93497075688654,150.9692256314767,152.93497075688654,29251000
2017-03-28,152.9350128173828,153.32816195058945,151.36241628455625,153.32816195058945,38259000
2017-03-29,150.57608032226562,152.93497453096953,150.18293128748164,152.93497453096953,33374000
2017-03-30,150.57608032226562,151.75552742661756,149.78978225269765,151.36237839183357,28302000
2017-03-31,148.6103057861328,150.96919952876985,148.6103057861328,150.1829016145575,33635000
2017-04-05,151.75552368164062,151.75552368164062,149.00348050606684,149.00348050606684,43748000
2017-04-06,150.57608032226562,151.75552742661756,150.18293128748164,151.75552742661756,16173000
2017-04-07,150.18292236328125,150.96922038612564,148.21717730617024,150.96922038612564,18911000
2017-04-10,149.39666748046875,150.57611485531456,149.00351835552016,150.18296573036596,17024000
2017-04-11,150.18292236328125,150.18292236328125,148.61032631759244,149.39662434043683,8441000
2017-04-12,150.18292236328125,150.57607137470345,149.39662434043683,149.78977335185905,17283000
2017-04-13,150.57608032226562,150.96922935704958,149.00348418312967,149.00348418312967,14771000
2017-04-14,148.6103057861328,149.003454743239,147.8240078719205,149.003454743239,30701000
2017-04-17,147.43087768554688,148.61032470703125,147.43087768554688,148.61032470703125,17096000
2017-04-18,147.8240509033203,149.00349811797446,147.43090183176892,147.8240509033203,25063000
2017-04-19,146.64459228515625,147.4308903671142,146.64459228515625,147.4308903671142,30477000
2017-04-20,147.0377197265625,147.8240176930147,146.6445707433364,146.6445707433364,21488000
2017-04-21,149.39666748046875,149.39666748046875,147.43092185572576,147.43092185572576,17373000
2017-04-24,149.39666748046875,150.57611485531456,148.21722010562294,150.18296573036596,19317000
2017-04-25,150.96923828125,150.96923828125,149.00349299112958,149.78979110717773,31932000
2017-04-26,150.18292236328125,150.96922038612564,149.78977335185905,150.96922038612564,29909000
2017-04-27,151.75552368164062,151.75552368164062,149.78977855623077,150.9692256314767,27940000
2017-04-28,152.9350128173828,152.9350128173828,151.7555654177629,152.14871455096954,34852000
2017-05-02,154.5076141357422,156.47335986266003,153.72131584497507,156.08021071727646,44119000
2017-05-03,155.68702697753906,156.08017603556317,154.9007288614909,155.68702697753906,25723000
2017-05-04,155.68702697753906,156.47332509358725,154.9007288614909,156.08017603556317,22088000
2017-05-05,155.29391479492188,156.08021309768097,154.90076564354231,154.90076564354231,17036000
2017-05-08,159.225341796875,159.225341796875,156.47329885223763,156.47329885223763,36538000
2017-05-09,160.01171875,162.76376305282557,160.01171875,161.58431549447175,48077000
2017-05-10,161.58428955078125,161.97743867377585,160.40484218179745,160.40484218179745,28312000
2017-05-11,163.15687561035156,163.9431738060641,160.40483192535768,160.79798102321396,43718000
2017-05-12,161.97740173339844,162.7636998000654,161.19110366673144,161.19110366673144,25009000
2017-05-15,161.97740173339844,161.97740173339844,160.40480560006446,160.40480560006446,25666000
2017-05-16,160.79798889160156,161.19113800869593,160.0116906574128,161.19113800869593,33224000
2017-05-17,160.40480041503906,160.40480041503906,159.61850237378889,159.61850237378889,21567000
2017-05-18,160.01171875,160.40486793611794,158.43912200552828,159.22542037776415,22461000
2017-05-19,159.61849975585938,160.79794679839037,159.22535074168238,160.01164877003637,16492000
2017-05-22,161.19110107421875,161.19110107421875,159.6185049661776,160.01165399318788,13726000
2017-05-23,161.19110107421875,162.7636971822599,160.79795204720847,161.19110107421875,19991000
2017-05-24,161.58428955078125,161.97743867377585,161.19114042778665,161.19114042778665,13380000
2017-05-25,162.76368713378906,162.76368713378906,161.5842401255732,161.9773891283118,22328000
2017-05-26,162.76368713378906,162.76368713378906,161.19109112283456,161.19109112283456,32514000
2017-05-31,159.61849975585938,162.76369186927533,159.61849975585938,162.37054285509834,67475000
2017-06-01,162.76368713378906,162.76368713378906,160.79794212009594,161.19109112283456,27589000
2017-06-02,164.3363037109375,164.3363037109375,163.15685655511737,163.94315465899746,22573000
2017-06-05,166.69520568847656,166.69520568847656,164.3363112683566,164.7294603383766,21457000
2017-06-06,165.51577758789062,166.30207581871196,165.51577758789062,165.51577758789062,14912000
2017-06-07,166.30206298828125,167.0883611584386,165.12261573304522,166.69521207335993,29514000
2017-06-08,167.48150634765625,167.48150634765625,166.30205911985584,166.69520819578932,18437000
2017-06-09,166.69520568847656,169.05410010859651,166.69520568847656,168.6609510385765,31774000
2017-06-12,163.15687561035156,165.1226210996329,162.7637265124953,162.7637265124953,58256000
2017-06-13,163.5500030517578,163.94315209755533,162.37055591436533,162.76370496016284,43566000
2017-06-14,162.76368713378906,164.72943214748216,161.9773891283118,163.9431341420049,36293000
2017-06-15,163.5500030517578,163.5500030517578,162.76370496016284,163.15685400596033,17748000
2017-06-16,166.30206298828125,166.69521207335993,162.76372122257314,163.15687030765181,32816000
2017-06-19,167.48150634765625,167.48150634765625,165.5157609679889,165.9089100439224,15632000
2017-06-20,170.2335205078125,171.41296753211606,168.66092447540777,169.05407348350894,28630000
2017-06-21,169.44723510742188,170.6266822195385,168.66093703267745,169.8403841447941,44789000
2017-06-22,171.41302490234375,171.41302490234375,170.23357748329093,170.6267266229752,24139000
2017-06-23,170.62667846679688,171.80612555297287,170.62667846679688,171.41297652424754,39621000
2017-06-26,174.68927001953125,174.68927001953125,172.2517453215843,172.2517453215843,58686000
2017-06-27,171.84544372558594,173.87671374598293,171.43918972150655,173.87671374598293,43269000
2017-06-28,169.407958984375,170.62672127922662,169.00170488609112,170.22046718094273,48568000
2017-06-29,170.62664794921875,171.03290187290736,169.4078861781529,171.03290187290736,26019000
2017-06-30,169.407958984375,169.407958984375,167.7829425912395,167.7829425912395,30867000
2017-07-03,169.814208984375,169.814208984375,168.1891926304575,168.5954467189369,19027000
2017-07-04,168.18914794921875,169.40790989087975,168.18914794921875,169.00165591032606,21132000
2017-07-05,169.407958984375,169.407958984375,167.7829425912395,168.18919668952338,23276000
2017-07-06,168.59542846679688,169.40793655579347,168.18917442229858,169.00168251129517,15242000
2017-07-07,167.37669372558594,168.5954560585392,166.9704396146015,168.1892019475548,20655000
2017-07-10,167.37669372558594,168.1892019475548,167.37669372558594,167.78294783657037,13292000
2017-07-11,172.2516632080078,172.2516632080078,168.59537790406424,169.00163182672463,33265000
2017-07-12,171.03294372558594,172.65795981799056,171.03294372558594,171.4391977486871,26426000
2017-07-13,174.28298950195312,175.50175166630243,171.84546517325447,172.2517192280376,50090000
2017-07-14,173.064208984375,174.28297101947624,172.25170096097418,173.064208984375,22335000
2017-07-17,173.064208984375,175.09547904287706,171.84544694927376,174.68922503117665,21372000
2017-07-18,173.87672424316406,173.87672424316406,172.25170812874197,173.06421618595303,18613000
2017-07-19,174.28298950195312,174.68924355673622,172.65797328282068,172.65797328282068,20637000
2017-07-20,175.09552001953125,175.09552001953125,173.8767576992097,174.6892659127574,20770000
2017-07-21,173.87672424316406,174.6892323003751,173.47047021455853,173.87672424316406,15032000
2017-07-24,174.28298950195312,174.28298950195312,173.0642273376038,173.47048139238692,19972000
2017-07-25,173.87672424316406,174.2829782717696,173.47047021455853,173.87672424316406,13344000
2017-07-26,173.064208984375,174.68922503117665,172.6579549726746,174.68922503117665,14684000
2017-07-27,175.09552001953125,175.50177412630512,173.47050359243585,173.47050359243585,23013000
2017-07-28,173.064208984375,173.87671700777582,172.6579549726746,173.064208984375,19724000
2017-07-31,174.28298950195312,174.28298950195312,171.84546517325447,171.84546517325447,19993000
2017-08-01,172.2516632080078,173.8766788986494,172.2516632080078,172.6579171306682,19704000
2017-08-02,175.5017547607422,175.5017547607422,173.87673851295753,173.87673851295753,27320000
2017-08-03,173.470458984375,173.87671298668033,172.65795097976434,173.06420498206967,25694000
2017-08-04,173.064208984375,173.87671700777582,172.6579549726746,173.4704629960754,21831000
2017-08-07,175.5017547607422,175.90800882268834,173.47048445101137,173.47048445101137,21564000
2017-08-08,176.7205047607422,177.93926686254042,175.50174265894398,176.7205047607422,25122000
2017-08-09,174.28298950195312,175.09549761151933,173.47048139238692,174.68924355673622,28050000
2017-08-10,173.87672424316406,175.09548632898063,172.6579621573475,175.09548632898063,26273000
2017-08-11,172.657958984375,173.4704670266544,171.03294289981616,171.43919692095588,41417000
2017-08-14,171.43917846679688,173.8767023312537,170.62667051197795,173.47044835384423,29299000
2017-08-15,173.87672424316406,174.2829782717696,173.06421618595303,173.06421618595303,13512000
2017-08-16,173.064208984375,174.28297101947624,171.43919293757335,174.28297101947624,25176000
2017-08-17,173.87672424316406,173.87672424316406,173.06421618595303,173.47047021455853,8334000
2017-08-18,172.657958984375,173.06421300551472,171.43919692095588,172.25170496323528,13711000
2017-08-21,171.84544372558594,173.06420573782412,171.84544372558594,172.65795173374474,11882499
2017-08-22,174.28298950195312,174.28298950195312,173.0642273376038,173.47048139238692,14211415
2017-08-23,175.09552001953125,175.50177412630512,173.8767576992097,175.09552001953125,11589917
2017-08-24,176.31423950195312,176.31423950195312,175.09547747774607,175.5017314858151,15224842
2017-08-25,176.7205047607422,176.7205047607422,175.50174265894398,176.7205047607422,10125387
2017-08-28,175.5017547607422,175.90800882268834,174.68924663684987,174.68924663684987,15236159
2017-08-29,175.5017547607422,175.5017547607422,174.68924663684987,175.5017547607422,16160161
2017-08-30,176.7205047607422,177.12675879467494,175.50174265894398,175.50174265894398,19674310
2017-08-31,175.9080047607422,177.12676691843785,175.09549665561175,176.72051286587265,26434202
2017-09-01,175.9080047607422,176.72051286587265,174.68924260304652,174.68924260304652,17805405
2017-09-04,176.7205047607422,177.12675879467494,175.09548862501123,175.9079966928767,15023185
2017-09-05,177.1267852783203,177.1267852783203,175.90802299429518,177.1267852783203,17357347
2017-09-06,176.31423950195312,177.12674751809115,175.5017314858151,175.9079854938841,16012662
2017-09-07,176.31423950195312,177.53300152616018,175.5017314858151,177.12674751809115,19135540
2017-09-08,177.1267852783203,177.1267852783203,175.90802299429518,176.31427708897021,25512045
2017-09-11,176.31423950195312,178.3455095422982,175.9079854938841,177.93925553422918,19026886
2017-09-12,177.93930053710938,178.3455546479247,176.72053820466343,177.93930053710938,21588321
2017-09-13,177.1267852783203,177.9392934676704,176.72053118364528,176.72053118364528,17555541
2017-09-14,177.5330047607422,177.939258776213,176.72049672980057,177.5330047607422,18315567
2017-09-15,177.5330047607422,177.939258776213,176.31424271432977,177.5330047607422,44551103
2017-09-18,178.3455047607422,178.75175875791928,177.12674276921092,177.9392507635651,17654705
2017-09-19,179.9705810546875,179.9705810546875,178.75181865476864,179.9705810546875,23410233
2017-09-20,179.9705810546875,180.3768351879938,178.75181865476864,179.56432692138122,20320237
2017-09-21,179.5642852783203,181.1893014346852,178.75177720013787,179.5642852783203,18645565
2017-09-22,177.5330047607422,180.37678286903784,177.5330047607422,179.97052885356703,21557370
2017-09-25,176.31423950195312,177.53300152616018,176.31423950195312,176.72049351002212,16876286
2017-09-26,173.87672424316406,177.12675647200825,173.87672424316406,176.72050244340272,23070901
2017-09-27,174.68927001953125,176.7205406011537,174.68927001953125,176.7205406011537,22590510
2017-09-28,173.87672424316406,175.50174035758616,173.47047021455853,174.6892323003751,31616062
2017-09-29,175.9080047607422,176.72051286587265,175.09549665561175,175.50175070817696,21380708
2017-10-02,179.15806579589844,179.15806579589844,177.53304932609436,178.3455575609964,27983551
2017-10-03,180.7830352783203,181.1892892901817,177.93925719529057,177.93925719529057,36679938
2017-10-05,182.40802001953125,183.22052790380533,180.37675030884606,180.37675030884606,23349939
2017-10-06,182.40802001953125,183.22052790380533,181.59551213525717,182.81427396166828,15642516
2017-10-11,189.31439208984375,189.72064615012238,184.03308930622148,184.03308930622148,63667562
2017-10-12,192.97067260742188,192.97067260742188,190.53314832185444,190.939402369449,42390186
2017-10-13,192.97067260742188,192.97067260742188,190.53314832185444,192.97067260742188,23145071
2017-10-16,193.3769073486328,193.3769073486328,191.75189132049306,192.97065334159788,19964072
2017-10-17,191.34564208984375,193.3769121757232,190.93938807266784,193.3769121757232,17652304
2017-10-18,192.97067260742188,194.59568879780016,192.5644185598273,194.59568879780016,28886850
2017-10-19,194.189453125,196.2207235551778,194.189453125,194.59570721103557,23481776
2017-10-20,192.97067260742188,194.59568879780016,192.97067260742188,193.37692665501643,24722035
2017-10-23,194.189453125,195.00196129707112,193.78319903896443,194.189453125,15772559
2017-10-24,193.3769073486328,195.0019233767726,193.3769073486328,195.0019233767726,14975093
2017-10-25,193.3769073486328,194.1894153627027,192.97065334159788,193.78316135566777,16880187
2017-10-26,191.7519073486328,193.37692351260426,191.7519073486328,192.56441543061854,12959717
2017-10-27,194.189453125,195.00196129707112,192.9706908668933,192.9706908668933,17773541
2017-10-30,197.4394989013672,199.0645153532303,196.22073656246988,196.62699067543565,27784990
2017-10-31,197.4394989013672,199.0645153532303,196.22073656246988,197.84575301433298,22582013
2017-11-01,197.03321838378906,199.06448867640543,196.2207102667425,197.8457265008356,20389054
2017-11-02,195.814453125,197.03321528137968,195.40819907287346,196.6269612292531,15810342
2017-11-03,194.189453125,195.81446946914227,193.78319903896443,195.4082153831067,16528682
2017-11-06,194.59567260742188,198.2519587315697,194.1894185936277,197.84570471777548,21029415
2017-11-07,198.25198364257812,198.25198364257812,196.2207133183714,196.62696738321273,20200261
2017-11-08,197.03321838378906,197.8457265008356,196.6269643252658,197.43947244231234,14129103
2017-11-09,195.814453125,197.43946933350622,195.0019450207469,195.40819907287346,20313949
2017-11-10,195.40818786621094,196.6269499526946,194.59567980855516,195.00193383738306,14121296
2017-11-13,194.59567260742188,196.2206886625987,194.59567260742188,195.00192662121609,12087858
2017-11-14,195.00193786621094,195.81444594065348,194.1894297917684,195.81444594065348,16880176
2017-11-15,192.97067260742188,194.59568879780016,191.75191046463814,194.18943475020558,28720308
2017-11-16,193.3769073486328,195.0019233767726,192.97065334159788,193.3769073486328,16487172
2017-11-17,196.22071838378906,197.03322653444658,195.40821023313157,195.40821023313157,18676825
2017-11-20,193.7831573486328,196.2206813404395,193.37690334999834,195.81442734180507,16265271
2017-11-21,197.4394989013672,197.4394989013672,194.59572011060678,195.00197422357255,20513024
2017-11-22,196.626953125,198.65822330191116,196.626953125,198.65822330191116,26626431
2017-11-23,197.03321838378906,197.8457265008356,196.2207102667425,196.6269643252658,9346763
2017-11-24,198.25198364257812,198.6582377074195,196.2207133183714,196.62696738321273,11154453
2017-11-27,192.56439208984375,195.00191604034808,192.56439208984375,195.00191604034808,32247324
2017-11-28,190.12686157226562,190.93936952770267,189.31435361682858,190.53311554998413,44803178
2017-11-29,190.5331268310547,191.7518888363706,190.5331268310547,190.93938083282666,25762797
2017-11-30,183.62680053710938,187.28308638851198,183.62680053710938,184.03305452059854,109231770
2017-12-01,187.6893768310547,189.72064714307908,184.84559839422053,185.65810651903027,37446265
2017-12-04,190.12686157226562,190.53311554998413,187.68933770595453,188.90809963911008,21635032
2017-12-05,186.47061157226562,187.6893737394046,185.65810346083964,187.6893737394046,29664765
2017-12-06,184.43934631347656,186.47061664732541,184.0330922467068,185.25185444701611,32371690
2017-12-07,184.03309631347656,184.03309631347656,180.78306370749905,184.03309631347656,41343903
2017-12-08,184.43934631347656,187.68937884763474,182.4080759796277,187.68937884763474,37959260
2017-12-11,184.8455810546875,186.06434312757554,184.4393270303915,185.65808910327954,20649609
2017-12-12,184.8455810546875,186.47059715187157,182.81431093320742,186.47059715187157,21796584
2017-12-13,184.43934631347656,185.25185444701611,184.0330922467068,184.84560038024634,17920331
2017-12-14,187.28309631347656,187.28309631347656,184.84557228336624,185.25182628838462,17193313
2017-12-15,186.8768768310547,186.8768768310547,184.03309827058212,185.65811459085216,42625779
2017-12-18,184.43934631347656,185.25185444701611,184.0330922467068,184.43934631347656,14564664
2017-12-19,182.81431579589844,185.65809404161243,182.00180772569445,184.03307790120442,25714129
2017-12-20,182.40802001953125,183.22052790380533,181.59551213525717,182.81427396166828,26289333
2017-12-21,182.81431579589844,184.43933193630642,182.40806176079644,184.03307790120442,18558164
2017-12-22,184.8455810546875,184.8455810546875,182.0018028846154,182.81431093320742,19036483
2017-12-25,185.65811157226562,186.4706197191902,184.03309527841648,185.25185749880333,4579675
2017-12-26,183.62680053710938,186.06432443804445,182.81429257013102,186.06432443804445,13755843
2017-12-27,182.81431579589844,183.62682386610243,182.81431579589844,182.81431579589844,12515245
2017-12-28,183.62680053710938,185.2518164710661,182.81429257013102,184.03305452059854,24304371
2017-12-29,186.47061157226562,186.87686562797862,184.03308723798764,184.84559534941363,25007443
2018-01-02,188.90814208984375,188.90814208984375,187.6893798828125,188.09563395182292,18055269
2018-01-03,192.56439208984375,193.37690007334518,191.34563011459156,191.7518841063423,29308091
2018-01-04,194.59567260742188,195.00192662121609,192.1581485246567,195.00192662121609,29096613
2018-01-05,195.00193786621094,195.00193786621094,193.37692171732584,195.00193786621094,22438255
2018-01-08,196.626953125,197.03320716038223,195.40819101885333,196.626953125,20233692
2018-01-09,196.626953125,196.626953125,194.59568294808886,196.626953125,19043123
2018-01-10,192.15814208984375,196.62693609193315,191.75188808965382,196.22068209174319,23631220
2018-01-11,190.93939208984375,191.7519001412899,188.90812196122837,190.93939208984375,30446338
2018-01-12,192.56439208984375,193.37690007334518,189.72061414758866,190.53312213109012,21513291
2018-01-15,195.00193786621094,195.00193786621094,193.37692171732584,195.00193786621094,27476533
2018-01-16,195.40818786621094,195.40818786621094,193.37691772207154,195.00193383738306,21691632
2018-01-17,196.626953125,197.43946119576447,194.18942891270663,195.40819101885333,38046119
2018-01-18,201.9082794189453,203.12704166895907,199.06450083557988,199.06450083557988,49896952
2018-01-19,207.5958251953125,207.5958251953125,204.34579270693186,205.9708089511222,50549292
2018-01-22,212.4708709716797,212.87712502707487,208.81458447312306,209.22083852851824,43400509
2018-01-23,216.12716674804688,216.12716674804688,213.28338823820414,213.28338823820414,33527444
2018-01-24,209.62704467773438,213.68958430327186,208.40828279007314,213.68958430327186,41874813
2018-01-25,209.62704467773438,214.50209222837935,208.40828279007314,209.62704467773438,44643756
2018-01-26,207.1895751953125,209.2208455403646,205.97081298828124,208.40833740234376,39555523
2018-01-29,210.0333251953125,212.4708492788171,207.18954709789048,210.43957920922995,30071234
2018-01-30,205.5644989013672,209.2207844549488,205.15824495096922,208.00202260375494,36860591
2018-01-31,207.1895751953125,209.2208455403646,204.75205078125,205.56455891927084,44136808
2018-02-01,210.84584045410156,212.06460253765127,208.81457031485203,209.22082434270195,30559457
2018-02-02,210.84584045410156,211.25209448195147,207.1895542034524,210.43958642625165,25707560
2018-02-05,205.5644989013672,206.78326075256106,203.53322914937738,203.93948309977534,45594379
2018-02-06,194.189453125,197.84573989932008,190.12691226464435,197.03323172724896,102409048
2018-02-07,195.00193786621094,199.47073227564493,194.59568382898968,199.06447823842367,80063178
2018-02-08,193.7831573486328,196.62693533907395,193.37690334999834,194.59566534590172,30989550
2018-02-09,188.90814208984375,189.31439615885415,185.65810953776042,186.87687174479166,65735265
2018-02-12,192.15814208984375,192.97065009022364,190.93938008927393,191.34563408946386,35635236
2018-02-21,197.03321838378906,198.65823461788216,196.6269643252658,198.65823461788216,71504174
2018-02-22,194.59567260742188,198.2519587315697,194.1894185936277,198.2519587315697,39239993
2018-02-23,199.064453125,199.064453125,195.81442123724491,195.81442123724491,26985776
2018-02-26,200.2832489013672,201.09575701050053,199.06448673766718,200.68950295593388,35901810
2018-02-27,199.8769989013672,203.5332854666361,199.8769989013672,203.5332854666361,40818119
2018-03-01,197.4394989013672,199.0645153532303,196.62699067543565,198.25200712729875,39719984
2018-03-02,195.00193786621094,195.81444594065348,193.78317575454713,195.00193786621094,35139170
2018-03-05,196.22071838378906,197.43948060977533,195.40821023313157,197.03322653444658,27337846
2018-03-06,203.12701416015625,203.12701416015625,199.47072790527343,199.47072790527343,34890780
2018-03-07,200.68946838378906,201.90823033753676,199.87696041462394,201.5019763529542,30391219
2018-03-08,202.7207794189453,204.34579568683264,202.3145253519735,202.7207794189453,20645694
2018-03-09,203.53329467773438,203.93954875892746,201.90827835296204,203.1270405965413,19831063
2018-03-12,206.37704467773438,207.1895527276467,204.34577455295351,204.7520285779097,24492615
2018-03-13,210.43959045410156,210.43959045410156,207.18955816909613,207.59581220472182,33756883
2018-03-14,208.8145751953125,209.22082923265748,207.5958130832776,208.40832115796755,23772838
2018-03-15,207.1895751953125,209.627099609375,207.1895751953125,209.627099609375,19396493
2018-03-16,207.1895751953125,208.00208333333333,202.7207804361979,205.56455891927084,62929326
2018-03-19,207.1895751953125,207.5958292643229,203.93954264322917,205.1583048502604,21440766
2018-03-20,205.5644989013672,206.3770068021631,204.3457370501733,205.5644989013672,21840151
2018-03-21,205.15829467773438,207.18956492206837,203.93953253113395,207.18956492206837,28976737
2018-03-22,204.34580993652344,206.78333450833088,202.7207935553185,206.78333450833088,27000668
2018-03-23,199.064453125,200.68946906887757,198.25194515306123,199.064453125,52498390
2018-03-26,197.84576416015625,198.6582724318612,196.22074761674634,196.22074761674634,36987945
2018-03-27,203.9395294189453,203.9395294189453,200.68949707760754,201.502005162942,31008260
2018-03-28,199.064453125,201.50197704081634,198.25194515306123,201.09572305484696,29637411
2018-03-29,198.25198364257812,200.68950803162622,197.0332214480541,197.43947551289543,36165345
2018-03-30,199.8769989013672,202.7207773410208,199.8769989013672,201.09576108979016,16996346
2018-04-02,200.2832489013672,202.31451917420054,199.06448673766718,201.90826511963388,17696003
2018-04-03,198.25198364257812,198.6582377074195,196.62696738321273,197.43947551289543,35813944
2018-04-09,199.064453125,201.50197704081634,197.84569116709184,201.50197704081634,34694824
2018-04-10,199.4707489013672,202.3145273989427,197.84573261703832,198.65824075920276,25156994
2018-04-11,201.50201416015625,201.908268220963,200.28325197773594,200.28325197773594,21607935
2018-04-12,199.064453125,201.90823102678573,198.25194515306123,201.90823102678573,20409657
2018-04-13,198.65826416015625,199.87702651696702,198.25201004121934,199.87702651696702,19742548
2018-04-16,197.84576416015625,198.2520182960087,196.6270017525988,197.43951002430376,18350139
2018-04-17,193.3769073486328,197.8457014260172,192.97065334159788,197.43944741898224,42756389
2018-04-18,193.3769073486328,196.22068539787742,192.158145327528,194.59566936973766,42500048
2018-04-19,198.65826416015625,198.65826416015625,195.8144853275978,196.62699356547165,31901989
2018-04-20,186.06434631347656,188.09561646973722,185.2518382509723,185.2518382509723,128452087
2018-04-23,184.03309631347656,184.84560446497093,182.814334086235,184.03309631347656,71009975
2018-04-24,184.43934631347656,184.84560038024634,182.81433004639746,182.81433004639746,40967892
2018-04-25,182.81431579589844,183.62682386610243,182.00180772569445,183.22056983100043,46771110
2018-04-26,180.3768310546875,183.2206099226668,179.5643228066934,182.81435579866977,48023557
2018-04-27,181.59556579589844,183.2205820446313,179.56429548498235,182.81432798244808,34174459
2018-04-30,184.43934631347656,185.25185444701611,180.7830597125486,182.4080759796277,28500789
2018-05-02,181.18931579589844,184.84560243751972,180.7830617246072,184.43934836622847,38167942
2018-05-03,179.15806579589844,180.7830822657025,178.7518116784474,179.56431991334946,31690731
2018-05-04,181.18931579589844,182.00182393848095,179.1580454394422,179.56429951073343,27208722
2018-05-07,181.59556579589844,183.2205820446313,179.97054954716555,182.81432798244808,23268759
2018-05-08,185.2518768310547,185.65813094691228,181.59558978833653,182.0018439041941,40324763
2018-05-09,186.47061157226562,188.5018818508306,185.65810346083964,185.65810346083964,33778934
2018-05-10,186.47061157226562,188.09562779511762,186.06435751655263,187.6893737394046,27530377
2018-05-11,189.31439208984375,190.126900210401,187.28312178845056,188.50188396928647,30693910
2018-05-14,189.31439208984375,190.53315427067966,188.90813802956512,190.53315427067966,19921437
2018-05-15,187.28309631347656,190.12687434860527,186.47058830343977,189.7206203435869,23771769
2018-05-16,187.28309631347656,187.28309631347656,185.658080293403,186.47058830343977,14409556
2018-05-17,184.03309631347656,188.09563707094844,184.03309631347656,187.68938299520124,26852737
2018-05-18,181.59556579589844,184.84559829336416,181.59556579589844,183.2205820446313,27664541
2018-05-21,186.06434631347656,186.87685437598083,182.8143140634595,182.8143140634595,16127815
2018-05-22,186.06434631347656,189.72063259474575,186.06434631347656,186.87685437598083,22355097
2018-05-23,185.65811157226562,188.09563601303935,185.65811157226562,188.09563601303935,23062899
2018-05-24,186.06434631347656,186.87685437598083,185.65809228222443,186.4706003447287,12996610
2018-05-25,185.65811157226562,186.4706197191902,185.25185749880333,185.65811157226562,15971294
2018-05-28,184.43934631347656,186.8768707140952,184.0330922467068,186.47061664732541,16373270
2018-05-29,182.81431579589844,184.03307790120442,181.59555369059245,184.03307790120442,23764776
2018-05-30,179.5642852783203,182.00180951286765,179.1580312392291,182.00180951286765,49163788
2018-05-31,182.0018310546875,182.0018310546875,179.158052444458,179.97056061880932,96069458
2018-06-01,182.0018310546875,184.0331014905657,182.0018310546875,182.40808514186315,27617994
2018-06-04,186.06434631347656,186.06434631347656,184.43933018846803,184.84558421972017,25959480
2018-06-05,186.06434631347656,186.87685437598083,184.0330761572159,186.87685437598083,26534884
2018-06-06,186.8768768310547,186.8768768310547,184.4393523506496,186.06436867091966,24767441
2018-06-07,186.8768768310547,188.0956390712572,185.25186051078464,187.6893849911897,24958266
2018-06-08,184.43934631347656,186.06436258055564,183.626838179937,186.06436258055564,23548851
2018-06-11,183.62680053710938,184.43930850408773,182.81429257013102,184.03305452059854,21696933
2018-06-12,186.06434631347656,186.06434631347656,182.00180600095524,182.8143140634595,29501260
2018-06-13,188.5018310546875,188.5018310546875,185.2517994847791,186.0643073772562,28944970
2018-06-14,184.03309631347656,186.87687484370687,184.03309631347656,186.87687484370687,33408041
2018-06-15,187.6893768310547,187.6893768310547,182.00181995738637,182.8143280821961,48059679
2018-06-19,182.81431579589844,183.62682386610243,182.00180772569445,183.22056983100043,56889624
2018-06-20,183.62680053710938,184.8455624875769,181.59553061966346,182.40803858664182,40708701
2018-06-21,184.03309631347656,185.25185854071813,183.62684223772936,184.84560446497093,31242557
2018-06-22,184.8455810546875,184.8455810546875,182.0018028846154,182.4080569089114,43581409
2018-06-25,183.58241271972656,185.68771561788859,183.58241271972656,185.26665503825618,45025211
2018-06-26,180.63497924804688,181.89816092111013,178.95073701729586,181.47710036342238,38446346
2018-06-27,179.37179565429688,181.89815897337147,178.95073510111777,181.89815897337147,39888414
2018-06-28,178.5296630859375,180.6349657166679,176.8454209813532,177.68754203364534,37940780
2018-06-29,182.31922912597656,182.74028970132522,178.52968394783846,178.52968394783846,34313680
2018-07-02,180.21389770507812,184.42450279164535,180.21389770507812,184.00344228298863,32449442
2018-07-03,180.63497924804688,183.58240315186117,179.79285813267137,181.47710036342238,28323220
2018-07-04,181.89816284179688,183.16134452819824,181.4771022796631,182.74028396606445,15212295
2018-07-05,180.63497924804688,181.05603980573463,179.37179757498362,180.21391869035912,18225416
2018-07-06,182.74029541015625,183.1613559986589,181.05605305614557,183.1613559986589,29033762
2018-07-09,186.52984619140625,187.79302799405684,184.00348258610504,184.8456037878721,38734793
2018-07-10,186.95089721679688,188.63513953406533,186.95089721679688,187.7930183754311,20118957
2018-07-11,185.26663208007812,185.26663208007812,183.58238997025921,185.26663208007812,19854690
2018-07-12,185.68772888183594,186.95091071096408,183.58242583328905,183.58242583328905,23666051
2018-07-13,189.05624389648438,189.05624389648438,187.37200118916604,187.37200118916604,29716311
2018-07-16,188.21408081054688,189.47726256095322,188.21408081054688,189.05620197748445,15819254
2018-07-17,186.52984619140625,188.2140885949404,186.1087855905227,187.37196739317332,21548436
2018-07-18,187.7930145263672,188.63513566774103,186.95089338499335,187.7930145263672,39898658
2018-07-19,189.05624389648438,191.1615472806323,189.05624389648438,189.89836525014354,39661216
2018-07-20,200.00376892089844,200.00376892089844,196.21422382555508,197.89846609015214,97969023
2018-07-23,202.95115661621094,206.31964054345096,200.84585416168593,201.26691465259094,52256877
2018-07-24,202.95115661621094,203.37221710711594,200.84585416168593,202.10903563440095,27239267
2018-07-25,202.53009033203125,202.95115081089202,201.26690889544892,201.26690889544892,20962512
2018-07-26,202.95115661621094,204.21433808892596,201.68797514349595,202.95115661621094,30606388
2018-07-27,205.8986053466797,205.8986053466797,202.95118154826096,203.79330263352347,27129646
2018-07-30,206.7407684326172,206.7407684326172,205.47758654810016,205.8986471762725,22788730
2018-07-31,207.1618194580078,207.1618194580078,203.7933345887719,205.05651641473537,27059442
2018-08-01,208.84600830078125,208.84600830078125,207.582826798962,208.00388729956842,29136161
2018-08-02,205.8986053466797,210.10921077299216,205.0564842614172,209.68815023036092,22402110
2018-08-03,208.00392150878906,208.84604264850077,206.31967922936568,207.16180036907738,24719097
2018-08-06,206.7407684326172,208.00395031713418,205.47758654810016,206.31970780444485,22364568
2018-08-07,203.3721923828125,206.74067590054025,203.3721923828125,206.31961546082428,23992418
2018-08-08,208.42501831054688,208.42501831054688,205.89865445223722,206.3197150952888,24382432
2018-08-09,208.00392150878906,208.84604264850077,207.16180036907738,208.00392150878906,15128655
2018-08-10,206.3196563720703,208.00389846490356,205.89859584886202,207.58283794169523,15890492
2018-08-13,202.53009033203125,204.63539272633508,201.26690889544892,203.37221128975278,17881194
2018-08-14,205.05650329589844,206.3196850410477,204.2143821324656,206.3196850410477,17358913
2018-08-15,203.3721923828125,205.8985550211083,201.68795062394864,205.8985550211083,18473321
2018-08-16,201.26690673828125,203.37220911002058,200.4247857895855,200.4247857895855,19155966
2018-08-17,201.68801879882812,202.95120054495857,201.26695821678464,201.68801879882812,18324474
2018-08-20,201.68801879882812,202.1090793808716,200.42483705269768,201.68801879882812,16933437
2018-08-21,202.95115661621094,202.95115661621094,200.84585416168593,201.26691465259094,12014127
2018-08-22,203.79331970214844,204.21438028004545,202.53013796845744,203.37225912425143,12614240
2018-08-23,205.8986053466797,205.8986053466797,204.63542371878594,204.63542371878594,14839240
2018-08-24,205.05650329589844,207.16180620448057,204.63544271418203,206.74074562276414,14355943
2018-08-27,206.3196563720703,207.58283794169523,205.89859584886202,207.16177741848693,15152299
2018-08-28,210.10922241210938,210.53028297806551,208.84604071424098,209.2671012801971,36792531
2018-08-29,218.10935974121094,218.10935974121094,213.4776938007605,213.4776938007605,56993182
2018-08-30,221.89886474609375,225.68840892581832,221.05674381726607,222.74098567492143,48957808
2018-08-31,215.58302307128906,218.10938662290573,213.89878070354462,216.8462048470974,69069506
2018-09-03,216.4251251220703,218.9514884503435,216.0040645673581,218.1093673409191,26720905
2018-09-04,216.84617614746094,218.5304182922956,215.16193400262628,217.68829721987825,34304615
2018-09-05,222.31996154785156,222.74102208108616,218.1093562155059,218.95147728197503,44864459
2018-09-06,219.79360961914062,225.6884573867038,219.79360961914062,225.6884573867038,35698488
2018-09-07,222.31996154785156,222.31996154785156,219.3725378152096,221.47784048138243,38663728
2018-09-10,222.74105834960938,224.4253007567898,221.05681594242895,224.4253007567898,41659795
2018-09-11,218.9514923095703,221.89891624450684,217.26725006103516,221.47785568237305,34350276
2018-09-12,219.37255859375,220.6357403130998,217.267255728167,219.7936191668666,37885965
2018-09-13,214.7409210205078,218.95152731502756,213.47773913215187,218.95152731502756,37576180
2018-09-14,219.79360961914062,220.21467017396657,216.42512518053312,216.42512518053312,37903219
2018-09-17,217.2672882080078,221.0568339325661,216.42516693588377,221.0568339325661,24765758
2018-09-18,214.3198699951172,216.4251732367195,213.89880934679672,216.00411258839904,33960152
2018-09-19,217.2672882080078,218.95153075225593,216.42516693588377,217.2672882080078,59227711
2018-09-20,218.9514923095703,220.21467399597168,216.84618949890137,220.21467399597168,29649071
2018-09-21,220.2146453857422,220.2146453857422,217.26722183373417,220.2146453857422,35012974
2018-09-25,221.89886474609375,222.3199252105076,219.37250195961073,220.2146228884384,24397062
2018-09-26,221.89886474609375,221.89886474609375,219.79356242402457,221.4778042816799,24859115
2018-09-27,223.162109375,224.00423054245283,220.6357458726415,222.31998820754717,38495371
2018-09-28,221.0567626953125,224.00418619791665,218.9514601934524,224.00418619791665,39626486
2018-10-01,221.47781372070312,222.31993468542063,219.79357179126814,220.63569275598564,22254380
2018-10-02,216.84617614746094,221.47784204575623,216.42511561125227,220.6357209733389,38391491
2018-10-03,218.9514923095703,218.9514923095703,216.42512893676758,216.84618949890137,25228536
2018-10-04,213.89878845214844,216.8462127024733,213.89878845214844,216.42515209528406,36408727
2018-10-05,210.53030395507812,213.05666760253908,209.26712213134766,210.53030395507812,40204660
2018-10-08,205.05650329589844,207.58286678619697,202.95120038731633,206.74074562276414,50876958
2018-10-09,205.47755432128906,206.31967544555664,203.7933120727539,205.05649375915527,28905345
2018-10-11,191.58261108398438,196.63533928839715,191.16155040028332,196.63533928839715,94589657
2018-10-12,199.58270263671875,199.58270263671875,192.84573377134427,194.5299759876879,47175769
2018-10-15,194.10891723632812,197.05634114230273,194.10891723632812,197.05634114230273,42168280
2018-10-16,199.58270263671875,199.58270263671875,192.84573377134427,193.26679432543017,37818077
2018-10-17,200.84585571289062,204.63540016030367,200.42479521873364,203.37221867783265,42494858
2018-10-18,199.1616668701172,201.26696990257085,198.31954565713573,200.4248486895894,25676430
2018-10-19,198.74058532714844,199.16164588928223,193.68785858154297,194.52997970581055,28358460
2018-10-22,199.58270263671875,200.42482374489055,194.9510365417738,195.7931576499456,29275777
2018-10-23,193.6878662109375,197.05635084069294,193.6878662109375,195.37210852581524,32827745
2018-10-24,193.26681518554688,194.5299969841452,191.16151218788295,193.68787578507965,44321950
2018-10-25,184.84556579589844,186.95086836760572,184.84556579589844,185.68768682458136,75524118
2018-10-26,186.1087646484375,188.63512796945702,182.74028022041148,187.7930068624505,38439644
2018-10-29,187.37197875976562,188.63516063904495,186.1087968804863,187.79303938619205,18463792
2018-10-30,187.7930145263672,189.47725680911486,185.68771167293258,186.10877224361948,28877931
2018-10-31,197.0563507080078,197.0563507080078,192.00362376677685,192.00362376677685,57283201
2018-11-01,198.3195343017578,199.58271604890277,196.21423138984954,198.74059488413945,41974797
2018-11-02,199.1616668701172,199.1616668701172,196.63530323117277,199.1616668701172,30722361
2018-11-05,197.89845275878906,198.31951329657372,195.3720895320811,196.21421060765044,25452065
2018-11-06,197.47738647460938,198.31950752567383,195.79314437248053,197.05632594907718,30468176
2018-11-07,197.0563507080078,198.7405930217515,195.79316897270007,196.214229551136,34424652
2018-11-08,199.1616668701172,200.00378808309867,198.74060626362646,200.00378808309867,24739146
2018-11-09,194.5299530029297,197.4773765332771,194.5299530029297,197.4773765332771,23219081
2018-11-12,194.95106506347656,197.4774287576037,193.687883216413,193.687883216413,23228445
2018-11-13,191.58261108398438,192.00367176768546,189.056246981778,189.056246981778,36104127
2018-11-14,192.42471313476562,194.53001634192935,192.42471313476562,193.68789505906386,20028279
2018-11-15,194.5299530029297,195.37207401160038,192.42465048125297,193.26677148992366,22072228
2018-11-16,190.31939697265625,192.84576064928441,189.4772757471135,192.84576064928441,46738909
2018-11-19,186.95089721679688,189.47726069269956,186.10877605816268,189.47726069269956,48944754
2018-11-20,183.58241271972656,185.68771561788859,183.58241271972656,184.42453387899138,41569756
2018-11-21,184.42454528808594,185.26666649944707,180.21393923128034,180.6349998369609,35206343
2018-11-22,184.42454528808594,186.9509089221693,184.42454528808594,186.52984831648877,21929610
2018-11-23,184.00344848632812,185.68769057773616,182.7402669177721,185.68769057773616,14883334
2018-11-26,187.7930145263672,188.63513566774103,184.00346939018488,184.4245299608718,30599804
2018-11-27,188.63516235351562,189.056222983769,184.42455605098178,185.26667731148856,26584349
2018-11-28,190.7404022216797,191.16146271223528,186.95085780667944,187.37191829723503,24429026
2018-11-29,192.84573364257812,194.9510364116019,192.84573364257812,194.9510364116019,44383207
2018-11-30,189.8983154296875,194.5299816596799,189.8983154296875,193.26679996059104,55827957
2018-12-03,197.89845275878906,197.89845275878906,194.5299684565118,194.5299684565118,45333986
2018-12-04,197.0563507080078,197.47741128644373,194.52998723739233,196.214229551136,39746162
2018-12-05,190.31939697265625,191.58257881097032,189.4772757471135,190.7404575854276,42835576
2018-12-06,185.26663208007812,186.950874189897,184.8455715526234,185.26663208007812,40149112
2018-12-07,186.1087646484375,188.21406741595376,185.68770409493425,187.37194630894726,25063568
2018-12-10,184.42454528808594,185.26666649944707,184.0034846824054,184.8456058937665,19433461
2018-12-11,187.37197875976562,187.79303938619205,184.42455437478054,185.26667562763342,27375220
2018-12-12,190.7404022216797,191.16146271223528,187.37191829723503,188.21403927834618,26433846
2018-12-13,190.31939697265625,191.58257881097032,189.4772757471135,191.16151819819896,32087141
2018-12-14,187.37197875976562,188.2141000126185,185.68773625405987,187.79303938619205,38646159
2018-12-17,188.21408081054688,189.47726256095322,185.26665672626538,186.10877789320296,18938952
2018-12-18,187.37197875976562,187.79303938619205,185.68773625405987,186.1087968804863,30203541
2018-12-19,189.8983154296875,189.8983154296875,186.9508914651469,186.9508914651469,23390082
2018-12-20,186.1087646484375,187.37194630894726,186.1087646484375,186.1087646484375,35027116
2018-12-21,188.21408081054688,188.63514139401565,184.4245355593278,184.4245355593278,43507532
2018-12-24,185.26663208007812,186.52981366244228,184.8455715526234,186.52981366244228,22976100
2018-12-25,183.16136169433594,183.58242229593213,181.05605868635507,181.47711928795124,19402777
2018-12-26,182.31922912597656,184.8455925780686,181.89816855062787,184.00347142737127,16463259
2018-12-27,187.7930145263672,188.63513566774103,185.68771167293258,186.95089338499335,21491484
2018-12-28,189.8983154296875,189.8983154296875,187.37195203150984,188.21407316423574,29456773
2019-01-02,184.84556579589844,190.7404129966788,184.42450528155697,190.7404129966788,32900482
2019-01-03,181.47705078125,183.58235299448955,180.21386945330624,180.21386945330624,34087620
2019-01-04,175.16119384765625,178.10861778259277,173.89801216125488,178.10861778259277,65943521
2019-01-07,179.37179565429688,180.21391676065508,177.68755344158046,178.52967454793867,35442176
2019-01-08,177.6875457763672,178.95072738141243,176.845424706337,178.52966684639736,22694481
2019-01-09,181.47705078125,182.31917166654583,177.6875067974188,178.52962768271462,46295446
2019-01-10,181.89816284179688,182.31922340393066,180.6349811553955,181.89816284179688,20754593
2019-01-11,185.68772888183594,185.68772888183594,183.58242583328905,184.4245470527078,28102288
2019-01-14,184.00344848632812,185.26663005488416,182.7402669177721,184.00344848632812,17612296
2019-01-15,186.1087646484375,186.1087646484375,181.47709855990172,182.31921966690823,38882923
2019-01-16,183.16136169433594,185.26666470231683,183.16136169433594,184.0034828975283,28978282
2019-01-17,185.68772888183594,186.1087894915453,183.58242583328905,183.58242583328905,21163986
2019-01-18,184.00344848632812,185.26663005488416,183.16132744062412,184.42450900918016,49627569
2019-01-21,186.1087646484375,187.7930068624505,185.266643541431,185.266643541431,29384866
2019-01-22,187.7930145263672,187.7930145263672,184.4245299608718,185.26665110224565,28926483
2019-01-23,185.68772888183594,186.95091071096408,185.26666827212657,186.52985010125468,16671213
2019-01-24,187.37197875976562,187.37197875976562,185.68773625405987,187.37197875976562,26417924
2019-01-25,190.31939697265625,191.16151819819896,189.4772757471135,190.7404575854276,46692764
2019-01-28,192.84573364257812,193.26679419638288,192.0036125349686,193.26679419638288,26026257
2019-01-29,187.37197875976562,189.47728189189783,186.95091813333917,187.37197875976562,41122520
2019-01-30,186.1087646484375,186.52982520194075,185.266643541431,185.68770409493425,44755945
2019-02-11,192.0036163330078,192.8457374572754,190.74043464660645,192.0036163330078,78307106
2019-02-12,193.6878662109375,193.6878662109375,192.84574505349866,193.6878662109375,29406670
2019-02-13,192.84573364257812,195.37209696540666,192.42467308877335,195.37209696540666,28634925
2019-02-14,191.16148376464844,193.68784698620766,190.31936269079534,193.2667864492811,23647751
2019-02-15,191.16148376464844,192.8457259123546,190.7404232277219,192.8457259123546,22369799
2019-02-18,193.6878662109375,194.10892678965695,192.4246844747792,192.84574505349866,16978916
2019-02-19,192.84573364257812,194.10891530399238,192.84573364257812,193.68785475018763,16577023
2019-02-20,197.47738647460938,197.47738647460938,194.52996279588388,194.9510233214161,30479710
2019-02-21,199.1616668701172,199.1616668701172,197.47742444415425,198.31954565713573,33764489
2019-02-22,199.1616668701172,199.1616668701172,197.05636383766353,198.31954565713573,22032163
2019-02-25,200.4248046875,201.26692571559872,198.7405626313025,200.00374417345063,24105138
2019-02-26,201.68801879882812,202.1090793808716,199.16165530656724,201.26695821678464,24522789
2019-02-27,201.26690673828125,201.6879672126291,199.58266484088975,200.84584626393337,35240889
2019-03-04,198.3195343017578,201.688018960811,197.4774131369945,201.688018960811,39655513
2019-03-05,196.21420288085938,197.47738444447006,195.79314235965583,197.05632392326652,22641407
2019-03-06,197.0563507080078,198.31953244331558,196.6352901295719,197.89847186487967,20433226
2019-03-07,197.0563507080078,197.89847186487967,196.214229551136,197.89847186487967,17126192
2019-03-08,193.6878662109375,194.9510479470958,192.84574505349866,194.52998736837637,22190659
2019-03-11,194.10891723632812,194.10891723632812,191.58255388834988,192.00361444634626,23200793
2019-03-12,198.3195343017578,199.58271604890277,195.7931708074679,196.21423138984954,23588085
2019-03-13,199.58270263671875,199.58270263671875,197.05633931220333,197.05633931220333,20500195
2019-03-14,197.47738647460938,201.26693120439933,197.05632594907718,201.26693120439933,17175356
2019-03-15,201.26690673828125,201.6879672126291,198.31948341784616,199.58266484088975,33649729
2019-03-18,202.95115661621094,202.95115661621094,201.26691465259094,201.68797514349595,26856532
2019-03-19,202.53009033203125,202.53009033203125,200.4247879377274,201.26690889544892,14479009
2019-03-20,203.79331970214844,203.79331970214844,201.68801681266345,203.79331970214844,22975971
2019-03-21,206.7407684326172,206.7407684326172,202.95122277906614,204.21440466358317,26179502
2019-03-22,209.26712036132812,209.26712036132812,205.89863552653813,208.84605975697937,22931467
2019-03-25,203.3721923828125,205.05643414167636,202.53007150338055,202.53007150338055,19211254
2019-03-26,205.47755432128906,205.47755432128906,202.95119094848633,204.63543319702148,19920170
2019-03-27,203.3721923828125,204.21431326224445,202.53007150338055,203.79325282252847,22590089
2019-03-28,203.79331970214844,204.21438028004545,202.10907739056043,202.53013796845744,13933054
2019-03-29,206.7407684326172,206.7407684326172,202.53016215089383,204.6354652917555,28220810
2019-04-01,206.7407684326172,211.3724353425129,206.31970780444485,211.3724353425129,35330656
2019-04-02,207.1618194580078,210.10924371858923,207.1618194580078,210.10924371858923,24105053
2019-04-03,207.58287048339844,209.68817342947753,207.58287048339844,209.68817342947753,24945323
2019-04-08,213.056640625,213.056640625,210.9513378520257,211.37239840662053,45184821
2019-04-09,213.89878845214844,213.89878845214844,212.21454602339136,213.0566672377699,22355674
2019-04-10,213.89878845214844,214.3198490593377,212.21454602339136,213.0566672377699,25849934
2019-04-11,212.21456909179688,213.89881170363654,211.79350843883697,213.05669039771672,24896840
2019-04-12,212.21456909179688,213.05669039771672,211.37244778587706,211.79350843883697,13548148
2019-04-15,215.1619415283203,215.58300207925635,213.89875987551216,214.74088097738425,17192002
2019-04-16,216.4251251220703,216.4251251220703,215.16194345793372,216.4251251220703,19652648
2019-04-17,220.2146453857422,221.47782690803135,218.53040335602333,218.95146386345306,37864191
2019-04-18,222.74105834960938,224.00424015499468,221.89893714601916,222.31999774781428,38006795
2019-04-19,222.74105834960938,226.9516643675604,221.89893714601916,226.5306037657653,44658699
2019-04-22,224.00421142578125,225.2673930691597,223.16209033019558,224.42527197357407,24967393
2019-04-23,225.68844604492188,225.68844604492188,224.00420391025827,224.42526444392416,25336847
2019-04-24,226.53057861328125,227.37269972336782,225.26739694815143,227.37269972336782,26449755
2019-04-25,225.26736450195312,226.53054598514163,224.84630400755694,226.10948549074547,32386724
2019-04-26,218.9514923095703,221.47785568237305,216.84618949890137,220.63573455810547,47518804
2019-04-29,218.53042602539062,220.6357287809339,217.68830492317332,218.9514865764993,31126618
2019-04-30,218.10935974121094,219.37254136133376,217.26723866112903,218.95148082129282,33799419
2019-05-02,218.10935974121094,221.05678352149755,217.68829920116997,220.21466244141567,27091394
2019-05-03,223.162109375,223.162109375,219.37256412146226,220.6357458726415,29840246
2019-05-06,218.10935974121094,218.95148082129282,217.26723866112903,218.95148082129282,32823187
2019-05-07,221.0567626953125,221.47782319568452,218.10933919270832,218.53039969308034,25686126
2019-05-08,218.9514923095703,220.21467399597168,218.53043174743652,218.9514923095703,25542364
2019-05-09,216.00408935546875,218.53045297366137,215.58302875243666,218.53045297366137,33587574
2019-05-10,215.58302307128906,218.10938662290573,214.74090188741684,216.42514425516129,18617212
2019-05-13,210.9513397216797,213.89876362996662,210.10921860502629,213.05664251331322,28284535
2019-05-14,209.26712036132812,211.3724233830719,206.31969613088688,208.42499915263065,45055708
2019-05-15,209.68817138671875,212.2145348974021,209.68817138671875,211.37241372717432,36825479
2019-05-16,208.00392150878906,210.10922435806833,207.16180036907738,209.26710321835662,29713519
2019-05-17,203.3721923828125,209.688098978552,203.3721923828125,209.688098978552,38647856
2019-05-20,200.4248046875,204.6354098279937,200.4248046875,204.21434931394433,39157661
2019-05-21,197.0563507080078,198.7405930217515,195.79316897270007,196.6352901295719,80042775
2019-05-22,200.4248046875,202.53010725774683,198.31950211725314,199.16162314535188,34622034
2019-05-23,193.6878662109375,196.63529026197352,193.6878662109375,196.63529026197352,58752627
2019-05-24,196.21420288085938,197.05632392326652,193.68783975363803,193.68783975363803,36000789
2019-05-27,194.5299530029297,197.89843703761244,194.5299530029297,197.05631602894175,35562033
2019-05-28,194.10891723632812,195.37209891031725,194.10891723632812,195.37209891031725,95240033
2019-05-29,193.26681518554688,194.10893638461243,191.16151218788295,192.00363338694854,26533236
2019-05-30,194.5299530029297,194.95101350726503,192.8457109855883,193.687831994259,28500328
2019-05-31,198.3195343017578,200.0037766312844,194.52998906032295,195.37211022508626,46070338
2019-06-03,200.4248046875,200.84586520154937,195.37207851890756,198.31950211725314,31054092
2019-06-04,196.21420288085938,200.424808092895,196.21420288085938,200.00374757169143,24443428
2019-06-05,197.89845275878906,200.424815985497,197.05633168321975,200.424815985497,29139584
2019-06-06,195.3720703125,195.3720703125,193.26676783068427,194.95100981613686,34651731
2019-06-10,202.1090850830078,202.1090850830078,197.47741854985554,200.00378211339316,35373888
2019-06-11,205.8986053466797,207.16178697457343,201.26693937773598,202.10906046299846,31965670
2019-06-12,207.1618194580078,208.42500128397126,204.63545580608087,205.89863763204434,29675556
2019-06-13,202.1090850830078,205.47756983439126,202.1090850830078,204.21438805262247,32981724
2019-06-14,198.74058532714844,201.68800926208496,198.74058532714844,200.84588813781738,31951556
2019-06-17,196.21420288085938,197.89844496567363,194.10890027484157,194.9510213172487,51017012
2019-06-18,198.3195343017578,198.3195343017578,196.21423138984954,197.05635255461286,28578087
2019-06-19,205.47755432128906,205.47755432128906,202.53013038635254,204.2143726348877,50164372
2019-06-20,206.3196563720703,206.74071689527864,202.95117218640388,203.79329323282047,37836291
2019-06-21,209.26712036132812,209.26712036132812,207.1618173395844,208.84605975697937,61164304
2019-06-24,209.70217895507812,210.5723124777133,208.83204543244295,209.70217895507812,43300507
2019-06-25,207.5268096923828,210.13720981429958,206.22160963142443,209.70214312731346,28559283
2019-06-26,204.04629516601562,205.7865620757471,203.61122843858274,204.48136189344848,27607041
2019-06-27,209.26712036132812,210.13725391792408,205.3515193566463,205.3515193566463,42007834
2019-06-28,207.96194458007812,210.1372787284053,207.09181092074726,210.1372787284053,25962203
2019-07-01,216.2281951904297,217.53339556381258,213.18272765253633,213.61779444366394,66307875
2019-07-02,216.6632537841797,217.53338733351373,215.3580534601786,217.09832055884672,24181202
2019-07-03,211.0073699951172,213.18270370640707,210.57230325285923,212.31257022189112,29449774
2019-07-04,212.31256103515625,213.18269448202165,211.00736086485816,212.74762775858895,17481240
2019-07-05,211.4424285888672,213.18269549083317,210.1372284123927,212.7476287653417,22867074
2019-07-08,211.0073699951172,212.74763696414908,208.83203628382734,208.83203628382734,27787909
2019-07-09,210.57229614257812,211.44242959771276,209.2670959598762,210.1372294150108,16418987
2019-07-10,214.92298889160156,214.92298889160156,211.4424546585392,211.4424546585392,23812131
2019-07-11,217.53338623046875,217.53338623046875,215.35805236816407,217.53338623046875,31160289
2019-07-12,217.96841430664062,219.27361439230913,217.09828091619497,219.27361439230913,23479432
2019-07-15,221.44894409179688,221.44894409179688,217.0982772137655,218.40347727717491,29727300
2019-07-16,222.75418090820312,223.18924766778946,220.57884711027145,221.0139138698578,21361249
2019-07-17,219.27362060546875,221.01388743567088,218.40348719036768,221.01388743567088,25573648
2019-07-18,221.01390075683594,221.44896749060922,218.83856708796944,219.27363382174272,20842575
2019-07-19,225.3645782470703,227.1048452605612,225.3645782470703,225.79964500044304,59709798
2019-07-22,229.71522521972656,229.71522521972656,227.97495836200136,228.84509179086396,31522639
2019-07-23,229.71522521972656,231.89055879188305,228.41002507643265,231.02042536302045,29273223
2019-07-24,230.5854034423828,231.8906038392265,228.84513624659124,231.8906038392265,23734039
2019-07-25,230.5854034423828,230.5854034423828,227.53993584974756,229.715269844487,30433545
2019-07-26,227.1048126220703,228.41001269461094,227.1048126220703,227.1048126220703,20438071
2019-07-29,227.1048126220703,227.97494600376407,225.79961254952968,226.23467924037655,17509320
2019-07-30,226.23472595214844,228.8451266362117,226.23472595214844,228.41005985553448,22670612
2019-07-31,225.79966735839844,226.2347341548501,223.62433337614027,226.2347341548501,31635601
2019-08-01,223.18923950195312,224.05937298929018,222.31910601461607,224.05937298929018,30017526
2019-08-02,218.83856201171875,220.57882890644416,217.96842856435606,219.2736287354001,54021644
2019-08-05,214.48794555664062,219.2736806501965,213.61781190326684,218.4035469968227,51535721
2019-08-06,216.2281951904297,217.53339556381258,208.83205974126008,208.83205974126008,58625879
2019-08-07,215.79310607910156,217.96843980973767,214.48790584071992,217.53337306361044,29435460
2019-08-08,220.57876586914062,221.01383246848806,215.79303327631905,215.79303327631905,29725266
2019-08-12,218.4035186767578,221.4489860686648,218.4035186767578,221.4489860686648,21794603
2019-08-13,214.48794555664062,217.098346516762,214.48794555664062,216.66327969007511,23121107
2019-08-14,217.09829711914062,221.01389766838366,217.09829711914062,219.70869748530265,35216703
2019-08-15,215.79310607910156,216.2281728252288,214.05283909459268,214.92297258684712,27624412
2019-08-16,217.53338623046875,219.2736533203125,215.793119140625,217.0983194580078,25370715
2019-08-19,219.27362060546875,220.14375402056982,217.96842048281715,218.83855389791822,24060514
2019-08-20,221.44894409179688,221.44894409179688,219.70867734058433,221.01387740399375,19960494
2019-08-21,221.44894409179688,221.8840107796,220.14374402838746,221.44894409179688,20269296
2019-08-22,221.01390075683594,224.05936789324903,221.01390075683594,223.62430115947572,21900840
2019-08-23,221.01390075683594,221.44896749060922,220.14376728928934,220.57883402306263,14166877
2019-08-26,216.2281951904297,217.9684623549402,216.2281951904297,216.66326198155733,31678620
2019-08-27,217.53338623046875,218.40351977539063,216.22818591308595,217.9684530029297,50234951
2019-08-28,219.27362060546875,220.14375402056982,217.96842048281715,217.96842048281715,15132882
2019-08-29,221.01390075683594,221.01390075683594,218.40350035419613,220.14376728928934,19587767
2019-08-30,225.3645782470703,225.3645782470703,222.75417772683397,223.1892444802067,35184201
2019-09-02,224.05938720703125,224.49445397830704,222.7541868932039,224.49445397830704,14614854
2019-09-03,221.01390075683594,224.49443462702231,220.14376728928934,223.18923442570244,25762495
2019-09-04,224.05938720703125,224.49445397830704,221.01391980810075,221.01391980810075,22540733
2019-09-05,228.84510803222656,228.84510803222656,226.66977430568448,228.84510803222656,48791728
2019-09-06,229.28013610839844,230.58533612419578,228.845069436466,230.58533612419578,25408515
2019-09-10,227.5399627685547,229.71529702064413,226.66982906771892,229.28023017022625,29308866
2019-09-11,228.84510803222656,230.1503082681518,226.66977430568448,229.71524152284337,36196015
2019-09-12,228.4100799560547,230.58541405087425,227.53994631812685,230.58541405087425,26017293
2019-09-16,231.0204315185547,231.0204315185547,227.53989771036555,227.9749644363892,32573966
2019-09-17,230.5854034423828,231.8906038392265,230.1503366434349,231.8906038392265,27600844
2019-09-18,232.32565307617188,234.50098690647312,231.89058631011164,232.32565307617188,47684759
2019-09-19,232.32566833496094,234.95577024063977,231.44896769973468,234.95577024063977,25233567
2019-09-20,231.4489288330078,233.64068005301738,231.4489288330078,233.20232980901545,43868865
2019-09-23,231.4489288330078,231.4489288330078,230.572228345004,231.4489288330078,13093208
2019-09-24,232.32566833496094,232.7640186525741,229.69556642928214,231.01061738212155,24244943
2019-09-25,233.20237731933594,233.20237731933594,229.69557465287977,230.13392498618677,21003163
2019-09-26,234.9557342529297,236.27078500434533,233.64068350151405,235.83243475387346,29940103
2019-09-27,238.46249389648438,238.9008440690882,237.5857935512767,238.02414372388054,41235817
2019-10-01,245.4761962890625,245.91454663957867,239.33929138183595,239.33929138183595,71743890
2019-10-02,245.03782653808594,246.35287748551752,244.5994762222754,245.47617685389648,29295953
2019-10-03,242.4077606201172,243.2844613818536,240.21600871577616,240.21600871577616,31890864
2019-10-04,242.4077606201172,245.47621328619462,241.09270947751256,245.0378629053264,35169613
2019-10-07,243.72268676757812,245.0377372357485,243.28433661152133,244.5993870796917,17510230
2019-10-08,251.17471313476562,251.1747131347656,247.66791085714235,248.54461142654816,35278551
2019-10-09,247.2294921875,250.73629349512413,247.2294921875,248.54454267785906,34777456
2019-10-14,254.2431182861328,255.55816889795764,252.92806767430798,255.55816889795764,46683517
2019-10-15,257.3116760253906,259.5034279506495,255.99662487023528,257.3116760253906,38018567
2019-10-16,259.941650390625,261.25670089850337,257.31154937486826,261.25670089850337,40297144
2019-10-17,257.3116760253906,259.0650775655977,255.99662487023528,258.6267271805459,40271938
2019-10-18,256.8732604980469,259.06501186748415,255.11985940249707,256.8732604980469,45102984
2019-10-21,254.2431182861328,255.11981869401603,252.92806767430798,255.11981869401603,34634365
2019-10-22,257.74993896484375,257.74993896484375,255.5581877831699,256.43488825583944,26005020
2019-10-23,256.8732604980469,257.31161077193434,254.68150912860963,257.31161077193434,28675408
2019-10-24,256.8732604980469,258.1883113197092,255.11985940249707,258.1883113197092,29040827
2019-10-25,257.3116760253906,258.18837679549415,256.43497525528704,258.18837679549415,22682711
2019-10-28,258.1883239746094,259.0650245653551,257.7499736792365,258.62667426998223,20076561
2019-10-29,261.6950988769531,261.6950988769531,259.9416978794526,260.3800481288277,36682131
2019-10-30,262.57183837890625,262.57183837890625,259.94173649197234,261.6951377499283,32370342
2019-10-31,261.6950988769531,264.32520037320387,261.6950988769531,263.0101496250785,40944514
2019-11-01,262.13348388671875,262.57183419422165,259.9417323492044,262.57183419422165,30121678
2019-11-04,269.1470642089844,270.02376474386705,263.8868609996883,265.2019118020123,44899671
2019-11-05,272.215576171875,272.215576171875,269.1471236224336,269.5854739866395,32201184
2019-11-06,272.65386962890625,273.09221990162155,270.0237679926146,270.9004685380451,22149743
2019-11-07,270.9005126953125,271.7772133836468,268.70876097447666,271.7772133836468,28291659
2019-11-08,267.83197021484375,270.90042159210054,267.83197021484375,270.4620713953496,25651542
2019-11-11,263.88690185546875,267.39370453793344,263.0102011848526,267.39370453793344,35165583
2019-11-12,267.3936767578125,267.3936767578125,264.7635750192111,265.201925308978,17540708
2019-11-13,266.51690673828125,266.51690673828125,264.3251558604993,265.64020638716846,18172438
2019-11-14,266.0785827636719,267.393633419835,264.76353210750875,266.95528320111396,15734835
2019-11-15,269.1470642089844,269.58541447642574,266.95531287177766,267.83201340666034,28848445
2019-11-18,272.65386962890625,272.65386962890625,269.147067447184,270.4621182653298,18691325
2019-11-19,276.16070556640625,276.16070556640625,272.6539029560392,273.96895393492684,31634197
2019-11-20,274.84552001953125,275.28387013120516,273.53046968450957,275.28387013120516,22387973
2019-11-21,272.65386962890625,272.65386962890625,269.147067447184,271.3388188107604,28108833
2019-11-22,270.9005126953125,272.215563727814,270.0238120069782,271.7772133836468,24737984
2019-11-25,269.1470642089844,272.21551608107376,269.1470642089844,272.21551608107376,19530177
2019-11-26,269.1470642089844,272.21551608107376,269.1470642089844,271.77716581363245,101224622
2019-11-27,272.65386962890625,273.09221990162155,269.5854177198993,269.5854177198993,18467648
2019-11-28,271.3387756347656,273.530526649586,270.4620752288375,271.7771258377297,19077982
2019-11-29,267.3936767578125,271.3388293657147,267.3936767578125,270.90047907594777,30963561
2019-12-02,269.58538818359375,270.0237384082825,268.7086877342162,269.147037958905,24016807
2019-12-03,269.1470642089844,269.1470642089844,267.39366313921903,267.39366313921903,24690319
2019-12-04,268.2703857421875,268.2703857421875,266.51698452818624,267.3936851351869,25492686
2019-12-05,273.5306091308594,273.5306091308594,270.9005071199857,270.9005071199857,34521842
2019-12-06,274.40728759765625,277.03738939571684,272.65388639894917,276.16068879636333,17695703
2019-12-09,277.0373229980469,277.47567319266403,275.28392221957824,275.28392221957824,23256081
2019-12-10,274.84552001953125,276.59892046622684,273.9688197961835,276.16057035455293,20570594
2019-12-11,279.66748046875,279.66748046875,274.4072770743535,275.2839776400862,31223148
2019-12-12,290.626220703125,293.25632224794964,284.05096684106337,284.9276673560049,52742851
2019-12-13,297.2015380859375,300.7083408952111,296.32483738361907,298.0782387882559,58198939
2019-12-16,294.5712890625,296.7630397251674,294.5712890625,295.0096391950335,102188
2019-12-17,302.461669921875,302.461669921875,293.69466499660325,293.69466499660325,40813458
2019-12-18,302.0233154296875,302.46166566978866,299.39321398908066,299.39321398908066,39682841
2019-12-19,295.84161376953125,302.0233788333722,295.84161376953125,300.25716024370337,54888012
2019-12-20,290.5429992675781,294.0754369486429,290.101444557445,293.1923275283767,86280459
2019-12-23,294.95849609375,294.95849609375,290.98450437991204,290.98450437991204,26639340
2019-12-24,293.1922607421875,295.4000337899449,293.1922607421875,294.95847918039345,13488907
2019-12-25,294.075439453125,295.4001035948057,292.3092205975507,293.19233002533787,12262954
2019-12-26,294.075439453125,294.9585488809122,292.7507753114443,294.075439453125,11427884
2019-12-27,298.490966796875,298.490966796875,295.84163868921047,295.84163868921047,16677806
2019-12-30,295.4000244140625,299.3740157738929,294.95846981852577,298.4909065828195,21531263
2019-12-31,292.3091735839844,294.5169467983649,292.3091735839844,292.3091735839844,22890517
2020-01-02,299.37396240234375,299.37396240234375,293.63375368371476,293.63375368371476,31754120
2020-01-03,299.8155822753906,304.67268301917454,296.2831453708205,303.78957379303205,41811268
2020-01-06,293.1922607421875,295.4000337899449,293.1922607421875,294.07536996129045,45343057
2020-01-07,290.9844665527344,294.0753485950244,288.33513908791434,293.6337940175544,50879181
2020-01-08,290.9844665527344,294.0753485950244,287.0104753555043,287.0104753555043,37567748
2020-01-09,298.0493469238281,298.0493469238281,294.5169102195457,295.8415739836516,31481504
2020-01-10,299.8155822753906,301.1402461146044,296.72469998389175,300.6986915015332,27032115
2020-01-13,301.5817565917969,302.02331114024753,299.3739838495436,302.02331114024753,30663332
2020-01-14,305.5557556152344,305.5557556152344,304.2310919348215,305.11420105509677,30223993
2020-01-15,300.2571105957031,304.67265633975757,298.0493377236759,304.67265633975757,47434274
2020-01-16,295.4000244140625,297.16624279620936,291.42603305423205,291.42603305423205,55211420
2020-01-17,294.075439453125,296.2832130225929,293.19233002533787,294.9585488809122,52060097
2020-01-20,294.075439453125,296.2832130225929,294.075439453125,294.9585488809122,32658203
2020-01-30,279.50408935546875,287.8936275825681,279.50408935546875,287.8936275825681,125451049
2020-01-31,282.59490966796875,285.68579149246216,281.71180057525635,285.24423694610596,62526055
2020-02-03,278.1794128417969,279.5040767124721,275.53008510044646,278.1794128417969,59560849
2020-02-04,287.0104064941406,297.6077138108474,287.0104064941406,297.1661593393179,51890496
2020-02-05,289.21820068359375,290.98441870303554,286.56887365443106,290.5428641981751,36601453
2020-02-06,293.63372802734375,293.63372802734375,290.5428466796875,290.98440115792414,29267094
2020-02-07,289.6597595214844,291.86753207881276,287.8935414756217,291.4259775673471,28798327
2020-02-10,289.21820068359375,289.6597551884542,283.4779921204079,283.91954662526837,30632424
2020-02-11,292.7507019042969,293.6338111106447,291.42603809477515,291.8675926979491,27524935
2020-02-12,295.84161376953125,296.72472306436566,294.0753951798624,294.51694982727963,37612639
2020-02-13,295.84161376953125,298.49094165403454,295.84161376953125,298.49094165403454,22757021
2020-02-14,295.84161376953125,297.60783235920013,295.40005912211404,297.60783235920013,16933683
2020-02-17,292.7507019042969,294.0753657138186,291.8675926979491,292.7507019042969,15937079
2020-02-18,284.361083984375,288.3350742885045,284.361083984375,286.568856375558,61825604
2020-02-19,288.3351135253906,288.77666806371434,284.36112268047714,284.80267721880085,38781218
2020-02-20,287.45208740234375,290.542970062584,287.01053273659517,289.6598607310868,27011736
2020-02-21,287.0104064941406,288.33506990872894,285.24418860802285,287.4519609656701,22813534
2020-02-24,282.59490966796875,283.91957330703735,282.15335512161255,282.15335512161255,41693680
2020-02-25,284.361083984375,285.6857474190848,280.3870936802455,282.59486607142856,36195011
2020-02-26,281.2702331542969,283.03645125887647,279.5040150497173,279.9455695758622,60479362
2020-02-27,279.0624694824219,282.5949058049842,278.1793604017813,281.7117967243436,61250927
2020-03-02,274.64697265625,279.9456280772709,271.9976449457396,271.9976449457396,79912942
2020-03-03,280.38714599609375,282.5949187992126,279.06248231422245,281.27025511734126,49679411
2020-03-04,283.0365295410156,284.36119348582537,279.9456470031262,284.36119348582537,42941146
2020-03-05,285.2442321777344,287.8935594115833,285.2442321777344,287.0104503336336,37861525
2020-03-06,278.1794128417969,283.03651370093934,278.1794128417969,282.59495907738096,51546760
2020-03-09,269.78985595703125,273.76384728864053,269.78985595703125,271.5560743266354,87871277
2020-03-10,271.1145324707031,272.880750923281,265.81587711296953,266.25743172611396,71950130
2020-03-11,266.6989440917969,274.20537132616863,266.6989440917969,272.8807076965736,62216710
2020-03-12,259.63409423828125,264.0496400586602,253.45233008975075,264.0496400586602,113527351
2020-03-13,256.10162353515625,259.634059721848,240.64721521837956,242.85498783506193,149995148
2020-03-16,244.1796875,256.98477056962025,243.29657832278482,251.68611550632912,103873228
2020-03-17,236.6732635498047,244.17969168477984,234.02393597275463,234.02393597275463,121323651
2020-03-18,229.60838317871094,240.6472477546105,229.60838317871094,237.9979202563946,117437643
2020-03-19,221.13739013671875,225.59580526044292,209.99135232740832,224.70412223569807,160811697
2020-03-20,240.75437927246094,240.75437927246094,228.27081886574075,230.5000260812265,157664726
2020-03-23,227.379150390625,234.0667724609375,224.7041015625,229.16251627604169,76466709
2020-03-24,238.52516174316406,244.32110025281105,237.1876374717071,238.97100316698308,81952933
2020-03-25,246.99623107910156,249.67128051317124,244.32118164503186,246.5503895067566,79447199
2020-03-26,249.6711883544922,249.6711883544922,245.65861568450927,249.2253469467163,52845633
2020-03-27,243.4294891357422,255.02136957077755,243.4294891357422,253.23800335000288,68752306
2020-03-30,238.52516174316406,239.86268601462106,234.0667475049741,234.95843035261208,49159956
2020-03-31,244.32115173339844,244.32115173339844,240.30857807354334,243.42946869787508,48837923
2020-04-01,242.09193420410156,246.55034919865224,242.09193420410156,246.55034919865224,44515034
2020-04-06,245.65867614746094,245.65867614746094,240.7544194548619,243.42946855991593,56392754
2020-04-07,252.34634399414062,253.23802718846622,250.11713600832667,252.79218559130342,48787346
2020-04-08,254.1296844482422,254.57552599990578,252.34631824158785,254.1296844482422,37912826
2020-04-09,252.34634399414062,256.80475996576854,251.90050239697786,256.35891836860577,27620430
2020-04-10,249.22543334960938,251.45464116132322,248.77959178726658,249.67127491195214,27252858
2020-04-13,248.33363342285156,251.0086815387171,248.33363342285156,248.33363342285156,22196596
2020-04-14,254.1296844482422,254.57552599990578,249.67126893160636,250.56295203493355,48809688
2020-04-15,256.35888671875,257.25056980298916,255.0213620923913,255.91304517663045,55216434
2020-04-16,255.46717834472656,257.25054433666185,252.34628785883987,252.34628785883987,47815280
2020-04-17,273.3008117675781,275.08417758661614,267.95071431046404,270.6257630390211,116368201
2020-04-20,271.0716552734375,275.5300706562243,269.7341306586015,274.6383875796669,41381669
2020-04-21,263.0464782714844,268.842417623229,261.70895380569715,267.95073464603746,61479357
2020-04-22,262.15484619140625,263.04652934171713,259.0339551653181,262.6006877665617,42192580
2020-04-23,263.4922790527344,267.5048518301872,262.15475479358344,267.5048518301872,39474478
2020-04-24,262.15484619140625,264.82989564233895,262.15484619140625,263.49237091687263,26008090
2020-04-27,265.7215881347656,266.16742972559575,263.93822177144506,265.7215881347656,38493406
2020-04-28,264.3839416503906,266.1673071927204,262.6005761080608,266.1673071927204,37395165
2020-04-29,266.61322021484375,268.8424277417237,265.72153720409176,266.61322021484375,44059301
2020-04-30,271.5174865722656,271.96332809373075,268.8424374434748,269.28827896494,55126085
2020-05-04,263.0464782714844,264.3840027372716,262.1547952942929,262.60063678288867,71581861
2020-05-05,263.4922790527344,265.72148615131925,263.04643763301743,264.3839618921684,23547405
2020-05-06,263.9381408691406,263.9381408691406,260.81725068994473,262.60061650662806,34240479
2020-05-07,265.27581787109375,266.6133430032169,262.60076760684746,262.60076760684746,27621198
2020-05-08,265.27581787109375,267.5050264246324,263.9382927389706,267.5050264246324,32295893
2020-05-11,268.39654541015625,268.8423868477147,266.16733822236426,267.5048625350395,28727019
2020-05-12,263.0464782714844,266.16736869165453,263.0464782714844,265.27568571446307,52089788
2020-05-13,264.829833984375,264.829833984375,260.8172607421875,261.2631022135417,26156418
2020-05-14,261.2630920410156,263.04645785699523,260.81725058702074,261.2630920410156,34315948
2020-05-15,265.7215881347656,266.16742972559575,262.6006969989546,265.2757465439355,42494804
2020-05-18,258.5879821777344,261.7088716178105,258.5879821777344,259.47966487489896,84986065
2020-05-19,259.9256286621094,262.1548364550949,259.9256286621094,262.1548364550949,51250214
2020-05-20,262.15484619140625,262.15484619140625,259.47979674047355,261.26316304109537,32677994
2020-05-21,265.27581787109375,265.7216595818015,263.0466093175552,263.9382927389706,30997468
2020-05-22,260.3714599609375,263.0465092071115,259.4797768788795,262.60066766608253,40192923
2020-05-25,260.3714599609375,261.2631430429955,257.2505691737345,259.0339353378505,26803223
2020-05-26,263.4922790527344,265.2756447316023,261.7089133738665,263.04643763301743,33856481
2020-05-27,264.3839416503906,265.721465807138,263.49225887922574,264.82978303597304,23375959
2020-05-28,262.15484619140625,266.16742036780533,261.26316304109537,266.16742036780533,28444568
2020-05-29,260.3714599609375,260.81730150196654,258.5880937968215,260.3714599609375,79774181
2020-06-01,263.4922790527344,264.3839618921684,261.7089133738665,262.15475479358344,35811214
2020-06-02,264.3839416503906,265.2756244215555,263.93810026480816,263.93810026480816,24771587
2020-06-03,268.39654541015625,268.39654541015625,265.7214967848059,267.5048625350395,65176337
2020-06-04,272.8550109863281,272.8550109863281,271.07164490145016,271.9633279438891,46572451
2020-06-05,277.75921630859375,278.20505774729133,274.63832623771066,275.08416767640824,42981262
2020-06-08,283.5552062988281,284.44688933750365,280.88015718280144,281.77184022147696,50302921
2020-06-09,284.4469299316406,284.4469299316406,279.9885141019911,282.21772201681586,36417082
2020-06-10,287.56781005859375,288.9053347565407,283.5552359647529,284.4469190967175,39984259
2020-06-11,285.7844543457031,291.5803949174569,284.00108801593274,290.2428701701291,50104255
2020-06-12,281.7718200683594,283.10934453070917,278.6509296562098,279.0967711436598,45992918
2020-06-15,275.97589111328125,283.1093551808297,275.0842081048377,281.7718306681644,51032404
2020-06-16,280.8800964355469,282.66346212720117,279.98841358971976,282.66346212720117,36608216
2020-06-17,280.8800964355469,282.66346212720117,279.54257216680617,282.2176207042876,34522968
2020-06-18,282.6777648925781,283.1271731038541,281.3295402587502,282.6777648925781,29044474
2020-06-19,282.6777648925781,282.6777648925781,280.43072383619835,282.22835668130216,48130280
2020-06-22,280.4307556152344,284.47542997506946,280.4307556152344,282.67779692625385,37374616
2020-06-23,283.1271667480469,284.475391351609,280.88012574211,284.02598315042167,41300084
2020-06-24,285.3741760253906,287.62121678149606,284.0259515717274,286.72240047905393,54147024
2020-06-29,280.4307556152344,283.12720518845776,278.63312256641876,282.22838866405,56580892
2020-06-30,281.32952880859375,282.2283451945637,279.53189603665385,281.7789370015787,48991860
2020-07-01,285.3741760253906,285.82358417661175,282.228318966843,283.1271352692852,29532342
2020-07-02,289.4189147949219,289.4189147949219,285.8236487726247,286.72246527819897,34526178
2020-07-03,296.1600341796875,297.0588506718869,293.46358470308945,293.9129929491891,53341987
2020-07-06,303.79998779296875,303.79998779296875,298.40708860137755,298.8564968673435,57256220
2020-07-07,304.24945068359375,310.99057588337797,303.8000423369415,308.74353415011655,59046323
2020-07-08,306.49639892578125,307.84462355448704,303.3505414588011,303.3505414588011,30720218
2020-07-09,310.0917053222656,311.8893383965976,308.2940722479336,310.9905218594316,35522376
2020-07-10,313.2374267578125,317.28209941322183,310.5409783208729,316.8326913403986,60902108
2020-07-13,318.6304016113281,318.6304016113281,315.03513614885895,315.4845443316676,48069523
2020-07-14,326.7198486328125,327.16925695280264,318.6304988729905,319.07990719298056,61764150
2020-07-15,326.2703857421875,332.5621011697228,324.4727527628917,328.9668352111312,73438362
2020-07-16,321.3268737792969,324.47273128482846,317.73160805868935,322.6750984245247,68220512
2020-07-17,329.86566162109375,331.6632946544512,323.57394600434264,324.47276252102137,65727485
2020-07-20,328.9668273925781,332.56209326572105,325.8209697535781,332.56209326572105,42769238
2020-07-21,344.2466735839844,347.8419391044437,333.91028521266367,334.8091015927785,64219128
2020-07-22,345.14556884765625,346.9432020187378,340.6514859199524,342.44911909103394,43759670
2020-07-23,342.89849853515625,344.2467233000389,340.65145726035183,343.3479067901171,45209282
2020-07-24,346.9431457519531,355.0324937099002,343.3478799928655,350.53841151104075,86682734
2020-07-27,381.54754638671875,381.54754638671875,374.3570154771929,377.9522809319558,99333798
2020-07-28,390.9851379394531,419.29785482472386,385.14283128058776,417.0508138020833,166307746
2020-07-29,379.30059814453125,387.8393556856996,377.05355668632905,384.69349764421656,85663166
2020-07-30,390.0863952636719,396.37811131631173,385.14290407945487,392.33343671104325,69293949
2020-07-31,382.4464416503906,388.28874921966803,382.4464416503906,382.8958499249504,49897674
2020-08-03,373.90765380859375,381.09818561260516,373.00883733309234,377.95232794835016,76429571
2020-08-04,382.4464416503906,382.4464416503906,376.1547258065534,378.8511754539122,41223445
2020-08-05,385.59228515625,389.6369594760708,382.8958356097028,386.9405099295236,47223834
2020-08-06,390.9851379394531,393.68158716662174,387.3898723032283,393.23217896209366,41029627
2020-08-07,389.1875,390.08631639722864,384.6934180138568,389.6369081986143,36589460
2020-08-10,391.4345397949219,393.2321725838767,384.2440086391024,384.2440086391024,36067500
2020-08-11,385.59228515625,390.9851842493444,385.59228515625,388.2887347027972,34545313
2020-08-12,376.60418701171875,380.6488620512241,376.60418701171875,379.30063703805564,52143474
2020-08-13,385.59228515625,385.59228515625,381.5476108364292,384.6934686407343,44352335
2020-08-14,383.79461669921875,384.6934331317696,380.1993509690153,381.0981674015662,23419955
2020-08-17,390.9851379394531,390.9851379394531,382.4463820534191,383.7946066670034,34137731
2020-08-18,389.1875,395.92862297921477,388.28868360277136,395.47921478060044,41643160
2020-08-19,384.24407958984375,392.33342863384047,384.24407958984375,391.88402035361844,31486800
2020-08-20,373.00885009765625,384.2440564258989,360.4254190100245,383.7946481727692,75097235
2020-08-21,381.54754638671875,383.79458729594563,377.50287275011044,378.8510972956465,41609467
2020-08-24,384.6934814453125,390.5357889906268,381.9970318090136,384.244073172596,48375406
2020-08-25,390.5357360839844,391.8839607194872,386.9404703893102,389.6369196603158,35977899
2020-08-26,397.27691650390625,397.27691650390625,390.98520063167246,391.4346089082606,39243340
2020-08-27,399.07452392578125,407.61328063140047,399.07452392578125,402.6697899070946,53072712
2020-08-28,390.9851379394531,395.9286281892623,387.3898723032283,395.4792199847342,56842210
2020-08-31,383.34521484375,395.0298286607928,383.34521484375,392.78278754213073,81480538
2020-09-01,390.9851379394531,390.9851379394531,384.6934230760596,386.49105589417206,37429577
2020-09-02,389.1875,396.3780311778291,386.9404590069284,396.3780311778291,34871407
2020-09-03,391.88397216796875,395.0298297427116,389.63693104315246,395.0298297427116,34951617
2020-09-04,385.59228515625,388.7381429605551,383.79465212521853,383.79465212521853,46119911
2020-09-07,382.895751953125,388.73805802752713,381.99693563398625,384.6933845914026,32019312
2020-09-08,387.38995361328125,389.1875868087025,384.24409552129407,384.6935038201494,23714670
2020-09-09,383.79461669921875,384.6934331317696,380.1993509690153,381.99698383411703,40551362
2020-09-10,390.9851379394531,390.9851379394531,386.94046409870015,388.7380969168126,35098921
2020-09-11,392.3333435058594,392.3333435058594,388.7380780441791,391.4345271404393,34298469
2020-09-14,396.37799072265625,397.27680702814985,391.43450104244175,391.8839091951885,39085833
2020-09-15,399.9732971191406,401.7709299151817,395.02980693002763,395.92862332804816,39061449
2020-09-16,411.657958984375,415.2532250017058,409.41091772354326,413.4555919930404,64261238
2020-09-17,405.3317565917969,411.20612987573594,403.5242571198156,409.3986304037547,42058506
2020-09-18,401.26483154296875,406.23545445622625,400.36108192237646,403.9760804047456,52454922
2020-09-21,397.64990234375,406.68740012428975,397.64990234375,400.8130265669389,39463920
2020-09-22,394.9385681152344,398.55356645038523,394.0348185314466,397.6498168665975,36130639
2020-09-23,391.7754821777344,396.29423053041876,390.41985767192904,394.03485635407657,45710963
2020-09-24,382.28607177734375,387.7085692493628,382.28607177734375,384.54544572401835,79806381
2020-09-25,383.1897888183594,386.80478682607975,380.47854031256907,385.9010373241496,38775269
2020-09-28,389.9679260253906,389.9679260253906,383.6416792532522,385.9010531004445,34156973
2020-09-29,389.5161437988281,393.13114281320236,386.8048945380474,390.87176842921843,32230502
2020-09-30,391.32354736328125,393.1310464273149,389.0641735332392,389.0641735332392,27334204
2020-10-05,390.8717041015625,395.84232692828755,389.9679544967034,395.84232692828755,32945832
2020-10-06,397.19793701171875,399.4573109423884,395.3904378671831,399.00543615625446,35775395
2020-10-07,400.36102294921875,402.16852192415877,393.13102704945857,393.13102704945857,42926239
2020-10-08,409.3985595703125,410.3023091499379,405.3316864619981,406.68731083143626,60853811
2020-10-12,415.7248229980469,417.53232222847316,413.465448960014,413.9173237676206,64719223
2020-10-13,417.5323181152344,420.24356693416445,412.5616952805292,420.24356693416445,45750738
2020-10-14,414.82110595703125,416.62860532939305,413.0136065846695,416.17673048630263,40809241
2020-10-15,409.3985595703125,412.56168309900147,406.68731083143626,412.10980830918874,47775028
2020-10-16,405.7835388183594,412.1097855259953,405.33166405352824,407.5910378776839,46876801
2020-10-19,413.46539306640625,413.46539306640625,407.5910213616376,409.3985203477203,34470906
2020-10-20,407.5910339355469,413.0135310610752,407.5910339355469,411.6579067796931,25205638
2020-10-21,409.3985595703125,412.10980830918874,407.5910604110617,409.85043436012523,28058921
2020-10-22,411.20611572265625,411.20611572265625,406.23549234578894,406.6873671982314,23438547
2020-10-23,408.4949035644531,413.91740228433525,408.0430286711296,413.91740228433525,18777385
2020-10-26,406.6874084472656,411.20615743001304,406.6874084472656,411.20615743001304,15059581
2020-10-27,403.9760437011719,405.3316680088939,402.6204193934498,404.4279184704126,20117660
2020-10-28,401.26483154296875,403.9760804047456,400.36108192237646,402.168581163561,24710230
2020-10-29,394.9385681152344,397.19794207470363,393.5829437395528,394.4866933233405,41285612
2020-10-30,390.4198913574219,394.93864009998464,390.4198913574219,394.93864009998464,47668895
2020-11-02,393.58294677734375,393.58294677734375,386.80482484662025,391.3235728004359,33477443
2020-11-03,398.5534973144531,400.36099616848696,395.8422490334024,397.1978731739278,30328495
2020-11-04,406.6874084472656,408.0430331420898,400.36115987141926,401.7167845662435,37512790
2020-11-05,407.5910339355469,408.04290869600754,402.62041157047923,408.04290869600754,34886108
2020-11-06,408.9466552734375,411.6579038166868,406.68728148739643,411.20602905947857,30154140
2020-11-09,414.36920166015625,415.72482609306843,410.3023283614197,413.91732684918554,39245881
2020-11-10,407.5910339355469,410.7541572587717,405.33166013324336,408.49478345646827,34820499
2020-11-11,413.0136413574219,413.0136413574219,405.3317683781263,405.3317683781263,36765561
2020-11-12,413.9173278808594,418.88795081392647,413.4654530687624,418.4360760018294,40100880
2020-11-13,417.5323181152344,417.5323181152344,412.5616952805292,414.82106929630424,31037438
2020-11-16,437.41473388671875,437.8666086118083,423.85849213403117,424.76224158421036,81994937
2020-11-17,438.77044677734375,457.2973142519793,438.77044677734375,453.68231572034307,72413868
2020-11-18,449.16357421875,449.16357421875,439.6742029324384,442.83732669454224,50387727
2020-11-19,442.83734130859375,450.9710883938536,442.83734130859375,450.9710883938536,44220053
2020-11-20,441.0298156738281,442.837314918393,439.2223164292633,439.2223164292633,32281453
2020-11-23,448.711669921875,450.51916909577983,444.6447967805891,446.90417074797017,38084006
2020-11-24,444.64483642578125,451.87483376603785,444.19296159201525,451.42295893227185,35479226
2020-11-25,440.1260681152344,447.8079399406543,440.1260681152344,447.3560651273943,41419632
2020-11-26,441.93359375,446.00046731211654,441.02984406952964,441.93359375,28893033
2020-11-27,441.93359375,444.64484279141107,439.6742195488241,440.57796922929447,32960189
2020-11-30,434.2516784667969,446.0004231495614,434.2516784667969,445.5485483540705,119895176
2020-12-01,442.83734130859375,442.83734130859375,436.9629684136838,442.38546647052374,37018651
2020-12-02,450.9710998535156,451.87484955262084,446.0004765084368,451.42297470306823,50621339
2020-12-03,449.16357421875,451.4229483345385,447.3560749261192,451.4229483345385,35651379
2020-12-04,454.5860290527344,456.39352817421644,449.61540646865876,450.51915602939977,51172005
2020-12-07,464.5273132324219,465.4310628690608,457.2973161393102,462.71981395914395,44271244
2020-12-08,473.56475830078125,474.4685078395232,460.008515219652,464.52726291336177,40771761
2020-12-09,469.9497985839844,473.56479703463043,469.9497985839844,470.8535481966459,43314115
2020-12-10,462.7197570800781,465.4310056567192,460.91225802898407,461.8160075545311,42556926
2020-12-11,466.3348083496094,467.23855797819385,456.3935624351797,467.23855797819385,45660960
2020-12-14,459.10479736328125,463.6235453688254,459.10479736328125,462.71979576771656,30260485
2020-12-15,455.4898376464844,460.91233571370446,455.4898376464844,458.2010866800944,39852366
2020-12-16,462.7197570800781,465.4310056567192,458.201009452343,460.00850850343704,52012348
2020-12-17,461.3575134277344,467.714801998589,461.3575134277344,467.714801998589,38215179
2020-12-18,463.17388916015625,464.99025735294117,460.44933687097887,461.35752096737133,39924864
2020-12-21,468.6229553222656,469.531139344208,461.3574831467266,464.9902192344961,34813281
2020-12-22,462.2657165527344,468.62300538548317,462.2657165527344,464.9902689096267,22454277
2020-12-23,462.2657165527344,464.0820847906626,459.54116419584204,461.35753243377025,18086715
2020-12-24,463.17388916015625,464.99025735294117,461.35752096737133,464.0820732565487,14950143
2020-12-25,464.0821228027344,467.71485957614135,463.1739386093827,466.8066753827896,12327895
2020-12-28,467.71484375,467.71484375,462.2657387742719,464.99029126213594,19087382
2020-12-29,467.71484375,469.53121207524276,465.8984754247573,467.71484375,19907528
2020-12-30,476.7966613769531,476.7966613769531,466.8066360909598,468.6230043247768,46292401
2020-12-31,481.3376770019531,481.3376770019531,475.8885712245725,477.7049398170327,29970398
2021-01-04,486.7866516113281,490.4193878173828,479.52117919921875,481.3375473022461,38770328
2021-01-05,492.2358703613281,492.2358703613281,485.8785805227132,486.78676478537244,34411866
2021-01-06,498.593017578125,504.04212159537224,491.3275455551286,504.04212159537224,53030554
2021-01-07,513.1241455078125,517.6650671494746,502.2259335678235,503.13411789615594,51166782
2021-01-08,526.7467041015625,526.7467041015625,518.5730483482623,526.7467041015625,59563555
2021-01-11,530.379638671875,530.379638671875,521.297795543932,524.0223484823149,48810990
2021-01-12,536.7367553710938,542.1858594865363,528.5630991979299,529.4712832171704,50232426
2021-01-13,549.4513549804688,549.4513549804688,538.5531462866413,540.3695144022792,62662393
2021-01-14,537.6449584960938,542.1858787536621,533.1040382385254,533.1040382385254,75288477
2021-01-15,545.8187255859375,567.6151472399516,545.8187255859375,563.982410297616,92010500
2021-01-18,551.2677001953125,552.1758842154037,539.461307934128,552.1758842154037,45726476
2021-01-19,569.4313354492188,573.9722551896431,556.7167601760304,561.2576799164548,50672866
2021-01-20,587.5950927734375,590.3196449810423,573.0641476662119,574.880515804615,82066422
2021-01-21,611.2079467773438,616.6570518006188,581.2378691493313,581.2378691493313,89019137
2021-01-22,589.4114990234375,603.9424450702403,589.4114990234375,589.4114990234375,125179403
2021-01-25,574.8806762695312,586.6870724646401,568.5233860106265,583.0543351738373,93050133
2021-01-26,560.349609375,581.2378444084279,553.9923204517828,573.9723713533225,100153482
2021-01-27,558.5333251953125,567.6151678814151,554.9005881208715,561.2578780011434,59985191
2021-01-28,545.8187255859375,552.1760152350249,543.0941728791857,544.9105413503536,96447533
2021-01-29,536.7367553710938,562.1659079098258,536.7367553710938,562.1659079098258,90745237
2021-02-01,554.900390625,555.8085745703764,533.1039759359657,540.3694474989771,67462398
2021-02-02,573.9723510742188,579.4214556730246,564.890510076209,571.2477987748158,78429188
2021-02-03,572.1559448242188,583.054153297061,572.1559448242188,579.4214171394469,48738970
2021-02-04,569.4313354492188,573.9722551896431,563.0740478126246,568.5231515011338,46371900
2021-02-05,573.9723510742188,582.1460079724276,573.0641669744177,579.4214556730246,53267273
2021-02-17,602.1259765625,606.6668964460785,599.4014246323529,602.1259765625,107614290
2021-02-18,599.4014892578125,603.9424096309777,595.7687529592803,603.0342255563447,53109010
2021-02-19,592.1359252929688,596.6768449654608,587.5950056204766,595.7686610309623,50279585
2021-02-22,590.3195190429688,601.2177255483774,590.3195190429688,599.401357797476,36474610
2021-02-23,582.14599609375,583.962364256289,574.880523443594,582.14599609375,50076333
2021-02-24,567.6150512695312,577.605076171875,567.6150512695312,569.4314194335938,66206750
2021-02-25,576.6967163085938,577.6049001138042,570.3394296721211,577.6049001138042,43231417
2021-02-26,550.3595581054688,561.2577671768641,550.3595581054688,554.9004785518835,111861175
2021-03-02,553.0841064453125,564.8904995221418,553.0841064453125,563.9823154393088,54041533
2021-03-03,564.8905029296875,564.8905029296875,545.8186370751482,553.0841097816394,48252965
2021-03-04,545.8187255859375,554.9005679417767,545.8187255859375,553.0841994706088,67711962
2021-03-05,545.8187255859375,549.4514625282732,530.3795935810108,534.0123305233465,79918467
2021-03-08,543.0940551757812,553.9922636408471,543.0940551757812,552.1758955633361,43219772
2021-03-09,540.3697509765625,540.3697509765625,531.2879064223346,531.2879064223346,68768861
2021-03-10,542.1858520507812,545.8185880779222,538.5531160236403,545.8185880779222,40146301
2021-03-11,553.0841064453125,555.8086586938116,540.3695292856502,541.2777133684832,54416046
2021-03-12,557.6251831054688,561.2579204546901,553.0842614189421,558.5333674427741,33168846
2021-03-15,554.900390625,557.6249424611293,553.0840227342471,557.6249424611293,27416758
2021-03-16,556.7168579101562,556.7168579101562,551.2677532650323,553.9923055875943,36949425
2021-03-17,550.7894287109375,558.0846529322744,548.9656226556033,558.0846529322744,39517807
2021-03-18,548.9657592773438,555.3490820596385,548.9657592773438,552.6133722957978,29415526
2021-03-19,538.9347534179688,545.3180753704659,538.9347534179688,541.6704628261818,70866028
2021-03-22,540.758544921875,545.3180604777087,534.3752231437079,536.1990293660414,34089033
2021-03-23,541.6703491210938,549.8774756229285,540.7584461764454,544.4060579550387,29374037
2021-03-24,525.25634765625,530.7277679443359,520.6968307495117,520.6968307495117,107253959
2021-03-25,524.3444213867188,529.8158414359715,519.7849046790082,521.6087113620924,67833354
2021-03-26,538.0228271484375,539.846633342161,528.9037961798199,530.7276023735435,36829858
2021-03-29,546.22998046875,548.9656898867905,543.4942710507096,546.22998046875,37884733
2021-03-30,544.4061279296875,547.1418371152638,539.8466126203937,547.1418371152638,33099123
2021-03-31,535.2870483398438,544.4060781241682,535.2870483398438,543.4941751457358,38790886
2021-04-01,548.9657592773438,548.9657592773438,541.6705332404356,545.3181462588897,43091157
2021-04-07,556.2609252929688,559.9085379178407,554.4371189805328,559.9085379178407,24603109
2021-04-08,558.9967041015625,558.9967041015625,549.8776714082254,552.6133812162266,23976625
2021-04-09,556.2609252929688,563.5561505427127,555.3490221367508,563.5561505427127,27303862
2021-04-12,551.7013549804688,558.9965795091362,549.8775488483019,558.0846764430527,22606128
2021-04-13,551.7013549804688,558.9965795091362,550.7894519143854,550.7894519143854,25971622
2021-04-14,558.0847778320312,558.0847778320312,547.141939051011,554.4371649050245,30077913
2021-04-15,564.4679565429688,564.4679565429688,553.5251205518288,558.0846355481372,33530942
2021-04-16,556.2609252929688,557.1728284491868,549.8776031994429,556.2609252929688,48507383
2021-04-19,549.8776245117188,553.5252372779656,548.0538181285953,551.7014308948421,24231637
2021-04-20,548.9657592773438,548.9657592773438,542.582436495049,545.3181462588897,34771635
2021-04-21,539.8466186523438,546.2299401566788,539.8466186523438,546.2299401566788,38458220
2021-04-22,538.9347534179688,545.3180753704659,538.9347534179688,543.4942690983238,33868521
2021-04-23,548.9657592773438,548.9657592773438,538.0229202219814,539.8467267312085,27754511
2021-04-26,556.2609252929688,556.2609252929688,549.8776031994429,551.7014095118789,30887664
2021-04-27,556.2609252929688,557.1728284491868,551.7014095118789,554.4371189805328,26317481
2021-04-28,548.9657592773438,554.4371788050249,548.0538560227302,552.6133722957978,24024054
2021-04-29,547.1420288085938,555.3491592407227,547.1420288085938,555.3491592407227,31828333
2021-05-03,536.1991577148438,544.4062876798669,536.1991577148438,542.5824810209729,41762441
2021-05-04,538.9347534179688,541.6704628261818,530.7276251933297,536.1990440097558,40273595
2021-05-05,533.46337890625,541.6705078125,533.46337890625,541.6705078125,29254785
2021-05-06,535.2870483398438,538.0227572751411,528.9037274908167,538.0227572751411,30725590
2021-05-07,546.22998046875,547.1418836080968,537.1109490752817,541.6704647720159,28075722
2021-05-10,537.1110229492188,544.4062490673746,536.1991196844493,543.494345802605,20434079
2021-05-11,520.69677734375,528.9039069341069,519.7848740559326,527.9920036462894,59349193
2021-05-12,510.6658020019531,520.69673739842,472.36586685180663,517.0491245269775,131741482
2021-05-13,498.8111877441406,513.4016429615195,493.3397670376236,498.8111877441406,66765627
2021-05-14,507.9299011230469,512.4894154957852,503.3703867503086,507.0179982484992,37533726
2021-05-17,500.6349792480469,508.8421100553919,493.33975186374016,496.0754621328552,56270958
2021-05-18,521.608642578125,522.5205457994155,506.1062878161877,513.4015135865111,43689316
2021-05-19,517.0489501953125,521.6084647472994,515.2251443745178,520.696561836902,28908777
2021-05-20,517.0489501953125,520.696561836902,510.6656298225309,517.0489501953125,29709287
2021-05-21,522.5205078125,526.1681204324825,517.9609920375218,521.6086046575043,27376731
2021-05-24,517.9609375,521.6085497359155,516.1371313820423,519.7847436179577,15629736
2021-05-25,531.6394653320312,532.551368360045,522.5204350518935,525.2561441359348,33039911
2021-05-26,533.46337890625,536.1990885416667,529.8157660590277,535.2871853298611,18703987
2021-05-27,530.7276611328125,530.7276611328125,522.5205323524082,528.9038547371671,62169719
2021-05-28,538.0228271484375,539.846633342161,530.7276023735435,535.2871178578523,29086873
2021-05-31,544.4061279296875,544.4061279296875,538.022806496676,542.58232180597,30657474
2021-06-01,545.3181762695312,546.2300795743298,542.5824663551356,545.3181762695312,17818326
2021-06-02,542.5823364257812,547.1418518579306,540.7585302529216,547.1418518579306,21872755
2021-06-03,543.4942626953125,547.1418751966233,543.4942626953125,547.1418751966233,21077164
2021-06-04,542.5823364257812,542.5823364257812,538.0228209936319,538.9347240800618,15756180
2021-06-07,539.8466186523438,542.5823278684874,531.6394910039128,541.6704247964394,17077625
2021-06-08,537.1110229492188,542.5824425378356,536.1991196844493,538.0229262139883,13396324
2021-06-09,534.3753051757812,536.1991116780877,531.6395954223217,534.3753051757812,20023490
2021-06-10,546.22998046875,546.22998046875,535.2871427965881,538.9347553539754,28527745
2021-06-11,548.9657592773438,549.8776625319573,547.1419527681167,548.9657592773438,24227710
2021-06-15,555.3489990234375,555.3489990234375,552.6132896686422,553.5251927869073,26012250
2021-06-16,551.7013549804688,554.437064178719,551.7013549804688,554.437064178719,25856919
2021-06-17,554.90625,554.90625,547.580754950495,550.3278155940594,22872361
2021-06-18,552.1593017578125,556.7377370957712,550.3279276226291,556.7377370957712,32652017
2021-06-21,533.845458984375,543.9180148142689,533.845458984375,540.255267239762,44279632
2021-06-22,529.2670288085938,538.4238978191231,529.2670288085938,535.6768371159643,27823974
2021-06-23,544.8338012695312,547.5808624524028,532.0141824161306,533.8455565380449,34392376
2021-06-24,540.2553100585938,547.5808057882018,538.4239361261917,547.5808057882018,16524230
2021-06-25,541.1708984375,547.5807060332064,539.3395248387267,547.5807060332064,18841696
2021-06-28,540.2553100585938,540.2553100585938,536.5925621937897,540.2553100585938,15028407
2021-06-29,544.8338012695312,547.5808624524028,541.1710530257025,547.5808624524028,28659610
2021-06-30,544.8338012695312,548.49654951336,544.8338012695312,548.49654951336,24883853
2021-07-01,543.0022583007812,546.6650054056769,541.1708847483334,545.749318629453,18250994
2021-07-02,538.4240112304688,543.0024467001156,537.5083241365394,540.2553854183275,18322419
2021-07-05,541.1708984375,546.6650192338197,538.4238380393401,538.4238380393401,28836816
2021-07-06,542.0866088867188,545.7493562440615,539.3395483687117,544.8336694047257,12997112
2021-07-07,543.9180297851562,543.9180297851562,538.4239082721748,540.2552821098353,16966158
2021-07-08,538.4240112304688,544.8338208879743,538.4240112304688,544.8338208879743,21140426
2021-07-09,534.76123046875,535.676917507224,531.0984823148544,532.9298563918022,29029415
2021-07-12,543.0022583007812,546.6650054056769,540.2551979721095,544.833631853229,31304547
2021-07-13,555.8218994140625,556.7375862335256,548.4964048583582,549.4120916778213,52540315
2021-07-14,561.3161010742188,563.1474749765816,556.7376663183115,561.3161010742188,38418875
2021-07-15,562.2318725585938,562.2318725585938,556.7377500254479,561.3161854697361,22012834
2021-07-16,539.3396606445312,544.8337828242718,538.4239736145745,541.1710347044448,57970545
2021-07-19,532.9298095703125,534.7611834863617,529.2670617382141,533.8454965283371,40644341
2021-07-20,532.0140380859375,534.7610985235585,530.1826644608568,530.1826644608568,15354333
2021-07-21,535.6767578125,536.5924445779915,531.0983239850427,536.5924445779915,25828732
2021-07-22,541.1708984375,543.9179588356599,537.5081512399535,539.3395248387267,26058172
2021-07-23,535.6767578125,542.0865651709402,533.8453842815171,542.0865651709402,15271451
2021-07-26,531.0982666015625,541.170819933661,531.0982666015625,541.170819933661,21619179
2021-07-27,531.0982666015625,534.7610132677802,531.0982666015625,532.0139532681169,17785992
2021-07-28,530.1827392578125,530.1827392578125,524.6886176074725,527.4356784326425,36158305
2021-07-29,533.845458984375,535.6768327716285,528.3513376226148,535.6768327716285,23224896
2021-07-30,531.0982666015625,532.9296399346713,529.2668932684537,532.0139532681169,18999281
2021-08-02,540.2553100585938,540.2553100585938,531.0984403965837,533.8455012951866,23482491
2021-08-03,543.9180297851562,543.9180297851562,540.2552821098353,543.9180297851562,22747702
2021-08-04,545.7493286132812,547.5807021992318,543.9179550273307,547.5807021992318,20313271
2021-08-05,545.7493286132812,547.5807021992318,543.0022682343554,547.5807021992318,15116242
2021-08-06,541.1708984375,545.7493324344331,538.4238380393401,545.7493324344331,13687213
2021-08-09,544.8338012695312,544.8338012695312,533.8455565380449,540.2553659647454,17390951
2021-08-10,541.1708984375,545.7493324344331,539.3395248387267,545.7493324344331,17190865
2021-08-11,540.2553100585938,540.2553100585938,535.6768752275887,540.2553100585938,19969687
2021-08-12,536.5925903320312,538.4239643604682,534.7612163035942,536.5925903320312,15444622
2021-08-13,532.0140380859375,535.6767853360989,530.1826644608568,535.6767853360989,22524428
2021-08-16,534.76123046875,536.5926045456978,529.2671082379067,532.9298563918022,19315705
2021-08-17,534.76123046875,534.76123046875,534.76123046875,534.76123046875,0
2021-08-18,525.6044311523438,526.52011831463,518.2789338540533,520.1103081786259,43716164
2021-08-19,511.8690185546875,524.6886361929087,511.8690185546875,524.6886361929087,38868947
2021-08-20,505.4591979980469,515.531754479892,504.5435110451519,512.784693621207,45614061
2021-08-23,518.2789916992188,523.7731152861363,511.869180847815,512.7848681123013,33685159
2021-08-24,523.7730712890625,526.5201328517674,522.8573841014942,525.604445664199,24844800
2021-08-25,535.6767578125,535.6767578125,525.6042033920941,530.1826372195513,27504657
2021-08-26,543.9180297851562,552.1592120546283,541.1709690286656,550.3278382169678,43822008
2021-08-27,548.4965209960938,549.4122080094428,543.0023989159993,545.7494599560465,27105651
2021-08-30,553.9905395507812,553.9905395507812,548.4964184973851,551.2434790240832,36575609
2021-08-31,562.2318725585938,562.2318725585938,547.5808791368714,553.0750016700173,52721470
2021-09-01,561.3161010742188,562.2317880254002,556.7376663183115,562.2317880254002,30092045
2021-09-02,555.8218994140625,563.1473939697668,555.8218994140625,561.3160203308407,24112463
2021-09-03,567.7258911132812,567.7258911132812,558.5690219017766,558.5690219017766,51562454
2021-09-06,577.7984619140625,584.2082705248366,568.6415924700996,570.4729663588921,55589014
2021-09-07,570.472900390625,580.5454556142155,570.472900390625,580.5454556142155,26526056
2021-09-08,566.8101806640625,574.1356757291877,560.400372482078,569.5572413134845,37817737
2021-09-09,566.8101806640625,567.7258675472032,558.5689987157966,560.400372482078,18735512
2021-09-10,569.5574340820312,570.4731212750892,562.2319365375678,563.1476237306257,16304725
2021-09-13,563.1474609375,567.7258955792682,561.3160870807926,566.8102086509147,15198774
2021-09-14,561.3161010742188,565.894535830126,560.4004141230373,565.894535830126,14441901
2021-09-15,555.8218994140625,561.3160203308407,555.8218994140625,558.5689598724516,23433501
2021-09-16,551.9127807617188,558.3517632039387,550.9929261271159,554.6723446655274,22467022
2021-09-17,551.9127807617188,561.1113271077473,550.9929261271159,551.9127807617188,40717715
2021-09-22,539.0347290039062,541.7942924629706,536.2751655448419,539.0347290039062,40642293
2021-09-23,540.8744506835938,545.4737232234202,540.8744506835938,540.8744506835938,21696296
2021-09-24,550.0729370117188,550.0729370117188,542.71410173397,543.6339561436886,16736973
2021-09-27,553.7523803710938,553.7523803710938,545.4736902991007,551.9126714662065,19464241
2021-09-28,546.3934326171875,548.2331411445182,544.5537240898569,547.3132868808528,16707080
2021-09-29,533.515380859375,536.2749431741648,530.7558185445852,533.515380859375,49310524
2021-09-30,533.515380859375,538.1146513840248,528.9161103347252,533.515380859375,30465107
2021-10-01,527.9964599609375,532.5957322602488,525.2368965813507,532.5957322602488,36704493
2021-10-04,526.15673828125,528.9163015939139,523.3971749685861,527.9964471563593,20957803
2021-10-05,526.15673828125,526.15673828125,515.1184850305945,516.9581939057038,33824024
2021-10-06,525.23681640625,527.9963793646016,519.7176904895468,527.076525045151,32508846
2021-10-07,533.515380859375,535.355089069235,526.1565480199354,528.9161103347252,27933054
2021-10-08,528.916259765625,536.2750946841032,527.0765510360054,535.3552403192934,18279079
2021-10-12,528.916259765625,528.916259765625,518.7978617527174,524.316987941576,26522907
2021-10-13,525.23681640625,528.9162336840521,524.3169620867995,526.1566707257006,18914374
2021-10-14,527.0765380859375,532.5956641391934,527.0765380859375,532.5956641391934,13916927
2021-10-15,551.9127807617188,551.9127807617188,539.0348158772787,544.5539436848958,53150216
2021-10-18,542.714111328125,555.5920732918432,542.714111328125,555.5920732918432,19158568
2021-10-19,551.9127807617188,551.9127807617188,545.4737983194987,550.073071492513,17386359
2021-10-20,550.0729370117188,555.5920634700303,549.1530826020002,554.6722090603117,16372520
2021-10-21,548.233154296875,554.6721342970061,547.313300011142,553.7522800112731,16169014
2021-10-22,551.9127807617188,553.7524900309245,546.3936529541015,551.9127807617188,13995403
2021-10-25,545.4735717773438,549.1529887876462,542.7140090196169,549.1529887876462,16785568
2021-10-26,550.9927978515625,551.9126522720159,545.4736713288423,547.313380169749,19998808
2021-10-27,550.9927978515625,550.9927978515625,546.3935257492957,550.0729434311091,14961858
2021-10-28,547.3133544921875,550.0729176240809,543.6339369829963,550.0729176240809,16570044
2021-10-29,542.714111328125,548.2332378840042,541.7942569021451,547.3133834580244,25763960
2021-11-01,542.714111328125,545.4736746060646,542.714111328125,543.6339657541049,16089351
2021-11-02,544.5537109375,549.1529821447424,542.714002454603,546.393419420397,15192404
2021-11-03,544.5537109375,549.1529821447424,544.5537109375,549.1529821447424,10224009
2021-11-04,539.9544067382812,546.3933860349898,538.114698367793,544.5536776645017,17932145
2021-11-05,551.9127807617188,551.9127807617188,547.3135075887044,550.073071492513,33270827
2021-11-08,553.7523803710938,553.7523803710938,550.0729625613191,551.9126714662065,19752355
2021-11-09,562.031005859375,567.5501319398271,561.111151512633,562.031005859375,39538660
2021-11-10,562.9509887695312,562.9509887695312,559.2715705422794,562.0311342127183,16027674
2021-11-11,557.431640625,557.431640625,551.9125154702971,551.9125154702971,18463848
2021-11-12,555.5919799804688,562.0309598809047,553.752271437487,561.1111056094138,15821327
2021-11-15,559.2713623046875,562.0309249476383,558.3515080903707,560.1912165190045,15551452
2021-11-16,561.1111450195312,562.9508536917265,559.2714363473361,562.9508536917265,20917108
2021-11-17,561.1111450195312,565.7104167000192,559.2714363473361,565.7104167000192,19717852
2021-11-18,563.8707885742188,564.7906430417135,558.3516617692509,563.8707885742188,20030651
2021-11-19,568.4700317382812,573.0693038397236,567.5501773179927,572.1494494194352,35554348
2021-11-22,565.7103271484375,568.4698897198932,565.7103271484375,568.4698897198932,20312168
2021-11-23,562.9509887695312,565.7105524399701,562.0311342127183,565.7105524399701,19431694
2021-11-24,554.6721801757812,562.9508694321362,553.752325813964,562.9508694321362,20391940
2021-11-25,554.6721801757812,558.3515976230501,552.8324714521468,556.5118888994157,11888265
2021-11-26,548.233154296875,552.83242572554,544.553737153943,550.0728628683411,26588102
2021-11-29,545.4735717773438,550.0728430402219,543.6338632721925,546.3934260299194,23379558
2021-11-30,548.233154296875,551.912571439807,543.63388286821,549.153008582608,62021697
2021-12-01,551.9127807617188,554.6723446655274,546.3936529541015,548.2333622233073,21403404
2021-12-02,565.7103271484375,565.7103271484375,553.752222672129,556.5117852435849,45125742
2021-12-03,559.2713623046875,564.790487590589,557.4316538760537,564.790487590589,23045832
2021-12-06,551.9127807617188,560.1914724731445,551.9127807617188,554.6723446655274,23589363
2021-12-07,558.3515014648438,558.3515014648438,549.1529594308265,553.7522304478351,18606530
2021-12-08,553.7523803710938,564.7906338004179,553.7523803710938,564.7906338004179,20801543
2021-12-09,559.2713623046875,559.2713623046875,553.752237018786,557.4316538760537,11039070
2021-12-10,556.5118408203125,559.2714036673553,553.7522779732697,556.5118408203125,10497451
2021-12-13,552.83251953125,561.1112095075915,552.83251953125,560.1913550657758,17711657
2021-12-14,550.9927978515625,551.9126522720159,549.1530890106558,550.0729434311091,22579034
2021-12-15,551.9127807617188,552.8326353963216,548.2333622233073,549.1532168579101,21827730
2021-12-16,559.07421875,559.07421875,555.3778602789256,559.07421875,21809022
2021-12-17,560.9225463867188,560.9225463867188,553.529827488706,555.3780072132091,24105733
2021-12-20,552.605712890625,560.922521278611,552.605712890625,560.922521278611,21381070
2021-12-21,551.6815795898438,554.4538488340138,549.8334000937303,551.6815795898438,17001461
2021-12-22,554.4539794921875,555.3780694580079,552.6057995605469,552.6057995605469,9831802
2021-12-23,559.9984741210938,561.8466539036716,556.302114555938,560.9225640123827,16654439
2021-12-24,558.1500854492188,562.7705331764474,558.1500854492188,559.9982645401102,11059689
2021-12-27,559.9984741210938,563.6948336862495,558.1502943385159,558.1502943385159,16259872
2021-12-28,568.315185546875,568.315185546875,563.6947368838922,563.6947368838922,33892718
2021-12-29,569.2393188476562,572.0115882576285,567.391139241008,568.3152290443321,24518766
2021-12-30,568.315185546875,572.9356342098578,568.315185546875,572.0115444772612,19681276
2022-01-03,583.1006469726562,584.0247367459885,571.0874799193368,572.0115696926691,69089158
2022-01-04,606.2029418945312,606.2029418945312,595.1138636891435,596.0379535395924,79434666
2022-01-05,600.6583251953125,618.2160300856369,596.9619662710336,618.2160300856369,69593809
2022-01-06,595.1139526367188,596.9621326138514,587.721232728188,589.5694127053208,53210211
2022-01-07,585.8729858398438,596.9620644361815,584.0248060737875,594.1897947870971,38249908
2022-01-10,594.1897583007812,596.0379379533498,579.404321080233,580.3284109065173,38289770
2022-01-11,601.58251953125,601.58251953125,590.4934408302131,596.9620700724846,33196585
2022-01-12,609.899169921875,609.899169921875,600.6582734079072,607.1269009676847,38860063
2022-01-13,610.8233032226562,611.7473929400884,605.2787649180633,608.0510340703598,38137411
2022-01-14,620.9882202148438,621.9123098282587,610.8232344672793,621.9123098282587,95200777
2022-01-17,631.1533203125,635.7737692166911,626.532871408309,633.0014998741765,59614236
2022-01-18,611.7473754882812,629.3050796186095,611.7473754882812,626.5328105453998,43593330
2022-01-19,604.3547973632812,609.8993367886325,601.5825276506056,602.5066175548309,40381333
2022-01-20,601.58251953125,607.1270588817684,596.9620700724846,600.658429639497,46474584
2022-01-21,592.341552734375,596.9620016636603,588.6451935909467,595.1138220919462,49577684
2022-01-24,603.4304809570312,605.2786600717542,588.645048039248,590.4932271539708,47134502
2022-01-25,592.341552734375,596.0379118778033,589.5692833768038,594.1897323060891,52318736
2022-01-26,587.7210693359375,592.3415179942389,586.7969796042772,586.7969796042772,29957189
2022-02-07,586.7970581054688,595.1138668030266,583.100698684332,595.1138668030266,56836469
2022-02-08,580.3284912109375,596.0380204316158,580.3284912109375,596.0380204316158,39718217
2022-02-09,584.9488525390625,588.6452117968133,582.1765830957494,586.7970321679379,30048791
2022-02-10,599.7342529296875,599.7342529296875,588.6451758339152,590.4933553498772,34587133
2022-02-11,600.6583251953125,600.6583251953125,593.2656073467548,596.9619662710336,26723278
2022-02-14,588.645263671875,592.3416232553718,586.7970838801266,591.4175333594976,27826382
2022-02-15,584.9488525390625,590.4933914256886,584.9488525390625,584.9488525390625,21970460
2022-02-16,596.9619750976562,596.9619750976562,591.4174366292569,596.037885352923,25191741
2022-02-17,596.0380249023438,596.9621148634327,592.3416650579882,595.1139349412549,18135080
2022-02-18,588.645263671875,590.4934434636234,587.7211737760008,589.5693535677492,20804191
2022-02-21,584.024658203125,587.7210167993474,584.024658203125,584.9487478521806,23797502
2022-02-22,579.4043579101562,582.1766275652287,577.5561781401079,580.3284477951804,34086593
2022-02-23,577.55615234375,581.25251171875,575.70797265625,576.6320625000001,31953054
2022-02-24,558.1500854492188,572.0114286309047,558.1500854492188,571.0873390854589,73663161
2022-02-25,558.1500854492188,562.7705331764474,554.4537272674359,554.4537272674359,89012516
2022-03-01,558.1500854492188,563.6946227218931,553.5296377219901,553.5296377219901,66720867
2022-03-02,555.3780517578125,559.0744115032887,554.4539618214434,555.3780517578125,40693457
2022-03-03,556.3020629882812,560.9225120164231,555.3779731826529,557.2261527939096,33792420
2022-03-04,549.8335571289062,551.681737152869,547.0612870929622,549.8335571289062,55917115
2022-03-07,532.2758178710938,536.8962676790026,531.351727909512,535.9721777174208,86496560
2022-03-08,520.262451171875,526.731078451099,518.4142719492396,518.4142719492396,79029914
2022-03-09,524.883056640625,529.5035060828841,523.9589667521732,523.9589667521732,52155415
2022-03-10,542.440673828125,544.2888532960233,537.8202251583795,540.5924943602269,45630467
2022-03-11,531.3516235351562,537.8202519955843,530.427533755095,536.8961622155231,38943098
2022-03-14,528.5794677734375,533.199917666562,528.5794677734375,530.4276477306872,33919577
2022-03-15,515.6421508789062,520.2626002595416,515.6421508789062,519.3385103834146,74092231
2022-03-16,518.1959838867188,524.6966503512474,515.4099839733493,523.7679837134576,43438327
2022-03-17,540.48388671875,541.4125531907754,533.9832214145727,536.7692208306487,60959900
2022-03-18,539.5552368164062,540.4839033169509,534.9119043136833,540.4839033169509,46242430
2022-03-21,544.1986083984375,546.984608100136,541.412608696739,541.412608696739,21400273
2022-03-22,541.4125366210938,544.1985359519056,535.8405379594701,535.8405379594701,20246949
2022-03-23,547.9132080078125,547.9132080078125,544.1985421908104,547.9132080078125,25902069
2022-03-24,548.8419189453125,549.7705854748308,543.2699197682027,545.1272528272393,20060758
2022-03-25,555.3426513671875,555.3426513671875,552.5566514439407,554.4139847261052,26122381
2022-03-28,542.3412475585938,544.198580598178,538.6265814794253,539.5552479992174,26391576
2022-03-29,546.9846801757812,546.9846801757812,542.3413467277695,544.1986801069743,14892032
2022-03-30,557.2000122070312,557.2000122070312,554.414012145996,556.2713455200195,41230239
2022-03-31,554.413818359375,559.0571501714301,551.627819272142,559.0571501714301,22700114
2022-04-01,546.9846801757812,546.9846801757812,542.3413467277695,543.2700134173718,29732696
2022-04-06,536.769287109375,538.6266202827638,533.9832873492917,536.769287109375,37645873
2022-04-07,525.6253051757812,532.1259714942096,525.6253051757812,530.268638260373,42904743
2022-04-08,526.5538940429688,529.3398934823496,525.6252275631751,526.5538940429688,28024587
2022-04-11,518.1959838867188,525.6253169890373,518.1959838867188,522.8393170756679,36820094
2022-04-12,517.2671508789062,523.7678152526089,512.6238191834044,514.4811518616052,30671407
2022-04-13,532.1259155273438,534.9119150850786,522.8392503348945,523.7679168541395,35865970
2022-04-14,532.1259155273438,536.7692481235684,532.1259155273438,535.8405816043235,19056590
2022-04-15,521.9105834960938,525.625249570799,520.9819169774174,521.9105834960938,28253360
2022-04-18,520.98193359375,525.6252663352273,518.1959339488636,519.1246004971591,15800959
2022-04-19,524.6967163085938,528.4113833267077,522.8393827995368,525.6253830631222,16614705
2022-04-20,529.3399047851562,529.3399047851562,521.9105727881716,529.3399047851562,27606307
2022-04-21,524.6967163085938,530.2687168357646,524.6967163085938,530.2687168357646,18383650
2022-04-22,518.1959838867188,519.1246505245085,517.2673172489289,518.1959838867188,29283846
2022-04-25,507.98052978515625,512.6238618672875,507.05186336873004,510.766529034435,43389591
2022-04-26,507.05206298828125,511.6953968984303,505.1947294242216,510.76673011640054,35825421
2022-04-27,488.4786376953125,494.0506373648408,488.4786376953125,492.19330414166467,55941533
2022-04-28,493.1219482421875,494.0506148113818,485.6926156886329,492.1932816729932,45380836
2022-04-29,499.6226501464844,507.9806498701244,496.8366502386043,507.9806498701244,36664644
2022-05-03,493.1219482421875,501.47994736493644,492.1932816729932,499.6226142265478,26317509
2022-05-04,495.907958984375,498.69395875395014,492.1932926249415,494.9792923945166,16569622
2022-05-05,503.3372497558594,505.1945827807888,500.5512502184653,504.2659162683241,20374772
2022-05-06,490.3359375,493.1219371448864,488.4786044034091,490.3359375,32467268
2022-05-09,482.90655517578125,486.6212209848257,482.90655517578125,485.6925545325646,23709774
2022-05-10,481.04931640625,481.9779830402389,468.9766501643943,469.9053167983832,41679907
2022-05-11,483.8352355957031,488.47856799105534,481.04923615849174,481.04923615849174,27157254
2022-05-12,468.9765930175781,481.0492577883277,468.9765930175781,479.1919247466739,32532963
2022-05-13,474.548583984375,477.33458349896034,469.90525146006604,470.8339179649278,29074177
2022-05-16,482.90655517578125,486.6212209848257,481.049222271259,483.83522162804235,21163106
2022-05-17,492.19342041015625,494.97942090304394,482.90675210053064,483.8354189314932,24496974
2022-05-18,499.6226501464844,502.4086500543644,495.9079836026443,502.4086500543644,30568176
2022-05-19,484.7640075683594,489.4073409741865,482.90667420602847,485.69267424952477,29019751
2022-05-20,492.19342041015625,494.05075407208136,485.69275259341833,486.6214194243809,22651205
2022-05-23,490.3359375,495.90793678977275,490.3359375,494.9792702414773,17054170
2022-05-24,482.90655517578125,493.12188615065355,482.90655517578125,492.1932196983924,17802308
2022-05-25,486.6212158203125,491.2645480323384,482.90655005069175,484.7638829355021,22176476
2022-05-26,477.3345642089844,487.5498953496436,476.40589774165176,485.6925624149783,28327403
2022-05-27,492.19342041015625,492.19342041015625,484.7640857624558,486.6214194243809,27866643
2022-05-30,507.98052978515625,507.98052978515625,498.6938656208938,499.62253203732007,34476433
2022-05-31,520.05322265625,520.05322265625,501.4798932756696,503.33722621372766,72405873
2022-06-01,509.837890625,515.4098894296449,508.9092241575592,510.76655709244085,29155176
2022-06-02,501.4799499511719,506.12328282109013,501.4799499511719,505.19461624710647,21420890
2022-06-06,501.4799499511719,505.19461624710647,499.62261680320455,502.40861652515554,17615003
2022-06-07,496.83660888671875,499.62260856271905,494.0506092107185,496.83660888671875,19497532
2022-06-08,505.19451904296875,506.12318543826837,499.62252067117134,500.5511870664709,18835521
2022-06-09,502.4085998535156,503.33726639668294,498.6939336808464,499.6226002240137,16338602
2022-06-10,492.19342041015625,494.97942090304394,491.2647535791937,492.19342041015625,21357130
2022-06-13,479.1919250488281,481.9779246130655,478.2632585274157,481.0492580916531,32854092
2022-06-14,476.4058532714844,477.33451965213055,470.83385498760737,470.83385498760737,36304444
2022-06-15,472.6912841796875,478.2632836002732,471.7626176095899,471.7626176095899,35680283
2022-06-16,474.3252868652344,481.7949764221672,473.3915756706178,480.86126522755063,26909199
2022-06-17,467.789306640625,469.6567290224239,465.9218842588261,466.3887398542758,43566737
2022-06-20,464.9881896972656,468.7230345944324,462.18705602439053,466.855612145849,34209693
2022-06-21,471.52410888671875,471.52410888671875,465.92184224648054,467.7892644598933,33223685
2022-06-22,461.7201843261719,469.65672945614654,461.7201843261719,467.78930707262305,31034893
2022-06-23,453.3167724609375,460.7864618114782,452.8499168765287,459.38589505825183,43548940
2022-06-24,454.25048828125,459.8527553515224,453.3167771028713,457.0516218163862,27911980
2022-06-27,465.45501708984375,472.4578508474642,462.65388358679553,463.1207391706369,37909718
2022-06-28,464.52130126953125,466.85557916535805,463.12073453203516,463.12073453203516,15274062
2022-06-29,458.4521789550781,465.455012645838,458.4521789550781,463.12073474891804,30533789
2022-06-30,444.4465026855469,454.25046965655156,444.4465026855469,452.3830473763602,46311432
2022-07-01,423.43804931640625,442.57912982574766,422.5043380720481,440.24485171485236,61744377
2022-07-04,410.83294677734375,421.5706260681152,410.83294677734375,413.63408050537106,52445919
2022-07-05,416.4352111816406,421.57062297872363,404.29696511580806,419.7032005070571,50084244
2022-07-06,406.6311340332031,417.83566585501353,406.16427854062766,412.7002554366838,40549763
2022-07-07,427.1728820800781,428.5734489065702,409.43236894451206,412.7003582063269,48151202
2022-07-08,436.0431213378906,439.3111104699733,430.90770984461784,438.8442548796758,37897895
2022-07-11,431.37457275390625,439.31111792362094,430.4408615574692,436.9768399325284,21941710
2022-07-12,419.703125,427.63966907675194,419.703125,427.63966907675194,23036423
2022-07-13,439.3111267089844,441.64540474675795,435.1094262409919,439.3111267089844,44035695
2022-07-14,443.51275634765625,445.8470340126439,432.3082235557155,435.1093567537007,31936258
2022-07-15,459.8526916503906,461.2532582239451,445.3801703903276,449.1150145864729,51846909
2022-07-18,462.6538391113281,465.45497234510003,456.1178615658603,462.6538391113281,39179575
2022-07-19,458.4521789550781,460.31960127261414,454.25047874062227,455.1841898993902,19874865
2022-07-20,462.18701171875,469.6567007970328,458.91902274700124,468.72298966224747,35436652
2022-07-21,467.789306640625,467.789306640625,461.2533283043288,463.12075068612774,22285593
2022-07-22,469.6567687988281,471.52419133878374,466.85563498889474,471.52419133878374,25216400
2022-07-25,466.388671875,469.6566605668168,464.9881052927928,466.8555274024024,15245346
2022-07-26,462.18701171875,466.3887118252841,458.4521671796086,466.3887118252841,18024265
2022-07-27,468.722900390625,468.722900390625,458.45207986413715,461.2532127349975,17166365
2022-07-28,467.789306640625,475.2589961678206,465.9218842588261,475.2589961678206,33844011
2022-07-29,475.25897216796875,476.1926833117172,470.5904164492264,474.32526102422025,29045617
2022-08-01,470.5904235839844,474.32526821560333,466.8555789523655,472.4578458997938,24117969
2022-08-02,459.38592529296875,463.1207702140498,456.11793598702286,461.2533477535093,39838155
2022-08-03,467.789306640625,467.789306640625,460.3196171134294,461.2533283043288,27603474
2022-08-04,466.8555603027344,469.6566936645508,462.1870046997071,465.92184918212894,26027618
2022-08-05,481.7949523925781,481.7949523925781,473.3915520601494,475.25897435624466,32784279
2022-08-08,478.06011962890625,480.8612531423569,475.2589861154556,476.19269728660583,19333128
2022-08-09,476.19268798828125,477.12639914119944,470.59042107077204,473.3915545295266,21164373
2022-08-10,466.8555603027344,469.6566936645508,466.3887047424317,466.8555603027344,20861380
2022-08-11,479.9275817871094,479.9275817871094,476.1927367926571,478.9938705384963,23740033
2022-08-12,482.7286682128906,483.6623793699755,479.92753474163595,480.8612458987208,19535923
2022-08-15,488.3309631347656,489.26467434534834,484.5961182924347,485.5298295030175,21273166
2022-08-16,490.1983947753906,491.1321060035342,488.3309723191034,491.1321060035342,20720414
2022-08-17,492.0657958984375,492.0657958984375,486.4635287724591,489.2646623354483,27143102
2022-08-18,485.52972412109375,486.46343512901893,484.59601311316857,485.52972412109375,17831084
2022-08-19,484.59613037109375,488.33097530651645,482.7287079033824,484.59613037109375,14022812
2022-08-22,478.06011962890625,479.92754197120667,476.19269728660583,477.12640845775604,11494000
2022-08-23,470.5904235839844,472.4578458997938,468.7230012681749,469.65671242607965,19191108
2022-08-24,469.6567687988281,474.32532514871707,469.6567687988281,470.5904800688059,14363212
2022-08-25,474.3252868652344,476.1927092544676,470.59044208676795,471.5241532813846,9357138
2022-08-26,478.06011962890625,480.8612531423569,477.12640845775604,478.99383080005646,12914846
2022-08-29,465.45501708984375,468.7230061767333,463.1207391706369,464.0544503383196,26590824
2022-08-30,463.1207580566406,466.85560287967803,463.1207580566406,464.52132486527967,24214535
2022-08-31,471.52410888671875,471.52410888671875,459.3858644995359,459.3858644995359,39357089
2022-09-01,457.9853515625,462.65390764366714,457.51849595438324,462.18705203555044,39168672
2022-09-02,452.8498840332031,457.0515839881504,452.8498840332031,455.6510173365013,29982959
2022-09-05,453.7835693359375,455.65099143197017,451.91614723990483,452.84985828792117,15903415
2022-09-06,456.58477783203125,458.91905583730744,454.250499826755,456.117922230976,16700285
2022-09-07,441.178466796875,446.3138775214947,440.711611276455,445.38016648065474,34678562
2022-09-08,443.51275634765625,443.51275634765625,440.7116231496711,441.64533421566614,27931552
2022-09-12,454.25048828125,458.4521885839543,452.8499215136819,452.8499215136819,21597212
2022-09-13,460.3196105957031,462.1870329510609,458.4521882403453,462.1870329510609,16507036
2022-09-14,448.1813659667969,450.5156439145406,444.4465212504069,446.78079919815065,22645714
2022-09-15,447.4770202636719,450.7638399298269,447.0074745970783,447.0074745970783,23104850
2022-09-16,443.2511291503906,443.2511291503906,440.43385502443476,441.84249208741267,39087513
2022-09-19,438.5556335449219,444.1901812992463,438.0860878987281,443.25109000685893,17182380
2022-09-20,447.4770202636719,448.88565726345263,441.3729265979555,441.84247226454903,19842582
2022-09-21,442.3120422363281,446.5379534678854,439.96431377435187,444.6597706983044,24154633
2022-09-22,436.2079162597656,439.4947358655981,431.0429140220289,433.8601879698853,29702508
2022-09-23,427.2865905761719,432.45159331940033,427.2865905761719,430.5734105036809,29757787
2022-09-26,419.3042907714844,426.34747594681727,416.0174710229957,416.0174710229957,32342267
2022-09-27,420.7129211425781,423.9997408390045,418.8347384589059,421.65201248441423,24961404
2022-09-28,411.322021484375,421.652026590147,411.322021484375,419.773843843643,34402652
2022-09-29,408.5047607421875,416.4870376762303,405.6874865301724,416.01749197422777,41094780
2022-09-30,396.2965393066406,401.46154159618214,396.2965393066406,398.6442676200686,48266800
2022-10-03,391.60107421875,398.64425900685706,391.13152856620957,393.0097111763714,36044395
2022-10-04,402.87017822265625,405.6874521962412,400.9919955735996,403.33972388492043,40375000
2022-10-05,417.8956298828125,423.53017770145715,415.07835597349015,417.42608423125876,46496536
2022-10-06,423.5302429199219,423.5302429199219,419.77387712905784,423.06069719606387,30331834
2022-10-07,411.322021484375,421.182480903521,410.382930111123,421.182480903521,31941781
2022-10-11,377.0451965332031,387.3752019176745,376.575650833909,383.1492906240271,95793819
2022-10-12,373.2887878417969,375.636516067217,371.41060526146083,372.8192421967129,53570085
2022-10-13,370.94110107421875,378.45383223521554,370.94110107421875,376.10610374740406,38046284
2022-10-14,386.9056091308594,390.6619742680522,384.08833527796475,389.2533373416049,54504366
2022-10-17,372.8193054199219,378.92339984115483,371.8802139705014,375.63657976818325,41512192
2022-10-18,382.210205078125,382.210205078125,375.1670194808622,381.7406593716408,40093216
2022-10-19,371.4106140136719,380.33198148049837,371.4106140136719,379.39289016820084,46385177
2022-10-20,373.2887878417969,373.2887878417969,362.4892380048644,367.18469445570463,52938069
2022-10-21,365.77606201171875,374.22788372700876,365.77606201171875,371.4106098219121,35923505
2022-10-24,363.4283752441406,373.2888350375863,363.4283752441406,370.9411065153373,46714078
2022-10-25,348.4028625488281,359.2024121965681,348.4028625488281,356.8546840122768,76416687
2022-10-26,353.09832763671875,355.9156015274373,347.46377985528176,347.9333255037348,58850484
2022-10-27,362.01971435546875,365.30653407075835,359.20244031379195,361.08062300824315,45684455
2022-10-28,356.38519287109375,358.73292141438156,352.1592814931756,356.38519287109375,40184472
2022-10-31,366.2456359863281,366.2456359863281,357.79381361741287,362.4892704890325,38409054
2022-11-01,367.65423583984375,369.06287275877037,362.48923380377954,364.83696200199057,41426496
2022-11-02,370.94110107421875,370.94110107421875,364.8370070059088,367.1847354937203,22535650
2022-11-03,360.6110534667969,363.4283273220062,360.141507824262,361.5501447518667,39731333
2022-11-04,358.7329406738281,361.08066934315946,355.4461205367643,357.7938492060956,28397417
2022-11-07,366.2456359863281,369.0629101092999,363.4283618633564,366.2456359863281,35387706
2022-11-08,374.69744873046875,375.1669944055696,370.0019919794604,370.9410833296621,31838223
2022-11-09,391.60107421875,391.60107421875,378.9233416001574,378.9233416001574,52260831
2022-11-10,382.6797180175781,386.436083347812,381.2710810187404,384.0883550164158,32044942
2022-11-11,414.6087646484375,415.07831024826584,408.5046718506689,414.6087646484375,80016195
2022-11-14,417.8956298828125,422.5910863983497,414.60881032193646,422.5910863983497,61933190
2022-11-15,450.76385498046875,457.3374945322672,433.8602104187012,436.6774845123291,113379796
2022-11-16,457.3374938964844,463.91113343914435,452.17249139868017,461.5634050310515,85726375
2022-11-17,455.45928955078125,455.45928955078125,446.0683763641672,453.1115612541277,45144984
2022-11-18,457.3374938964844,463.91113343914435,456.39840253324724,461.5634050310515,35859717
2022-11-21,452.64202880859375,459.6852139041631,451.23339178947987,457.8070312120113,29710180
2022-11-22,461.0939025878906,461.0939025878906,447.00753081840315,447.00753081840315,37343127
2022-11-23,462.032958984375,465.7893245045732,458.7461391542016,464.3806874344989,33475337
2022-11-24,465.7892761230469,465.7892761230469,462.0329109930223,463.9110935580346,27396552
2022-11-25,467.6675109863281,467.6675109863281,463.9111454362371,463.9111454362371,39949969
2022-11-28,451.2333679199219,460.1547352357164,451.2333679199219,456.3983700501187,38926919
2022-11-29,457.3374938964844,458.2765852597215,444.19021481116454,444.65976049278305,38182197
2022-11-30,460.1548156738281,460.1548156738281,453.1116297196369,453.58117544991626,57111603
2022-12-01,468.1369934082031,477.058360383886,468.1369934082031,475.1801778626896,41746878
2022-12-02,462.50250244140625,466.7284136312262,460.1547740026174,460.1547740026174,28319679
2022-12-05,459.21563720703125,467.197913109403,459.21563720703125,461.56336541361117,28360444
2022-12-06,448.8856506347656,459.21565514728115,448.8856506347656,458.2765638279615,40561068
2022-12-07,446.0683898925781,455.9288490375719,446.0683898925781,447.94657258686266,36563503
2022-12-08,442.78155517578125,446.0683747794191,438.55564425681837,446.0683747794191,27238567
2022-12-09,452.1724853515625,454.9897594035972,447.0074829228323,448.88566562418873,25915337
2022-12-12,446.0683898925781,448.8856639340049,444.6597528718647,447.4770269132915,20973334
2022-12-13,442.78155517578125,447.0074660947442,442.3120095181187,444.1901921487689,33272826
2022-12-14,451.2333679199219,451.2333679199219,443.2510919005268,443.2510919005268,30636639
2022-12-15,453.83074951171875,454.7752463889544,448.16376824830496,449.5805135641584,24222008
2022-12-16,444.8580627441406,444.8580627441406,439.66332952738315,440.6078264758845,47601400
2022-12-19,440.6078186035156,443.44130939839357,439.1910732060767,440.6078186035156,21075559
2022-12-20,432.1072998046875,441.0800196913422,429.746057729252,439.19102603099384,31139235
2022-12-21,433.5240783691406,437.3020659802007,431.63508456361063,434.46857527190565,36182644
2022-12-22,442.0245056152344,442.96900242210455,438.2465183877537,440.60776040492914,14047382
2022-12-23,429.7461242675781,433.05186368502103,429.7461242675781,432.10736670860877,24927413
2022-12-26,431.16278076171875,431.63502915247636,428.32929041717296,428.80153880793057,8793306
2022-12-27,431.6350402832031,436.8297727154955,431.6350402832031,432.5795370890745,10264001
2022-12-28,425.9680480957031,426.91254487640316,421.2455641922031,425.9680480957031,32578949
2022-12-29,421.2456359863281,424.551375282185,417.9398966904713,419.35664210298137,23020759
2022-12-30,423.6068420410156,431.16281692692,423.6068420410156,429.74607163581294,21683478
2023-01-03,427.8570861816406,428.3293346211347,418.41211739175895,421.24560802872344,14885824
2023-01-04,424.5514221191406,429.7461558714327,423.60692507326934,424.5514221191406,19188422
2023-01-05,433.0517883300781,433.9962851421394,429.7460494878638,433.52403673610877,23549581
2023-01-06,433.0517883300781,433.9962851421394,429.7460494878638,429.7460494878638,20886011
2023-01-09,454.3029479980469,454.3029479980469,441.5522415573532,442.0244899440456,46666263
2023-01-10,459.0254821777344,459.9699790546433,456.1919915470076,459.0254821777344,32646014
2023-01-11,457.6087646484375,460.91450391834366,455.24752231279024,459.97000698408476,21051115
2023-01-12,459.4977111816406,460.91445643708244,457.1364690892375,460.44220801860183,20963689
2023-01-13,472.2484130859375,480.7488845214844,471.30391625976563,478.85989086914066,77606949
2023-01-16,476.970947265625,479.80443804146034,475.081953415068,477.91544419090343,34373918
2023-01-17,475.0818786621094,476.02637543877364,471.7761399437846,476.02637543877364,27770329
2023-01-30,512.86181640625,512.86181640625,504.3613443111188,511.917319506791,124428936
2023-01-31,493.0273742675781,508.1393244366993,492.08287738200806,507.1948275511292,72530854
2023-02-01,500.5833740234375,503.4168648197966,493.02739856648,502.4723678876769,33710990
2023-02-02,510.0283203125,511.9173140914352,507.19482964409724,508.1393265335648,43077053
2023-02-03,511.9173278808594,511.9173278808594,506.25034639140335,510.0283340510407,31635865
2023-02-06,496.8052978515625,503.41677519939697,496.8052978515625,502.4722784354206,30870136
2023-02-07,493.9718017578125,498.6942855222276,493.02730500492953,494.9162985106955,23481767
2023-02-08,510.0283203125,510.0283203125,504.3613389756944,508.1393265335648,35096191
2023-02-09,510.0283203125,510.0283203125,506.2503327546296,510.0283203125,18861972
2023-02-10,514.7507934570312,515.6952903257597,510.9728059821173,513.8062965883028,28495684
2023-02-13,510.9728088378906,513.8062994599122,508.139318215869,513.8062994599122,22768977
2023-02-14,514.7507934570312,515.6952903257597,512.8617997195743,513.8062965883028,21883297
2023-02-15,495.8608093261719,502.47228678385414,493.0273189871652,496.80530610584077,61796793
2023-02-16,498.6942443847656,501.52773440967906,494.91625768488103,498.6942443847656,29975138
2023-02-17,489.2494201660156,494.9164018667803,487.36042626576074,494.9164018667803,28121975
2023-02-20,488.3049011230469,490.19389493783626,482.6379196786788,485.47141040086285,20065156
2023-02-21,487.3603820800781,488.3048789445744,484.5268914865893,486.41588521558185,13504100
2023-02-22,478.85992431640625,480.74891810069187,476.9709305321206,477.91542742426344,24575245
2023-02-23,489.2494201660156,492.08291101639793,481.69344456499607,483.58243846525096,25376835
2023-02-24,482.6378479003906,495.8608026373876,482.6378479003906,494.91630587045927,41692491
2023-03-01,493.0273742675781,493.0273742675781,476.0264303273168,476.0264303273168,39560848
2023-03-02,490.1938171386719,491.1383138961645,486.4158301087014,490.1938171386719,16558784
2023-03-03,487.3603820800781,495.86085386054464,487.3603820800781,494.91635699604836,23253895
2023-03-06,492.0828552246094,494.9163457537338,488.30486785244346,491.1383583815679,21922085
2023-03-07,494.9162902832031,496.8052837575665,490.1938065972947,492.0828000716581,24861078
2023-03-08,492.0828552246094,493.97184891069236,489.2493646954849,492.0828552246094,24512408
2023-03-09,493.0273742675781,496.8053618098584,493.0273742675781,495.86086492428836,21557577
2023-03-10,484.52685546875,487.3603458516082,482.63786188017787,486.41584905732213,24045605
2023-03-13,487.3603820800781,489.24937580907067,480.7489040286042,484.5268914865893,21466947
2023-03-14,481.693359375,485.4713465073529,481.693359375,482.6378561580882,20474770
2023-03-15,482.6378479003906,487.3603317350324,481.6933511334623,486.41583496810404,23208597
2023-03-16,479.551513671875,484.2995484607054,478.6019067141089,479.551513671875,21965994
2023-03-17,491.89642333984375,491.89642333984375,487.14838836552093,489.99720935011464,33118483
2023-03-20,486.19873046875,491.89637184143066,484.29951667785645,490.9467649459839,11837312
2023-03-21,490.94677734375,490.94677734375,486.1987427466151,489.04756350489606,18284799
2023-03-22,506.1405029296875,506.1405029296875,497.5940404036703,497.5940404036703,42385987
2023-03-23,510.8885498046875,511.83815677458466,501.3924801057156,501.3924801057156,26728246
2023-03-24,511.8381042480469,511.8381042480469,508.03967675826544,508.9892836307108,21926240
2023-03-27,504.24127197265625,508.98930654866996,504.24127197265625,506.1404858030617,16111177
2023-03-28,498.54364013671875,503.29167480468755,497.59403320312504,498.54364013671875,17234120
2023-03-29,503.29168701171875,506.1405078815964,498.54365222858934,506.1405078815964,17280749
2023-03-30,508.0397033691406,509.9389172135113,504.2412756803994,508.989310291326,19201564
2023-03-31,506.1405029296875,510.8885376663638,505.1908959823523,510.8885376663638,23558838
2023-04-06,503.29168701171875,504.2412939683446,499.4932591852152,503.29168701171875,25423363
2023-04-07,504.24127197265625,508.0396996334672,502.3420581422507,508.0396996334672,8557482
2023-04-10,502.342041015625,506.1404685469341,501.39243413279775,506.1404685469341,7435151
2023-04-11,497.5939636230469,500.44278402546894,495.6947500214322,495.6947500214322,22675697
2023-04-12,493.7956237792969,497.5940516545222,490.9468028728778,496.6444446857159,23816473
2023-04-13,484.29949951171875,490.94674754423255,484.29949951171875,489.0475338206572,25536889
2023-04-14,489.9971618652344,493.7955894765928,487.14834115671556,489.9971618652344,18072504
2023-04-17,493.7956237792969,493.7956237792969,488.0979819664588,492.84601681049054,14634287
2023-04-18,489.04754638671875,493.79558081765776,488.09793950053097,491.89636704528215,15168888
2023-04-19,484.29949951171875,491.89635440602024,483.34989264993106,490.94674754423255,21123233
2023-04-20,487.1483459472656,489.9971666837993,484.29952521073193,486.1987390350877,17221961
2023-04-21,485.24908447265625,493.79554584301616,484.29947765372737,493.79554584301616,25016683
2023-04-24,481.4507141113281,484.2995349048863,478.60189331776996,479.551500248956,16886512
2023-04-25,472.9042663574219,479.5515150813214,472.9042663574219,478.60190812076434,36898412
2023-04-26,466.73175048828125,473.3789982063239,466.2569470798496,472.90419479789233,31269245
2023-04-27,468.6310119628906,470.05542233359853,464.357780850767,466.2569946783775,29537148
2023-04-28,476.70263671875,476.70263671875,472.90420933453686,473.3790127575635,24824100
2023-05-02,475.7530822753906,476.7026892260401,471.47985099746796,474.80347532474116,15325791
2023-05-03,471.0050354003906,472.90424925281155,470.05542847418013,471.0050354003906,11369311
2023-05-04,472.9042663574219,474.3286767982575,471.0050524363077,471.9546593968648,13140291
2023-05-05,474.8034362792969,476.7026500244141,473.379025970459,474.8034362792969,7488897
2023-05-08,478.60186767578125,483.3499020773267,476.70265391516307,483.3499020773267,11243634
2023-05-09,484.29949951171875,484.29949951171875,479.5514652027803,481.4506789263557,16197743
2023-05-10,477.6522521972656,482.4002865133418,474.80343160761987,482.4002865133418,18859212
2023-05-11,473.85382080078125,480.5010687879666,473.3790173731252,480.5010687879666,13382927
2023-05-12,471.0050354003906,474.8034631052325,470.05542847418013,471.0050354003906,18465362
2023-05-15,470.53021240234375,474.3286399494868,469.580605515558,471.9546227325224,13315766
2023-05-16,479.551513671875,482.4003345451732,474.80347888304453,477.6522997563428,21140315
2023-05-17,492.8459777832031,494.74519157042164,480.5010881662828,482.4003019535013,41406763
2023-05-18,503.29168701171875,508.9893287514741,499.4932591852152,506.1405078815964,43096277
2023-05-19,505.19085693359375,508.03967755539975,502.34203631178775,508.03967755539975,32099068
2023-05-22,504.24127197265625,506.1404858030617,502.3420581422507,505.19087888785896,17208135
2023-05-23,503.29168701171875,504.2412939683446,498.54365222858934,503.29168701171875,19588873
2023-05-24,498.54364013671875,501.3924609375,497.59403320312504,500.4428540039063,19086681
2023-05-25,515.6365966796875,517.5358106637748,509.93895472742577,514.6869896876439,63827245
2023-05-26,537.4774169921875,539.3766304797924,534.6285967607802,539.3766304797924,95808471
2023-05-29,539.376708984375,545.0743502764635,535.5782814563161,545.0743502764635,54657853
2023-05-30,537.4774169921875,539.3766304797924,534.6285967607802,537.4774169921875,40136130
2023-05-31,529.8806762695312,533.6791040564095,523.2334276424941,531.7798901629704,81176782
2023-06-01,523.2334594726562,526.082280486119,522.2838524681687,522.2838524681687,24477529
2023-06-02,533.6791381835938,535.578352198482,528.9311031463732,530.8303171612614,30206141
2023-06-05,527.0317993164062,531.779833544482,527.0317993164062,531.779833544482,16827391
2023-06-06,531.7798461914062,533.6790599278041,525.1325981140136,526.0822049822126,20228086
2023-06-07,539.376708984375,539.376708984375,531.779853928257,532.7294608102718,27604813
2023-06-08,530.830322265625,539.3767854148032,527.0318941993236,533.6791433153511,23080195
2023-06-09,536.5278930664062,537.4774999567893,532.7294655048742,532.7294655048742,19091713
2023-06-12,545.0743408203125,545.0743408203125,542.2255202236906,545.0743408203125,26392389
2023-06-13,563.1168212890625,564.0664280703256,559.3183941640098,563.1168212890625,56174363
2023-06-14,560.2681274414062,561.2177344370697,557.4193064544161,560.2681274414062,23583314
2023-06-15,563.8455810546875,565.7536879279689,560.0293673081244,562.8915276180467,27392154
2023-06-16,561.9373779296875,562.8914312029128,557.1671115635611,562.8914312029128,38128802
2023-06-19,556.213134765625,558.1212415744264,555.2590813612243,556.213134765625,14346885
2023-06-20,556.213134765625,558.1212415744264,552.3969211480221,552.3969211480221,16221413
2023-06-21,554.30517578125,558.121390416577,551.4430148047547,555.2592294400818,21703937
2023-06-26,547.626708984375,551.4429229842661,547.626708984375,549.5348159843206,27142262
2023-06-27,545.7186279296875,548.5807885656824,542.8564672936926,543.8105208390242,21501718
2023-06-28,547.626708984375,552.396976484239,544.7645484844567,552.396976484239,18175426
2023-06-29,546.672607421875,553.3509813345332,543.8104471735929,551.4428745023451,16937929
2023-06-30,549.5347900390625,549.5347900390625,541.9023623996311,543.8104693094889,22654976
2023-07-03,552.3969116210938,553.3509650090404,549.5347514572538,551.4428582331471,14785585
2023-07-04,558.1213989257812,558.1213989257812,553.3511305588943,558.1213989257812,17219541
2023-07-05,555.2591552734375,561.9375299932211,552.3969946792445,561.9375299932211,14913592
2023-07-06,539.0402221679688,547.6267035830338,539.0402221679688,546.6726500924709,28564891
2023-07-07,539.0402221679688,545.7185966019082,537.1321151868432,539.0402221679688,18796190
2023-07-10,539.0402221679688,546.6726500924709,539.0402221679688,540.9483291490943,18454982
2023-07-11,550.4888305664062,550.4888305664062,543.8104565387375,547.6266702688339,17850636
2023-07-12,551.44287109375,551.44287109375,545.7185506325692,547.6266574529628,15588228
2023-07-13,558.1213989257812,562.8916672926683,558.1213989257812,560.0295062725361,25442137
2023-07-14,563.8455810546875,563.8455810546875,560.0293673081244,561.937474181406,23121873
2023-07-17,563.8455810546875,563.8455810546875,560.0293673081244,560.9834207447652,13807834
2023-07-18,554.30517578125,560.9835513930723,553.3511221224182,560.0294977342405,20932006
2023-07-19,554.30517578125,560.0294977342405,552.3970684635865,557.1673367577453,22499123
2023-07-20,552.3969116210938,557.1671785608269,551.4428582331471,553.3509650090404,15108109
2023-07-21,534.2699584960938,537.1321189880371,531.4077980041503,534.2699584960938,46711021
2023-07-24,532.3618774414062,537.1321451604152,531.4078238976044,531.4078238976044,25268835
2023-07-25,542.8565063476562,542.8565063476562,535.2240774359142,535.2240774359142,19590349
2023-07-26,539.9942016601562,544.7644684592742,537.1320415806855,542.856361739627,13314305
2023-07-27,542.8565063476562,543.810559961624,539.994345505753,543.810559961624,12200358
2023-07-28,540.9483032226562,546.6726238916791,539.040196332982,542.8564101123305,18540078
2023-07-31,539.0402221679688,548.5807570735965,534.2699547151549,548.5807570735965,24208467
2023-08-01,540.9483032226562,541.9023566674935,538.0861428881449,539.040196332982,16259643
2023-08-02,535.2240600585938,542.8564887225309,532.3618993096173,540.9483815565466,25583234
2023-08-04,528.5455932617188,534.2699137663583,526.6374864268389,530.4537000965986,26279173
2023-08-07,532.3618774414062,535.2240380728116,530.4537703538026,532.3618774414062,14369551
2023-08-08,526.6375122070312,532.3618329918903,525.6834587428881,532.3618329918903,19010690
2023-08-09,528.5455932617188,531.4077535140385,524.7293795919591,524.7293795919591,14389090
2023-08-10,525.6835327148438,528.5456935100244,524.7294791164502,526.6375863132373,17892615
2023-08-11,520.9131469726562,532.3617875654619,520.9131469726562,530.4536807999943,17608427
2023-08-14,516.1429443359375,518.0510513390278,512.3267303297569,515.1888908343923,20939030
2023-08-15,517.0969848632812,519.9591452961039,515.1888779080662,518.0510383408888,14066307
2023-08-16,517.0969848632812,518.0510383408888,511.3726639976361,516.1429313856737,28269840
2023-08-17,519.005126953125,520.9132340375114,512.3267521577723,515.188912784352,22843138
2023-08-18,514.2348022460938,519.0050694283395,514.2348022460938,515.1888556825429,17592345
2023-08-21,512.3265991210938,519.0049719215549,509.4644393494675,519.0049719215549,16633821
2023-08-22,516.1429443359375,519.005104840573,513.280783831302,519.005104840573,14594304
2023-08-23,526.6375122070312,526.6375122070312,519.0050844938859,520.9131914221722,20636332
2023-08-24,538.086181640625,538.086181640625,532.3618605593417,537.1321281270777,23280827
2023-08-25,520.9131469726562,525.6834138863253,520.9131469726562,523.7753071208576,24144537
2023-08-28,523.775390625,527.5916047643443,521.8672835553278,521.8672835553278,8991985
2023-08-29,526.6375122070312,527.5915656711744,520.9131914221722,525.6834587428881,10516678
2023-08-30,529.4996337890625,534.2699007601351,528.545580394848,532.3617939717061,15117416
2023-08-31,523.775390625,530.4537653688525,522.821337090164,527.5916047643443,40431378
2023-09-01,522.8212280273438,527.5914947064254,518.0509613482621,518.0509613482621,13669766
2023-09-04,531.40771484375,531.40771484375,523.7752880596387,523.7752880596387,9531157
2023-09-05,526.6375122070312,529.4996725994608,524.7294052787449,527.5915656711744,12220686
2023-09-06,524.7293701171875,530.4536905184659,524.7293701171875,530.4536905184659,14067008
2023-09-07,517.0969848632812,522.8213057289264,517.0969848632812,520.9131987737114,20717005
2023-09-08,514.2348022460938,515.1888556825429,510.4185885002971,510.4185885002971,15283568
2023-09-11,511.3727111816406,515.1889254441902,511.3727111816406,514.2348718785528,14631968
2023-09-12,519.005126953125,519.9591804953183,511.37269861557905,511.37269861557905,16028336
2023-09-13,516.1429443359375,522.8213188467537,516.1429443359375,519.9591583421181,16191392
2023-09-14,527.6553955078125,527.6553955078125,520.9397813831677,521.8991548295455,17144287
2023-09-15,535.330322265625,535.330322265625,524.7772155542955,526.6959622290826,42517441
2023-09-18,518.061767578125,526.6961303710938,518.061767578125,525.7367567274306,36684692
2023-09-19,516.1429443359375,520.9398118483533,516.1429443359375,517.1023178384206,18901683
2023-09-20,513.2647705078125,516.1428907162675,513.2647705078125,514.2241439106309,24635567
2023-09-21,505.58990478515625,509.42739931862997,504.63053115178786,508.4680256852615,32012694
2023-09-22,500.79296875,503.67108926005744,500.79296875,501.7523422533525,29049309
2023-09-25,503.67108154296875,507.50857549758183,500.7929610770089,500.7929610770089,17116402
2023-09-26,497.9148254394531,502.71169273655767,497.9148254394531,499.83357235829493,26392692
2023-09-27,500.79296875,501.7523422533525,495.03672772988506,495.99610123323754,16846401
2023-09-28,501.7522888183594,503.671035620724,498.8741686148124,501.7522888183594,19733331
2023-10-02,511.3460693359375,512.3054428243727,506.54920189376173,508.46794887063203,25427911
2023-10-03,507.50860595703125,511.34610014196153,506.54923241079865,506.54923241079865,14490129
2023-10-04,498.87420654296875,501.75232696533203,497.91483306884766,499.83358001708984,28358964
2023-10-05,506.5491638183594,507.5085372346821,501.75229673674613,501.75229673674613,24945684
2023-10-06,510.3865966796875,511.34596998171696,507.50847677359906,508.4678500756285,15336587
2023-10-11,521.8991088867188,521.8991088867188,518.0616154390223,519.9803621628705,46639969
2023-10-12,527.6553955078125,527.6553955078125,521.8991548295455,522.8585282759233,34161176
2023-10-13,530.5335693359375,531.4929428790405,525.7367016204227,527.6554487066286,31123496
2023-10-16,522.8585205078125,524.7772673720614,519.9804002114392,523.8178939399369,19875676
2023-10-17,528.6148071289062,529.5741806445667,525.7366865819249,527.6554336132458,18364998
2023-10-18,518.061767578125,526.6961303710938,518.061767578125,526.6961303710938,26418940
2023-10-19,523.8179321289062,525.7366791330414,518.0616911165007,518.0616911165007,22881262
2023-10-20,533.41162109375,533.41162109375,523.8178869014164,526.6960071591164,45984177
2023-10-23,521.8991088867188,530.5334691440358,520.9397355247946,529.5740957821117,22747367
2023-10-24,521.8991088867188,523.817855610567,518.0616154390223,520.9397355247946,15007814
2023-10-25,521.8991088867188,528.6147224201876,521.8991088867188,521.8991088867188,16526355
2023-10-26,509.42724609375,513.2647394729872,508.4678727489407,508.4678727489407,28188348
2023-10-27,511.3460693359375,514.224189801243,510.3866958475023,512.3054428243727,15679643
2023-10-30,510.3865966796875,512.3053432837464,506.54910347156954,509.42722337765804,21404842
2023-10-31,507.50860595703125,513.2648472344266,505.58985886456605,513.2648472344266,25667058
2023-11-01,506.5491638183594,511.3460308999727,505.5897904020367,511.3460308999727,13603347
2023-11-02,524.7772827148438,524.7772827148438,513.2648011927631,514.2241746529365,29401438
2023-11-03,526.6961669921875,526.6961669921875,522.8586721507144,524.7774195714509,15426176
2023-11-06,527.6553955078125,533.4116361860796,527.6553955078125,530.533515846946,29215201
2023-11-07,532.4522705078125,532.4522705078125,527.6554032059403,529.5741501266892,14777790
2023-11-08,533.41162109375,534.3709945129833,527.6553805783498,527.6553805783498,15314834
2023-11-09,534.3709106445312,534.3709106445312,528.6146710325614,528.6146710325614,13165684
2023-11-10,534.3709106445312,534.3709106445312,531.4927908385463,532.452164107208,12994933
2023-11-13,547.8023071289062,556.4366692377681,547.8023071289062,555.4772956701169,43866014
2023-11-14,548.7616577148438,552.5991518247378,547.8022841873702,552.5991518247378,21568576
2023-11-15,557.3960571289062,559.3148043135152,551.6398155750793,559.3148043135152,50305088
2023-11-16,559.3147583007812,559.3147583007812,554.5178907338792,557.3960112740205,28291435
2023-11-17,556.4365234375,559.3146433863146,555.4771501212284,555.4771501212284,22031704
2023-11-20,553.5584106445312,555.4771573018779,551.6396639871845,552.5990373158579,22010114
2023-11-21,561.2335205078125,561.2335205078125,557.3960263504941,558.3553998898237,35921706
2023-11-22,553.5584106445312,555.4771573018779,550.6802906585111,552.5990373158579,21969125
2023-11-23,554.517822265625,554.517822265625,550.6803286859321,550.6803286859321,14486134
2023-11-24,551.6397094726562,554.5178296959918,550.6803360648777,553.5584562882133,10058969
2023-11-27,544.924072265625,553.5584325656085,544.924072265625,549.7209390989492,18528520
2023-11-28,551.6397094726562,552.5990828804348,542.045975394871,542.045975394871,26343906
2023-11-29,550.680419921875,555.4772876912293,546.8429257063915,554.5179141373584,24868842
2023-11-30,553.5584106445312,553.5584106445312,546.8427973438177,552.5990373158579,47192647
2023-12-01,555.477294921875,555.477294921875,549.7210535237208,549.7210535237208,28051165
2023-12-04,550.680419921875,558.3554083528419,547.8022992602624,558.3554083528419,26847171
2023-12-05,546.8428344726562,548.7615812602796,543.9647142912212,547.8022078664679,22229723
2023-12-06,546.8428344726562,551.6397014417147,544.9240876850329,544.9240876850329,21518089
2023-12-07,543.00537109375,549.7209852238848,543.00537109375,546.8428648823984,20840397
2023-12-08,546.8428344726562,553.558448229338,546.8428344726562,550.680328047903,33507214
2023-12-11,550.680419921875,551.6397934757458,546.8429257063915,548.7616728141332,27378610
2023-12-12,554.517822265625,557.3959424503946,551.6397020808553,556.4365690554714,29403010
2023-12-13,553.5584106445312,555.4771573018779,552.5990373158579,552.5990373158579,22977731
2023-12-14,561.2736206054688,561.2736206054688,558.3804576126571,560.3092329411982,39409958
2023-12-15,564.166748046875,565.131135650374,559.3448100293804,564.166748046875,54323262
2023-12-18,564.166748046875,564.166748046875,556.4516472188835,558.3804224258814,26122277
2023-12-19,564.166748046875,567.0599108573717,559.3448100293804,567.0599108573717,28254292
2023-12-20,564.166748046875,566.0955232538729,562.2379728398771,566.0955232538729,38121456
2023-12-21,556.4515991210938,558.3803741613748,554.5228240808126,556.4515991210938,24923414
2023-12-22,561.2736206054688,561.2736206054688,558.3804576126571,561.2736206054688,18690214
2023-12-25,560.3092651367188,564.1668160154569,559.3448774170342,561.2736528564033,9548143
2023-12-26,565.131103515625,565.131103515625,561.2735533209791,562.2379408696406,16094308
2023-12-27,570.91748046875,570.91748046875,565.1311546531883,566.0955422891153,33401336
2023-12-28,571.8817749023438,571.8817749023438,568.0242249873195,570.9173874235877,25514849
2023-12-29,571.8817749023438,571.8817749023438,568.0242249873195,568.0242249873195,18416318
2024-01-02,571.8817749023438,571.8817749023438,568.0242249873195,568.9886124660756,26059058
2024-01-03,557.416015625,564.1667286169983,555.4872404844291,563.2023410467128,37106763
2024-01-04,559.3447875976562,560.3091751624798,556.4516249031856,559.3447875976562,15309129
2024-01-05,555.4871826171875,559.3447324964735,553.5584076775444,557.4159575568304,18158971
2024-01-08,562.2379760742188,564.1667512923121,558.380425638032,561.2735884651721,17761275
2024-01-09,565.131103515625,568.0242661616095,562.2379408696406,567.059878612948,22501510
2024-01-10,563.2024536132812,565.1312291393541,559.3449025611354,560.3092903241719,13037716
2024-01-11,565.131103515625,568.0242661616095,562.2379408696406,565.131103515625,23997409
2024-01-12,563.2024536132812,567.060004665427,560.3092903241719,560.3092903241719,16496053
2024-01-15,565.131103515625,568.9886537102709,564.1667159669636,568.9886537102709,21143076
2024-01-16,559.3447875976562,567.0598881162446,558.3804000328327,560.3091751624798,27223860
2024-01-17,560.3092651367188,563.2024282957724,557.4161019776651,562.2380405760879,42592335
2024-01-18,567.0598754882812,568.0242630316286,564.166712858239,565.1311004015864,27209996
2024-01-19,603.7066650390625,604.6710526828948,592.1340133130741,602.7422773952301,161106401
2024-01-22,603.7066650390625,610.457378545889,600.8135021075653,610.457378545889,65168775
2024-01-23,605.6353149414062,606.5997023855805,599.848990276361,606.5997023855805,41072439
2024-01-24,604.6710815429688,607.5642446125523,601.7779184733852,605.6354692328299,26635005
2024-01-25,619.1369018554688,619.1369018554688,610.4574125771211,612.3861879723095,52243347
2024-01-26,621.065673828125,622.9944492126845,616.2437353667266,621.065673828125,41153025
2024-01-29,624.923095703125,624.923095703125,621.0655457296489,622.9943207163869,27825490
2024-01-30,619.1369018554688,623.9588403434396,619.1369018554688,619.1369018554688,36161825
2024-01-31,605.6353149414062,614.3148019389741,603.7065400530578,611.4216396064515,41277950
2024-02-01,605.6353149414062,605.6353149414062,596.9558279438384,602.7421526088835,44946369
2024-02-02,612.3861694335938,612.3861694335938,605.6354557547982,610.457394096795,26334815
2024-02-05,622.994384765625,623.9587723581415,615.2792840254934,622.0299971731085,44017740
2024-02-15,672.1781005859375,683.7507508112334,668.3205505108389,683.7507508112334,112945296
2024-02-16,658.6767578125,674.1069600452964,658.6767578125,672.1781847661969,44232811
2024-02-19,653.8548583984375,657.7124091854489,649.9973076114261,649.9973076114261,34408673
2024-02-20,662.5343627929688,663.4987505117358,650.9617101677641,650.9617101677641,30166461
2024-02-21,656.7479248046875,658.6766999142461,653.8547621403497,653.8547621403497,30564485
2024-02-22,667.3563232421875,670.2494864932374,660.6056089897376,670.2494864932374,33145643
2024-02-23,672.1781005859375,677.9644256985854,671.2137130671629,676.0356506610361,46448923
2024-02-26,673.142578125,675.0713534204871,670.2494151817693,675.0713534204871,28798079
2024-02-27,673.142578125,676.0357410682307,666.3918645907951,675.0713534204871,33006829
2024-02-29,665.4274291992188,673.1425298276155,663.4986540421195,666.3918167777683,54368302
2024-03-01,664.4631958007812,672.178298219368,663.4988079984579,672.178298219368,23390635
2024-03-04,699.1810302734375,699.1810302734375,685.6796034819505,688.5727663658405,88861397
2024-03-05,704.0030517578125,711.7181536948844,702.0742762735445,708.8249904684824,64403889
2024-03-06,708.8248291015625,711.717991669324,691.4658536949936,692.4302412175808,43687122
2024-03-07,732.9345092773438,741.613996887207,727.1481842041015,728.1125717163086,71817344
2024-03-08,756.0798950195312,767.6525464739119,744.5072435651507,766.6881588527135,87139744
2024-03-11,738.720947265625,750.2935991810133,733.8990089675465,740.6497225848564,64759810
2024-03-12,742.5784912109375,743.5428788618608,727.1482887961648,730.0414517489347,58110339
2024-03-13,751.2579345703125,757.0442601254111,749.3291593852796,757.0442601254111,36754557
2024-03-14,756.0798950195312,757.0442826407296,742.5784683227539,751.2579569135394,42010806
2024-03-15,726.183837890625,749.3291394967007,726.183837890625,743.5428140951818,73316437
2024-03-18,740.2325439453125,741.2014347096389,730.5436363020492,730.5436363020492,43589856
2024-03-19,738.2947998046875,741.2014722448635,731.5125641109437,734.4192365511196,30152375
2024-03-20,734.4193115234375,745.077111558738,728.6059660496371,740.2326569972378,41280325
2024-03-21,759.6104125976562,759.6104125976562,747.9837226089167,748.9526134413117,46026103
2024-03-22,760.5792846679688,764.4548479019456,750.8903765830265,763.4859570934515,30660820
2024-03-25,755.7348022460938,763.4859284229767,754.7659114739834,758.6414745624248,19877101
2024-03-26,757.672607421875,767.3615154451726,751.8592626078964,763.4859522358536,40990702
2024-03-27,754.7659301757812,760.5792749524882,754.7659301757812,760.5792749524882,18794479
2024-03-28,745.0769653320312,751.8592003870692,744.1080746098829,749.9214189427727,27190918
2024-03-29,751.8592529296875,752.8281437195453,744.1081266108247,745.0770174006826,9802000
2024-04-01,746.0459594726562,758.6415406066102,745.0770686161983,758.6415406066102,21041261
2024-04-02,765.4237060546875,765.4237060546875,758.6414706845827,759.6103614517405,37974481
2024-04-03,755.7348022460938,760.5792561066456,753.797020701873,758.6414745624248,30890544
2024-04-08,758.6415405273438,767.3615582345546,758.6415405273438,764.4548856654843,32202226
2024-04-09,793.5215454101562,794.4904361859927,767.3614944625687,770.2681667900783,56857731
2024-04-10,789.64599609375,793.5215592647622,784.8015421299847,789.64599609375,27480849
2024-04-11,794.490478515625,794.490478515625,785.7704610685023,785.7704610685023,25200651
2024-04-12,792.552734375,800.3038613615525,791.5838435016809,797.3971887415953,31508936
2024-04-15,780.9259643554688,786.7393090032762,778.019292031565,778.9881828061996,38913470
2024-04-16,763.4860229492188,778.0193863302318,760.5793502730162,777.0504954381643,49508969
2024-04-17,778.9882202148438,782.8637834994947,768.3304211820536,773.1748752878673,34472074
2024-04-18,778.9882202148438,784.8015651418202,767.3615303608908,771.2370936455418,43598591
2024-04-19,726.6681518554688,746.0459692382813,722.7925883789063,745.0770783691406,130968654
2024-04-22,718.9169921875,733.4503545632581,716.9792105373989,716.9792105373989,46540798
2024-04-23,730.5437622070312,737.3259987261947,728.6059803444132,737.3259987261947,30423647
2024-04-24,758.6415405273438,760.5793222400573,745.0770685383491,746.0459593947058,39457128
2024-04-25,742.1704711914062,749.92159882787,741.2015802368483,746.0460350096381,28534926
2024-04-26,757.672607421875,764.4548430381833,757.672607421875,763.4859522358536,32571247
2024-04-29,770.2682495117188,770.2682495117188,762.5171224726071,765.423795112274,26765837
2024-04-30,765.4237060546875,777.0503952605815,765.4237060546875,772.2059414247923,39051972
2024-05-02,747.9837036132812,764.4548473456981,747.9837036132812,764.4548473456981,40527228
2024-05-03,755.7348022460938,763.4859284229767,748.9525668413211,763.4859284229767,29901556
2024-05-06,761.5481567382812,768.3303922308614,761.5481567382812,766.3926106615528,32599878
2024-05-07,775.1126708984375,775.1126708984375,767.3615441894532,772.2059983825684,33890214
2024-05-08,777.0504150390625,777.0504150390625,767.3615071208698,769.2992887045083,21757193
2024-05-09,771.237060546875,777.050405224364,771.237060546875,773.174842106038,21923999
2024-05-10,777.0504150390625,781.8948689981589,773.1748518717854,778.0193058308818,25101318
2024-05-13,793.5215454101562,799.3348900651756,792.5526546343197,797.3971085135025,34812619
2024-05-14,799.3349609375,799.3349609375,785.770488873106,790.6149431818181,28691846
2024-05-15,812.8993530273438,817.7438068594495,810.9615714945014,811.9304622609226,39467772
2024-05-16,814.8372192382812,829.3705822449093,810.9616557698471,825.4950187764751,43927195
2024-05-17,809.0238037109375,821.6193838884731,808.0549129280502,821.6193838884731,26207289
2024-05-20,809.0238037109375,811.9304760595995,796.4282235334019,808.0549129280502,28808661
2024-05-21,814.8372192382812,814.8372192382812,804.1794197000872,804.1794197000872,19705349
2024-05-22,837.1216430664062,838.0905338569924,816.7749364640978,818.71271804527,36628342
2024-05-23,847.7794189453125,849.7172004743303,840.0282928292411,847.7794189453125,37266618
2024-05-24,840.0283203125,844.8727742935409,831.3083031466264,831.3083031466264,34136382
2024-05-27,841.9661254882812,850.6861428984015,839.0594530182411,844.8727979583213,26726954
2024-05-28,838.0905151367188,845.8416412882723,838.0905151367188,840.0282966746072,25329216
2024-05-29,830.3394165039062,840.9972153155084,829.3705257028515,834.2149797081253,33436835
2024-05-30,811.9306030273438,821.6195123713454,811.9306030273438,814.8372758305442,38065102
2024-05-31,795.4594116210938,819.6816835949395,795.4594116210938,811.9305565633089,77438401
2024-06-03,819.6817016601562,826.4639379623089,810.9616835573887,812.8994653580037,28345488
2024-06-04,812.8993530273438,824.5260422243975,810.9615714945014,817.7438068594495,28223635
2024-06-05,827.4327392578125,830.339411643964,809.0238141455193,814.8371589178223,31975446
2024-06-06,866.1884155273438,871.0328697528882,857.4683979213638,865.2195246822349,62925136
2024-06-07,851.655029296875,860.3750466616895,851.655029296875,857.4683742067513,41075399
2024-06-11,855.5305786132812,867.1572682433598,855.5305786132812,864.2505958358402,48228488
2024-06-12,880.7217407226562,885.5661947420328,860.3750338412748,860.3750338412748,48106925
2024-06-13,893.8521728515625,909.4143434343971,886.0710875601452,897.7427154972711,55857091
2024-06-14,896.77001953125,896.77001953125,880.2352143988951,890.9342059551248,38408123
2024-06-17,895.7974243164062,899.6879668758695,888.0163391974797,888.0163391974797,26292426
2024-06-18,917.1953735351562,924.0038227554596,914.2774667264548,918.1680091380567,37876013
2024-06-19,954.155517578125,957.0734243597094,926.9217209500032,926.9217209500032,72228052
2024-06-20,954.155517578125,954.155517578125,944.4291616395101,944.4291616395101,48225374
2024-06-21,943.45654296875,951.237627859214,933.7301868556701,934.7028224669781,88376132
2024-06-24,914.2774658203125,933.7301778590426,914.2774658203125,931.7849066551696,66391994
2024-06-25,919.1405639648438,919.1405639648438,897.7425825815352,899.6878536163814,57368432
2024-06-26,933.7301635742188,933.7301635742188,924.9764432907104,924.9764432907104,44967166
2024-06-27,933.7301635742188,934.7027991612753,923.0311721165975,924.9764432907104,39729446
2024-06-28,939.5659790039062,944.429156949061,928.8669875245656,929.8396231135966,39138210
2024-07-01,941.5112915039062,950.2650121893764,938.5933846087495,941.5112915039062,19935737
2024-07-02,933.7301635742188,944.4291550318401,932.7575279871623,940.5386126836141,25427569
2024-07-03,952.2102661132812,952.2102661132812,940.5386387451921,949.292359271259,24070411
2024-07-04,977.498779296875,982.3619573033271,969.7176944865516,972.6356012904229,41893299
2024-07-05,977.498779296875,982.3619573033271,972.6356012904229,977.498779296875,19998094
2024-07-08,1006.6778564453125,1021.2673905966938,972.6356100920893,977.4987881425498,40146763
2024-07-09,1011.5411376953125,1026.1306733351487,996.9516020554762,1001.8147806020883,46373121
2024-07-10,1016.4042358398438,1021.267414001757,987.225166868365,992.0883450302781,46206302
2024-07-11,1050.4466552734375,1050.4466552734375,1026.1307604754413,1035.8571183946397,41724336
2024-07-12,1011.5411376953125,1016.4043162419246,996.9516020554762,1001.8147806020883,68983062
2024-07-15,1011.5411376953125,1016.4043162419246,996.9516020554762,1011.5411376953125,38393309
2024-07-16,1026.130615234375,1040.720150048134,1006.6779021493631,1011.5410804206161,32125609
2024-07-17,1001.814697265625,1016.4042316918234,992.0883409814927,1006.6778754076911,54022399
2024-07-18,977.498779296875,977.498779296875,959.018702872357,960.9639740749378,81990095
2024-07-19,943.45654296875,967.7724332514498,943.45654296875,960.9639839722938,92507621
2024-07-22,913.3048095703125,938.5933346489368,912.3321739903655,937.6206990689897,83062356
2024-07-23,952.2102661132812,952.2102661132812,929.8396469911103,936.6480962891623,47213266
2024-07-26,898.71533203125,904.5511458756088,889.9616112647118,889.9616112647118,82081735
2024-07-29,918.1680297851562,922.0585722842459,910.386944786977,916.2227585356114,40809258
2024-07-30,914.2774658203125,923.031186237741,900.6605673932015,904.5511098009475,41761392
2024-07-31,908.441650390625,914.2774639905648,902.6058367906852,903.5784723906752,39894991
2024-08-01,933.7301635742188,942.483883857727,922.058536529541,942.483883857727,47382270
2024-08-02,878.2899780273438,902.6058688918881,878.2899780273438,892.8795125460704,76144485
2024-08-05,792.697998046875,833.5486924247508,790.7527268860238,828.6855145226227,144057989
2024-08-06,855.9193725585938,870.5089073181152,817.0139465332031,844.2477447509766,102930842
2024-08-07,894.8247680664062,894.8247680664062,868.5636063948922,876.3446913346,59158704
2024-08-08,871.4815063476562,880.2352268355233,862.7277858597892,876.3446843964713,38236391
2024-08-09,908.441650390625,908.441650390625,896.7700231907454,901.6332011906952,49494621
2024-08-12,914.2774658203125,922.0585506358045,905.523745402884,916.2227370241856,38331663
2024-08-13,915.2500610351562,919.1406032712249,911.3595187990876,919.1406032712249,25764381
2024-08-14,922.05859375,928.8670432819093,919.1406868077531,924.9765006922469,36780856
2024-08-15,917.1953735351562,924.0038227554596,915.2501023293553,919.1406447409572,19476402
2024-08-16,942.4840087890625,942.4840087890625,931.7850159132321,936.648194493155,44062316
2024-08-19,946.3744506835938,948.3197219080204,937.6207301736736,942.4839082347403,21348863
2024-08-20,946.3744506835938,950.2649931324471,941.5112726225269,950.2649931324471,24039959
2024-08-21,931.784912109375,937.620725755154,929.8396408941154,934.7028189322646,29758188
2024-08-22,924.9764404296875,937.620703022312,922.0585336775433,931.7848895180238,24349754
2024-08-23,923.0311889648438,925.9490957792742,913.304832916742,918.1680109407929,27592153
2024-08-26,924.0038452148438,934.7028371068051,919.1406670821341,930.8122946006373,25057581
2024-08-27,916.2227783203125,920.1133209034135,914.2775070287619,919.1406852576383,18693037
2024-08-28,937.6207275390625,937.6207275390625,917.1953797399751,919.1406509589358,31059233
2024-08-29,917.1953735351562,921.0859159467582,911.3595599177534,916.2227379322558,43530708
2024-08-30,918.1680297851562,925.9491147833355,915.250122910839,918.1680297851562,63834981
2024-09-02,922.05859375,928.8670432819093,917.195415512922,924.0038650448312,18646835
2024-09-03,914.2774658203125,925.9490930435505,913.304830218376,922.0585506358045,19547575
2024-09-04,864.6731567382812,880.2353282881265,863.7005210164159,869.5363353476079,79709021
2024-09-05,877.3173828125,889.9616466446092,875.372111453714,882.180561209465,30512026
2024-09-06,892.8795166015625,892.8795166015625,878.2899820165696,884.1257958505668,24458336
2024-09-09,874.3994140625,875.3720496732481,866.6183291765155,867.5909647872636,35885268
2024-09-10,879.2625122070312,886.0709608635016,876.3446056399724,882.18041877409,33498628
2024-09-11,876.3447875976562,881.2079662191749,875.3721518733525,881.2079662191749,18029342
2024-09-12,918.3546752929688,922.262567528258,906.6309985871011,914.4467830576796,39454846
2024-09-13,925.1934814453125,933.0092658714609,917.3776970191642,933.0092658714609,25347586
2024-09-16,925.1934814453125,930.0783467116553,921.2855892322384,930.0783467116553,13626239
2024-09-18,919.33154296875,926.1703535965728,911.5157593940954,923.2394347560773,28424324
2024-09-19,937.8941650390625,937.8941650390625,914.446810913086,918.3547032674154,32739630
2024-09-20,950.5947265625,959.3874835399537,948.6407805675102,958.4105105424588,60133709
2024-09-23,954.502685546875,954.502685546875,948.6408471504766,948.6408471504766,14497067
2024-09-24,964.2723999023438,964.2723999023438,948.6408311096006,953.5256963573329,26785975
2024-09-25,981.85791015625,981.85791015625,975.0190988417289,976.9730449315921,39405222
2024-09-26,991.6276245117188,991.6276245117188,981.8578942209629,986.7427593663408,38321585
2024-09-27,976.9729614257812,1001.3972854614258,976.9729614257812,996.5124206542969,35783779
2024-09-30,934.9631958007812,967.2033060008082,934.9631958007812,955.4796295644348,61603217
2024-10-01,949.6177368164062,954.5026017177252,944.7328719150872,944.7328719150872,26760355
2024-10-04,954.502685546875,963.2954431414726,944.7329548862109,963.2954431414726,40934818
2024-10-07,981.85791015625,986.742775380908,966.2263414373446,970.134233617071,39667071
2024-10-08,986.7427978515625,986.7427978515625,974.0421479782256,976.9730671797648,30845902
2024-10-09,996.5125122070312,1011.1671079747817,996.5125122070312,1006.2822427188648,46975717
2024-10-11,1020.9369506835938,1025.8218164763382,996.5126217198714,1001.3974875126158,43058754
2024-10-14,1020.9369506835938,1030.7066822690826,1011.1672190981049,1020.9369506835938,36858874
2024-10-15,1045.3612060546875,1050.246071503541,1025.8217442592727,1025.8217442592727,42850176
2024-10-16,1020.9369506835938,1045.361279647316,1011.1672190981049,1016.0520848908493,52652149
2024-10-17,1011.1671142578125,1030.706575402891,1006.2822489715429,1025.8217101166215,54173771
2024-10-18,1060.0159912109375,1074.6705901677708,1050.2462585730486,1069.7857238488264,85011961
2024-10-21,1060.0159912109375,1069.7857238488264,1055.131124891993,1064.900857529882,36491060
2024-10-22,1050.2459716796875,1050.2459716796875,1035.5913767260174,1040.4762417105742,41197877
2024-10-23,1035.5914306640625,1045.3611611420254,1030.706565425081,1035.5914306640625,31423466
2024-10-24,1035.5914306640625,1050.2460263810067,1030.706565425081,1045.3611611420254,38236996
2024-10-25,1040.476318359375,1045.3611837037852,1035.5914530149648,1040.476318359375,22009575
2024-10-28,1025.8216552734375,1055.130845424107,1025.8216552734375,1050.2459803989955,40142324
2024-10-29,1016.0520629882812,1016.0520629882812,996.5126002385066,1011.1671973008375,45415773
2024-10-30,1006.2822875976562,1030.7066149665313,1006.2822875976562,1016.0520185452062,38201984
2024-11-01,1001.3973999023438,1006.2822652677211,973.0651807831555,973.0651807831555,54480255
2024-11-04,1016.0520629882812,1020.9369286757249,1001.3974659259502,1006.2823316133939,26747978
2024-11-05,1025.8216552734375,1030.706520298549,1006.2821951729911,1006.2821951729911,32385622
2024-11-06,1035.5914306640625,1055.1308916199882,1016.0519697081368,1025.8217001860996,55349259
2024-11-07,1040.476318359375,1050.2460490481953,1025.8217223261445,1025.8217223261445,43975446
2024-11-08,1064.900634765625,1064.900634765625,1055.130904171445,1060.015769468535,37099479
2024-11-11,1060.0159912109375,1064.900857529882,1045.3613922541042,1055.131124891993,34690205
2024-11-12,1025.8216552734375,1040.4762503487723,1025.8216552734375,1035.5913853236607,51099848
2024-11-13,1011.1671142578125,1025.8217101166215,1011.1671142578125,1020.9368448303518,42331232
2024-11-14,1011.1671142578125,1016.0519795440821,1001.3973836852732,1006.2822489715429,44627940
2024-11-15,1011.1671142578125,1020.9368448303518,1006.2822489715429,1016.0519795440821,34791611
2024-11-18,1001.3973999023438,1011.1671306330984,996.5125345369664,1006.2822652677211,31815076
2024-11-19,1016.0520629882812,1020.9369286757249,1001.3974659259502,1006.2823316133939,24349599
2024-11-20,1001.3973999023438,1001.3973999023438,1001.3973999023438,1001.3973999023438,40203197
2024-11-21,986.7427978515625,1001.397393859259,986.7427978515625,996.5125285233602,41429227
2024-11-22,1016.0520629882812,1025.8217943631685,1011.1671973008375,1011.1671973008375,25187973
2024-11-25,1006.2822875976562,1025.8217494927565,1006.2822875976562,1020.9368840189813,49566674
2024-11-26,986.7427978515625,996.5125285233602,986.7427978515625,991.6276631874613,27312402
2024-11-27,976.9729614257812,996.5124206542969,976.9729614257812,986.7426910400391,31276090
2024-11-28,981.85791015625,981.85791015625,969.1572605721393,981.85791015625,33689956
2024-11-29,973.0651245117188,986.7427467438113,971.1111784785627,972.0881514951408,40094983
2024-12-02,1011.1671142578125,1016.0519795440821,991.627653112734,996.5125183990036,31168404
2024-12-03,1030.70654296875,1040.4762732338568,1030.70654296875,1035.5914081013034,43414538
2024-12-04,1045.3612060546875,1045.3612060546875,1030.7066097081265,1040.4763406058337,33466290
2024-12-05,1050.2459716796875,1055.1308366642443,1045.3611066951307,1045.3611066951307,31425359
2024-12-06,1040.476318359375,1055.1309143926057,1035.5914530149648,1050.2460490481953,30765288
2024-12-09,1050.2459716796875,1050.2459716796875,1040.4762417105742,1045.3611066951307,22247131
2024-12-10,1040.476318359375,1050.2460490481953,1035.5914530149648,1045.3611837037852,28506584
2024-12-11,1020.9369506835938,1035.591548061827,1020.9369506835938,1020.9369506835938,25264194
2024-12-12,1039.5701904296875,1044.4738234034126,1034.6665574559627,1039.5701904296875,22791260
2024-12-13,1044.4739990234375,1049.3776328216695,1034.6667314269732,1039.5703652252055,20423659
2024-12-16,1064.0885009765625,1064.0885009765625,1054.281233686456,1064.0885009765625,39722392
2024-12-17,1054.28125,1073.895784883721,1054.28125,1068.9921511627908,37880707
2024-12-18,1064.0885009765625,1068.9921346216158,1049.3776000414027,1054.281233686456,41863190
2024-12-19,1049.37744140625,1049.37744140625,1034.6665426949476,1044.4738085024826,42702851
2024-12-20,1015.0520629882812,1039.570228760945,1015.0520629882811,1039.570228760945,52030520
2024-12-23,1059.184814453125,1059.184814453125,1039.5702808521412,1044.4739142523872,30728473
2024-12-24,1059.184814453125,1073.8957146538628,1059.184814453125,1073.8957146538628,26461906
2024-12-25,1064.0885009765625,1068.9921346216158,1059.1848673315092,1068.9921346216158,15481622
2024-12-26,1064.0885009765625,1068.9921346216158,1064.0885009765625,1064.0885009765625,14374900
2024-12-27,1068.9920654296875,1073.8956987573467,1059.1847987743693,1059.1847987743693,24948385
2024-12-30,1068.9920654296875,1073.8956987573467,1064.0884321020285,1068.9920654296875,23954634
2024-12-31,1054.28125,1064.0885174418604,1054.28125,1059.1848837209302,28397820
2025-01-02,1044.4739990234375,1054.2812666199018,1034.6667314269732,1049.3776328216695,43177098
2025-01-03,1054.28125,1064.0885174418604,1054.28125,1059.1848837209302,30415096
2025-01-06,1103.3175048828125,1103.3175048828125,1073.8957047526042,1078.799338107639,69289786
2025-01-07,1108.2210693359375,1137.6428676368917,1108.2210693359375,1127.8356015365734,48758688
2025-01-08,1083.7030029296875,1108.2211704167846,1083.7030029296875,1088.6066364271069,45211419
2025-01-09,1078.79931640625,1093.5102161754262,1078.79931640625,1078.79931640625,27263215
2025-01-10,1078.79931640625,1088.606582919034,1078.79931640625,1078.79931640625,22021522
2025-01-13,1054.28125,1093.5103197674418,1049.3776162790698,1088.6066860465116,56690300
2025-01-14,1068.9920654296875,1068.9920654296875,1054.2811654467102,1064.0884321020285,28695247
2025-01-15,1044.4739990234375,1064.0885342163658,1044.4739990234375,1064.0885342163658,35489482
2025-01-16,1083.7030029296875,1093.5102699245263,1068.9921024374294,1073.8957359348487,47542962
2025-01-17,1098.413818359375,1103.3174514770508,1073.895652770996,1103.3174514770508,59214050
2025-01-20,1098.413818359375,1113.1247177124023,1098.413818359375,1103.3174514770508,29834528
2025-01-21,1098.413818359375,1103.3174514770508,1088.6065521240234,1093.5101852416992,21904213
2025-01-22,1113.124755859375,1127.8356557165473,1113.124755859375,1118.028389145099,42960405
2025-02-03,1049.37744140625,1054.2810743100176,1039.570175598715,1044.4738085024826,97946226
2025-02-04,1073.895751953125,1078.7993855236873,1059.1848512414383,1064.0884848120006,53308108
2025-02-05,1088.6065673828125,1098.4138337556305,1083.7029341964035,1088.6065673828125,40385340
2025-02-06,1093.51025390625,1098.4138873318386,1083.7029870550728,1098.4138873318386,29971252
2025-02-07,1103.3175048828125,1103.3175048828125,1083.7029714626735,1088.6066048177083,27883220
2025-02-10,1083.7030029296875,1103.3175369193652,1073.8957359348487,1103.3175369193652,28527108
2025-02-11,1088.6065673828125,1093.5102005692215,1078.7993010099945,1088.6065673828125,18898928
2025-02-12,1078.79931640625,1093.5102161754262,1078.79931640625,1088.606582919034,24172954
2025-02-13,1068.9920654296875,1073.8956987573467,1059.1847987743693,1068.9920654296875,33210403
2025-02-14,1039.5701904296875,1049.3774563771374,1039.5701904296875,1044.4738234034126,64486940
2025-02-17,1064.0885009765625,1064.0885009765625,1044.4739663963494,1044.4739663963494,35491271
2025-02-18,1078.79931640625,1078.79931640625,1059.184783380682,1064.0884166370738,21616188
2025-02-19,1068.9920654296875,1073.8956987573467,1064.0884321020285,1068.9920654296875,26400293
2025-02-20,1059.184814453125,1064.088447853371,1049.3775476526332,1059.184814453125,29643124
2025-02-21,1073.895751953125,1073.895751953125,1059.1848512414383,1064.0884848120006,28972910
2025-02-24,1054.28125,1064.0885174418604,1054.28125,1059.1848837209302,30822970
2025-02-25,1034.666748046875,1039.5703819238745,1029.7631141698755,1034.666748046875,45158522
2025-02-26,1039.5701904296875,1039.5701904296875,1024.8592915085128,1024.8592915085128,36768449
2025-02-27,1019.9556274414062,1044.4737915625938,1019.9556274414062,1044.4737915625938,55283596
2025-03-03,1000.3411254882812,1000.3411254882812,980.7265936159621,980.7265936159621,65621663
2025-03-04,980.7266235351562,990.5338897705078,976.8037170410156,976.8037170410156,64569262
2025-03-05,1000.3411254882812,1010.1483914244409,995.4374925202014,1000.3411254882812,41994320
2025-03-06,985.6302490234375,1005.2447813423119,985.6302490234375,1000.3411482625933,45187017
2025-03-07,985.6302490234375,990.5338821031561,980.7266159437189,985.6302490234375,40822280
2025-03-10,978.7652587890625,985.630345774557,972.8808985157816,985.630345774557,46849886
2025-03-11,952.2855834960938,960.1313967483788,944.4397702438088,950.3241301830225,50204233
2025-03-12,968.9579467773438,975.8230334447945,957.1892267759995,961.1121334431143,34184887
2025-03-13,946.401123046875,985.6301851420823,946.401123046875,980.7265523801814,37035693
2025-03-14,940.516845703125,950.3241120816768,936.5939391517043,946.4012055302561,34333748
2025-03-17,951.3048095703125,966.0157086873792,949.3433563547036,958.1698958249436,31491061
2025-03-18,956.7239990234375,963.6210824355529,953.7681061325309,961.6504871749485,21575327
2025-03-19,938.0033569335938,952.7828215911609,936.0327616459182,950.8122263034853,35245036
2025-03-20,970.5181884765625,970.5181884765625,956.7240213307027,963.6211049036326,28715956
2025-03-21,957.7093505859375,972.4888158727575,955.7387552143615,970.5182205011815,39214916
2025-03-24,957.7093505859375,972.4888158727575,957.7093505859375,971.5035181869696,16121506
2025-03-25,975.4447021484375,980.3711905431265,970.5182137537483,974.4594044694996,26167428
2025-03-26,965.5916748046875,980.3711392149634,965.5916748046875,980.3711392149634,21735917
2025-03-27,943.9151611328125,949.8269471106797,943.9151611328125,946.871054121746,34563256
2025-03-28,938.0033569335938,940.9592498651073,932.0915710705669,932.0915710705669,33101234
2025-03-31,896.620849609375,910.4150165264423,896.620849609375,906.4738259787088,51064611
2025-04-01,930.1209716796875,932.0915669586699,911.4003165293549,915.3415070873197,32197752
2025-04-02,928.150390625,938.003367170913,924.2092000066349,935.0474742071391,24849656
2025-04-07,835.5324096679688,835.5324096679688,835.5324096679688,835.5324096679688,23820773
2025-04-08,804.0029296875,830.60596780216,785.282273236443,785.282273236443,116648736
2025-04-09,773.4586791992188,813.8558841000697,768.532190796676,797.1058235314242,107582838
2025-04-10,850.3118896484375,850.3118896484375,850.3118896484375,850.3118896484375,19416428
2025-04-11,875.9296264648438,875.9296264648438,823.7088500839251,835.5324220946991,76103586
2025-04-14,852.2824096679688,889.7237178383535,852.2824096679688,881.8413371709041,66326054
2025-04-15,864.1060791015625,866.0766744929002,852.2825067535366,861.1501860145561,30562095
2025-04-16,842.4295043945312,856.2236717179505,839.4736113966557,854.2530763860334,42128082
2025-04-17,834.547119140625,843.4147980925325,829.6206308340097,836.5177144632711,33684502
2025-04-18,837.5029907226562,845.3853718118106,837.5029907226562,840.4588836310892,20101219
2025-04-21,822.7235717773438,834.5471440663595,819.7676787050898,831.5912509941055,18415705
2025-04-22,804.0029296875,816.8117998908548,804.0029296875,813.8559067670037,28888527
2025-04-23,860.1649169921875,860.1649169921875,835.5324737793528,840.4589624219198,37863656
2025-04-24,851.2971801757812,872.973728745072,846.3706918645788,872.973728745072,32238198
2025-04-25,874.9443359375,887.7532057203688,872.9737405862894,886.7679080447635,34640282
2025-04-28,883.8119506835938,884.7972482874774,879.8707602680594,884.7972482874774,21830091
2025-04-29,888.7384643554688,888.7384643554688,879.8707856645605,883.8119761938531,24362874
2025-04-30,894.6502685546875,894.6502685546875,885.7825896813481,887.7531849865346,35405654
2025-05-02,936.0327758789062,936.0327758789062,918.297418020148,924.2092039730674,43873135
2025-05-05,924.209228515625,942.9298845303339,909.4297632408549,941.9445868453491,52770209
2025-05-06,906.473876953125,916.3268538765285,902.5326861837635,902.5326861837635,37538894
2025-05-07,914.356201171875,918.2973916941676,897.6061414521315,911.4003082801555,36907620
2025-05-08,904.5032348632812,925.19448533401,904.5032348632812,919.2826994852303,27985917
2025-05-09,935.0474243164062,935.0474243164062,920.2679602861153,924.2091506941929,36383573
2025-05-12,942.9298706054688,947.8563589576395,938.0033822532981,939.9739775941664,23402547
2025-05-13,954.75341796875,975.4446685129644,954.75341796875,975.4446685129644,38047856
2025-05-14,984.3123779296875,984.3123779296875,973.4741034980293,975.4446988492399,40475123
2025-05-15,978.4005737304688,985.2976573317914,978.4005737304688,985.2976573317914,24662270
2025-05-16,983.3270263671875,983.3270263671875,974.4593477726938,976.4299430159147,16878650
2025-05-19,969.5328979492188,979.3858745543937,965.5917073071487,978.4005768938762,19906139
2025-05-20,963.6211547851562,979.385918053625,963.6211547851562,976.4300249407871,20897857
2025-05-21,975.4447021484375,984.3123812588778,968.5476183958727,971.5035114326862,26248757
2025-05-22,967.562255859375,973.4740415367236,964.6063630207008,973.4740415367236,18747545
2025-05-23,969.5328979492188,978.4005768938762,960.6652190045612,978.4005768938762,22213030
2025-05-26,961.6505126953125,969.5328939469134,960.6652150388624,960.6652150388624,19329052
2025-05-27,950.8121948242188,960.6651709363869,946.8710043793516,956.7239804915197,26355315
2025-05-28,952.7828369140625,970.5181947883677,952.7828369140625,969.5328971286841,26471533
2025-05-29,952.7828369140625,971.5034924480514,952.7828369140625,971.5034924480514,48602590
2025-06-02,932.0916137695312,946.8710791041433,932.0916137695312,943.9151860372209,33676511
2025-06-03,936.0327758789062,950.8122407612047,936.0327758789062,945.8857524671052,26020787
2025-06-04,975.4447021484375,975.4447021484375,955.7387485696811,959.6799392854324,37233567
2025-06-05,983.3270263671875,985.2976216104083,976.4299430159147,985.2976216104083,24414444
2025-06-06,980.3711547851562,982.3417500711565,976.4299642131556,982.3417500711565,13670307
2025-06-09,990.22412109375,995.1506092583954,985.2976329291045,990.22412109375,21674308
2025-06-10,1029.6361083984375,1034.5625969553678,1005.0036656137859,1009.9301541707162,44877640
2025-06-11,1049.342041015625,1054.2685294710975,1039.4890641046802,1049.342041015625,37178498
2025-06-12,1034.005126953125,1048.8473058089114,1034.005126953125,1043.8999128569826,25221606
2025-06-13,1019.1629028320312,1029.0576882964199,1014.2155100998368,1029.0576882964199,28393455
2025-06-16,1014.215576171875,1019.162969226372,1004.3207900628811,1019.162969226372,28580673
2025-06-17,1034.005126953125,1038.9525199050538,1024.1103410492674,1029.0577340011962,26517379
2025-06-18,1043.89990234375,1043.89990234375,1019.1629378332345,1029.0577236374406,37931721
2025-06-19,1024.1103515625,1034.0051375679348,1019.1629585597826,1034.0051375679348,24002557
2025-06-20,1043.89990234375,1043.89990234375,1014.2155449311315,1019.1629378332345,57831332
2025-06-23,1009.2681884765625,1019.1629746380975,1004.320795395795,1014.21558155733,32143872
2025-06-24,1038.9525146484375,1038.9525146484375,1029.0577287946428,1034.0051217215403,28163537
2025-06-25,1058.7420654296875,1058.7420654296875,1043.8998869423556,1048.8472797714662,38783736
2025-06-26,1063.6893310546875,1068.6367232921511,1053.7945465797602,1063.6893310546875,36056692
2025-06-27,1068.6368408203125,1068.6368408203125,1048.8472696940105,1058.7420552571614,32549027
2025-06-30,1048.8472900390625,1068.6368615492336,1048.8472900390625,1063.6894686716907,32413717
2025-07-01,1073.584228515625,1083.479014031898,1063.689442999352,1068.6368357574884,44299887
2025-07-02,1073.584228515625,1073.584228515625,1058.7420502412153,1063.689442999352,23822731
2025-07-03,1078.5316162109375,1093.373794415675,1078.5316162109375,1093.373794415675,36973556
2025-07-04,1073.584228515625,1088.4264067900347,1068.6368357574884,1083.479014031898,20363322
2025-07-07,1068.6368408203125,1073.584233601888,1058.7420552571614,1068.6368408203125,18829372
2025-07-08,1068.6368408203125,1068.6368408203125,1053.794662475586,1058.7420552571614,27461252
2025-07-09,1078.5316162109375,1078.5316162109375,1053.7946525363748,1058.7420452712872,23618216
2025-07-10,1088.426513671875,1088.426513671875,1078.5317271839488,1083.479120427912,22350503
2025-07-11,1088.426513671875,1088.426513671875,1078.5317271839488,1083.479120427912,28249780
2025-07-14,1083.4791259765625,1088.426519245862,1073.5843394379638,1088.426519245862,25760632
2025-07-15,1098.3212890625,1103.2686822564751,1078.531716286599,1083.4791094805744,45416390
2025-07-16,1118.1107177734375,1118.1107177734375,1108.2159326603983,1108.2159326603983,31013743
2025-07-17,1118.1107177734375,1123.0581103299571,1103.2685401038786,1118.1107177734375,30648595
2025-07-18,1142.8477783203125,1147.795171300054,1132.9529923608293,1142.8477783203125,46645034
2025-07-21,1137.900390625,1137.900390625,1123.0582116168478,1132.9529976222825,26749324
2025-07-22,1118.1107177734375,1147.7950731125552,1118.1107177734375,1132.9528954429964,50457506
2025-07-23,1132.9530029296875,1132.9530029296875,1123.0582168779,1128.0056099037938,29747757
2025-07-24,1132.9530029296875,1142.847788981475,1132.9530029296875,1137.9003959555814,15055463
2025-07-25,1132.9530029296875,1142.847788981475,1128.0056099037938,1137.9003959555814,22476546
2025-07-28,1132.9530029296875,1147.795182007369,1132.9530029296875,1142.847788981475,20606376
2025-07-29,1123.05810546875,1132.9528905389593,1113.1633203985407,1132.9528905389593,31763255
2025-07-30,1142.8477783203125,1147.795171300054,1132.9529923608293,1137.900385340571,34182363
2025-07-31,1147.795166015625,1152.742558972589,1142.847773058661,1147.795166015625,33230751
2025-08-04,1123.05810546875,1123.05810546875,1113.1633203985407,1118.1107129336453,23939021
2025-08-05,1137.900390625,1137.900390625,1128.0056046195652,1132.9529976222825,17012960
2025-08-06,1113.1634521484375,1123.058238389757,1113.1634521484375,1118.1108452690971,22023406
2025-08-07,1167.584716796875,1167.584716796875,1142.847752457958,1147.7951453257415,61370031
2025-08-08,1162.6373291015625,1172.5321148811502,1157.6899362117686,1167.5847219913564,25958258
2025-08-11,1167.584716796875,1182.426895400225,1152.7425381935248,1157.6899310613082,35579367
2025-08-12,1167.584716796875,1177.4795025324418,1157.6899310613082,1167.584716796875,28917167
2025-08-13,1187.3743896484375,1187.3743896484375,1172.5322097778321,1172.5322097778321,37809952
2025-08-14,1162.6373291015625,1177.479507770944,1162.6373291015625,1172.5321148811502,32991791
2025-08-15,1167.584716796875,1172.5321096646583,1157.6899310613082,1162.6373239290915,22231552
2025-08-18,1167.584716796875,1172.5321096646583,1157.6899310613082,1157.6899310613082,18219895
2025-08-19,1172.5321044921875,1172.5321044921875,1162.6373188002704,1167.584711646229,17867547
2025-08-20,1123.05810546875,1152.7424606793777,1123.05810546875,1152.7424606793777,66982023
2025-08-21,1137.900390625,1142.8477836277175,1128.0056046195652,1128.0056046195652,23424804
2025-08-22,1123.05810546875,1142.8476756091684,1123.05810546875,1142.8476756091684,19205763
2025-08-25,1157.68994140625,1167.584727230235,1147.795155582265,1152.7425484942576,25103514
2025-08-26,1162.6373291015625,1172.5321148811502,1147.795150432181,1152.7425433219746,35508897
2025-08-27,1177.4794921875,1177.4794921875,1167.5847065388657,1177.4794921875,21952558
2025-08-28,1147.795166015625,1172.5321308004445,1147.795166015625,1172.5321308004445,19975237
2025-08-29,1147.795166015625,1172.5321308004445,1147.795166015625,1167.5847378434805,19522740
2025-09-01,1152.7425537109375,1152.7425537109375,1132.9529819734107,1137.9003749077924,22018940
2025-09-02,1147.795166015625,1162.6373448865168,1142.847773058661,1157.6899519295528,14037411
2025-09-03,1147.795166015625,1147.795166015625,1132.9529871447332,1142.847773058661,19511981
2025-09-04,1147.795166015625,1162.6373448865168,1147.795166015625,1157.6899519295528,24333323
2025-09-05,1167.584716796875,1167.584716796875,1157.6899310613082,1162.6373239290915,27133819
2025-09-08,1167.584716796875,1182.426895400225,1167.584716796875,1182.426895400225,27281959
2025-09-09,1187.3743896484375,1187.3743896484375,1177.4796030680338,1182.4269963582358,31329096
2025-09-10,1212.1112060546875,1217.0585987324619,1202.216420699139,1207.1638133769134,39665156
2025-09-11,1226.953369140625,1246.7429396106352,1222.0059765231224,1241.7955469931326,30345708
2025-09-12,1246.7431640625,1246.7431640625,1236.848377046131,1241.7957705543156,26492972
2025-09-15,1241.795654296875,1246.7430473418824,1236.8482612518674,1246.7430473418824,24589707
2025-09-16,1271.5987548828125,1276.5659375190735,1251.7300243377686,1256.6972069740295,40130070
2025-09-17,1256.697265625,1266.631631361166,1256.697265625,1261.664448493083,29283972
2025-09-18,1276.56591796875,1276.56591796875,1256.6971877279911,1266.6315528483706,24191307
2025-09-19,1256.697265625,1281.533179965415,1256.697265625,1276.565997097332,44913316
2025-09-22,1286.500244140625,1286.500244140625,1261.6643320915782,1261.6643320915782,28859955
2025-09-23,1331.2049560546875,1331.2049560546875,1306.3690426954583,1311.3362253673042,33953781
2025-09-24,1331.2049560546875,1346.1065040702251,1316.3034080391499,1341.1393213983793,44737182
2025-09-25,1311.336181640625,1321.270546653054,1311.336181640625,1311.336181640625,25861812
2025-09-26,1291.4674072265625,1306.3689542330228,1286.5002248910757,1301.401771897536,25793295
2025-09-30,1296.4346923828125,1311.3362405711207,1296.4346923828125,1301.4018751122485,36642789
2025-10-01,1316.3033447265625,1341.1392568912145,1316.3033447265625,1316.3033447265625,33837323
2025-10-02,1356.0408935546875,1361.008076314961,1346.1065280341404,1351.073710794414,29593487
2025-10-03,1390.8111572265625,1390.8111572265625,1356.0408782958984,1356.0408782958984,31032341
2025-10-07,1425.5814208984375,1435.5157862008657,1410.6798729447953,1410.6798729447953,38395572
2025-10-08,1405.7127685546875,1410.6799514824424,1395.7784026991774,1400.7455856269323,23064494
2025-10-09,1430.5487060546875,1445.4502550760906,1420.6143400404187,1430.5487060546875,39052134
2025-10-13,1405.7127685546875,1410.6799514824424,1380.876853915912,1380.876853915912,53850992
2025-10-14,1415.6470947265625,1450.4173742461624,1410.6799119380482,1445.450191457648,39889256
2025-10-15,1455.3843994140625,1455.3843994140625,1415.646941409583,1425.581305910703,41056405
2025-10-16,1475.2532958984375,1485.1876615273832,1455.3845646405462,1455.3845646405462,37737678
2025-10-17,1440.48291015625,1455.384457502694,1440.48291015625,1445.4500926050648,38077331
2025-10-20,1470.2861328125,1485.18768145587,1445.4502184068836,1450.4174012880069,33015553
2025-10-21,1470.2861328125,1490.1548643369933,1470.2861328125,1475.2533156936233,34601251
2025-10-22,1450.4173583984375,1460.3517238669199,1445.4501756641964,1450.4173583984375,27360948
2025-10-23,1440.48291015625,1445.4500926050648,1425.581362809806,1430.5485452586208,23570046
2025-10-27,1470.2861328125,1490.1548643369933,1470.2861328125,1490.1548643369933,32851952
2025-10-28,1465.31884765625,1480.220395259534,1460.3516651218222,1470.286030190678,28381919
2025-10-29,1495.1219482421875,1505.0563133467867,1480.2204005852886,1485.1875831375883,30631103
2025-10-30,1495.1219482421875,1510.0234958990864,1490.1547656898879,1505.0563133467867,27867757
2025-10-31,1490.15478515625,1514.9906982421876,1490.15478515625,1505.0563330078126,31928423
2025-11-03,1500.0892333984375,1510.023599182533,1480.2205018302463,1500.0892333984375,29118770
2025-11-04,1495.1219482421875,1514.990678451386,1485.1875831375883,1510.0234958990864,33925673
2025-11-05,1450.4173583984375,1475.2532720696436,1445.4501756641964,1470.2860893354025,56305422
2025-11-06,1455.3843994140625,1470.2859461657422,1455.3843994140625,1460.3515816646225,27411394
2025-11-07,1450.4173583984375,1455.3845411326788,1445.4501756641964,1450.4173583984375,20329390
2025-11-10,1465.31884765625,1475.253212725106,1455.3844825873941,1460.3516651218222,25281744
2025-11-11,1455.3843994140625,1485.187492917422,1455.3843994140625,1480.2203106668621,22444166
2025-11-12,1465.31884765625,1475.253212725106,1450.417300052966,1460.3516651218222,23642502
2025-11-13,1450.4173583984375,1460.3517238669199,1450.4173583984375,1450.4173583984375,21255597
2025-11-14,1420.6142578125,1430.5486232517483,1415.6470750928759,1415.6470750928759,26861702
2025-11-17,1435.5157470703125,1450.4172946177553,1435.5157470703125,1440.4829295861268,26602730
2025-11-18,1395.7783203125,1425.5814161198844,1395.7783203125,1425.5814161198844,42198432
2025-11-19,1385.8438720703125,1405.7126014189907,1385.8438720703125,1390.811054407482,35591948
2025-11-20,1445.4501953125,1450.4173781142613,1430.5486469072166,1440.483012510739,25964403
2025-11-21,1375.90966796875,1395.7783996361688,1375.90966796875,1385.8440338024593,54518246
2025-11-24,1365.9752197265625,1395.7783154296874,1365.9752197265625,1390.8111328125,79134658
2025-11-25,1405.7127685546875,1415.6471344101976,1395.7784026991774,1415.6471344101976,27427405
2025-11-26,1430.5487060546875,1430.5487060546875,1415.6471570332844,1420.6143400404187,29213211
2025-11-27,1425.5814208984375,1445.450151503294,1420.6142382472235,1440.4829688520797,22039774
2025-11-28,1430.5487060546875,1445.4502550760906,1425.5815230475532,1430.5487060546875,23152513
2025-12-01,1400.7454833984375,1435.5157613551362,1400.7454833984375,1435.5157613551362,30559208
2025-12-02,1420.6142578125,1430.5486232517483,1410.6798923732517,1420.6142578125,23544477
2025-12-03,1440.48291015625,1440.48291015625,1425.581362809806,1430.5485452586208,20301540
2025-12-04,1435.5157470703125,1440.4829295861268,1420.6141995228697,1435.5157470703125,20696944
2025-12-05,1450.4173583984375,1450.4173583984375,1430.5486274614727,1435.5158101957138,21072604
2025-12-08,1485.1876220703125,1485.1876220703125,1450.4173432927466,1455.384525975256,24257260
2025-12-09,1470.2861328125,1490.1548643369933,1470.2861328125,1485.18768145587,24235825
2025-12-10,1495.1219482421875,1495.1219482421875,1475.253218032989,1480.2204005852886,23319221
2025-12-11,1465.219482421875,1510.0731400470345,1460.2357426857461,1505.0894003109056,28924982
2025-12-12,1475.18701171875,1480.1707516232052,1465.2195319098396,1470.2032718142948,22107664
2025-12-15,1445.2845458984375,1450.2682857118803,1440.3008060849945,1445.2845458984375,25889058
2025-12-16,1430.3333740234375,1440.300853981789,1420.365894065086,1430.3333740234375,32168064
2025-12-17,1425.349609375,1440.3008290537587,1420.3658694820804,1430.3333492679196,30535812
2025-12-18,1425.349609375,1430.3333492679196,1410.3983896962413,1415.3821295891607,30534136
2025-12-19,1425.349609375,1450.268308839598,1425.349609375,1450.268308839598,38763280
2025-12-22,1460.2357177734375,1465.2194574245414,1450.2682384712298,1460.2357177734375,22661665
2025-12-23,1485.1544189453125,1485.1544189453125,1465.2194603017513,1470.2031999626415,20739075
2025-12-24,1490.13818359375,1495.1219233382108,1480.1707041048287,1490.13818359375,12987261
2025-12-26,1505.0894775390625,1505.0894775390625,1490.138257563509,1500.1057375472112,18823612
2025-12-29,1525.0244140625,1525.0244140625,1505.0894544015523,1510.0731943167893,21124648
2025-12-30,1515.056884765625,1525.024364270662,1505.0894052605881,1510.0731450131066,20325400
2025-12-31,1544.9593505859375,1544.9593505859375,1510.0731717017388,1515.0569115423386,29695967
2026-01-02,1579.8455810546875,1579.8455810546875,1539.9756610280708,1549.943141034725,37512761
2026-01-05,1664.569091796875,1689.48779077587,1619.7154336346837,1624.699173430483,66871820
2026-01-06,1699.455322265625,1699.455322265625,1639.6504428897085,1639.6504428897085,46751692
2026-01-07,1669.5528564453125,1679.5203361852846,1659.5853767053404,1659.5853767053404,49857449
2026-01-08,1679.5203857421875,1694.471605793305,1649.6179456399527,1654.6016856569918,29215618
2026-01-09,1674.53662109375,1694.4715808686756,1649.6179213750931,1659.585401262556,37387656
2026-01-12,1684.5040283203125,1699.4552475065875,1684.5040283203125,1694.4715077778292,29987449
2026-01-13,1704.4390869140625,1714.4065669544957,1694.4716068736295,1714.4065669544957,30171800
2026-01-14,1704.4390869140625,1709.422826934279,1694.4716068736295,1699.455346893846,29100816
2026-01-15,1684.5040283203125,1694.4715077778292,1674.536548862796,1679.5202885915542,36391886
2026-01-16,1734.3414306640625,1744.3089101506375,1704.4389922043372,1729.357690920775,53551629
2026-01-19,1754.2763671875,1774.2113259055398,1719.3901894309304,1719.3901894309304,29580038
2026-01-20,1769.2276611328125,1769.2276611328125,1734.3414818992078,1734.3414818992078,29401234
2026-01-21,1734.3414306640625,1759.2601293805,1734.3414306640625,1739.32517040735,45192749
2026-01-22,1754.2763671875,1764.2438465465198,1744.30888782848,1759.2601068670099,32069478
2026-01-23,1764.243896484375,1769.2276363049523,1744.3089372020656,1764.243896484375,27601167
2026-01-26,1749.292724609375,1779.1951643462874,1749.292724609375,1759.2602045216793,22960198
2026-01-27,1774.21142578125,1779.1951657413097,1749.2927259809514,1754.2764659410113,28985200
2026-01-28,1814.081298828125,1814.081298828125,1784.1788598364526,1784.1788598364526,29301156
2026-01-29,1799.130126953125,1829.0325667362793,1794.146386989266,1824.0488267724202,32224002
2026-01-30,1769.2276611328125,1794.1463605853874,1769.2276611328125,1784.1788808043575,40825139
2026-02-02,1759.2601318359375,1759.2601318359375,1739.3251728349637,1744.308912585207,28251381
2026-02-03,1794.1463623046875,1804.113842095269,1779.195142618815,1804.113842095269,26744162
2026-02-04,1779.195068359375,1799.1300271084997,1769.2275889848127,1779.195068359375,26952301
2026-02-05,1759.2601318359375,1774.2113510866677,1754.276392085694,1759.2601318359375,26299986
2026-02-06,1774.21142578125,1774.21142578125,1734.3415061007724,1739.3252460608321,33263592
2026-02-09,1809.0975341796875,1829.0324932340093,1809.0975341796875,1824.0487534704287,36529289
2026-02-10,1873.88623046875,1873.88623046875,1834.0163106715427,1839.0000506461936,41859169
2026-02-11,1908.7723388671875,1918.7398184435174,1868.9024205618675,1873.8861603500327,40488310
2026-02-23,1893.8211669921875,1928.7073463841489,1893.8211669921875,1893.8211669921875,69816209
2026-02-24,1958.6097412109375,1968.5772208099752,1908.7723432157482,1908.7723432157482,40961679
2026-02-25,2008.4471435546875,2018.4146231753064,1988.51218431345,1988.51218431345,40832607
2026-02-26,1988.51220703125,2003.4634266329888,1988.51220703125,1993.4959468984962,58561388
2026-03-02,1968.5772705078125,1988.5122302091575,1933.691091030459,1933.691091030459,48884884
2026-03-03,1928.707275390625,1973.5609329578488,1928.707275390625,1963.5934534984658,43090471
2026-03-04,1858.9349365234375,1903.7885945092576,1858.9349365234375,1888.837375180651,68160943
2026-03-05,1893.8211669921875,1953.6260459498355,1888.8374270790503,1933.6910862972861,48120463
2026-03-06,1883.8536376953125,1893.821117259838,1873.8861581307872,1873.8861581307872,30082724
2026-03-09,1804.11376953125,1804.11376953125,1764.2438519725483,1769.2275916673862,76459172
2026-03-10,1843.9837646484375,1883.8536838840794,1824.0488050306167,1863.9187242662586,41375691
2026-03-11,1933.6910400390625,1943.6585196268927,1868.902422718166,1878.8699023059962,36167313
2026-03-12,1878.869873046875,1908.7723113447032,1878.869873046875,1893.821092195789,34040589
2026-03-13,1858.9349365234375,1878.8698956282465,1834.0162376424262,1834.0162376424262,31214304
2026-03-16,1839.0,1873.8861788617885,1839.0,1868.90243902439,31249086
2026-03-17,1870.0,1880.0,1860.0,1875.0,23812211
2026-03-18,1905.0,1910.0,1890.0,1900.0,23068156
2026-03-19,1850.0,1880.0,1850.0,1875.0,31040569
2026-03-20,1840.0,1870.0,1840.0,1860.0,46312322
2026-03-23,1810.0,1815.0,1785.0,1790.0,34902948
2026-03-24,1810.0,1850.0,1800.0,1850.0,27001025
2026-03-25,1845.0,1875.0,1845.0,1865.0,40964040
2026-03-26,1840.0,1865.0,1840.0,1850.0,20958470
2026-03-27,1820.0,1825.0,1800.0,1805.0,28974140
2026-03-30,1780.0,1800.0,1780.0,1780.0,39889700
2026-03-31,1760.0,1790.0,1760.0,1775.0,49221091
2026-04-01,1855.0,1855.0,1830.0,1840.0,35537379
2026-04-02,1810.0,1865.0,1805.0,1865.0,25132417
2026-04-07,1860.0,1860.0,1835.0,1850.0,17953562
2026-04-08,1950.0,1950.0,1925.0,1935.0,46515921
2026-04-09,1955.0,1955.0,1930.0,1945.0,31835073
2026-04-10,2000.0,2000.0,1970.0,1975.0,28637625
2026-04-13,1990.0,1995.0,1975.0,1985.0,28968757
2026-04-14,2055.0,2055.0,2010.0,2015.0,39113405
2026-04-15,2080.0,2100.0,2060.0,2065.0,40343568
2026-04-16,2085.0,2090.0,2055.0,2080.0,32038524
2026-04-17,2030.0,2060.0,2030.0,2055.0,39260244
2026-04-20,2025.0,2055.0,2025.0,2030.0,25407621
2026-04-21,2050.0,2075.0,2045.0,2050.0,25783476
2026-04-22,2050.0,2070.0,2040.0,2045.0,24762881
2026-04-23,2080.0,2135.0,2055.0,2090.0,48682193
2026-04-24,2185.0,2190.0,2105.0,2110.0,45088050
2026-04-27,2265.0,2330.0,2265.0,2280.0,68696037
2026-04-28,2215.0,2280.0,2215.0,2245.0,47175356
2026-04-29,2180.0,2210.0,2165.0,2175.0,42895935
2026-04-30,2135.0,2215.0,2135.0,2205.0,48975164
2026-05-04,2275.0,2285.0,2195.0,2200.0,38390062
2026-05-05,2250.0,2270.0,2240.0,2250.0,21625279
2026-05-06,2250.0,2285.0,2240.0,2250.0,31918664
2026-05-07,2310.0,2345.0,2310.0,2335.0,35034517
2026-05-08,2290.0,2310.0,2265.0,2300.0,27102571
2026-05-11,2235.0,2275.0,2235.0,2265.0,37244077
2026-05-12,2255.0,2280.0,2210.0,2235.0,44459541
2026-05-13,2220.0,2240.0,2205.0,2205.0,35350292
2026-05-14,2270.0,2270.0,2230.0,2250.0,31747100
2026-05-15,2265.0,2325.0,2250.0,2310.0,29922154
