Date,Close,High,Low,Open,Volume
2000-01-04,18.782604217529297,18.94110634438873,18.227842750502127,18.544850222636317,332630460
2000-01-05,18.703353881835938,18.782604140336122,18.227842675588924,18.386346411004595,292754299
2000-01-06,18.307096481323242,18.703354217772063,18.227843002984258,18.703354217772063,248928848
2000-01-07,17.752336502075195,17.9900905202899,17.276826856437967,17.831586768674885,269228882
2000-01-10,18.22784423828125,18.386347987285617,16.95982229228529,16.95982229228529,380487972
2000-01-11,17.593830108642578,18.703352984930632,17.43532799003541,18.54484925711589,286306727
2000-01-12,18.069339752197266,18.069339752197266,17.51458148093491,17.593831742996546,181892693
2000-01-13,17.593830108642578,18.069338073671656,17.593830108642578,17.910837564272065,162467818922
2000-01-14,17.831584930419922,18.148592400969708,17.593830936715232,17.831584930419922,201569289
2000-01-17,18.22784423828125,18.46560147099559,18.14859397298686,18.386347987285617,150538291
2000-01-18,17.831584930419922,18.227842659399503,17.752334671990127,18.227842659399503,118179571
2000-01-19,17.593830108642578,18.069338073671656,17.593830108642578,17.83158409115712,131704223
2000-01-20,17.593830108642578,17.673083581757528,17.19757400752087,17.593830108642578,161466136
2000-01-21,17.990089416503906,18.22784342013116,17.831585674613923,17.910839154766634,146733969027
2000-01-24,18.54485321044922,18.703356972053292,18.227845687241068,18.227845687241068,280150047
2000-01-25,18.62410545349121,18.703355719779164,18.307097951508144,18.544851968787633,165332179
2000-01-26,19.8128719329834,19.892125409695986,19.020359694764604,19.020359694764604,509931527
2000-01-27,19.8128719329834,20.28838152880538,19.57511793967623,20.28838152880538,294787896
2000-01-28,19.099611282348633,19.49586903824426,19.020361018535716,19.49586903824426,220776993
2000-01-31,19.4166202545166,19.4166202545166,18.782606831229526,18.861858710291397,123849502
2000-02-01,19.495878219604492,19.73363555984338,19.17887057823067,19.73363555984338,138152648
2000-02-02,19.495878219604492,19.495878219604492,19.495878219604492,19.495878219604492,0
2000-02-03,19.495878219604492,19.495878219604492,19.495878219604492,19.495878219604492,0
2000-02-04,19.495878219604492,19.495878219604492,19.495878219604492,19.495878219604492,0
2000-02-07,19.495878219604492,19.495878219604492,19.495878219604492,19.495878219604492,0
2000-02-08,19.495878219604492,19.495878219604492,19.495878219604492,19.495878219604492,0
2000-02-09,19.733625411987305,20.12987993230837,19.575118454394268,20.12987993230837,205640473
2000-02-10,19.33736801147461,19.654375548135757,19.020363693229438,19.654375548135757,142264579
2000-02-11,19.4166202545166,19.8128748222023,19.258116496392862,19.495870524370588,248857310
2000-02-14,19.4166202545166,19.97138018953392,19.33736676624685,19.575120794224574,231418814
2000-02-15,19.4166202545166,19.575120794224574,19.17886300812311,19.4166202545166,132398164
2000-02-16,19.33736801147461,19.654375548135757,19.178864243144037,19.495871779805185,96313793
2000-02-17,19.099611282348633,19.258115028389987,18.861857272494362,19.17886154616155,169811146
2000-02-18,18.703353881835938,19.337363995875663,18.624103623335756,19.25811373737548,168258311
2000-02-21,17.593830108642578,18.54484925711589,17.593830108642578,18.54484925711589,204879305
2000-02-22,17.752336502075195,17.9900905202899,17.197576589838278,17.276826856437967,220926964
2000-02-23,17.43532943725586,17.752335309990862,17.43532943725586,17.752335309990862,94785922
2000-02-24,17.673084259033203,17.752334516770063,17.435328658199712,17.593830782881067,96072827
2000-02-25,17.831584930419922,17.831584930419922,17.514580678285437,17.752334671990127,131295083
2000-02-28,17.831584930419922,17.831584930419922,17.831584930419922,17.831584930419922,0
2000-02-29,17.831584930419922,18.148592400969708,17.831584930419922,18.069338924124608,93814074
2000-03-01,18.069339752197266,18.22784349473599,17.990089490135627,18.14859323267435,103782874
2000-03-02,17.673084259033203,18.227842500021765,17.593830782881067,18.227842500021765,77321238
2000-03-03,17.673084259033203,17.752334516770063,17.514580525144208,17.593830782881067,54058051
2000-03-06,17.51458168029785,17.831585950568204,17.43532980812639,17.831585950568204,79299876
2000-03-07,17.27682876586914,17.593834694926777,17.118328215152314,17.356082259643543,89830876
2000-03-08,17.19757843017578,17.435332473832887,17.118328155095405,17.276828705256158,83254277
2000-03-09,17.673084259033203,17.673084259033203,17.27682492431072,17.27682492431072,89730328
2000-03-10,16.959823608398438,17.91084134860196,16.959823608398438,17.91084134860196,121241490
2000-03-13,15.85030460357666,16.24656085083913,15.85030460357666,16.167312176119708,197750221
2000-03-14,16.088054656982422,16.1673081395387,15.374792624469137,15.533293152750622,192705540
2000-03-15,15.69179630279541,16.167307524806013,15.53329256212521,16.008803784135814,168651829
2000-03-16,15.295537948608398,15.691795675228535,14.661524620491592,14.661524620491592,249527376
2000-03-17,15.533294677734375,15.533294677734373,15.137036881296918,15.295540643555071,322737936
2000-03-20,15.057787895202637,15.057787895202638,15.057787895202638,15.057787895202638,19713548
2000-03-21,16.088054656982422,16.088054656982422,14.582275500191805,14.582275500191805,307675855
2000-03-22,16.246557235717773,16.642815004014665,15.850301076628696,16.088055093923707,233479025
2000-03-23,17.3560791015625,17.3560791015625,16.642813879457286,16.801317619749046,250847711
2000-03-24,17.19757843017578,17.51458435812125,17.118328155095405,17.51458435812125,178769243
2000-03-27,18.386348724365234,18.386348724365234,17.435331019837623,17.435331019837623,197371979
2000-03-28,18.782604217529297,19.020359821629935,18.544850222636317,19.020359821629935,277777118920
2000-03-29,18.62410545349121,18.86185786156289,18.465601702499676,18.86185786156289,153859273
2000-03-30,19.178861618041992,19.654372857948225,18.70335520575906,18.70335520575906,344904162
2000-03-31,18.703353881835938,19.17886026045999,18.624103623335756,19.02035974345963,164745578225
2000-04-03,18.703353881835938,18.703353881835938,18.703353881835938,18.703353881835938,0
2000-04-04,18.703353881835938,18.703353881835938,18.703353881835938,18.703353881835938,0
2000-04-05,19.495878219604492,19.73363555984338,18.94111645640882,18.94111645640882,227783546
2000-04-06,18.54485321044922,19.733628204063947,18.54485321044922,19.495870952449913,219765704
2000-04-07,18.386348724365234,18.861858381232967,18.227844969006707,18.703356235082293,161019549
2000-04-10,18.94110870361328,19.495870239739205,18.307098507998255,18.307098507998255,292980520
2000-04-11,18.54485321044922,18.86185912444945,18.4656029388551,18.782607243647412,132788196
2000-04-12,17.910837173461914,18.544848852471755,17.910837173461914,18.386345128115526,145425077
2000-04-13,17.27682876586914,17.435332535001955,16.9598244460195,17.118328215152314,219826704
2000-04-14,16.246557235717773,16.88056902130967,16.167308578632458,16.325807502010903,238392897
2000-04-17,15.454042434692383,15.454042434692383,14.899282555962804,14.899282555962804,181554560
2000-04-18,16.246557235717773,16.405060986719654,15.850301076628696,16.167308578632458,182132143
2000-04-19,15.771052360534668,16.64281663990292,15.691798868035779,16.64281663990292,132531715
2000-04-20,16.00880241394043,16.088052668284785,15.374790723940178,15.771048432492227,92166119
2000-04-21,15.374794006347656,15.691798309818342,15.295540516668115,15.295540516668115,130066568
2000-04-24,14.740777015686035,15.374790297300429,14.740777015686035,15.374790297300429,103420654
2000-04-25,15.533294677734375,15.533294677734373,14.503026659888086,14.582276931809236,166989715
2000-04-26,14.820033073425293,15.771050748057691,14.661526104633714,15.691797263661902,135289884
2000-04-27,15.374794006347656,15.374794006347654,14.820034061462085,15.216287026988574,144450010
2000-04-28,16.405061721801758,16.405061721801758,15.45404400080047,15.533294270644666,256423426
2000-05-01,16.405061721801758,16.405061721801758,16.405061721801758,16.405061721801758,0
2000-05-02,16.959823608398438,17.197577641147337,16.801319847093893,17.118327369702982,206859407
2000-05-03,16.167306900024414,16.88056726864572,16.167306900024414,16.801317010580934,156718656
2000-05-04,15.85030460357666,16.642818707309775,15.612550533377544,16.325811134766727,147635366
2000-05-05,16.801315307617188,16.801315307617188,15.533290387406895,15.691794105885988,166880357
2000-05-08,16.880565643310547,17.118322831443177,16.642811673592895,16.72206192402712,186385049
2000-05-09,16.880565643310547,16.880565643310547,16.880565643310547,16.880565643310547,0
2000-05-10,20.08550262451172,20.770235083362643,20.08550262451172,20.427869658541148,272766688
2000-05-11,19.629013061523438,19.743136474815127,19.286646040064113,19.514889648231748,128542577
2000-05-12,20.541990280151367,20.541990280151367,19.743134512547094,20.085499890770883,137950184
2000-05-15,19.97138214111328,20.770238134809407,19.85726031607331,20.770238134809407,93891704
2000-05-16,21.112600326538086,21.226723734339455,20.085500920780355,20.427867925768865,164745727
2000-05-17,21.911453247070312,22.36794199048491,21.56908628720747,21.683206461551634,231459124
2000-05-18,21.79732894897461,21.79732894897461,21.34083861531242,21.569085391351035,116993148
2000-05-19,21.569087982177734,21.683208165489845,21.34084117872267,21.454964580450202,65075344
2000-05-22,20.656110763549805,21.340843192489224,20.656110763549805,21.112601195119904,88601490
2000-05-23,20.19962501525879,20.770234027624234,20.085501603577846,20.656110615943295,68995404
2000-05-24,19.857255935668945,19.971377735534254,19.514888926865197,19.629012335938324,78865786
2000-05-25,19.514888763427734,20.19962438450838,19.400768573725998,20.085500976391035,73734944
2000-05-26,19.74313735961914,19.857257559609465,19.28664690441015,19.400770322816374,76133555
2000-05-29,19.74313735961914,20.19962620562018,19.62901394121292,19.74313735961914,58958664
2000-05-30,19.74313735961914,19.74313735961914,19.74313735961914,19.74313735961914,0
2000-05-31,21.340845108032227,21.797335580576668,21.112603090176023,21.797335580576668,198036592
2000-06-01,20.770233154296875,21.34084214266989,20.770233154296875,21.226723563410854,63749675
2000-06-02,20.884357452392578,21.454966465115604,20.884357452392578,21.226724469234245,110559813
2000-06-05,20.998476028442383,21.112599431405144,20.770232440932325,20.998476028442383,56553474842
2000-06-06,20.998476028442383,20.998476028442383,20.998476028442383,20.998476028442383,0
2000-06-07,21.454965591430664,21.454965591430664,20.77023319483872,20.99847679063344,121034714287
2000-06-08,21.340845108032227,21.911459003316782,21.226726512916137,21.683212157836554,142517212
2000-06-09,21.569087982177734,21.683208165489845,21.454964580450202,21.683208165489845,104072826
2000-06-12,21.226726531982422,21.79733560015549,21.226726531982422,21.683212177312864,65053942
2000-06-13,20.998476028442383,21.2267228343679,20.884355843895083,20.998476028442383,63218332335
2000-06-14,20.998476028442383,21.340841409707473,20.884355843895083,21.2267228343679,86123795335
2000-06-15,20.656110763549805,20.998477782623446,20.541992178676942,20.88435758854272,77502341
2000-06-16,20.427865982055664,20.656107948317764,20.313742585113147,20.656107948317764,74023227
2000-06-19,20.08550262451172,20.541993076022916,19.971379207029955,20.427869658541148,56947143
2000-06-20,19.857255935668945,20.427868153411133,19.857255935668945,20.427868153411133,46836049
2000-06-21,19.857255935668945,20.199624553680508,19.857255935668945,20.08550114460738,68767075
2000-06-22,20.427865982055664,20.54198937899818,19.629010249496265,19.743133646438782,88438051
2000-06-23,19.97138214111328,20.427872659689502,19.97138214111328,20.199629009609563,54476304
2000-06-26,19.514888763427734,19.857255769364155,19.400768573725998,19.857255769364155,68591403
2000-06-27,19.514888763427734,19.743135579662418,19.400768573725998,19.629012171545074,48848735
2000-06-28,19.857255935668945,19.971377735534254,19.514888926865197,19.514888926865197,72286370
2000-06-29,19.286645889282227,20.08550173003928,19.058403892106853,20.08550173003928,88622171
2000-06-30,19.514888763427734,19.743135579662418,19.058403176997377,19.400768573725998,96281055
2000-07-03,19.172527313232422,19.629016212043492,18.716036805213218,19.514892780434625,66417868
2000-07-04,18.716033935546875,19.400769592587473,18.716033935546875,19.17252437357394,63559477
2000-07-05,19.629013061523438,19.85725666969107,18.48779180226953,18.944280627812667,118081376
2000-07-06,18.94428062438965,19.28664603657923,18.94428062438965,19.17252423251604,61066181
2000-07-07,18.373668670654297,19.058404333278116,18.373668670654297,18.83015750319561,84751403
2000-07-10,18.259544372558594,18.487791191602795,17.803058780509293,18.373667782080695,85542807
2000-07-11,18.259544372558594,18.6019146011249,18.03130077193003,18.259544372558594,55118668
2000-07-12,18.259544372558594,18.487791191602795,18.259544372558594,18.373667782080695,45241873
2000-07-13,18.716033935546875,18.944280763768294,18.487791934949115,18.487791934949115,97722181
2000-07-14,19.05840301513672,19.172523203869247,18.716032793692403,18.83015620084051,111560104
2000-07-17,18.94428062438965,19.4007694498503,18.83015721111858,19.4007694498503,64027648
2000-07-18,18.60191535949707,19.05840418857238,18.48779194532233,19.05840418857238,42788685
2000-07-19,18.60191535949707,19.05840418857238,18.48779194532233,19.05840418857238,42788685
2000-07-20,17.803058624267578,18.48779102935179,17.803058624267578,18.37366762083125,76273538
2000-07-21,17.57480812072754,18.031296831433025,17.118322628436996,17.803054889891488,104710478
2000-07-24,17.118324279785156,17.46068963893552,17.118324279785156,17.34656624334444,64678920
2000-07-25,16.661834716796875,17.3465670772214,16.661834716796875,16.890078300535816,71126283
2000-07-26,17.004201889038086,17.346567268420145,16.661834900448305,16.661834900448305,78795369
2000-07-27,17.004201889038086,17.004201889038086,16.43359292340132,17.004201889038086,70315841
2000-07-28,17.460691452026367,17.460691452026367,16.54771384774131,16.661835645974996,75142542
2000-07-31,17.118324279785156,17.34656624334444,17.004200884194073,17.34656624334444,30183169
2000-08-01,16.890079498291016,17.46069171651858,16.890079498291016,17.346568307348374,37343367
2000-08-02,16.77596092224121,17.118327964289392,16.77596092224121,16.890081123979975,57964991
2000-08-03,16.890079498291016,17.11832631663142,16.54771409840386,16.775959307536446,63294923
2000-08-04,17.688934326171875,17.917176304111265,17.004201955522802,17.118325358304087,124649685
2000-08-07,18.031301498413086,18.031301498413086,17.57481266955616,17.688936083676307,87584972
2000-08-08,18.60191535949707,18.71603394604815,18.03130150703913,18.25954511697284,136001946
2000-08-09,19.05840301513672,19.172523203869247,18.716032793692403,18.83015620084051,127546870
2000-08-10,19.05840301513672,19.172523203869247,18.83015620084051,19.172523203869247,93207218
2000-08-11,19.05840301513672,19.286645001809564,18.944279607988612,19.05840301513672,91646587
2000-08-14,18.716033935546875,19.17252437357394,18.716033935546875,19.058404177879,43254748
2000-08-15,18.830154418945312,18.944277815293937,18.601912453870977,18.71603102259669,67270947
2000-08-16,19.40077018737793,19.40077018737793,18.944281344563677,18.944281344563677,106911793
2000-08-17,19.74313735961914,19.97137936880774,19.400770322816374,19.5148905228067,115808056
2000-08-18,19.629013061523438,19.971378473774884,19.629013061523438,19.85725666969107,91613208
2000-08-21,19.514888763427734,19.857255769364155,19.514888763427734,19.743135579662418,72644017
2000-08-22,19.286645889282227,19.400769301681706,19.058403892106853,19.400769301681706,64667295
2000-08-23,19.286645889282227,19.286645889282227,19.286645889282227,19.286645889282227,0
2000-08-24,19.629013061523438,19.85725666969107,19.400769453355807,19.400769453355807,82936716
2000-08-25,19.40077018737793,19.857257420984247,19.286646769768414,19.743137221790604,72244895
2000-08-28,18.94428062438965,19.17252423251604,18.94428062438965,19.17252423251604,56612931
2000-08-29,19.05840301513672,19.172523203869247,18.487790807019557,18.716032793692403,80506926
2000-08-30,18.60191535949707,19.05840418857238,18.60191535949707,19.05840418857238,57518093
2000-08-31,18.830154418945312,18.944277815293937,18.487789057522352,18.601912453870977,60729585
2000-09-01,18.031301498413086,18.944280765334824,17.803059497796454,18.830157351214677,81453192
2000-09-04,18.716033935546875,18.944280763768294,18.487791934949115,18.716033935546875,47305015
2000-09-05,18.830154418945312,18.944277815293937,18.601912453870977,18.830154418945312,48022251
2000-09-06,18.259544372558594,18.716033183023534,18.259544372558594,18.6019146011249,59011338
2000-09-07,17.57480812072754,17.803054889891488,17.460687954560505,17.68893150530951,76935254
2000-09-08,17.688934326171875,17.917176304111265,17.57481092339059,17.688934326171875,46428370
2000-09-11,17.91717529296875,18.031298689309565,17.46068975364367,17.46068975364367,43423305
2000-09-12,17.91717529296875,17.91717529296875,17.91717529296875,17.91717529296875,0
2000-09-13,18.145423889160156,18.25954407842833,17.232444673728995,17.574811678364703,80999105
2000-09-14,17.460691452026367,17.91717703575331,17.34656804458489,17.80305845593521,52803449
2000-09-15,17.688934326171875,18.145423109673832,17.57481092339059,17.688934326171875,61872723
2000-09-18,17.803058624267578,18.03130061368524,17.688935215747037,17.803058624267578,71697732
2000-09-19,17.004201889038086,17.803057659344997,16.89007848670301,17.57481085467485,95726480
2000-09-20,16.77596092224121,17.4606933971296,16.319472069246295,17.118327964289392,141243663
2000-09-21,16.433591842651367,16.661833804688094,16.2053450529918,16.547712019065923,75419145
2000-09-22,15.292370796203613,15.634737798935927,15.292370796203613,15.292370796203613,178970462
2000-09-25,15.520614624023438,15.520614624023438,14.950002407865856,15.292371024926654,105098935
2000-09-26,16.433591842651367,16.547712019065923,15.06412397835487,15.406489335221378,146168283
2000-09-27,16.20534896850586,16.77596125290249,15.977105342113608,16.433595813314117,84108982
2000-09-28,15.292370796203613,16.433593602242066,15.292370796203613,16.205346788143473,75582140
2000-09-29,15.292370796203613,15.52061439188663,14.95000218426351,15.406490984837335,76469042
2000-10-02,14.15114974975586,14.950005743236288,14.15114974975586,14.607638659000651,78048192
2000-10-03,14.607636451721191,14.950003484223632,13.694661989602489,13.8087821881594,153151848
2000-10-04,14.15114974975586,14.15114974975586,14.15114974975586,14.15114974975586,19298486
2000-10-05,14.37939453125,14.607636538934441,13.694662071364927,13.694662071364927,184769121
2000-10-06,15.292370796203613,15.292370796203613,14.493513383689688,14.493513383689688,133922872
2000-10-09,14.950003623962402,15.520615886536,14.950003623962402,15.406492468496515,75314685
2000-10-10,14.950003623962402,14.950003623962402,14.950003623962402,14.950003623962402,0
2000-10-11,14.493513107299805,14.493513107299805,14.493513107299805,14.493513107299805,25119970
2000-10-12,13.580535888671875,14.037024638722052,13.580535888671875,13.694659283090125,92094002
2000-10-13,13.580535888671875,13.580535888671875,12.66755677936391,12.66755677936391,174647816499
2000-10-16,13.580535888671875,13.580535888671875,13.580535888671875,13.580535888671875,0
2000-10-17,12.781679153442383,12.895802538750358,11.982823502323962,11.982823502323962,171714118
2000-10-18,11.98282527923584,12.439314865141068,11.98282527923584,12.211072083698102,145165017
2000-10-19,11.161150932312012,11.343746162286234,11.161150932312012,11.161150932312012,78556968
2000-10-20,11.868705749511719,11.868705749511719,11.868705749511719,11.868705749511719,71428596
2000-10-23,13.352294921875,13.466414308650098,12.667558486126595,13.009924692491015,270759535381
2000-10-24,14.265270233154297,14.265270233154297,13.694661226140902,14.15114682254378,206797122
2000-10-25,14.835878372192383,14.950001776126092,14.151145994628845,14.265269398562554,292640523
2000-10-26,14.37939453125,14.607636538934441,14.37939453125,14.37939453125,145841574
2000-10-27,14.37939453125,14.37939453125,14.37939453125,14.37939453125,0
2000-10-30,13.466415405273438,13.466415405273438,13.466415405273438,13.466415405273438,5465247
2000-10-31,13.009923934936523,13.466413524514685,13.009923934936523,13.009923934936523,203859017
2000-11-01,12.667559623718262,13.23817270091508,12.667559623718262,13.12404928087173,128664097934
2000-11-02,13.466415405273438,13.466415405273438,12.439316702539475,12.439316702539475,221912919
2000-11-03,14.265270233154297,14.379393643764812,13.694661226140902,13.922903219738423,229431264
2000-11-06,14.037027359008789,14.151147557127592,13.46641510395933,13.694661937028618,168183699
2000-11-07,14.950003623962402,14.950003623962402,14.37939457980469,14.37939457980469,278776891
2000-11-08,15.292370796203613,15.977103192460454,14.95000218426351,15.064125591312807,344532249
2000-11-09,15.292370796203613,15.292370796203613,14.493513383689688,14.835878777214216,182415106
2000-11-10,14.950003623962402,15.064127042001887,14.49351477942829,14.835880205922917,188915291
2000-11-13,13.922904014587402,14.15114763042303,13.922904014587402,13.922904014587402,176760701
2000-11-14,14.15114974975586,14.37939661819051,13.92290609973755,13.92290609973755,134079805
2000-11-15,14.037027359008789,14.721759812177051,13.694661937028618,14.721759812177051,188622164
2000-11-16,13.12405014038086,13.694663254947786,13.12405014038086,13.238173567898283,156774531
2000-11-17,13.009923934936523,13.124047338085896,12.211072181948902,12.325191562078945,161735708
2000-11-20,11.52634048461914,11.982826077931366,11.52634048461914,11.754583281275252,144757597
2000-11-21,12.32519245147705,12.32519245147705,11.16114942559072,11.16114942559072,178682307
2000-11-22,12.09695053100586,12.781683003044844,11.982827111326056,12.439316767025351,196485756
2000-11-23,11.868705749511719,11.982828376638176,11.754585536197462,11.754585536197462,145110902
2000-11-24,12.667559623718262,12.667559623718262,11.982827149498023,11.982827149498023,235161095
2000-11-27,12.667559623718262,13.12404928087173,12.553440226694839,13.12404928087173,168034022098
2000-11-28,12.32519245147705,12.439315862861683,12.32519245147705,12.439315862861683,76481185
2000-11-29,11.98282527923584,12.211072083698102,11.98282527923584,11.98282527923584,103361542
2000-11-30,11.868705749511719,12.325194648809418,11.754585536197462,11.982828376638176,116430330
2000-12-01,12.211074829101562,12.211074829101562,11.526342307805656,11.526342307805656,123573545
2000-12-04,11.52634048461914,11.754583281275252,11.52634048461914,11.640459871437413,59074436
2000-12-05,11.640460968017578,11.868704590779108,11.412218149860037,11.640460968017578,115079915
2000-12-06,11.640460968017578,12.21107404794135,11.640460968017578,12.21107404794135,127597050
2000-12-07,11.98282527923584,11.98282527923584,11.640459095561743,11.640459095561743,90041784
2000-12-08,11.868705749511719,12.096951808368702,11.754585536197462,11.982828376638176,78399575
2000-12-11,11.868705749511719,12.096951808368702,11.754585536197462,11.982828376638176,64485542
2000-12-12,12.09695053100586,12.21107395068566,11.982827111326056,11.982827111326056,107508156
2000-12-13,11.98282527923584,12.096948681466971,11.868702681608568,12.096948681466971,38342937
2000-12-14,11.640460968017578,11.868704590779108,11.640460968017578,11.868704590779108,57295439
2000-12-15,11.640460968017578,11.640460968017578,11.412218149860037,11.412218149860037,66477675
2000-12-18,11.069849967956543,11.526339547161216,11.069849967956543,11.412216146605239,66812906824
2000-12-19,10.704659461975098,10.841604654698864,10.704659461975098,10.704659461975098,95831052
2000-12-20,10.339468955993652,10.430766561906848,10.339468955993652,10.339468955993652,44505822
2000-12-21,9.997103691101074,9.997103691101074,9.997103691101074,9.997103691101074,14104179
2000-12-22,10.202524185180664,10.202524185180664,9.654736917344506,9.654736917344506,226823066
2000-12-25,10.202524185180664,10.202524185180664,10.202524185180664,10.202524185180664,0
2000-12-26,10.225345611572266,10.88725627630551,10.15687301011471,10.88725627630551,188777783
2000-12-27,10.316641807556152,10.430765208193536,9.951450626694225,10.225344213491633,174538354
2000-12-28,11.024200439453125,11.024200439453125,10.270995402655394,10.40794140725319,254635162
2000-12-29,10.97855281829834,11.047025413116332,10.773131815428846,11.024199605635907,146583096
2001-01-01,10.97855281829834,10.97855281829834,10.97855281829834,10.97855281829834,0
2001-01-02,11.32091999053955,11.412217596135168,10.453591530475258,10.681834337558376,223293718
2001-01-03,11.024200439453125,11.183971448653839,10.841605230253437,10.955727839456198,131220434
2001-01-04,11.52634048461914,11.754583281275252,11.320919473356508,11.52634048461914,242653012
2001-01-05,11.868705749511719,12.096951808368702,11.412219264026222,11.526342695756748,235456069
2001-01-08,11.52634048461914,11.982826077931366,11.52634048461914,11.640459871437413,167428666
2001-01-09,12.09695053100586,12.09695053100586,11.526341478646675,11.526341478646675,189128390
2001-01-10,11.868705749511719,12.211075240099229,11.754585536197462,12.096951808368702,142972889
2001-01-11,11.754582405090332,12.211071987395455,11.640459003759235,11.98282518473326,180145445
2001-01-12,11.868705749511719,12.096951808368702,11.754585536197462,11.868705749511719,119508086
2001-01-15,12.09695053100586,12.09695053100586,11.754584294986365,11.868704496250237,97484224
2001-01-16,12.895805358886719,12.895805358886719,12.211072943334653,12.211072943334653,247627478
2001-01-17,13.466415405273438,13.466415405273438,13.009925751940601,13.124049171028783,279543346
2001-01-18,13.352294921875,13.58053771844476,13.124048102285677,13.58053771844476,217204595
2001-01-19,13.352294921875,13.352294921875,13.352294921875,13.352294921875,0
2001-01-22,13.352294921875,13.352294921875,13.352294921875,13.352294921875,0
2001-01-23,13.352294921875,13.352294921875,13.352294921875,13.352294921875,0
2001-01-24,13.352294921875,13.352294921875,13.352294921875,13.352294921875,0
2001-01-25,13.352294921875,13.352294921875,13.352294921875,13.352294921875,0
2001-01-26,13.352294921875,13.352294921875,13.352294921875,13.352294921875,0
2001-01-29,12.439318656921387,13.352298107028236,12.439318656921387,13.352298107028236,138416378
2001-01-30,12.895805358886719,12.895805358886719,12.325192330580276,12.439315740845482,130645362
2001-01-31,13.580535888671875,13.694659283090125,13.00992293959964,13.00992293959964,283216485
2001-02-01,13.12405014038086,13.580539827430362,13.009926712863438,13.466416399912939,143975637
2001-02-02,13.352294921875,13.58053771844476,13.238171512080338,13.352294921875,163778538
2001-02-05,12.781679153442383,13.124045286347606,12.781679153442383,13.124045286347606,125633064
2001-02-06,12.781679153442383,13.23816867165558,12.553436405845135,12.553436405845135,163068048
2001-02-07,11.98282527923584,12.325191462909936,11.98282527923584,12.096948681466971,204302959
2001-02-08,12.211074829101562,12.211074829101562,11.868705350037448,11.982827973322792,113619346
2001-02-09,12.439318656921387,12.553442093939875,11.982828931867962,12.09695236888645,121494915
2001-02-12,12.439318656921387,12.553442093939875,12.3251952199029,12.3251952199029,67691139
2001-02-13,13.23816967010498,13.23816967010498,12.66755672354703,12.66755672354703,151657201716
2001-02-14,12.553439140319824,13.352294965450405,12.553439140319824,13.2381715552833,123006975
2001-02-15,13.352294921875,13.352294921875,12.895805305715918,13.009924692491015,160798110
2001-02-16,13.580535888671875,14.037024638722052,13.352293122854395,13.80877945909316,365911270
2001-02-19,13.580535888671875,13.580535888671875,13.124046334017892,13.238169728436143,120681516
2001-02-20,13.23816967010498,13.922901182955515,13.23816967010498,13.69465922274754,133902912
2001-02-21,13.352294921875,13.352294921875,12.895805305715918,13.009924692491015,88326993
2001-02-22,12.667559623718262,13.009925860828382,12.667559623718262,13.009925860828382,112465048118
2001-02-23,12.439318656921387,12.667561507937837,12.3251952199029,12.553442093939875,110006570
2001-02-26,12.211074829101562,12.43931766186013,12.096951401212177,12.325194233970745,66288160
2001-02-27,12.09695053100586,12.439316767025351,12.09695053100586,12.32519334734555,81211003
2001-02-28,12.09695053100586,12.09695053100586,12.09695053100586,12.09695053100586,0
2001-03-01,11.52634048461914,11.86870347269744,11.52634048461914,11.86870347269744,119729316
2001-03-02,11.640460968017578,11.754584388606322,11.412218149860037,11.640460968017578,71106748
2001-03-05,12.09695053100586,12.09695053100586,11.526341478646675,11.640460875306564,43802984
2001-03-06,12.211074829101562,12.667560494618698,12.211074829101562,12.325194233970745,131912109
2001-03-07,12.667559623718262,12.78168304376161,12.553440226694839,12.667559623718262,118323421321
2001-03-08,12.211074829101562,12.553441089749516,12.211074829101562,12.553441089749516,55773010
2001-03-09,12.211074829101562,12.211074829101562,11.868705350037448,11.982827973322792,41263908
2001-03-12,11.98282527923584,11.98282527923584,11.754582497792875,11.868702681608568,45298650
2001-03-13,12.09695053100586,12.21107395068566,11.640460875306564,11.754584294986365,74389007
2001-03-14,12.09695053100586,12.09695053100586,12.09695053100586,12.09695053100586,0
2001-03-15,12.553439140319824,12.553439140319824,12.096949522670982,12.211072932838087,89363230
2001-03-16,12.32519245147705,12.667558662611325,12.32519245147705,12.553439274246315,86606306
2001-03-19,11.868705749511719,12.211075240099229,11.868705749511719,12.211075240099229,43677471
2001-03-20,11.868705749511719,12.096951808368702,11.868705749511719,11.982828376638176,44045894
2001-03-21,11.868705749511719,11.982828376638176,11.754585536197462,11.754585536197462,45169996
2001-03-22,12.211074829101562,12.211074829101562,11.868705350037448,11.868705350037448,64914069
2001-03-23,12.439318656921387,12.667561507937837,12.3251952199029,12.439318656921387,152202088
2001-03-26,12.439318656921387,12.667561507937837,12.3251952199029,12.667561507937837,77179680
2001-03-27,12.553439140319824,12.895805347801563,12.553439140319824,12.667558527467353,158889995023
2001-03-28,12.09695053100586,12.21107395068566,11.982827111326056,11.982827111326056,154755690
2001-03-29,12.09695053100586,12.21107395068566,12.09695053100586,12.21107395068566,58974226
2001-03-30,12.09695053100586,12.21107395068566,11.982827111326056,12.21107395068566,62427151
2001-04-02,11.640460968017578,12.096950627352607,11.640460968017578,12.096950627352607,59801412
2001-04-03,11.343744277954102,11.526340282200968,11.229621674724322,11.41221687436729,91377653
2001-04-04,11.138323783874512,11.320919796540675,11.06985118430413,11.138323783874512,78052831
2001-04-05,11.138323783874512,11.138323783874512,11.138323783874512,11.138323783874512,0
2001-04-06,11.298091888427734,11.64045804108792,11.298091888427734,11.64045804108792,89924496
2001-04-09,10.95572566986084,11.18396923385872,10.95572566986084,11.18396923385872,49995736
2001-04-10,10.7959566116333,11.09267601112097,10.7959566116333,10.95572680108727,57147545
2001-04-11,11.183967590332031,11.22961838839288,10.841601490043434,11.069847434311047,54453904
2001-04-12,11.52634048461914,11.640459871437413,11.389392070972168,11.389392070972168,80044207
2001-04-13,11.412217140197754,11.754583348654197,11.412217140197754,11.754583348654197,54137138
2001-04-16,11.343744277954102,11.41221687436729,11.183970863303834,11.41221687436729,24837877
2001-04-17,11.343744277954102,11.41221687436729,11.183970863303834,11.275268463125316,25380550
2001-04-18,11.52634048461914,11.640459871437413,11.412217074781301,11.412217074781301,52134988
2001-04-19,12.32519245147705,12.32519245147705,12.096949651727408,12.32519245147705,271463143
2001-04-20,12.211074829101562,12.43931766186013,12.096951401212177,12.325194233970745,105074668
2001-04-23,12.09695053100586,12.21107395068566,11.982827111326056,12.09695053100586,34615849
2001-04-24,11.98282527923584,12.096948681466971,11.868702681608568,11.868702681608568,41747937
2001-04-25,11.754582405090332,11.98282518473326,11.640459003759235,11.98282518473326,40596038
2001-04-26,11.754582405090332,11.98282518473326,11.640459003759235,11.98282518473326,40596038
2001-04-27,11.754582405090332,11.98282518473326,11.754582405090332,11.98282518473326,45634138
2001-04-30,11.98282527923584,12.211072083698102,11.754582497792875,11.868702681608568,101316142
2001-05-01,11.98282527923584,11.98282527923584,11.98282527923584,11.98282527923584,0
2001-05-02,12.09695053100586,12.781683003044844,12.09695053100586,12.553440186705153,162210107
2001-05-03,12.32519245147705,12.439315862861683,11.868703633562069,12.096949651727408,90500602
2001-05-04,11.754582405090332,12.325191365707285,11.754582405090332,12.325191365707285,56913192
2001-05-07,11.98282527923584,12.211072083698102,11.754582497792875,11.98282527923584,63636658
2001-05-08,11.98282527923584,12.211072083698102,11.868702681608568,11.98282527923584,54447305
2001-05-09,11.98282527923584,12.211072083698102,11.98282527923584,12.096948681466971,62268980
2001-05-10,11.754582405090332,11.98282518473326,11.754582405090332,11.98282518473326,39862020
2001-05-11,11.98282527923584,12.096948681466971,11.754582497792875,11.754582497792875,54021773
2001-05-14,11.868705749511719,11.982828376638176,11.868705749511719,11.868705749511719,23460459
2001-05-15,11.640460968017578,11.868704590779108,11.640460968017578,11.754584388606322,47449065
2001-05-16,11.52634048461914,11.754583281275252,11.52634048461914,11.640459871437413,33806423
2001-05-17,11.754582405090332,11.868702588006016,11.640459003759235,11.640459003759235,39537973
2001-05-18,11.868705749511719,11.982828376638176,11.754585536197462,11.868705749511719,48700989
2001-05-21,11.640460968017578,11.868704590779108,11.412218149860037,11.868704590779108,51106512
2001-05-22,11.98282527923584,12.096948681466971,11.754582497792875,11.754582497792875,82444722
2001-05-23,12.32519245147705,12.439315862861683,11.982826240342776,11.982826240342776,84510858
2001-05-24,12.09695053100586,12.32519334734555,12.09695053100586,12.32519334734555,47717185
2001-05-25,11.98282527923584,12.211072083698102,11.98282527923584,12.096948681466971,40683791
2001-05-28,11.868705749511719,11.982828376638176,11.754585536197462,11.982828376638176,26184614
2001-05-29,11.868705749511719,12.096951808368702,11.868705749511719,11.868705749511719,40084563
2001-05-30,11.868705749511719,11.982828376638176,11.868705749511719,11.868705749511719,39031526
2001-05-31,11.868705749511719,11.868705749511719,11.640462104466936,11.754585536197462,40850704
2001-06-01,11.754582405090332,11.98282518473326,11.754582405090332,11.98282518473326,25964955
2001-06-04,11.754582405090332,11.868702588006016,11.640459003759235,11.754582405090332,27970285
2001-06-05,11.868705749511719,11.868705749511719,11.754585536197462,11.754585536197462,23535608
2001-06-06,12.32519245147705,12.32519245147705,12.096949651727408,12.096949651727408,102894553
2001-06-07,12.32519245147705,12.32519245147705,12.21107306311204,12.32519245147705,50652055
2001-06-08,12.667559623718262,12.89580646380496,12.553440226694839,12.553440226694839,162388545236
2001-06-11,12.553439140319824,12.667558527467353,12.43931573015272,12.667558527467353,53034289081
2001-06-12,12.553439140319824,12.667558527467353,12.43931573015272,12.553439140319824,39885918982
2001-06-13,12.09695053100586,12.553440186705153,11.982827111326056,12.553440186705153,61652009
2001-06-14,11.868705749511719,12.096951808368702,11.754585536197462,11.982828376638176,54068809
2001-06-15,11.98282527923584,11.98282527923584,11.754582497792875,11.754582497792875,26308907
2001-06-18,11.412217140197754,11.754583348654197,11.412217140197754,11.754583348654197,90953100
2001-06-19,11.047026634216309,11.343745267578585,10.955728221826083,11.298094452175533,88867705
2001-06-20,10.95572566986084,11.04702406098453,10.95572566986084,10.95572566986084,58832745
2001-06-21,10.659010887145996,10.932901247364024,10.613360079964853,10.841603656020856,90780163
2001-06-22,10.818782806396484,10.841604591238498,10.613360995493762,10.613360995493762,51469261
2001-06-25,10.818782806396484,10.818782806396484,10.818782806396484,10.818782806396484,0
2001-06-26,10.316641807556152,10.864428981150967,10.270994217429665,10.864428981150967,68514942
2001-06-27,10.476411819458008,10.590535218197134,10.385117445327417,10.45359003628399,48629167
2001-06-28,10.134047508239746,10.476413744342635,10.042753921939156,10.476413744342635,57546573
2001-06-29,10.430764198303223,10.453589198062359,10.316640808715087,10.385116612596264,56986510
2001-07-02,10.613363265991211,10.613363265991211,10.293822807272988,10.476414826356338,35262021
2001-07-03,10.476411819458008,10.613360219786493,10.43076503469463,10.544888433433755,29048606
2001-07-04,10.36229419708252,10.453591805076396,10.27099578448467,10.407941794173501,33249927
2001-07-05,10.293822288513184,10.385119902662023,10.225346462938472,10.225346462938472,20467556
2001-07-06,10.019926071166992,10.248168841084578,9.997101070031798,10.088398660761122,52660028
2001-07-09,9.403667449951172,9.837331258807328,9.403667449951172,9.768859465647573,82193365
2001-07-10,9.517786979675293,9.700382990260369,9.266719174904159,9.426489376684719,71386659
2001-07-11,9.65473461151123,9.791678981951986,9.426487825480882,9.449312825925434,74043114
2001-07-12,11.260435104370117,11.312931494751814,11.129195335321931,11.129195335321931,110879931
2001-07-13,11.198749542236328,11.68171379023407,11.168565634505416,11.651529882503159,119493093
2001-07-16,11.047825813293457,11.228938951753587,10.896900611721968,11.228938951753587,50455365
2001-07-17,11.259123802185059,11.379865099931399,10.927084629929585,10.957272569329337,60111577
2001-07-18,10.98745346069336,11.319491761244462,10.866711382743262,11.289304632549161,52361241
2001-07-19,10.413936614990234,11.017638246139455,10.23282347045223,10.806341991323817,77619654
2001-07-20,10.655413627624512,10.806338789543615,10.564858691393804,10.71578465791668,69959612
2001-07-23,10.655413627624512,10.896897748793187,10.564858691393804,10.806338789543615,34235126
2001-07-24,10.625229835510254,10.685600866449157,10.564858804571353,10.655413741772142,44446220
2001-07-25,10.896899223327637,10.927082328746685,10.655415069482077,10.655415069482077,39395100
2001-07-26,11.198749542236328,11.31949080538672,10.745968397365676,10.896898395869902,58254056
2001-07-27,11.440235137939453,11.953387418274854,11.319493046282192,11.319493046282192,151538104
2001-07-30,11.440235137939453,11.440235137939453,11.440235137939453,11.440235137939453,0
2001-07-31,11.742087364196777,11.832641520789936,11.500607199469703,11.560973418782496,82012030
2001-08-01,11.80245590209961,11.92319797853639,10.987453322982374,11.832639812001046,157695554
2001-08-02,12.134495735168457,12.164678842286968,11.83264052586555,12.074124693307876,102060818526
2001-08-03,12.164678573608398,12.375978824661345,11.923198434519227,12.134495467156537,58016408597
2001-08-06,11.923199653625488,12.074125661167285,11.71190340398777,11.923199653625488,43268842
2001-08-07,11.228938102722168,11.651531370823179,11.19875097271999,11.621343436217078,59636645361
2001-08-08,11.379862785339355,11.379862785339355,11.138379434358809,11.16856656301464,57062438
2001-08-09,11.16856575012207,11.289303796107054,11.16856575012207,11.198749658165445,32590642709
2001-08-10,11.349676132202148,11.440234303548213,11.108195989519832,11.168567030945313,82142878
2001-08-13,11.16856575012207,11.34967483060912,11.16856575012207,11.34967483060912,32331934
2001-08-14,11.681714057922363,11.7119011847603,11.198749798857419,11.259120834117937,64735883
2001-08-15,11.651533126831055,11.923200441111364,11.530791025456635,11.711904177518266,66747969
2001-08-16,11.651533126831055,11.802458339736946,11.470419974769426,11.560974136988106,46530893
2001-08-17,11.742087364196777,11.862828653466307,11.651532402999624,11.742087364196777,51807559
2001-08-20,11.470419883728027,11.621345095436014,11.440235967832084,11.470419883728027,43710709
2001-08-21,11.681714057922363,11.772272220020817,11.47041704371823,11.47041704371823,31045410
2001-08-22,11.470419883728027,11.681716950248095,11.440235967832084,11.440235967832084,50780987
2001-08-23,11.591158866882324,11.651529900854516,11.410045764965751,11.410045764965751,59247605
2001-08-24,11.017637252807617,11.34967637864984,10.92708310251486,11.319492466489526,80492149
2001-08-27,11.500608444213867,11.651533664078862,11.138382123388489,11.198753176859386,92236163575
2001-08-28,11.500608444213867,11.742088635077042,11.379865532667992,11.500608444213867,63657967
2001-08-29,11.772272109985352,11.832639121662423,11.349674867111748,11.349674867111748,70961503
2001-08-30,11.742087364196777,11.772274496873148,11.62134446571926,11.62134446571926,46638893
2001-08-31,12.013753890991211,12.04394102173126,11.560972677216636,11.681715567949235,84176794
2001-09-03,11.953386306762695,12.225049550898484,11.832640203313378,12.164678510683588,57034613
2001-09-04,12.164678573608398,12.194866507683717,11.802456353464867,11.953386368594545,54828261117
2001-09-05,12.074122428894043,12.074122428894043,11.923196461755511,12.074122428894043,43161611
2001-09-06,12.043938636779785,12.074122543127018,11.862825543450976,11.953384503926731,63492444
2001-09-07,12.013753890991211,12.074124934055538,11.893011804862553,11.953386870946598,60774810
2001-09-10,11.953386306762695,12.134495404387856,11.893011243528274,11.923198372843531,36672182
2001-09-11,11.621343612670898,12.013753779747548,11.621343612670898,11.953386760261916,45874732
2001-09-12,11.621343612670898,11.621343612670898,11.621343612670898,11.621343612670898,0
2001-09-13,10.836526870727539,10.836526870727539,10.836526870727539,10.836526870727539,13320673
2001-09-14,10.081892967224121,10.776156715169165,10.081892967224121,10.353564258920903,85809091
2001-09-17,10.081892967224121,10.081892967224121,10.081892967224121,10.081892967224121,0
2001-09-18,10.081892967224121,10.081892967224121,10.081892967224121,10.081892967224121,0
2001-09-19,10.081892967224121,10.081892967224121,10.081892967224121,10.081892967224121,0
2001-09-20,9.417815208435059,9.417815208435059,9.417815208435059,9.417815208435059,9206899
2001-09-21,9.115964889526367,9.115964889526367,9.115964889526367,9.115964889526367,1271988
2001-09-24,9.115964889526367,9.115964889526367,9.115964889526367,9.115964889526367,0
2001-09-25,7.968924045562744,8.723555748752894,7.938736910753739,8.602813646349283,214596063
2001-09-26,8.24059009552002,8.270778030292972,7.425587466399903,7.96892282068129,200435605
2001-09-27,7.878368854522705,7.99910691815093,7.787809875724897,7.968923005696833,84751214
2001-09-28,7.878368854522705,7.878368854522705,7.878368854522705,7.878368854522705,0
2001-10-01,7.878368854522705,7.878368854522705,7.878368854522705,7.878368854522705,0
2001-10-02,7.576512336730957,7.9991055444039425,7.576512336730957,7.9991055444039425,66062320
2001-10-03,7.063360691070557,7.455770825258057,7.063360691070557,7.304845645456109,105063670
2001-10-04,7.063360691070557,7.425586915743083,7.063360691070557,7.395399787812636,133729141
2001-10-05,7.546329975128174,7.546329975128174,7.093549549029384,7.153920594350812,110467902
2001-10-08,7.606700897216797,7.697255854523951,7.365216719843263,7.365216719843263,102554880
2001-10-09,8.11984920501709,8.11984920501709,7.727443811683077,7.878369829462055,97041643
2001-10-10,8.11984920501709,8.11984920501709,8.11984920501709,8.11984920501709,0
2001-10-11,8.66318416595459,8.66318416595459,8.572630008520687,8.602813118457316,82409973447
2001-10-12,8.874478340148926,9.266887607596646,8.874478340148926,9.266887607596646,201838430
2001-10-15,8.633002281188965,8.874482482428228,8.602814339344135,8.753744393318888,47844585
2001-10-16,8.814108848571777,8.814108848571777,8.512257679547536,8.572628717956265,63347549988
2001-10-17,8.844295501708984,9.35744769139964,8.844295501708984,9.055592515577093,160356003
2001-10-18,8.753742218017578,8.844296365800002,8.602812201548872,8.663183242611654,64498599
2001-10-19,8.96503734588623,9.055592287140984,8.572628041027338,8.632999074668929,105969288
2001-10-22,8.995222091674805,9.115964170208743,8.844296102715166,8.995222091674805,69500081
2001-10-23,8.904667854309082,9.236706153024903,8.904667854309082,9.20651821989257,82464978
2001-10-24,9.50837230682373,9.50837230682373,8.995220951887728,9.025408076903977,183200616
2001-10-25,9.6593017578125,9.6593017578125,9.387633626834534,9.508375733583923,97752084
2001-10-26,9.568742752075195,9.900781796415853,9.508371724157351,9.659297684744478,89054301
2001-10-29,9.50837230682373,9.719668503673041,9.387630243589054,9.448001275206392,78838874
2001-10-30,8.844295501708984,9.29707665623513,8.844295501708984,9.29707665623513,95892523
2001-10-31,8.57262897491455,8.78392520186691,8.451886894477937,8.602812081211988,87292846
2001-11-01,8.78392219543457,8.904665039148997,8.723551175879173,8.814106096005009,71633429
2001-11-02,9.387632369995117,9.387632369995117,9.206519234118906,9.266890279410976,115021521
2001-11-05,9.78003978729248,9.900782658242127,9.206517385961197,9.327259452307032,132002820
2001-11-06,9.719670295715332,10.11208046437019,9.719670295715332,10.11208046437019,120699792
2001-11-07,10.353565216064453,10.353565216064453,9.870596846991237,9.930967893125388,143620066
2001-11-08,10.564859390258789,11.078007549460544,10.444117321687369,10.444117321687369,208099296
2001-11-09,10.564859390258789,10.564859390258789,10.564859390258789,10.564859390258789,0
2001-11-12,10.263006210327148,10.474303262120863,10.202635164326669,10.323377256327628,89799218
2001-11-13,10.172451972961426,10.474303177505444,10.172451972961426,10.202635081905889,75463569
2001-11-14,10.866711616516113,10.866711616516113,10.413935251293893,10.534673308821954,191218717
2001-11-15,11.440235137939453,11.560973206576815,10.776157656844417,10.866712616379402,175503664
2001-11-16,11.651533126831055,12.01375540793409,11.31949395725949,11.530791025456635,174653555
2001-11-19,11.923199653625488,12.013754614467373,11.470419217188123,11.65153235728786,102592082
2001-11-20,11.319494247436523,11.95338868669412,11.319494247436523,11.862829694529678,129196289
2001-11-21,11.80245590209961,11.80245590209961,10.987453322982374,10.987453322982374,116647250
2001-11-22,11.16856575012207,11.681713911162818,11.16856575012207,11.681713911162818,77750210
2001-11-23,11.41004753112793,11.621343768925694,11.138380250013135,11.138380250013135,99217531
2001-11-26,11.681714057922363,11.7119011847603,11.410046008457712,11.56097118279749,135382038
2001-11-27,12.043938636779785,12.225047707089674,11.621341419012566,12.074122543127018,244201712
2001-11-28,12.074122428894043,12.647644805197835,12.013751398355609,12.134493459432477,218335811
2001-11-29,11.893010139465332,11.983568300588708,11.681713932140159,11.95338519709496,71390414
2001-11-30,11.923199653625488,12.255238801267021,11.893012521067549,12.013754614467373,114757880
2001-12-03,12.40616512298584,12.557090339533996,12.164680914409281,12.164680914409281,134827822039
2001-12-04,13.130608558654785,13.130608558654785,12.104305099086549,12.345789212636426,159138907
2001-12-05,14.03617000579834,14.03617000579834,13.5833935985178,13.5833935985178,219014165
2001-12-06,15.002100944519043,15.002100944519043,14.881358860544621,15.002100944519043,130933260
2001-12-07,15.545440673828125,15.696365095038574,15.002104389587725,15.062475445438487,217761294
2001-12-10,14.60969066619873,15.394509291806981,14.60969066619873,15.394509291806981,165788561
2001-12-11,14.851179122924805,14.851179122924805,13.97580198648695,14.398399399175316,146850980
2001-12-12,15.847293853759766,15.847293853759766,14.971916789413221,15.092658897380517,184158472
2001-12-13,14.911544799804688,16.149144891983546,14.790805917829505,15.847292859421366,159994326
2001-12-14,14.730433464050293,14.911543378964152,14.247469936128178,14.307840980571413,149716863
2001-12-17,14.126726150512695,14.639878357438727,14.126726150512695,14.488947546042748,81845460
2001-12-18,14.03617000579834,14.700246682872622,14.005986092065475,14.700246682872622,131383902
2001-12-19,14.126726150512695,14.609691229634892,14.036167985516654,14.187097187704902,109989351
2001-12-20,14.488947868347168,14.54931890688232,14.036168297749061,14.036168297749061,90024442
2001-12-21,13.764498710632324,14.247466965477502,13.583390442688145,14.03616674477515,123175474
2001-12-24,14.24747085571289,14.24747085571289,13.6437651999389,13.67394750569275,82435951
2001-12-25,14.54931926727295,14.70024525814154,14.096539685459367,14.247468894743571,91501713
2001-12-26,14.277654647827148,14.79080533588421,14.24747073312498,14.639880934749328,74909860
2001-12-27,14.398394584655762,14.881358067181875,14.217281468349727,14.488947924393237,140517583
2001-12-28,14.881356239318848,15.002098302025571,14.39839281611468,14.51913005119868,138206947
2001-12-31,15.394509315490723,15.545435293675105,15.09265414070662,15.09265414070662,165357009
2002-01-01,15.394509315490723,15.394509315490723,15.394509315490723,15.394509315490723,0
2002-01-02,15.06247329711914,15.394512447732268,14.79080519374622,15.394512447732268,93679600
2002-01-03,15.06247329711914,15.06247329711914,15.06247329711914,15.06247329711914,0
2002-01-04,15.696361541748047,15.696361541748047,15.243585162198267,15.394511158450815,199447422
2002-01-07,15.847293853759766,15.847293853759766,15.243588141547816,15.696364609592468,114951506
2002-01-08,15.243585586547852,15.545437587455877,15.092656367678025,15.545437587455877,89879912
2002-01-09,15.243585586547852,15.394511587001865,14.941730367224011,15.243585586547852,92884707
2002-01-10,14.76061725616455,15.06247247590833,14.639879995890768,14.881359344062062,101619020
2002-01-11,14.066356658935547,14.639879966072682,14.036169527814744,14.4587668345953,106611320
2002-01-14,13.764498710632324,13.885240774343618,13.613572740200793,13.613572740200793,72046255
2002-01-15,13.372091293334961,13.734316730681178,13.130611155054412,13.583392348284253,103562628
2002-01-16,12.979681968688965,13.583389004929801,12.979681968688965,13.372088001989189,104041501
2002-01-17,13.492833137512207,13.704129361134923,12.526904555279625,12.708017673080532,134438129
2002-01-18,13.673945426940918,14.036168443497541,13.673945426940918,14.036168443497541,120762357
2002-01-21,14.57950496673584,14.57950496673584,13.764502263167651,13.764502263167651,111788005
2002-01-22,14.338025093078613,14.790804714286827,14.036169866662545,14.639880319494683,96371353
2002-01-23,14.60969066619873,15.243583313854794,13.885241466246754,14.126725605702525,250901317
2002-01-24,14.277654647827148,14.760618202766016,14.187099685304617,14.670064849451498,108893123
2002-01-25,14.488947868347168,14.790803061022926,14.39839452895997,14.639878683100578,96256394
2002-01-28,14.519134521484375,14.790805855426763,14.458768299167625,14.488950605721964,87384716
2002-01-29,14.03617000579834,14.549320677376455,14.03617000579834,14.519133545227668,70161207
2002-01-30,13.583392143249512,13.855058602195804,13.583392143249512,13.64376318266326,98765386
2002-01-31,13.583392143249512,13.583392143249512,13.583392143249512,13.583392143249512,0
2002-02-01,14.15691089630127,14.428577361300986,13.885242822093726,14.428577361300986,114266801
2002-02-04,13.824872016906738,14.005985142269767,13.764500975119061,13.975798012168076,58619846
2002-02-05,13.915431022644043,13.915431022644043,13.583393491330996,13.583393491330996,47380112
2002-02-06,13.643765449523926,14.036170834078826,13.613576706385727,13.613576706385727,136914506
2002-02-07,13.643765449523926,13.643765449523926,13.643765449523926,13.643765449523926,0
2002-02-08,13.643765449523926,13.643765449523926,13.643765449523926,13.643765449523926,0
2002-02-11,13.643765449523926,13.643765449523926,13.643765449523926,13.643765449523926,0
2002-02-12,13.643765449523926,13.643765449523926,13.643765449523926,13.643765449523926,0
2002-02-13,13.643765449523926,13.643765449523926,13.643765449523926,13.643765449523926,0
2002-02-14,13.643765449523926,13.643765449523926,13.643765449523926,13.643765449523926,0
2002-02-15,13.643765449523926,13.643765449523926,13.643765449523926,13.643765449523926,0
2002-02-18,13.764498710632324,14.03616674477515,13.643761474543792,13.885240774343618,104711580
2002-02-19,13.281538963317871,13.885244621519941,13.281538963317871,13.885244621519941,96281993
2002-02-20,12.587276458740234,13.130611826426797,12.587276458740234,12.979685827105165,118350714
2002-02-21,12.677830696105957,12.889126922259772,12.617458851511905,12.889126922259772,80678684
2002-02-22,12.677830696105957,12.768388865298984,12.37597871457082,12.49672159915502,76326479
2002-02-25,12.61745834350586,12.828755365756304,12.61745834350586,12.798572260788173,65964396
2002-02-26,12.61745834350586,12.949497440875266,12.61745834350586,12.828755365756304,60391151
2002-02-27,13.492833137512207,13.492833137512207,12.919313896703247,12.979684935970216,130512411
2002-02-28,13.492833137512207,13.492833137512207,13.492833137512207,13.492833137512207,0
2002-03-01,14.18709945678711,14.428578816554914,13.643764862779593,13.704131082003574,278867050
2002-03-04,15.092657089233398,15.092657089233398,14.851176120645329,15.092657089233398,181523323
2002-03-05,15.545440673828125,15.847294343873706,15.243588612990772,15.847294343873706,296170397
2002-03-06,15.998217582702637,15.998217582702637,15.243585953079565,15.39451195716259,249447817
2002-03-07,15.545440673828125,15.998220374292384,15.394514643409448,15.847294343873706,151745816
2002-03-08,15.545440673828125,15.847294343873706,15.243588612990772,15.696365095038574,120902558
2002-03-11,16.45099639892578,16.60192238085805,15.696360052433592,15.696360052433592,229642022
2002-03-12,15.696361541748047,16.300068745173963,15.545437154703363,16.300068745173963,91514756
2002-03-13,15.545440673828125,15.998220374292384,15.394514643409448,15.696365095038574,66709533
2002-03-14,15.696361541748047,15.696361541748047,15.243585162198267,15.394511158450815,79113619
2002-03-15,14.881356239318848,15.394508396614846,14.79080130149638,15.092653239848039,199785871
2002-03-18,15.243585586547852,15.243585586547852,14.639879975523893,14.941730367224011,84558044
2002-03-19,15.06247329711914,15.545438456624781,14.941731202638731,15.243586438839754,89244714
2002-03-20,15.696361541748047,15.696361541748047,15.092655947529993,15.243585162198267,122232293
2002-03-21,15.545440673828125,15.696365095038574,15.243588612990772,15.243588612990772,66130235
2002-03-22,15.696361541748047,15.998216752668869,15.696361541748047,15.84729075641632,121547127
2002-03-25,15.696361541748047,15.998216752668869,15.545437154703363,15.696361541748047,68949384
2002-03-26,15.847293853759766,15.847293853759766,15.545440193049702,15.545440193049702,60106842
2002-03-27,15.394509315490723,15.998214837435919,15.394509315490723,15.998214837435919,90082374
2002-03-28,15.998217582702637,15.998217582702637,15.545437961245616,15.545437961245616,118014981
2002-03-29,15.847293853759766,16.300071931012596,15.847293853759766,16.300071931012596,95617523
2002-04-01,15.998217582702637,16.149143586785662,15.847291578619613,15.847291578619613,37018221
2002-04-02,16.45099639892578,16.60192238085805,16.149141216645823,16.149141216645823,113394121
2002-04-03,16.300067901611328,16.60192309691051,16.149141913169515,16.300067901611328,102961865
2002-04-04,15.998217582702637,16.300069590868688,15.847291578619613,16.149143586785662,78989487
2002-04-05,15.998217582702637,15.998217582702637,15.998217582702637,15.998217582702637,0
2002-04-08,15.998217582702637,16.149143586785662,15.847291578619613,15.847291578619613,39083909
2002-04-09,15.696361541748047,15.998216752668869,15.545437154703363,15.998216752668869,53896876
2002-04-10,15.243585586547852,15.696361978701981,15.243585586547852,15.545437587455877,86772451
2002-04-11,15.394509315490723,15.696359662651815,15.394509315490723,15.394509315490723,53779216
2002-04-12,16.14914321899414,16.14914321899414,15.39451160655756,15.545437607203294,72713644
2002-04-15,15.998217582702637,16.300069590868688,15.998217582702637,16.149143586785662,49896617
2002-04-16,16.45099639892578,16.60192238085805,16.149141216645823,16.149141216645823,116169962
2002-04-17,17.205629348754883,17.50748133772389,17.05470335427038,17.05470335427038,254782894
2002-04-18,17.205629348754883,17.356555343239386,17.05470335427038,17.356555343239386,100707672
2002-04-19,17.054702758789062,17.20562874800384,16.90377355115871,16.90377355115871,59116179
2002-04-22,17.205629348754883,17.205629348754883,16.90377414137019,16.90377414137019,55663952
2002-04-23,16.903776168823242,17.054705399826013,16.752850156236548,17.054705399826013,71215782
2002-04-24,17.054702758789062,17.20562874800384,16.90377355115871,16.90377355115871,58077856
2002-04-25,16.601924896240234,16.90377529663086,16.450998891440943,16.90377529663086,87089300
2002-04-26,16.45099639892578,16.60192238085805,16.149141216645823,16.45099639892578,55613334
2002-04-29,15.998217582702637,16.149143586785662,15.847291578619613,16.149143586785662,68462889
2002-04-30,15.998217582702637,15.998217582702637,15.696362356120694,15.998217582702637,58101728
2002-05-01,15.998217582702637,15.998217582702637,15.998217582702637,15.998217582702637,0
2002-05-02,15.545440673828125,16.14914640471106,15.545440673828125,15.998220374292384,78304151
2002-05-03,15.847293853759766,15.847293853759766,15.243588141547816,15.243588141547816,64559845
2002-05-06,14.790801048278809,15.394508133061848,14.760613923911356,15.394508133061848,95908797
2002-05-07,14.76061725616455,14.941730388010818,14.18709877548301,14.18709877548301,97612164
2002-05-08,15.002100944519043,15.243585112467887,14.790803906771663,14.82098781855741,73386641
2002-05-09,15.032285690307617,15.696362361386853,14.881359686173957,15.696362361386853,108113774
2002-05-10,15.032285690307617,15.092656735644262,14.700246550164026,14.9417307315106,88587132
2002-05-13,14.70024585723877,14.881358984711573,14.70024585723877,14.760616899729703,48328706
2002-05-14,14.851179122924805,15.032289081374627,14.700249866327791,14.881363043194234,50148956
2002-05-15,15.394509315490723,15.545435293675105,15.09265414070662,15.243583337306342,96705731
2002-05-16,14.941728591918945,15.243583775377791,14.941728591918945,15.243583775377791,37070237
2002-05-17,14.70024585723877,15.062472112184375,14.60969251191811,14.941730027202507,85378226
2002-05-20,14.54931926727295,14.70024525814154,14.338023845581604,14.70024525814154,55293219
2002-05-21,13.975799560546875,14.488950254178382,13.975799560546875,14.488950254178382,61351486
2002-05-22,14.277654647827148,14.338025695647511,13.8852444462028,13.975799408725331,101399967
2002-05-23,13.885241508483887,14.24746771876939,13.885241508483887,14.126725648674222,87775031
2002-05-24,14.24747085571289,14.307841904052697,13.885244565674048,13.885244565674048,71487875
2002-05-27,14.096541404724121,14.126728537628937,13.945615395448051,13.975799309936864,48150324
2002-05-28,14.096541404724121,14.398396641692264,13.975799309936864,14.096541404724121,78934685
2002-05-29,13.885241508483887,14.066354613626638,13.76449943838872,14.036167486895174,64600345
2002-05-30,14.03617000579834,14.156912097561642,13.794689040687656,13.945615046183825,130801754
2002-05-31,13.673945426940918,13.885242454800244,13.583392086613435,13.885242454800244,75970092
2002-06-03,13.523021697998047,13.583392740064324,13.372091679020564,13.583392740064324,55328711
2002-06-04,13.07024097442627,13.251354107314071,12.979686017190287,13.130612018722204,107155129
2002-06-05,13.1909818649292,13.372090958347723,13.160793931711213,13.160793931711213,73883236
2002-06-06,13.1909818649292,13.402278086961822,13.130610826116547,13.281536813940404,76356107
2002-06-07,12.345791816711426,12.889127163784629,12.315608709962468,12.798573015914249,124956692
2002-06-10,12.708017349243164,12.73820125889969,12.466533198329008,12.526904236057547,77188754
2002-06-11,12.677830696105957,12.858943011472501,12.37597871457082,12.828755882269622,71074296
2002-06-12,12.557086944580078,12.738200856650316,12.557086944580078,12.61745798040221,54296679
2002-06-13,13.130608558654785,13.281534520415962,12.70801538296124,12.70801538296124,134838785
2002-06-14,13.07024097442627,13.100428910386116,12.889127841538468,12.979686017190287,43548474
2002-06-17,12.828756332397461,13.281537539002695,12.828756332397461,13.16079465018194,68731760
2002-06-18,13.07024097442627,13.190983063018137,13.009869930130336,13.130612018722204,47314663
2002-06-19,12.677830696105957,13.160794188403736,12.677830696105957,13.070240042230218,67594281
2002-06-20,12.496719360351562,12.52690246112759,12.074122156129356,12.406160402778386,79904003
2002-06-21,12.40616512298584,12.677833248426339,12.10430986226514,12.134497802149403,85179869
2002-06-24,12.255236625671387,12.375977893032776,12.07412351772353,12.28541972985115,60181263
2002-06-25,12.40616512298584,12.647649331562398,12.255239906437682,12.375981206121898,62890326
2002-06-26,11.893010139465332,12.315607381738662,11.772272093263533,12.225048416011457,96156854
2002-06-27,11.893010139465332,12.074123243296759,11.832639104854858,12.013752208686284,62307112
2002-06-28,12.1043062210083,12.255236219777588,12.074123117828202,12.074123117828202,49207432
2002-07-01,11.80245590209961,12.074123964874607,11.681714630266708,12.074123964874607,39649802
2002-07-02,11.681714057922363,11.832639232262139,11.621342218058006,11.621342218058006,38525796
2002-07-03,11.530789375305176,11.591160417352791,10.866711935801074,11.319492337346388,76470149
2002-07-04,11.651533126831055,11.89301330655967,11.560974136988106,11.591162076143846,78777139
2002-07-05,12.466535568237305,12.466535568237305,11.681716756194222,11.862829099205712,104838483
2002-07-08,12.858943939208984,13.28153803121339,12.738202655121446,12.889127852173939,156550149
2002-07-09,13.130608558654785,13.130608558654785,12.5872733261863,12.768386411348708,66120444660
2002-07-10,12.61745834350586,12.919313531303265,12.587275238537728,12.919313531303265,60212422
2002-07-11,12.074122428894043,12.526902744120967,11.923196461755511,12.164676560890365,86565068551
2002-07-12,12.587276458740234,12.82875660936774,12.37597941600679,12.43635126402255,99120490
2002-07-15,12.375978469848633,12.58727549642817,12.25523719685977,12.58727549642817,49388727
2002-07-16,12.375978469848633,12.828755628594234,12.375978469848633,12.677830445414958,69980644
2002-07-17,12.315604209899902,12.496717267086325,12.07412013365134,12.37597442435842,54661888
2002-07-18,12.013753890991211,12.31560910631285,11.983569978666932,12.31560910631285,69734834
2002-07-19,11.591158866882324,11.711900934826707,11.319490823215109,11.651529900854516,119613197
2002-07-22,11.047825813293457,11.289305974887043,10.987454767140079,11.168567905600211,96924086
2002-07-23,11.440235137939453,11.440235137939453,10.896900553105658,10.896900553105658,115409531
2002-07-24,10.957269668579102,11.108194842750072,10.836527598193113,11.047823807557076,110340802
2002-07-25,10.866711616516113,11.349675915686952,10.866711616516113,11.259121769087976,114157575
2002-07-26,10.112080574035645,10.112080574035645,10.112080574035645,10.112080574035645,55518497
2002-07-29,9.59892749786377,10.112078866315423,9.41781359363769,9.41781359363769,192260428
2002-07-30,10.051709175109863,10.0818930865358,9.810229033059263,9.930967092574765,109564890
2002-07-31,9.749858856201172,10.021526152179044,9.749858856201172,10.021526152179044,64466752
2002-08-01,9.6593017578125,9.99134013756108,9.629117840333315,9.99134013756108,92915159
2002-08-02,9.50837230682373,9.50837230682373,9.206517148737039,9.417813345586351,107883939
2002-08-05,10.498981475830078,10.818338408941596,10.419141437948324,10.658657528574214,119498334
2002-08-06,10.738497734069824,10.8582581860904,10.179619111257056,10.179619111257056,128631734
2002-08-07,11.457063674926758,11.457063674926758,11.137701865564203,11.177622292885522,131676680
2002-08-08,11.177620887756348,11.496982656972206,11.177620887756348,11.45706223466925,77185619
2002-08-09,11.576823234558105,11.656664082871526,11.4171423425352,11.496983190848619,70094697
2002-08-12,11.576823234558105,11.736504126581012,11.45706276669191,11.656664082871526,54238994
2002-08-13,11.736504554748535,11.736504554748535,11.45706318466494,11.5768236569002,40567122
2002-08-14,11.856264114379883,11.856264114379883,11.496982725328817,11.496982725328817,54380937
2002-08-15,12.135699272155762,12.45506098622339,12.095778856746369,12.135699272155762,105541575
2002-08-16,12.135699272155762,12.335300544598969,12.055859245940733,12.335300544598969,46775093
2002-08-19,12.375222206115723,12.455062240370143,12.175620913573916,12.375222206115723,50159900
2002-08-20,12.614747047424316,12.774427970333905,12.45506612451473,12.574827420149987,71706842
2002-08-21,12.215542793273926,12.375223685475182,12.175622369072627,12.375223685475182,44293900
2002-08-22,12.375222206115723,12.534903079228402,12.295381367257464,12.295381367257464,61868155
2002-08-23,12.375222206115723,12.375222206115723,12.375222206115723,12.375222206115723,0
2002-08-26,12.095781326293945,12.295382639488958,12.055861707338078,12.295382639488958,48229493
2002-08-27,11.69658374786377,12.095780722085665,11.656663326298085,12.095780722085665,56822049
2002-08-28,11.177620887756348,11.45706223466925,11.177620887756348,11.417141812366292,84710293
2002-08-29,11.177620887756348,11.177620887756348,10.898178736239549,11.097780043150435,80241205
2002-08-30,11.217540740966797,11.377222433531127,11.057860657610293,11.177621122429628,42644723
2002-09-02,10.978022575378418,11.217543565323764,10.898181708993892,11.177623936735618,38335200
2002-09-03,10.898179054260254,11.097780366995723,10.858259435396295,10.978019901196008,49752711
2002-09-04,10.738497734069824,10.938098219236174,10.538900467318783,10.618736477445422,58939353
2002-09-05,10.698576927185059,10.97801823996639,10.698576927185059,10.97801823996639,42617884
2002-09-06,10.698576927185059,10.698576927185059,10.698576927185059,10.698576927185059,0
2002-09-09,10.77841854095459,10.898179006226458,10.658658075682721,10.69857849897465,55680630
2002-09-10,11.13769817352295,11.13769817352295,10.73849644645334,10.93809690768628,59141610
2002-09-11,11.177620887756348,11.337301772364276,11.177620887756348,11.177620887756348,49483527
2002-09-12,11.01794147491455,11.217542003883988,10.898180192008084,11.177622380852503,27886626
2002-09-13,10.738497734069824,10.8582581860904,10.738497734069824,10.8183377672156,35612173
2002-09-16,10.339301109313965,10.658658058297151,10.219539839633526,10.578817211843527,55810314
2002-09-17,10.818340301513672,10.818340301513672,10.339302404231368,10.379222832457904,68143909
2002-09-18,10.099780082702637,10.459061474500881,10.099780082702637,10.459061474500881,90399157
2002-09-19,9.980019569396973,10.179620894125515,9.980019569396973,10.09978084699648,100011829
2002-09-20,9.580816268920898,9.740497961536493,9.421136185513129,9.740497961536493,87177182
2002-09-23,9.461055755615234,9.740497911657654,9.461055755615234,9.580816219859752,48176992
2002-09-24,9.620735168457031,9.740496418952363,9.381214276673939,9.381214276673939,83638343
2002-09-25,9.500978469848633,9.700579828128552,9.261461506616527,9.660659395551747,58201932137
2002-09-26,9.740498542785645,9.980019486794252,9.700578117249556,9.980019486794252,83879208
2002-09-27,9.500978469848633,9.820340321254863,9.500978469848633,9.780419888678058,57140869
2002-09-30,9.461055755615234,9.461055755615234,9.181619231800179,9.301374868421242,48011368
2002-10-01,9.10177993774414,9.461057368714531,9.061859507988277,9.221541227011727,70129117
2002-10-02,9.10177993774414,9.381217313806854,9.10177993774414,9.381217313806854,61885773
2002-10-03,8.502975463867188,8.942097713024218,8.502975463867188,8.862257669815635,73000404
2002-10-04,8.502975463867188,8.70257597419061,8.26345372503358,8.26345372503358,91590900
2002-10-07,7.984017848968506,8.343295256743232,7.984017848968506,8.343295256743232,81921851
2002-10-08,8.223532676696777,8.263452289062123,7.864255360804883,7.864255360804883,75575074
2002-10-09,8.263452529907227,8.662655102026074,8.183612498245745,8.223532916378392,92174400
2002-10-10,8.263452529907227,8.263452529907227,8.263452529907227,8.263452529907227,0
2002-10-11,8.103776931762695,8.622735154368266,8.103776931762695,8.582814734057477,99459663
2002-10-14,8.502975463867188,8.542895887773444,8.223534105731252,8.38321419214842,86323409
2002-10-15,9.061857223510742,9.061857223510742,8.702575055490447,8.782415894874443,85057119
2002-10-16,9.660655975341797,9.660655975341797,9.381214655444367,9.660655975341797,186856542098
2002-10-17,9.620735168457031,9.780416031180353,9.421134693505715,9.500974722565484,98771744
2002-10-18,10.259458541870117,10.259458541870117,9.860256790378504,9.98001723536561,178736320
2002-10-21,10.099780082702637,10.179620123789833,9.980018814165982,10.179620123789833,80853946
2002-10-22,9.740498542785645,10.299381281875036,9.580816840641292,10.219540430802859,103302331
2002-10-23,10.339301109313965,10.379221532540779,9.46105582134365,9.580816286420175,134282497
2002-10-24,10.2195405960083,10.459062348492893,10.13970054824942,10.339301874552584,118286146
2002-10-25,10.259458541870117,10.4191402079913,10.0598580684262,10.139698096883011,76954023
2002-10-28,10.2993803024292,10.618737239516154,10.2993803024292,10.45906118478433,84681979
2002-10-29,10.139699935913086,10.299380826391696,10.059859892975744,10.219539978850428,57295615
2002-10-30,9.780417442321777,10.099780018450586,9.580816133967735,10.019939173267408,81602144
2002-10-31,10.059860229492188,10.17962070020632,9.860258908566001,9.980019379280131,65851918
2002-11-01,9.700578689575195,10.099781359280763,9.660658261683837,10.059860931389405,62370287
2002-11-04,10.059860229492188,10.219540320708395,9.860258908566001,9.980019379280131,104394818
2002-11-05,10.139699935913086,10.379221673932962,10.099780316746378,10.299380826391696,105797172
2002-11-06,10.818340301513672,10.818340301513672,10.05986101585364,10.139701067702699,171980768
2002-11-07,11.217540740966797,11.377222433531127,10.898178965045963,10.898178965045963,258527255
2002-11-08,11.37722396850586,11.37722396850586,10.938100863916844,11.017941720970855,144868663
2002-11-11,10.618739128112793,11.137702289218172,10.618739128112793,10.97802137846298,105166611
2002-11-12,10.339301109313965,10.419141955767591,10.179620221010627,10.299380686087153,95873332
2002-11-13,10.2993803024292,10.339300724168954,9.980018537718937,10.219539458949692,78831367
2002-11-14,10.179619789123535,10.498981552180764,10.179619789123535,10.219539406052778,73222724
2002-11-15,10.578816413879395,10.698577674526197,10.498981205675172,10.578816413879395,100497294
2002-11-18,10.419140815734863,10.658656892057257,10.259459140299525,10.538900463103714,54227994
2002-11-19,10.37922191619873,10.57881760287934,10.37922191619873,10.419142340901164,40262554
2002-11-20,10.139699935913086,10.379221673932962,10.099780316746378,10.299380826391696,45484782
2002-11-21,10.139699935913086,10.459061716870306,10.099780316746378,10.379221673932962,64496055
2002-11-22,10.818340301513672,10.818340301513672,10.4989833125335,10.65865939321154,159131533
2002-11-25,10.858257293701172,10.89817690469134,10.538899601176064,10.858257293701172,130051046
2002-11-26,10.538902282714844,10.778419204995243,10.538902282714844,10.778419204995243,87543662
2002-11-27,10.2993803024292,10.379221145908707,10.179619841813823,10.339300724168954,65771275
2002-11-28,10.259458541870117,10.578815437282243,10.259458541870117,10.538899848374625,109434390
2002-11-29,10.259458541870117,10.4191402079913,10.219538125339822,10.299378958400412,50168745
2002-12-02,10.259458541870117,10.259458541870117,10.259458541870117,10.259458541870117,0
2002-12-03,10.858257293701172,10.93809732028527,10.538899601176064,10.618735604741358,123133260
2002-12-04,10.538902282714844,10.73849958384785,10.538902282714844,10.698579158096491,61229729
2002-12-05,10.578816413879395,10.578816413879395,10.379220749632223,10.379220749632223,46909181
2002-12-06,10.538902282714844,10.578817880842411,10.379222188917336,10.419142614668695,38887400
2002-12-09,10.538902282714844,10.778419204995243,10.45906223581609,10.73849958384785,62641129
2002-12-10,10.139699935913086,10.17962035968372,9.980019045434476,10.17962035968372,89452881
2002-12-11,10.019940376281738,10.179621281215805,10.019940376281738,10.139700853831288,60877523
2002-12-12,9.740498542785645,10.139700384334644,9.62073726617738,10.01993991233034,77075721
2002-12-13,9.500978469848633,9.700579828128552,9.500978469848633,9.620738962974944,72978028
2002-12-16,9.181618690490723,9.22153911108666,8.982017392114905,9.181618690490723,109141925
2002-12-17,9.181618690490723,9.421135581839309,9.181618690490723,9.341298763666744,70454580
2002-12-18,9.02193832397461,9.301375676675624,8.982018702160179,9.221540456066657,68868313
2002-12-19,8.782416343688965,8.98201764774549,8.782416343688965,8.782416343688965,77015325
2002-12-20,9.061857223510742,9.181618482586737,8.582814601018296,8.82233631456644,108459522
2002-12-23,8.782416343688965,9.10177810833785,8.742495921956882,9.061857686605768,38874732
2002-12-24,8.782416343688965,8.942097226013408,8.782416343688965,8.782416343688965,38304087
2002-12-25,8.862257957458496,8.982018428460409,8.82233753225654,8.862257957458496,34521798
2002-12-26,9.181618690490723,9.181618690490723,8.862256934930958,9.02193700810698,37974076
2002-12-27,8.862257957458496,9.101778899462321,8.862257957458496,9.101778899462321,34106481
2002-12-30,8.42313289642334,8.78241502902226,8.383212480667067,8.78241502902226,56017517
2002-12-31,8.42313289642334,8.502973727935885,8.263452038002017,8.42313289642334,44491997
2003-01-01,8.42313289642334,8.42313289642334,8.42313289642334,8.42313289642334,0
2003-01-02,8.42313289642334,8.582813754844665,8.34329286951456,8.42313289642334,39218118
2003-01-03,8.982017517089844,8.982017517089844,8.66265575708651,8.782416215936792,72978817
2003-01-06,9.02193832397461,9.261460077881088,8.86225822750893,8.982018702160179,99968380
2003-01-07,9.181618690490723,9.540896039023256,9.181618690490723,9.261458727078734,95147461
2003-01-08,9.301374435424805,9.461055315185353,9.101777962196381,9.18161880437859,74973228
2003-01-09,9.141698837280273,9.301374897347385,9.021937568059403,9.181619260353896,56570207
2003-01-10,9.10177993774414,9.381217313806854,9.061859507988277,9.341300907071222,72958247
2003-01-13,9.500978469848633,9.620738962974944,9.181621446067021,9.181621446067021,136500613
2003-01-14,9.421134948730469,9.580815011175845,9.381214530817221,9.500974979953156,88581520
2003-01-15,9.181618690490723,9.500975618427319,9.101777849298852,9.421135581839309,114982843
2003-01-16,8.902177810668945,9.181619159919785,8.862257388031995,9.141698737282836,94961286
2003-01-17,8.862257957458496,9.061858474260367,8.782417107054584,8.862257957458496,81288178
2003-01-20,8.502975463867188,8.782416822003123,8.463055039960931,8.782416822003123,99398977
2003-01-21,8.622736930847168,8.822338268919657,8.502976449845285,8.502976449845285,72958726
2003-01-22,8.54289436340332,8.702574421327625,8.423133113054414,8.622734392365473,66470665
2003-01-23,8.782416343688965,8.98201764774549,8.58281503963244,8.622735461364522,122461277
2003-01-24,8.622736930847168,8.94209874992154,8.622736930847168,8.90217912599026,68500818196
2003-01-27,8.463056564331055,8.582817053017216,8.383215702137566,8.5029769954278,77750878
2003-01-28,8.582815170288086,8.662656014967661,8.463054707872619,8.463054707872619,65255998
2003-01-29,8.582815170288086,8.582815170288086,8.582815170288086,8.582815170288086,0
2003-01-30,8.582815170288086,8.582815170288086,8.582815170288086,8.582815170288086,0
2003-01-31,8.582815170288086,8.582815170288086,8.582815170288086,8.582815170288086,0
2003-02-03,8.582815170288086,8.582815170288086,8.582815170288086,8.582815170288086,0
2003-02-04,8.582815170288086,8.582815170288086,8.582815170288086,8.582815170288086,0
2003-02-05,8.582815170288086,8.582815170288086,8.582815170288086,8.582815170288086,0
2003-02-06,7.984017848968506,8.263454402386193,7.984017848968506,8.183614352633146,126231766
2003-02-07,7.864255905151367,7.90417552027986,7.50497373676802,7.664654611093525,146769883
2003-02-10,7.704577445983887,7.824337938118441,7.624736581491454,7.784417505872224,79579679
2003-02-11,7.744496822357178,7.904177741557128,7.744496822357178,7.864258115210193,78345637
2003-02-12,7.744496822357178,7.864258115210193,7.704577196010243,7.744496822357178,58303059
2003-02-13,7.744496822357178,7.9840186034591385,7.744496822357178,7.744496822357178,75557272
2003-02-14,7.784414291381836,7.944095149824108,7.784414291381836,7.864255122904854,44976802
2003-02-17,8.303373336791992,8.303373336791992,8.063856449008954,8.183612881390848,83426200
2003-02-18,8.103776931762695,8.303373401089654,8.103776931762695,8.303373401089654,61622258
2003-02-19,7.984017848968506,8.303374829564712,7.984017848968506,8.223534779811667,79055518
2003-02-20,8.063857078552246,8.183613520283496,7.944096613801434,7.944096613801434,47618114
2003-02-21,8.103776931762695,8.303373401089654,8.063856511451904,8.22353336507193,72684838
2003-02-24,8.223532676696777,8.223532676696777,8.103776253412107,8.223532676696777,38588305
2003-02-25,7.904177188873291,8.143694125603085,7.904177188873291,8.143694125603085,67347518
2003-02-26,7.864255905151367,8.023936779476871,7.864255905151366,7.944095940012197,40861807
2003-02-27,7.864255905151367,7.984016359744534,7.704575030825862,7.784415065686693,41956627
2003-02-28,7.864255905151367,7.864255905151366,7.864255905151366,7.864255905151366,0
2003-03-03,8.023938179016113,8.103778227802684,7.90417689893028,7.9840177523208355,53571856
2003-03-04,7.824335098266602,7.944095546933956,7.824335098266602,7.944095546933956,30098200
2003-03-05,7.744496822357178,7.944098172508133,7.704577196010243,7.824337684259188,54957893
2003-03-06,7.744496822357178,7.824337684259188,7.704577196010243,7.784417253308183,37227076
2003-03-07,7.664654731750488,7.864256028950453,7.624734311389724,7.624734311389724,40420657
2003-03-10,7.664654731750488,7.8243356085896885,7.664654731750488,7.704575152111253,31524813
2003-03-11,7.704577445983887,7.824337938118441,7.664657013737671,7.7444970736260075,46516902
2003-03-12,7.784414291381836,7.824334707143345,7.7045742644625825,7.7045742644625825,45605326
2003-03-13,7.904177188873291,7.984018045192588,7.7045766572830745,7.784416708998358,67759467
2003-03-14,8.103776931762695,8.343293821400446,8.063856511451904,8.343293821400446,108092909
2003-03-17,7.984017848968506,8.063857898721553,7.944097421789986,8.063857898721553,68475048
2003-03-18,8.463056564331055,8.542897426524545,8.263455213451405,8.343296075644895,170504945
2003-03-19,8.622736930847168,8.66265735938247,8.38321516423938,8.463056021309983,136504747
2003-03-20,8.742494583129883,8.942095856619437,8.582813725258992,8.622734140877656,195460569
2003-03-21,8.622736930847168,8.782417840384355,8.542896878380587,8.702576983313751,69251905
2003-03-24,8.6626558303833,8.742495868757743,8.582814987404978,8.742495868757743,63679387
2003-03-25,8.343295097351074,8.502975998410582,8.343295097351074,8.383214719162966,77707870
2003-03-26,8.343295097351074,8.502975998410582,8.343295097351074,8.423135145578838,60007693
2003-03-27,8.183611869812012,8.303372310409529,8.103775867300334,8.26345189534244,80315936
2003-03-28,8.063857078552246,8.263453561916066,8.023937460037917,8.183613520283496,57922271
2003-03-31,7.704577445983887,7.98401886249921,7.664657013737671,7.98401886249921,100801902
2003-04-01,7.744496822357178,7.784417253308183,7.624736334108232,7.624736334108232,56171895
2003-04-02,7.784414291381836,7.904174734062599,7.7045742644625825,7.744493875620327,67849611
2003-04-03,7.904177188873291,8.10377852506752,7.904177188873291,8.023938473352237,69443950
2003-04-04,8.103776931762695,8.103776931762695,7.824335598794874,7.904175634812598,44783497
2003-04-07,8.263452529907227,8.303372948039874,8.023936457941842,8.103776489603323,63605285
2003-04-08,8.263452529907227,8.423133397834002,8.183612498245745,8.263452529907227,66299774
2003-04-09,8.103776931762695,8.18361294476114,8.02393689574497,8.18361294476114,51130457
2003-04-10,8.103776931762695,8.263452980778865,8.103776931762695,8.103776931762695,61306684
2003-04-11,8.183611869812012,8.183611869812012,8.103775867300334,8.103775867300334,29802211
2003-04-14,7.904177188873291,8.223534981922382,7.904177188873291,8.183614553762734,58350959
2003-04-15,8.103776931762695,8.14369252445035,7.98401647543418,8.02393689574497,37216568
2003-04-16,8.383214950561523,8.463055805597081,8.223534849698408,8.223534849698408,123738158
2003-04-17,8.223532676696777,8.423133152334868,8.223532676696777,8.423133152334868,67233321
2003-04-18,8.54289436340332,8.582813975582503,8.383212696271444,8.383212696271444,104047780
2003-04-21,8.6626558303833,8.6626558303833,8.423134106052213,8.502974949030536,57599426
2003-04-22,8.42313289642334,8.582813754844665,8.383212480667067,8.582813754844665,48933497
2003-04-23,8.502975463867188,8.582815507075772,8.463055039960931,8.582815507075772,71322265
2003-04-24,8.223532676696777,8.463053569304002,8.103776253412107,8.463053569304002,87750190
2003-04-25,7.944096088409424,8.183612979050759,7.944096088409424,8.02393692936554,81334760
2003-04-28,7.704577445983887,7.784417505872224,7.544896521603118,7.7444970736260075,76146796
2003-04-29,7.904177188873291,7.94409761703294,7.784416708998358,7.784416708998358,82857913
2003-04-30,7.984017848968506,8.42313530649628,7.984017848968506,8.42313530649628,197914638
2003-05-01,7.984017848968506,7.984017848968506,7.984017848968506,7.984017848968506,0
2003-05-02,8.103776931762695,8.14369252445035,7.904175634812598,7.98401647543418,80283256
2003-05-05,8.103776931762695,8.22353336507193,8.02393689574497,8.14369252445035,62718419
2003-05-06,8.103776931762695,8.22353336507193,8.02393689574497,8.103776931762695,56272605
2003-05-07,8.103776931762695,8.18361294476114,8.02393689574497,8.18361294476114,64868362
2003-05-08,7.944096088409424,8.103776965717799,7.944096088409424,8.103776965717799,43811890
2003-05-09,8.023938179016113,8.063857801107407,7.90417689893028,7.90417689893028,29675257
2003-05-12,8.063857078552246,8.223533943401737,8.063857078552246,8.103777501670487,45272516
2003-05-13,8.223532676696777,8.303372706031256,8.183612259727644,8.183612259727644,75626599
2003-05-14,8.263452529907227,8.303372948039874,8.183612498245745,8.223532916378392,38443086
2003-05-15,8.343295097351074,8.383214719162966,8.183614196291567,8.223534622707438,55726470
2003-05-16,8.263452529907227,8.423133397834002,8.223532916378392,8.383212979701357,62501485
2003-05-19,8.103776931762695,8.18361294476114,8.063856511451904,8.18361294476114,47467468
2003-05-20,8.023938179016113,8.063857801107407,7.9840177523208355,7.9840177523208355,46051099
2003-05-21,7.864255905151367,8.063856394605365,7.864255905151366,8.023936779476871,66787671
2003-05-22,7.904177188873291,7.94409761703294,7.784416708998358,7.864257565317656,53746995
2003-05-23,8.023938179016113,8.103778227802684,7.9840177523208355,7.9840177523208355,65009815
2003-05-26,8.183611869812012,8.183611869812012,8.103775867300334,8.143691454744923,53099696
2003-05-27,8.143692970275879,8.223533815268338,8.10377737540305,8.18361339277211,50839582
2003-05-28,8.183611869812012,8.383212335939957,8.183611869812012,8.343292725476617,87223035
2003-05-29,8.343295097351074,8.343295097351074,8.26345424451933,8.26345424451933,114576771
2003-05-30,8.70257568359375,8.902177796459906,8.303373871673143,8.343294294246375,294633426236
2003-06-02,9.301374435424805,9.301374435424805,8.9021774659486,8.942097082435833,294548982380
2003-06-03,9.461055755615234,9.540896601514186,9.261459273095221,9.301374868421242,283523704
2003-06-04,9.461055755615234,9.461055755615234,9.461055755615234,9.461055755615234,0
2003-06-05,9.500978469848633,9.820340321254863,9.421138409299127,9.620738962974944,211973800
2003-06-06,9.500978469848633,9.500978469848633,9.261461506616527,9.461058037271828,110383754
2003-06-09,9.540897369384766,9.74049869559255,9.381216469339334,9.461056517060062,164573606
2003-06-10,9.461055755615234,9.50097617856471,9.301374868421242,9.461055755615234,110957710
2003-06-11,9.02193832397461,9.461056577745284,9.02193832397461,9.421136955930853,169185643
2003-06-12,9.341300010681152,9.540897312682853,8.982018591167133,9.06185863841337,175570316
2003-06-13,9.261459350585938,9.341299392549002,9.141698885339384,9.261459350585938,66916590
2003-06-16,9.181618690490723,9.301374320051499,9.101777849298852,9.101777849298852,70086075
2003-06-17,9.500978469848633,9.500978469848633,9.341301567166033,9.381217976722322,175890754
2003-06-18,9.500978469848633,9.860260753831666,9.500978469848633,9.620738962974944,230593790
2003-06-19,9.86025619506836,9.86025619506836,9.540894491314928,9.580814100831308,196442913
2003-06-20,9.580816268920898,9.820338003240376,9.580816268920898,9.740497961536493,125454481
2003-06-23,9.341300010681152,9.660657785854193,9.341300010681152,9.62073735992909,76791503741
2003-06-24,9.141698837280273,9.221539683427519,9.021937568059403,9.141698837280273,137834760
2003-06-25,9.181618690490723,9.261458727078734,8.982017392114905,9.101777849298852,115201031
2003-06-26,9.141698837280273,9.221539683427519,9.10177841420665,9.181619260353896,75973646
2003-06-27,9.02193832397461,9.261460077881088,8.982018702160179,9.181620029648249,120369853
2003-06-30,8.902177810668945,8.982017851338941,8.822336965395046,8.942097428701992,57451256456
2003-07-01,9.221539497375488,9.221539497375488,8.902177728437708,8.902177728437708,112125115383
2003-07-02,9.341300010681152,9.461056460832648,9.221540342113782,9.301375561736204,139645371
2003-07-03,9.620735168457031,9.980017310735455,9.620735168457031,9.740496418952363,375527321
2003-07-04,10.179619789123535,10.179619789123535,9.540896263009081,9.740497566070818,225724184
2003-07-07,10.858257293701172,10.858257293701172,10.299378716820012,10.37921954800787,414165418
2003-07-08,11.097782135009766,11.457064394250935,10.978021650130724,11.057862509786117,369566571
2003-07-09,10.818340301513672,11.057862066268878,10.778419873287135,11.017941638042341,147822869
2003-07-10,10.179619789123535,10.698578027619217,10.139699367590412,10.698578027619217,201987999
2003-07-11,10.339301109313965,10.379221532540779,9.90017806302685,9.980018909480476,135314291
2003-07-14,10.578816413879395,10.658657254310596,10.299379909201022,10.379220749632223,194772860
2003-07-15,10.926020622253418,11.31469422442434,10.926020622253418,11.228322402231242,169768758
2003-07-16,11.141949653625488,11.185135158829334,10.882834208590705,10.92601971379455,133778906
2003-07-17,10.66690444946289,11.012391715362009,10.66690444946289,11.012391715362009,126194582
2003-07-18,10.537351608276367,10.666904098804244,10.364603153382166,10.4509749670176,88308224
2003-07-21,10.364603996276855,10.753277591546885,10.364603996276855,10.623724285879282,87257208
2003-07-22,10.580536842346191,10.580536842346191,10.364602100272672,10.364602100272672,65740826
2003-07-23,10.66690444946289,10.839648887016365,10.580538265215516,10.66690444946289,95561112
2003-07-24,11.09876537322998,11.09876537322998,10.7532788546152,10.839650685419906,144470709
2003-07-25,10.710090637207031,11.01239158910081,10.710090637207031,11.01239158910081,122047384
2003-07-28,10.796467781066895,11.055578411914777,10.796467781066895,11.012392099867547,98828212
2003-07-29,10.753278732299805,10.882836074731165,10.71009241508666,10.882836074731165,59543306
2003-07-30,10.623724937438965,10.796468589352575,10.580539426762565,10.666905620491345,74901311
2003-07-31,10.580536842346191,10.580536842346191,10.364602100272672,10.450973905132182,102279495
2003-08-01,10.623724937438965,10.753278251052153,10.580539426762565,10.666905620491345,75846330
2003-08-04,10.450976371765137,10.580539339558518,10.407790056840671,10.580539339558518,44076719
2003-08-05,10.14867877960205,10.53735237141195,10.14867877960205,10.450975723897619,71477330
2003-08-06,9.975935935974121,10.06230695118766,9.932749623763405,9.975935935974121,65628301
2003-08-07,9.88956356048584,10.062307204468992,9.716819916502688,9.975936187081382,99401907
2003-08-08,9.71682071685791,9.889564375069613,9.71682071685791,9.80319254596376,102271790
2003-08-11,9.587262153625488,9.6304476603725,9.414518517429585,9.587262153625488,89626439
2003-08-12,9.803191184997559,9.889563002112506,9.71681936788261,9.71681936788261,84961519
2003-08-13,10.450976371765137,10.450976371765137,9.932750247919511,9.975936562843977,170397817
2003-08-14,10.580536842346191,10.710089319710711,10.364602100272672,10.623722342474043,216769804
2003-08-15,10.623724937438965,10.92602109836176,10.623724937438965,10.796468589352575,163497745
2003-08-18,10.623724937438965,10.753278251052153,10.580539426762565,10.710091935771748,93040314
2003-08-19,10.580536842346191,10.96920473428924,10.494165037486681,10.88283292942973,172505201
2003-08-20,10.710090637207031,10.839648762735726,10.710090637207031,10.79646728031496,86759902
2003-08-21,11.05557918548584,11.05557918548584,10.666905568280635,10.75327819841868,154123861
2003-08-22,11.141949653625488,11.357879593456426,11.141949653625488,11.27150777844483,204051516
2003-08-25,11.746551513671875,11.746551513671875,11.228320660883298,11.314692469681395,268823373
2003-08-26,11.27150821685791,11.660180997225831,11.2283219053704,11.660180997225831,193648342
2003-08-27,11.314692497253418,11.61699342648149,11.314692497253418,11.357878804059625,197284814
2003-08-28,11.357880592346191,11.61699525556539,11.314694278740342,11.573809746563514,211819362
2003-08-29,12.092041969299316,12.092041969299316,11.487439146690699,11.616996492090516,317986937
2003-09-01,12.135226249694824,12.264784386532773,11.832925271412902,12.178412563508799,237951315
2003-09-02,12.43752670288086,12.43752670288086,12.092039447721112,12.221596766104073,197100439
2003-09-03,12.005667686462402,12.480713066687578,12.005667686462402,12.480713066687578,176065245
2003-09-04,11.962484359741211,12.092041702280115,11.74655438270432,12.005669872386166,122732150
2003-09-05,12.092041969299316,12.35115746470301,12.048855651096671,12.092041969299316,159753012
2003-09-08,12.783015251159668,12.869387073686905,12.092040670941767,12.1352261799034,285440402
2003-09-09,13.042130470275879,13.473989574684722,12.998944962136973,13.08531678301874,426378396
2003-09-10,13.387613296508789,13.387613296508789,12.869382543758782,12.955754335883784,272565401
2003-09-11,13.387613296508789,13.387613296508789,13.387613296508789,13.387613296508789,0
2003-09-12,13.085315704345703,13.344430341027234,12.998943890583895,13.258058527265428,127497356
2003-09-15,12.653456687927246,12.998944770977614,12.567084868315641,12.955758458869838,141511519
2003-09-16,12.95576000213623,12.95576000213623,12.394343510087863,12.437529022735871,162899721
2003-09-17,13.042130470275879,13.258059620178322,13.042130470275879,13.171687799296553,161983064
2003-09-18,12.912569999694824,13.128499915121568,12.783012694121826,13.042128109871632,97051858
2003-09-19,12.739828109741211,13.042129871244512,12.739828109741211,12.955758054329843,135262688
2003-09-22,12.43752670288086,12.696642144250669,12.43752670288086,12.653455835053755,105059292
2003-09-23,12.567082405090332,12.567082405090332,12.307966997043726,12.307966997043726,89931912
2003-09-24,12.43752670288086,12.567084021263819,12.264783075300985,12.567084021263819,148723073
2003-09-25,12.221596717834473,12.307968531283281,12.135224904385664,12.221596717834473,63602307
2003-09-26,12.135226249694824,12.307969895742772,12.135226249694824,12.221598072718798,67854095
2003-09-29,12.092041969299316,12.178413801100547,11.962484623899499,12.092041969299316,85682453
2003-09-30,12.092041969299316,12.264785632901779,12.092041969299316,12.221599314699134,66110999
2003-10-01,11.962484359741211,12.135227214925068,11.962484359741211,12.005669872386166,63831153
2003-10-02,12.610270500183105,12.653456005357365,12.135225115642845,12.178411425421006,126694741
2003-10-03,12.739828109741211,12.82619992665588,12.567084475911873,12.696642603585836,122445676
2003-10-06,13.128503799438477,13.214875630243156,12.826201989320072,12.955760137829117,217746247
2003-10-07,13.171688079833984,13.258059902555345,13.04213074805393,13.258059902555345,115750622
2003-10-08,13.171688079833984,13.21487439349665,12.95575892533257,13.171688079833984,108993653
2003-10-09,13.085315704345703,13.214873022686469,12.998943890583895,13.128501208924662,82467173
2003-10-10,13.085315704345703,13.085315704345703,13.085315704345703,13.085315704345703,0
2003-10-13,13.171688079833984,13.430803547998066,13.171688079833984,13.21487439349665,100282985
2003-10-14,12.998945236206055,13.47398985876962,12.998945236206055,13.344431722413393,106511415
2003-10-15,13.128503799438477,13.301247461047836,12.955760137829117,13.171689312538792,85041341
2003-10-16,13.560362815856934,13.603547521352615,13.042131062432885,13.128502887236227,172673979
2003-10-17,13.473989486694336,13.60354681486895,13.430803174233498,13.517175799155176,80877994
2003-10-20,13.733102798461914,13.733102798461914,13.430801859249547,13.473988167482098,87075961
2003-10-21,13.51717472076416,13.949032983295487,13.473988411748696,13.819475665456865,102075661
2003-10-22,13.51717472076416,13.603545729587315,13.344430289306187,13.51717472076416,60765691
2003-10-23,13.042130470275879,13.301245932921185,13.042130470275879,13.301245932921185,64014704
2003-10-24,13.128503799438477,13.258061143343472,13.042131968633797,13.042131968633797,51987523
2003-10-27,13.258060455322266,13.301246770785495,13.128503118140591,13.128503118140591,30978533
2003-10-28,13.603545188903809,13.603545188903809,13.301244256226289,13.301244256226289,78029289
2003-10-29,13.905847549438477,14.078592796371982,13.819476535179598,14.078592796371982,129530165
2003-10-30,13.733102798461914,13.992219038649475,13.689918099437108,13.905846422184373,67561119
2003-10-31,13.430802345275879,13.81947591501845,13.387616840084428,13.733103295427743,74139423
2003-11-03,13.51717472076416,13.64673203860278,13.43080210273323,13.43080210273323,45770463
2003-11-04,13.733102798461914,13.905846422184373,13.689918099437108,13.819475414927016,87936178
2003-11-05,13.905847549438477,13.99222017290523,13.733103911712846,13.733103911712846,64035985
2003-11-06,13.819475173950195,14.164962415370686,13.430801625050215,14.035405102139931,125756008
2003-11-07,13.862664222717285,14.035407877586913,13.689920567847658,14.035407877586913,63579562
2003-11-10,13.733102798461914,13.905846422184373,13.689918099437108,13.862661723159567,56518426
2003-11-11,13.344429969787598,13.560360705090796,13.214872655051092,13.47398808912797,108175506
2003-11-12,13.214871406555176,13.430800512250395,13.214871406555176,13.344428709051549,78654828
2003-11-13,13.603545188903809,13.603545188903809,13.387616066220417,13.560360490812528,49239798
2003-11-14,13.51717472076416,13.603545729587315,13.43080210273323,13.603545729587315,28361879
2003-11-17,13.085315704345703,13.301244836448276,13.042129395162855,13.301244836448276,85587002
2003-11-18,13.042130470275879,13.08531678301874,12.783015007630572,12.95575864939411,83298316
2003-11-19,12.739828109741211,12.912571743570549,12.653456292826542,12.783014420500505,66667370
2003-11-20,12.480712890625,12.826199337818846,12.394341077675568,12.69664202069664,106292851
2003-11-21,12.567082405090332,12.610268708733326,12.092037892640114,12.307966997043726,88579922
2003-11-24,12.610270500183105,12.739827820309785,12.567084190404945,12.610270500183105,40898916
2003-11-25,12.998945236206055,13.042130745255482,12.826200786196425,12.955758922552654,69245803
2003-11-26,13.042130470275879,13.128502291157647,12.912572336651246,13.128502291157647,45944515
2003-11-27,12.696642875671387,13.128501969499354,12.696642875671387,13.04213015073376,50599971
2003-11-28,12.95576000213623,13.04213183203629,12.783016342336111,12.91257368488418,41048969
2003-12-01,12.998945236206055,13.042130745255482,12.783015277147,12.912572608899254,40275920
2003-12-02,13.30124568939209,13.344431196740324,13.12850205079127,13.171687558139507,72661885
2003-12-03,13.214871406555176,13.387615012952867,13.214871406555176,13.387615012952867,40520119
2003-12-04,13.387613296508789,13.387613296508789,13.128497920133785,13.258055206019442,47540704
2003-12-05,13.214871406555176,13.387615012952867,13.214871406555176,13.387615012952867,28953522
2003-12-08,12.826199531555176,13.042129469492261,12.783014026730095,13.042129469492261,55844504
2003-12-09,12.783015251159668,12.912572582648538,12.653457115066825,12.826200760121301,45050178
2003-12-10,12.351157188415527,12.567086360786378,12.307970871178933,12.523900848153824,94480689
2003-12-11,12.696642875671387,12.696642875671387,12.351155600609012,12.351155600609012,63617646
2003-12-12,12.523897171020508,12.912569889011712,12.523897171020508,12.912569889011712,45469915
2003-12-15,12.739828109741211,12.739828109741211,12.567084475911873,12.739828109741211,59396637
2003-12-16,12.43752670288086,12.523898516670796,12.394341198287835,12.523898516670796,60761078
2003-12-17,12.092041969299316,12.523901128305472,11.919298305696854,12.437529296504241,85510365
2003-12-18,12.135226249694824,12.307969895742772,12.04885442667085,12.092040740484824,69970163
2003-12-19,12.264781951904297,12.39434006302423,12.264781951904297,12.30796745254173,61545644
2003-12-22,12.610270500183105,12.696642315135525,12.307968745547685,12.394341365104006,81205392
2003-12-23,12.567082405090332,12.696640511415527,12.480711407011917,12.653454207772533,37755923
2003-12-24,12.523897171020508,12.696640780039665,12.48071167106762,12.610268975530087,47817311
2003-12-25,12.43752670288086,12.610270330460732,12.43752670288086,12.480713012077771,22213792
2003-12-26,12.523897171020508,12.567082670973395,12.437525366510929,12.437525366510929,24988851
2003-12-29,12.43752670288086,12.523898516670796,12.43752670288086,12.523898516670796,13851452
2003-12-30,12.610270500183105,12.653456005357365,12.523898685230686,12.523898685230686,88786487
2003-12-31,12.567082405090332,12.739826010454737,12.523896906051124,12.610268708733326,54307580
2004-01-01,12.567082405090332,12.567082405090332,12.567082405090332,12.567082405090332,0
2004-01-02,12.95576000213623,13.04213183203629,12.567086365283942,12.567086365283942,105386174
2004-01-05,13.214871406555176,13.214871406555176,12.91256969305732,13.085314104058803,94731128
2004-01-06,13.30124568939209,13.430803016040734,13.214873870091681,13.3876175086925,95114027
2004-01-07,13.430802345275879,13.689918594840194,13.344430530289074,13.430802345275879,136605836
2004-01-08,13.473989486694336,13.60354681486895,13.430803174233498,13.60354681486895,61784626
2004-01-09,13.646734237670898,13.862664208335932,13.560363214929705,13.733105260412092,116148313
2004-01-12,13.603545188903809,13.6467314962028,13.473987876214544,13.6467314962028,50386891
2004-01-13,13.387613296508789,13.603542374519447,13.301241504383787,13.56035768536248,58450660
2004-01-14,13.473989486694336,13.560362111616014,13.258059533598043,13.258059533598043,69632018
2004-01-15,13.344429969787598,13.517174397109383,13.301244466410052,13.47398808912797,56583071
2004-01-16,13.344429969787598,13.517174397109383,13.344429969787598,13.344429969787598,56437114
2004-01-19,13.344429969787598,13.344429969787598,13.344429969787598,13.344429969787598,0
2004-01-20,13.344429969787598,13.344429969787598,13.344429969787598,13.344429969787598,0
2004-01-21,13.344429969787598,13.344429969787598,13.344429969787598,13.344429969787598,0
2004-01-22,13.344429969787598,13.344429969787598,13.344429969787598,13.344429969787598,0
2004-01-23,13.344429969787598,13.344429969787598,13.344429969787598,13.344429969787598,0
2004-01-26,13.344429969787598,13.344429969787598,13.344429969787598,13.344429969787598,0
2004-01-27,13.689918518066406,13.733103218411774,13.560361198614714,13.603545898960082,82532707
2004-01-28,13.646734237670898,13.733105260412092,13.517176898955093,13.689920553645512,68794649
2004-01-29,13.689918518066406,13.862662147071259,13.517174889061552,13.603545898960082,123279773
2004-01-30,13.646734237670898,13.646734237670898,13.517176898955093,13.560363214929705,61823142
2004-02-02,13.387613296508789,13.646728672883793,13.387613296508789,13.603542374519447,43124430
2004-02-03,13.085315704345703,13.214873022686469,12.998943890583895,13.214873022686469,87869980
2004-02-04,12.869382858276367,13.08531274616787,12.783011064040508,13.08531274616787,100600055
2004-02-05,12.826199531555176,13.042129469492261,12.783014026730095,12.783014026730095,90452138
2004-02-06,13.171688079833984,13.21487439349665,12.912572611669903,12.912572611669903,75318033
2004-02-09,13.473989486694336,13.60354681486895,13.34443135391577,13.473989486694336,87890134
2004-02-10,13.344429969787598,13.517174397109383,13.25805815842864,13.47398808912797,56672851
2004-02-11,13.214871406555176,13.430800512250395,13.12849960335633,13.387615012952867,61617883
2004-02-12,13.258060455322266,13.473990423430399,13.171688628999814,13.258060455322266,87398984
2004-02-13,13.258060455322266,13.301246770785495,13.128503118140591,13.258060455322266,53382509
2004-02-16,12.998945236206055,13.214874390661137,12.998945236206055,13.171688077007737,68548753
2004-02-17,13.042130470275879,13.128502291157647,12.95575864939411,12.998944962136973,51762886
2004-02-18,13.258060455322266,13.344432281644718,13.171688628999814,13.214874944463043,77903544
2004-02-19,13.344429969787598,13.430801781146556,13.214872655051092,13.38761627776901,75916644
2004-02-20,13.30124568939209,13.430803016040734,13.258059377439915,13.344431196740324,74429063
2004-02-23,13.128503799438477,13.301247461047836,13.085318286338161,13.301247461047836,59873542
2004-02-24,12.998945236206055,13.12850256795831,12.955758922552654,12.998945236206055,63783556
2004-02-25,12.998945236206055,13.085317058908883,12.912572608899254,12.955758922552654,84739840
2004-02-26,13.085315704345703,13.17168671350362,12.998943890583895,12.998943890583895,103988572
2004-02-27,13.128503799438477,13.171689312538792,13.085318286338161,13.128503799438477,66340594
2004-03-01,13.473989486694336,13.517175799155176,13.214874025741155,13.214874025741155,149812663
2004-03-02,14.380891799926758,14.380891799926758,13.819474651539503,13.819474651539503,382396521
2004-03-03,14.510451316833496,14.899120082575285,14.510451316833496,14.640003817262325,302266457
2004-03-04,14.726380348205566,14.812751358433184,14.510450408824822,14.64000290114675,152316793
2004-03-05,14.68319034576416,15.201421274808604,14.68319034576416,14.942306614890345,213002173
2004-03-08,14.424080848693848,14.899122310304522,14.38089613902459,14.899122310304522,96247308
2004-03-09,14.467266082763672,14.467266082763672,14.251336113776027,14.380895060693426,94543053
2004-03-10,14.078596115112305,14.424081862796871,14.078596115112305,14.424081862796871,92336050
2004-03-11,14.035407066345215,14.078593379868476,13.776290794413589,13.86266342146011,102822535
2004-03-12,13.689918518066406,13.862662147071259,13.689918518066406,13.733103218411774,97802761
2004-03-15,13.387613296508789,13.949029543019453,13.387613296508789,13.819472257133794,86001505
2004-03-16,13.30124568939209,13.517175639945084,13.171687558139507,13.3876175086925,96680479
2004-03-17,13.344429969787598,13.517174397109383,13.301244466410052,13.517174397109383,54255582
2004-03-18,13.776289939880371,13.949033574050313,13.387617165299961,13.387617165299961,150991725
2004-03-19,13.862664222717285,14.035407877586913,13.689920567847658,13.776291590678454,115346558
2004-03-22,12.912569999694824,12.912569999694824,12.912569999694824,12.912569999694824,16403453
2004-03-23,12.04885196685791,12.610269104200567,12.04885196685791,12.04885196685791,355845545
2004-03-24,12.43752670288086,12.653455835053755,12.264783075300985,12.653455835053755,156298661
2004-03-25,12.307971000671387,12.567086493004993,12.307971000671387,12.523900979918084,96577032
2004-03-26,12.351157188415527,12.523900848153824,12.307970871178933,12.523900848153824,63066695
2004-03-29,13.214871406555176,13.214871406555176,12.739826086659628,12.783012390560947,111130478
2004-03-30,12.912569999694824,13.17168541544463,12.912569999694824,13.17168541544463,88820334
2004-03-31,12.783015251159668,13.04213071874138,12.696643428632429,12.998945209779746,59376249
2004-04-01,12.653456687927246,12.826200327150458,12.610271180423416,12.69664300003502,101931905
2004-04-02,12.739828109741211,12.82619992665588,12.696642603585836,12.739828109741211,56477547
2004-04-05,13.603545188903809,13.603545188903809,12.998943323548769,13.085315133542897,183086785
2004-04-06,13.776289939880371,14.035406195739206,13.646732616554875,13.99221988489476,185661283
2004-04-07,13.646734237670898,13.81947789236132,13.560363214929705,13.776291576386706,61342663
2004-04-08,13.819475173950195,13.94903248718095,13.733102558991215,13.819475173950195,77729660
2004-04-09,13.560362815856934,13.819477485662969,13.517176501153266,13.819477485662969,67328688
2004-04-12,13.776289939880371,13.949033574050313,13.603546305710429,13.603546305710429,110781632
2004-04-13,13.689918518066406,13.819475837518098,13.603545898960082,13.776289527964936,71829572
2004-04-14,14.510451316833496,14.510451316833496,13.56036209883774,13.603546802049983,150632753
2004-04-15,13.733102798461914,14.51044990981685,13.733102798461914,14.51044990981685,161801214
2004-04-16,13.905847549438477,14.16496381063086,13.689919209187343,13.689919209187343,98612867
2004-04-19,13.603545188903809,13.99221873617931,13.603545188903809,13.905846121581328,80967500
2004-04-20,13.862664222717285,14.20815153245654,13.81947790669787,13.81947790669787,110255059
2004-04-21,14.078596115112305,14.121780827817716,13.949037149371305,13.992223471284971,89269114
2004-04-22,14.251331329345703,14.769563724619248,14.078589343197828,14.208146637412476,415934641
2004-04-23,14.68319034576416,14.812752503347062,14.467265217317433,14.68319034576416,284220658
2004-04-26,14.59681510925293,14.942303942705497,14.510448935418422,14.855931332040447,185508667
2004-04-27,14.424080848693848,14.596819687370877,14.164966153845741,14.596819687370877,110615336
2004-04-28,14.035407066345215,14.553633173376703,14.035407066345215,14.380894356115423,101228032
2004-04-29,13.560362815856934,13.862663800366636,13.387618361646256,13.733104856255634,206943261
2004-04-30,12.869382858276367,13.387613623691527,12.653452970384864,13.258055530035882,189582980
2004-05-03,12.739828109741211,13.085316182003806,12.653456292826542,12.869386237415174,74312993
2004-05-04,13.042130470275879,13.128502291157647,12.783015007630572,12.912572336651246,77392792
2004-05-05,12.264781951904297,13.171685511328562,12.221595646663047,13.128500010691129,130977266
2004-05-06,12.351157188415527,12.78301633776127,12.351157188415527,12.48071533552127,94970899
2004-05-07,12.523897171020508,12.653454475482974,12.307967257444657,12.307967257444657,80094926
2004-05-10,12.092041969299316,12.307971146500366,11.962484623899499,12.135227482897903,91680890
2004-05-11,11.962484359741211,12.178413532174064,11.401067063128524,12.092041702280115,156369348
2004-05-12,12.092041969299316,12.264785632901779,12.048855651096671,12.178413801100547,101940713
2004-05-13,11.962484359741211,12.005669872386166,11.66018255281037,11.919298042492217,95569261
2004-05-14,11.616992950439453,11.962480976920142,11.616992950439453,11.919294671883627,80967638
2004-05-17,10.83965015411377,11.141951144810918,10.83965015411377,11.012393002652134,126084138
2004-05-18,11.09876537322998,11.09876537322998,10.79646919533982,10.839650685419906,83026914
2004-05-19,11.83292293548584,11.83292293548584,11.401063905618885,11.401063905618885,98503319
2004-05-20,11.83292293548584,11.962481046747834,11.314692099645494,11.703364824223845,107354565
2004-05-21,11.87610912322998,12.048851928863213,11.530621098152087,11.660179208131774,154426623
2004-05-24,11.70336627960205,12.005668040403721,11.530622646173645,11.660180773546909,77954508
2004-05-25,11.789740562438965,12.048856066782141,11.66018321256942,11.703368727657907,81310639
2004-05-26,12.092041969299316,12.307971146500366,12.048855651096671,12.178413801100547,120483295
2004-05-27,12.221596717834473,12.35115484030963,12.178411213412012,12.307968531283281,79375611
2004-05-28,12.523897171020508,12.523897171020508,12.26478175749177,12.35115356200135,90507837
2004-05-31,12.005667686462402,12.480713066687578,12.005667686462402,12.4375267573017,61958479
2004-06-01,12.092041969299316,12.135227482897903,11.789740155692979,12.092041969299316,48967787
2004-06-02,11.746551513671875,11.919295131268067,11.660179704873778,11.746551513671875,54487104
2004-06-03,11.05557918548584,11.876111930361272,11.012392870416818,11.746553789758204,85169379
2004-06-04,11.141949653625488,11.228321468637082,10.92601971379455,11.055577838613893,70951645
2004-06-07,11.660181045532227,11.660181045532227,11.271508263554091,11.271508263554091,69692657
2004-06-08,11.70336627960205,11.832924406975314,11.616994462887847,11.74655259026111,64084800
2004-06-09,11.487435340881348,11.746550750439608,11.40106353769526,11.660178947253522,64913719
2004-06-10,11.05557918548584,11.357880977156999,10.969207359951794,11.185136521484909,128137152
2004-06-11,10.494165420532227,10.839647824957813,10.364602478589065,10.796466346272837,155214621
2004-06-14,10.10549259185791,10.710090462779275,10.062306282517056,10.494166157510035,90919868
2004-06-15,10.14867877960205,10.19186509184935,9.846377812286748,10.019121452068049,86644399
2004-06-16,9.975935935974121,10.407789402833922,9.932749623763405,10.364603895227152,72351937
2004-06-17,10.278237342834473,10.407789848178544,10.019121872294585,10.019121872294585,88984093
2004-06-18,9.88956356048584,10.191865339758339,9.846378051792035,10.148679026460567,99991178
2004-06-21,9.975935935974121,10.364603895227152,9.932749623763405,10.364603895227152,70615361
2004-06-22,9.975935935974121,9.975935935974121,9.975935935974121,9.975935935974121,0
2004-06-23,10.278237342834473,10.45097616223718,10.062307381749243,10.062307381749243,107344538
2004-06-24,10.40778923034668,10.494166680960264,10.278236732693163,10.40778923034668,80932497
2004-06-25,10.40778923034668,10.537352187851324,10.278236732693163,10.36460372345562,48543993
2004-06-28,10.191865921020508,10.494167717533873,10.105494094102978,10.450976574149028,51309180
2004-06-29,10.278237342834473,10.32142285228913,10.019121872294585,10.191865519321176,39059614
2004-06-30,10.796467781066895,10.839649265490463,10.537352322595353,10.537352322595353,177734712
2004-07-01,10.882834434509277,10.96920625131388,10.710090800900074,10.882834434509277,84378539
2004-07-02,10.537351608276367,10.666904098804244,10.494166103760595,10.537351608276367,82360574
2004-07-05,10.278237342834473,10.45097616223718,10.191865519321176,10.364604338723884,37586447
2004-07-06,10.494165420532227,10.494165420532227,10.278235498199932,10.278235498199932,30148511
2004-07-07,10.278237342834473,10.407789848178544,10.191865519321176,10.191865519321176,48304686
2004-07-08,10.278237342834473,10.537352813374362,10.278237342834473,10.494167303919703,57537623
2004-07-09,10.494165420532227,10.537350922236385,10.321420999904088,10.407787980293222,62309791
2004-07-12,10.278237342834473,10.623724636887658,10.235051028775835,10.623724636887658,125123615
2004-07-13,10.307600021362305,10.400881757137965,10.214318285586645,10.26095955577635,92417164
2004-07-14,10.260961532592773,10.40088376091098,10.214320253417435,10.214320253417435,82163156
2004-07-15,9.98111629486084,10.214320277475084,9.841194066213076,10.167679802793797,83189624
2004-07-16,10.074398040771484,10.26096154855526,9.841194058343719,9.841194058343719,91823090
2004-07-19,10.121040344238281,10.167680823602149,9.934476817574838,10.027758580906559,45318558
2004-07-20,9.794553756713867,10.12103949880067,9.794553756713867,10.12103949880067,64517145
2004-07-21,10.121040344238281,10.307603066297737,9.934476817574838,10.027758580906559,93517627
2004-07-22,10.02775764465332,10.074398119662545,9.747913185390145,9.79455366039937,69165810
2004-07-23,10.02775764465332,10.214320349294132,9.981116365040183,10.02775764465332,50557578
2004-07-26,9.794553756713867,9.887835512253513,9.747913281246005,9.841194232181731,69057599
2004-07-27,9.934475898742676,10.074398128496963,9.6546314392341,9.794553668988389,52607958
2004-07-28,9.98111629486084,10.167679802793797,9.934475820179554,10.074398048827318,64224159
2004-07-29,9.934475898742676,10.121039408151,9.934475898742676,10.074398128496963,47830075
2004-07-30,10.121040344238281,10.307603066297737,10.074399060270427,10.121040344238281,93141907
2004-08-02,10.02775764465332,10.121039399275682,9.981116365040183,10.121039399275682,40695109
2004-08-03,10.16767692565918,10.260958653229848,10.02775473660502,10.121036464175686,40512820
2004-08-04,10.074398040771484,10.167679794663371,9.981116286879598,10.121039320019381,31745359
2004-08-05,10.540806770324707,10.63408853098385,9.934476532946217,10.121040054264505,87038735
2004-08-06,10.260961532592773,10.447524235482415,10.214320253417435,10.354242481735643,61603268
2004-08-09,10.214319229125977,10.214319229125977,9.981115270446677,10.074397014839162,36405606
2004-08-10,10.214319229125977,10.307600973518461,10.121038289337317,10.214319229125977,42729291
2004-08-11,10.260961532592773,10.447524235482415,10.214320253417435,10.307602007164208,61078124
2004-08-12,10.16767692565918,10.214317387142673,10.074395198088514,10.214317387142673,35651957
2004-08-13,10.121040344238281,10.214321302966015,9.981117296938704,10.121040344238281,52478459
2004-08-16,10.074398040771484,10.214320269307363,10.074398040771484,10.121039320019381,23297428
2004-08-17,10.121040344238281,10.26096258693387,10.121040344238281,10.167680823602149,31866378
2004-08-18,10.400884628295898,10.494166389821933,10.121040148321768,10.167680626782799,72496123
2004-08-19,10.867292404174805,10.91393288166096,10.680728885022273,10.680728885022273,124013112
2004-08-20,10.727371215820312,10.913934767204456,10.680730730276325,10.774012505968395,67100969
2004-08-23,10.774011611938477,10.913933861563756,10.680729843986947,10.727370325660697,41918090
2004-08-24,10.774011611938477,10.774011611938477,10.774011611938477,10.774011611938477,0
2004-08-25,10.774011611938477,10.774011611938477,10.774011611938477,10.774011611938477,0
2004-08-26,11.147135734558105,11.240411852336173,11.053853984552926,11.053853984552926,102665597
2004-08-27,11.100497245788574,11.240414676019562,11.053856761371453,11.14713853480977,60457035
2004-08-30,10.913931846618652,11.147135821141022,10.913931846618652,11.100494543474221,50070875
2004-08-31,10.774011611938477,11.053856111189036,10.727370325660697,10.774011611938477,56258268
2004-09-01,10.867292404174805,11.007214641237226,10.774010644598539,10.774010644598539,68535787
2004-09-02,10.540806770324707,10.72736948703903,10.400884531637972,10.72736948703903,138151743
2004-09-03,10.074398040771484,10.400883777091137,10.027757566127494,10.35424249784324,142356609
2004-09-06,10.121040344238281,10.121040344238281,9.88783633821097,10.027758580906559,79811679
2004-09-07,10.260961532592773,10.260961532592773,10.074398025099228,10.167679778846,61798920
2004-09-08,10.121040344238281,10.307603066297737,10.121040344238281,10.26096258693387,72039386
2004-09-09,10.121040344238281,10.214321302966015,10.027758580906559,10.121040344238281,56614530
2004-09-10,10.16767692565918,10.354239576196834,10.121036464175686,10.260958653229848,57928901
2004-09-13,10.354241371154785,10.447523114896295,10.260960432017095,10.40088264532745,79932489
2004-09-14,10.260961532592773,10.447524235482415,10.214320253417435,10.447524235482415,67049876
2004-09-15,10.074398040771484,10.214320269307363,10.074398040771484,10.214320269307363,53971778
2004-09-16,10.074398040771484,10.121039320019381,9.934475812235606,9.981116286879598,103048345
2004-09-17,9.841193199157715,10.074397161225592,9.841193199157715,10.074397161225592,98834497
2004-09-20,9.74791431427002,9.981117520926697,9.74791431427002,9.887836560105628,100327834
2004-09-21,9.887835502624512,9.934475978046954,9.794553747175705,9.841194222598148,81134834
2004-09-22,9.887835502624512,9.981116453469397,9.841194222598148,9.981116453469397,61198837
2004-09-23,9.934475898742676,9.934475898742676,9.794553668988389,9.794553668988389,40471956
2004-09-24,9.794553756713867,9.934475987721378,9.747913281246005,9.934475987721378,56467056
2004-09-27,9.561351776123047,9.747915326343074,9.561351776123047,9.65463355123306,78297420
2004-09-28,9.561351776123047,9.561351776123047,9.561351776123047,9.561351776123047,0
2004-09-29,9.561351776123047,9.747915326343074,9.468070001013034,9.468070001013034,55817080
2004-09-30,9.561351776123047,9.747915326343074,9.561351776123047,9.65463355123306,63748110
2004-10-01,9.74791431427002,9.74791431427002,9.561350783419872,9.561350783419872,50615327
2004-10-04,9.98111629486084,9.98111629486084,9.841194066213076,9.934475820179554,84495328
2004-10-05,9.98111629486084,10.074398048827318,9.934475820179554,10.027757574146033,61156054
2004-10-06,9.934475898742676,10.074398128496963,9.88783542369255,10.02775765344684,77968304
2004-10-07,9.887835502624512,10.074398208918204,9.887835502624512,9.981116453469397,47202937
2004-10-08,9.654632568359375,9.841195294982606,9.607991283250561,9.841195294982606,77010987
2004-10-11,9.607992172241211,9.654633461665563,9.514711202600669,9.56135168742094,53740666
2004-10-12,9.374786376953125,9.607990366432267,9.374786376953125,9.514709414323756,68796747
2004-10-13,9.328145980834961,9.4680682148007,9.328145980834961,9.374786457288895,52209691
2004-10-14,9.421428680419922,9.514710447259214,9.328146913580628,9.328146913580628,58394513
2004-10-15,9.328145980834961,9.421427738346766,9.328145980834961,9.421427738346766,54785456
2004-10-18,9.234862327575684,9.421425804301244,9.234862327575684,9.374784532817968,41181936
2004-10-19,9.374786376953125,9.421427657611313,9.32814590089887,9.32814590089887,36628121
2004-10-20,9.328145980834961,9.421427738346766,9.281505504381025,9.374786457288895,28475765
2004-10-21,9.328145980834961,9.4680682148007,9.281505504381025,9.328145980834961,41199235
2004-10-22,9.468069076538086,9.607991323238865,9.421428595839162,9.51471036184102,45174485
2004-10-25,9.468069076538086,9.468069076538086,9.468069076538086,9.468069076538086,0
2004-10-26,9.234862327575684,9.374784532817968,9.234862327575684,9.328144065938464,48580145
2004-10-27,9.048301696777344,9.234864410988228,9.001660414771656,9.234864410988228,54257068
2004-10-28,9.281505584716797,9.328146061574426,9.188223826397593,9.328146061574426,75593538
2004-10-29,9.421428680419922,9.421428680419922,9.281506432462992,9.281506432462992,40003832
2004-11-01,9.234862327575684,9.468066271180748,9.0949401223334,9.421425804301244,53031149
2004-11-02,9.468069076538086,9.51471036184102,9.234865063835448,9.328146829837305,67673035
2004-11-03,9.794553756713867,9.841194232181731,9.468068014627066,9.51470929469885,146547429
2004-11-04,9.74791431427002,9.887836560105628,9.654632548844946,9.794554794680554,96666841
2004-11-05,9.887835502624512,9.981116453469397,9.794553747175705,9.887835502624512,109591549
2004-11-08,9.794553756713867,9.887835512253513,9.701272001174221,9.887835512253513,32482739
2004-11-09,9.794553756713867,9.794553756713867,9.607990245634575,9.794553756713867,35634075
2004-11-10,9.607992172241211,9.79455572073046,9.607992172241211,9.79455572073046,70666751
2004-11-11,9.421428680419922,9.561350928376852,9.374787394698266,9.561350928376852,58822807
2004-11-12,9.561351776123047,9.561351776123047,9.421429515760071,9.468070001013034,36412061
2004-11-15,9.561351776123047,9.747915326343074,9.561351776123047,9.607992261376008,44758698
2004-11-16,9.607992172241211,9.701273946485836,9.514711202600669,9.56135168742094,55156018
2004-11-17,9.841193199157715,9.934474944905633,9.514708295945754,9.561348766517796,125465784
2004-11-18,10.121040344238281,10.167680823602149,9.88783633821097,9.981117296938704,161974293
2004-11-19,10.02775764465332,10.214320349294132,10.02775764465332,10.167679874284907,88963467
2004-11-22,9.607992172241211,9.934477979795355,9.607992172241211,9.887837494975084,71986603
2004-11-23,9.514710426330566,9.70127315499477,9.421428659696456,9.60799138836066,53188915
2004-11-24,9.654632568359375,9.70127304886418,9.51471032224095,9.51471032224095,49063885
2004-11-25,9.514710426330566,9.654632673979723,9.468069140711505,9.654632673979723,33885918
2004-11-26,9.328145980834961,9.701272206278249,9.328145980834961,9.514709495858574,55430702
2004-11-29,9.328145980834961,9.421427738346766,9.281505504381025,9.328145980834961,42073605
2004-11-30,9.421428680419922,9.468069161537558,9.234865146741335,9.328146913580628,63309394
2004-12-01,9.281505584716797,9.374786538432057,9.234864303255222,9.234864303255222,54570146
2004-12-02,9.468069076538086,9.468069076538086,9.37478731053623,9.421428595839162,39105236
2004-12-03,9.514710426330566,9.60799138836066,9.468069140711505,9.561350907345613,54078078
2004-12-06,9.561351776123047,9.561351776123047,9.421429515760071,9.514711290870085,31329427
2004-12-07,9.514710426330566,9.561350907345613,9.468069140711505,9.561350907345613,40367209
2004-12-08,9.421428680419922,9.514710447259214,9.374787394698266,9.468069161537558,26684430
2004-12-09,9.281505584716797,9.468068296751259,9.234864303255222,9.42142781989363,100165996
2004-12-10,9.281505584716797,9.328146061574426,9.234864303255222,9.281505584716797,71215796
2004-12-13,9.234862327575684,9.468066271180748,9.18822186069618,9.328144065938464,56704039
2004-12-14,9.328145980834961,9.374786457288895,9.234864223323154,9.281505504381025,34666979
2004-12-15,9.468069076538086,9.51471036184102,9.328146829837305,9.37478731053623,106558385
2004-12-16,9.421428680419922,9.514710447259214,9.374787394698266,9.468069161537558,43281837
2004-12-17,9.374786376953125,9.468068133665568,9.374786376953125,9.421427657611313,32812369
2004-12-20,9.234862327575684,9.328144065938464,9.18822186069618,9.28150359905896,86653756
2004-12-21,9.234862327575684,9.328144065938464,9.234862327575684,9.28150359905896,41254935
2004-12-22,9.281505584716797,9.374786538432057,9.281505584716797,9.281505584716797,43848557
2004-12-23,9.281505584716797,9.328146061574426,9.234864303255222,9.281505584716797,27510151
2004-12-24,9.328145980834961,9.328145980834961,9.234864223323154,9.281505504381025,23239717
2004-12-27,9.281505584716797,9.328146061574426,9.234864303255222,9.328146061574426,21504006
2004-12-28,9.234862327575684,9.328144065938464,9.234862327575684,9.234862327575684,21649507
2004-12-29,9.421428680419922,9.468069161537558,9.281506432462992,9.281506432462992,79456544
2004-12-30,9.421428680419922,9.468069161537558,9.374787394698266,9.468069161537558,39617125
2004-12-31,9.561351776123047,9.561351776123047,9.37478822590302,9.468070001013034,57175991
2005-01-03,9.514710426330566,9.654632673979723,9.468069140711505,9.561350907345613,57594760
2005-01-04,9.421428680419922,9.514710447259214,9.374787394698266,9.468069161537558,28208930
2005-01-05,9.281505584716797,9.374786538432057,9.281505584716797,9.328146061574426,38190990
2005-01-06,9.281505584716797,9.328146061574426,9.234864303255222,9.281505584716797,41269125
2005-01-07,9.234862327575684,9.328144065938464,9.18822186069618,9.28150359905896,47499707
2005-01-10,9.328145980834961,9.374786457288895,9.234864223323154,9.281505504381025,39739955
2005-01-11,9.234862327575684,9.328144065938464,9.234862327575684,9.328144065938464,70705908
2005-01-12,9.048301696777344,9.234864410988228,9.001660414771656,9.234864410988228,59574634
2005-01-13,8.81509780883789,9.141583568472154,8.768457330863265,9.094942285893564,101090455
2005-01-14,8.861737251281738,8.955019000934591,8.675174556579902,8.721815029104393,84319808
2005-01-17,9.048301696777344,9.094942174179076,8.955019937369924,9.001660414771656,52514947
2005-01-18,9.048301696777344,9.141583456184764,9.001660414771656,9.094942174179076,40770051
2005-01-19,8.955021858215332,9.141585417047914,8.955021858215332,9.141585417047914,40052848
2005-01-20,8.955021858215332,9.001662345621414,8.861740078799041,8.861740078799041,26673954
2005-01-21,9.00166130065918,9.048302587255012,8.908380336675583,8.95502081866738,36328011
2005-01-24,8.861737251281738,9.048300750587444,8.815096778757248,9.001659473459084,26755086
2005-01-25,8.861737251281738,8.9083785284101,8.768456306232755,8.815096778757248,30533572
2005-01-26,8.955021858215332,9.048303637631623,8.861740078799041,8.955021858215332,44783575
2005-01-27,9.094941139221191,9.14158241591934,9.00165939042876,9.00165939042876,54711484
2005-01-28,9.094941139221191,9.234863360107909,9.048300667126906,9.094941139221191,59329824
2005-01-31,9.468069076538086,9.561350842539943,9.094942817134669,9.094942817134669,136577988
2005-02-01,9.514710426330566,9.654632673979723,9.468069140711505,9.514710426330566,151373563
2005-02-02,9.74791431427002,9.74791431427002,9.654632548844946,9.654632548844946,158168159
2005-02-03,9.514710426330566,9.60799138836066,9.468069140711505,9.60799138836066,120579021
2005-02-04,9.514710426330566,9.514710426330566,9.514710426330566,9.514710426330566,0
2005-02-07,9.514710426330566,9.514710426330566,9.514710426330566,9.514710426330566,0
2005-02-08,9.514710426330566,9.514710426330566,9.514710426330566,9.514710426330566,0
2005-02-09,9.514710426330566,9.514710426330566,9.514710426330566,9.514710426330566,0
2005-02-10,9.514710426330566,9.514710426330566,9.514710426330566,9.514710426330566,0
2005-02-11,9.514710426330566,9.514710426330566,9.514710426330566,9.514710426330566,0
2005-02-14,9.794553756713867,9.887835512253513,9.701272001174221,9.747913281246005,189030999
2005-02-15,9.794553756713867,9.934475987721378,9.794553756713867,9.841194232181731,80751689
2005-02-16,9.701273918151855,9.747915207439986,9.561351659495623,9.747915207439986,110829643
2005-02-17,9.281505584716797,9.468068296751259,9.04830159122076,9.04830159122076,232651524
2005-02-18,9.514710426330566,9.561350907345613,9.281506412047301,9.328146893062348,195803086
2005-02-21,9.468069076538086,9.561350842539943,9.37478731053623,9.51471036184102,109628532
2005-02-22,9.328145980834961,9.4680682148007,9.328145980834961,9.4680682148007,49883895
2005-02-23,9.468069076538086,9.51471036184102,9.234865063835448,9.328146829837305,92994248
2005-02-24,9.421428680419922,9.561350928376852,9.421428680419922,9.468069161537558,85909635
2005-02-25,9.701273918151855,9.747915207439986,9.561351659495623,9.561351659495623,132516566
2005-02-28,9.701273918151855,9.701273918151855,9.701273918151855,9.701273918151855,0
2005-03-01,9.514710426330566,9.747914440613833,9.514710426330566,9.70127315499477,82972988
2005-03-02,9.561351776123047,9.677950977745228,9.514711290870085,9.514711290870085,61228634
2005-03-03,9.538026809692383,9.56134986376836,9.398104577315094,9.56134986376836,46105593
2005-03-04,9.35146427154541,9.491386518507628,9.35146427154541,9.468069094228637,57474688900
2005-03-07,9.35146427154541,9.491386518507628,9.35146427154541,9.374787328052488,57391903692
2005-03-08,9.398104667663574,9.514709479313364,9.351463386686806,9.398104667663574,58032936
2005-03-09,9.398104667663574,9.398104667663574,9.328145964614167,9.351463386686806,45472100
2005-03-10,9.304823875427246,9.351464356637713,9.234865165121596,9.328146932146549,46540333
2005-03-11,9.374786376953125,9.398104603470426,9.32814590089887,9.35146332281224,34880361
2005-03-14,9.281505584716797,9.374786538432057,9.258181725570232,9.374786538432057,40250999
2005-03-15,9.11825942993164,9.304822945332974,9.071618953383277,9.28150552317258,49164903
2005-03-16,9.094941139221191,9.164899835852962,9.048300667126906,9.094941139221191,48885347
2005-03-17,8.955021858215332,9.001662345621414,8.931704430626734,9.001662345621414,54493795
2005-03-18,8.81509780883789,8.908379569391103,8.745139103385863,8.885055709685954,66479022
2005-03-21,8.861737251281738,8.955019000934591,8.861737251281738,8.955019000934591,39837878
2005-03-22,8.675174713134766,8.86173741120337,8.558575541229027,8.86173741120337,94657329
2005-03-23,8.698498725891113,8.81509791066465,8.488612147259017,8.628534387403153,111482714
2005-03-24,8.81509780883789,8.931702624492289,8.721816048284678,8.721816048284678,78528134
2005-03-25,8.885055541992188,8.931702455918124,8.838415064897841,8.861738119558835,26307638
2005-03-28,8.81509780883789,8.931702624492289,8.81509780883789,8.931702624492289,22227629
2005-03-29,8.675174713134766,8.81509693783719,8.675174713134766,8.81509693783719,30788482
2005-03-30,8.675174713134766,8.745138239297631,8.628533435164702,8.675174713134766,37217643
2005-03-31,8.885055541992188,8.90837940125713,8.791774587803495,8.815097642464488,40927606
2005-04-01,8.93170166015625,8.93170166015625,8.815096857091413,8.908378607573203,31925163
2005-04-04,8.861737251281738,8.88505467143044,8.815096778757248,8.861737251281738,22097041
2005-04-05,8.861737251281738,8.861737251281738,8.861737251281738,8.861737251281738,0
2005-04-06,8.791775703430176,8.908380531680306,8.791775703430176,8.861739244063495,24749939
2005-04-07,8.651856422424316,8.86173734407647,8.651856422424316,8.815096871063588,43319649
2005-04-08,8.791775703430176,8.815098761050734,8.69849956502896,8.745140048041721,32071246
2005-04-11,8.675174713134766,8.81509693783719,8.628533435164702,8.791773885040504,43105247
2005-04-12,8.72181510925293,8.768456386809898,8.67517463629984,8.67517463629984,21392482
2005-04-13,8.791775703430176,8.791775703430176,8.745140048041721,8.768458278037974,21041303
2005-04-14,8.72181510925293,8.791773807172873,8.651856411332986,8.698497688889955,51040392
2005-04-15,8.558575630187988,8.721815277156642,8.558575630187988,8.721815277156642,57347629
2005-04-18,8.325369834899902,8.511932494194543,8.208765055001349,8.511932494194543,60833692
2005-04-19,8.325369834899902,8.372010298572633,8.278728566623455,8.325369834899902,40339078
2005-04-20,8.325369834899902,8.488609446245167,8.302046786950527,8.488609446245167,57067727
2005-04-21,8.488612174987793,8.488612174987793,8.325372511167634,8.325372511167634,46003653
2005-04-22,8.488612174987793,8.60521699237004,8.441971696322051,8.60521699237004,59517979
2005-04-25,8.488612174987793,8.51193523043458,8.441971696322051,8.488612174987793,24213061
2005-04-26,8.581892967224121,8.628533440619787,8.441970742433236,8.488611215828902,39389289
2005-04-27,8.605216979980469,8.675175686368418,8.558576501381877,8.581893924567261,34463613
2005-04-28,8.605216979980469,8.605216979980469,8.418653456378156,8.558576501381877,42068655
2005-04-29,8.581892967224121,8.581892967224121,8.465293795244666,8.535252493828454,23950082
2005-05-02,8.581892967224121,8.581892967224121,8.581892967224121,8.581892967224121,0
2005-05-03,8.581892967224121,8.745138244826437,8.581892967224121,8.581892967224121,40582230
2005-05-04,8.628533363342285,8.651856415944833,8.558575469988927,8.628533363342285,19706928
2005-05-05,8.908379554748535,9.00166051054446,8.6751755560508,8.74513908901161,85881194
2005-05-06,9.11825942993164,9.164900711083943,8.955019773522215,8.978342827910184,94134538
2005-05-09,9.11825942993164,9.164900711083943,9.071618953383277,9.094942007771246,51450241
2005-05-10,9.048301696777344,9.094942174179076,8.931702514782897,9.071619119364371,37129275
2005-05-11,8.93170166015625,9.001659553451114,8.885054750386278,8.955019080512159,30426298
2005-05-12,9.071619033813477,9.071619033813477,8.955019852918632,9.001660329880517,68796987
2005-05-13,9.141583442687988,9.211541342573462,9.001660401481466,9.048301683418291,65677782128
2005-05-16,9.281505584716797,9.514709578212834,9.281505584716797,9.328146061574426,90989110
2005-05-17,9.444744110107422,9.468067161854409,9.351462362969503,9.37478541471649,100527302
2005-05-18,9.374786376953125,9.444745079524683,9.374786376953125,9.444745079524683,38620115
2005-05-19,9.514710426330566,9.561350907345613,9.444746084089923,9.444746084089923,96032256
2005-05-20,9.561351776123047,9.561351776123047,9.44474694227224,9.514711290870085,52241639
2005-05-23,9.398104667663574,9.561349955686195,9.374786440986998,9.561349955686195,36711549
2005-05-24,9.677949905395508,9.747914246241066,9.421428471833796,9.421428471833796,114420591
2005-05-25,9.74791431427002,9.864512699182335,9.677949972936192,9.74791431427002,135396015
2005-05-26,9.794553756713867,9.841194232181731,9.701272001174221,9.747913281246005,84367399
2005-05-27,9.98111629486084,10.004433716087808,9.864511487440044,9.887835345498269,106925776
2005-05-30,10.074398040771484,10.074398040771484,9.934475812235606,9.981116286879598,75917056
2005-05-31,9.887835502624512,10.051075155093264,9.887835502624512,10.051075155093264,76152783
2005-06-01,9.86451244354248,9.86451244354248,9.654632298644158,9.81787196434064,107911579
2005-06-02,10.02775764465332,10.051075066044238,9.91115283641265,9.91115283641265,92836039
2005-06-03,10.354241371154785,10.447523114896295,10.027756474965232,10.027756474965232,186086131
2005-06-06,10.447525024414062,10.49416630711146,10.237639252275777,10.237639252275777,92210736
2005-06-07,10.587448120117188,10.61076634954108,10.330921849125364,10.44752586990933,140327955
2005-06-08,10.82065200805664,10.86729329396564,10.610766221466141,10.634089278232704,141098722
2005-06-09,10.867292404174805,10.867292404174805,10.704047112255461,10.843969349317883,112391380
2005-06-10,10.913931846618652,10.937250071640415,10.63408739903336,10.86729137355573,132482584
2005-06-13,10.960572242736816,10.960572242736816,10.657404744634764,10.820650019926443,95029769
2005-06-14,10.797327041625977,10.890608792341723,10.727368343551774,10.867291371927333,81503808
2005-06-15,10.540806770324707,10.774010769670586,10.540806770324707,10.72736948703903,94858403
2005-06-16,10.843969345092773,10.867292399940608,10.540806643852862,10.657405826012932,95075659
2005-06-17,11.123811721801758,11.357015674380818,10.890607769222695,10.890607769222695,182419568772
2005-06-20,11.426980018615723,11.450298243127103,11.12381252502104,11.193770416970626,119487938
2005-06-21,11.31037712097168,11.380340651943841,11.26373583979549,11.380340651943841,96723973
2005-06-22,11.450300216674805,11.473623272829263,11.2870541110696,11.310377971828059,99576671
2005-06-23,11.31037712097168,11.473622409692277,11.31037712097168,11.403658074116176,88655880
2005-06-24,11.147135734558105,11.217094432099403,11.123812682094224,11.193770575031648,58566424
2005-06-27,10.82065200805664,10.960574256575597,10.797328951290076,10.960574256575597,88627592
2005-06-28,10.913931846618652,10.983890544703337,10.774009622826005,10.820650095888928,57552489
2005-06-29,10.727371215820312,11.100497513984504,10.634090244732336,11.053857028440515,124822529
2005-06-30,10.727371215820312,10.820652991512384,10.704048961538083,10.820652991512384,49556148
2005-07-01,10.937250137329102,10.960572385510334,10.634087462901263,10.82065016087732,43409324
2005-07-04,10.960572242736816,10.960572242736816,10.797326967445137,10.913931770001316,32829460
2005-07-05,10.774011611938477,10.913933861563756,10.774011611938477,10.913933861563756,34869339
2005-07-06,10.82065200805664,10.91393377527062,10.82065200805664,10.843970237199077,38023399
2005-07-07,11.007214546203613,11.007214546203613,10.820651028661825,10.937251014464584,47217193
2005-07-08,11.007214546203613,11.053855023287086,10.867292310349246,10.913932787432719,28264714
2005-07-11,11.31037712097168,11.357017597543928,11.053854902126282,11.10049537869853,72793907
2005-07-12,11.590218544006348,11.6368590083227,11.380337661488353,11.426978125804705,83412252
2005-07-13,11.566895484924316,11.636859806917013,11.496937599761887,11.590219339399898,66059595454
2005-07-14,11.753459930419922,11.776782982209046,11.566896435807028,11.5902202922,71417708
2005-07-15,11.450300216674805,11.706821650213842,11.450300216674805,11.706821650213842,54384188
2005-07-18,11.450300216674805,11.450300216674805,11.450300216674805,11.450300216674805,0
2005-07-19,11.287052154541016,11.40365695524871,11.240411682544888,11.380339535364158,39961845
2005-07-20,11.333698272705078,11.520256137899763,11.287052168424548,11.380339549362438,47877232
2005-07-21,11.31037712097168,11.566897730609197,11.217095363223242,11.240412785395577,41398618
2005-07-22,11.100497245788574,11.287055160436683,11.100497245788574,11.287055160436683,51584974
2005-07-25,10.983891487121582,11.100495495897093,10.937251010056906,11.077173245854885,35436723
2005-07-26,10.843969345092773,11.077173341640599,10.82065111786867,10.913932877408591,49252104002
2005-07-27,10.494165420532227,10.750686821468435,10.35424238886513,10.727368595901629,122653479
2005-07-28,10.61076545715332,10.61076545715332,10.354243230755714,10.49416627379978,71122768
2005-07-29,10.51748275756836,10.70404626189983,10.51748275756836,10.70404626189983,43771077
2005-08-01,10.540806770324707,10.61076547585618,10.377561476510301,10.42420195453789,78664026457
2005-08-02,12.146416664123535,12.17492680700303,11.832776787717686,11.861287739303792,96500656
2005-08-03,12.716667175292969,12.716667175292969,12.260464456046899,12.288980259737883,90581601
2005-08-04,12.63113021850586,12.745183728258663,12.48856575743467,12.716667115994046,35754981
2005-08-05,12.63113021850586,12.63113021850586,12.63113021850586,12.63113021850586,0
2005-08-08,12.488563537597656,12.517080144793457,12.317488964323115,12.317488964323115,62938284
2005-08-09,12.260464668273926,12.460055888607128,12.260464668273926,12.37451818053282,43799006
2005-08-10,12.77369213104248,13.00179344409238,12.460053128863787,12.488563265787391,77498775
2005-08-11,13.001795768737793,13.030306719465433,12.802204556925751,12.944769015042992,69870169
2005-08-12,12.887747764587402,13.115849924335805,12.802204400265644,13.001795609635295,34141998
2005-08-15,12.545592308044434,12.773694471596468,12.517082165896849,12.773694471596468,44572317
2005-08-16,12.488563537597656,12.574101228588157,12.403026655313615,12.545590282337578,25192277
2005-08-17,12.40302848815918,12.431544290862416,12.346000926285605,12.346000926285605,44094962
2005-08-18,12.117899894714355,12.460055570516475,12.117899894714355,12.43154461929947,35778302
2005-08-19,11.86129093170166,12.003855432481943,11.804264160941353,12.003855432481943,42039405893
2005-08-22,12.032362937927246,12.032362937927246,11.889799277193955,11.946825226711262,15361653
2005-08-23,12.146416664123535,12.26046451400102,12.003852201713665,12.060878957125547,28572968
2005-08-24,11.775747299194336,12.08938710280544,11.775747299194336,12.08938710280544,52703657
2005-08-25,11.604676246643066,11.775750864015261,11.57615963209658,11.633187200242874,29934054
2005-08-26,11.718722343444824,11.80425922901992,11.54764695488165,11.633184649163237,43292526
2005-08-29,11.234007835388184,11.718722240777087,11.119954342519327,11.576156992103982,55606484
2005-08-30,11.176981925964355,11.405083267838506,11.148470976731494,11.3195463766072,34296497
2005-08-31,11.176981925964355,11.405083267838506,11.148470976731494,11.205492066490672,46848556
2005-09-01,11.176981925964355,11.176981925964355,11.176981925964355,11.176981925964355,0
2005-09-02,11.690214157104492,11.690214157104492,11.262521541151203,11.405085207331178,64631845
2005-09-05,11.348055839538574,11.462109334138397,11.319545700714604,11.433593534368951,27607979
2005-09-06,11.51913833618164,11.51913833618164,11.405084018557693,11.405084018557693,26117824
2005-09-07,11.633186340332031,11.690213095556308,11.519138490829738,11.633186340332031,22139288
2005-09-08,11.747239112854004,11.832776005490812,11.747239112854004,11.804260203550125,29853157
2005-09-09,11.633186340332031,11.86128770028288,11.547648633615442,11.804260945058601,30326915002
2005-09-12,11.83277702331543,11.918314732016526,11.747240123320962,11.77575026676811,38590484
2005-09-13,11.86129093170166,11.946827853014806,11.775753201681686,11.86129093170166,23139710036
2005-09-14,11.747239112854004,11.832776005490812,11.718723310913317,11.804260203550125,21902969
2005-09-15,11.690214157104492,11.832777823284466,11.63318739670181,11.690214157104492,29761197
2005-09-16,11.690214157104492,11.80426201696308,11.604676442620516,11.775751062881787,43751690
2005-09-19,11.975340843200684,11.975340843200684,11.690211947324771,11.690211947324771,37710459
2005-09-20,11.975340843200684,12.060877732809091,11.747238696947788,11.861286535248118,43122240628
2005-09-21,11.747239112854004,11.975341267182763,11.718723310913317,11.747239112854004,20074809
2005-09-22,11.348055839538574,11.633184723799152,11.262518953414691,11.633184723799152,69802965
2005-09-23,11.376574516296387,11.519138984345155,11.291036805915098,11.291036805915098,43005614
2005-09-26,11.376574516296387,11.54764912835232,11.376574516296387,11.462111417971032,43643868
2005-09-27,11.376574516296387,11.433595613017362,11.291036805915098,11.348057902636073,33674895
2005-09-28,11.234007835388184,11.405082413746083,11.205491227345034,11.348055667311653,34150891
2005-09-29,11.492937088012695,11.579349808316802,11.29130632902772,11.29130632902772,115763354
2005-09-30,12.270651817321777,12.270651817321777,11.867391179686654,12.097826407411297,116547185
2005-10-03,12.52989387512207,12.673914807208652,12.328263114529067,12.38587213432894,109959325
2005-10-04,12.702722549438477,12.789136101127044,12.616309806456664,12.645114323686187,70318092
2005-10-05,12.587505340576172,12.7891361532986,12.558700823229145,12.673918083910493,63014849
2005-10-06,12.414677619934082,12.472286648014332,12.328264886520373,12.385873914600623,68470017
2005-10-07,12.270651817321777,12.414673531384778,12.184239112366537,12.3858698355373,60020836
2005-10-10,12.146416664123535,12.146416664123535,12.146416664123535,12.146416664123535,0
2005-10-11,11.925004959106445,12.15544029463842,11.89620124978338,12.15544029463842,62897826
2005-10-12,11.406523704528809,11.809784418937097,11.406523704528809,11.809784418937097,119912873
2005-10-13,11.60815715789795,11.60815715789795,11.320113608139627,11.348918124856807,59264972
2005-10-14,11.550546646118164,11.723372915594608,11.492938428763775,11.636960185209706,46575008
2005-10-17,11.377718925476074,11.608153366537415,11.377718925476074,11.550544351918841,42825868
2005-10-18,11.435328483581543,11.550545717736306,11.377720270857447,11.377720270857447,38848571
2005-10-19,10.974456787109375,11.348913742420944,10.974456787109375,11.348913742420944,79793981
2005-10-20,11.176087379455566,11.176087379455566,10.916848430965606,11.06087015887186,86069044
2005-10-21,10.974456787109375,11.060869495185505,10.888044079033243,10.945652281515187,43637667
2005-10-24,10.859240531921387,11.060870471464543,10.859240531921387,11.003262263897856,72523858
2005-10-25,10.888045310974121,11.032067046534136,10.888045310974121,10.945653519974215,67611851
2005-10-26,10.744024276733398,10.888046021694475,10.71521976599987,10.888046021694475,44712214
2005-10-27,9.995108604431152,10.542390940116912,9.995108604431152,10.542390940116912,202881186
2005-10-28,9.649458885192871,9.879894170841421,9.419023599544321,9.678263396987266,260302500
2005-10-31,10.254349708557129,10.254349708557129,9.678262746231134,9.707066447382195,205545475
2005-11-01,9.851090431213379,10.25435120182422,9.851090431213379,10.25435120182422,93802106
2005-11-02,10.081525802612305,10.139134835724706,9.937504028538035,9.937504028538035,74483067
2005-11-03,10.139130592346191,10.254347801644126,10.139130592346191,10.254347801644126,71693660
2005-11-04,10.311960220336914,10.484786509336463,10.225547480190503,10.369569252905674,73886178
2005-11-07,9.937503814697266,10.254351872583891,9.851091075594876,10.254351872583891,75356689
2005-11-08,9.851090431213379,9.995112192767728,9.793481403108974,9.966307678715523,84427047
2005-11-09,10.225544929504395,10.340762157195105,9.879893246432266,9.908696946825048,89246319
2005-11-10,10.686415672302246,10.916850149750013,10.369567659281612,10.369567659281612,167407872
2005-11-11,11.060872077941895,11.060872077941895,10.830437596793917,10.945654837367906,127921932
2005-11-14,10.945653915405273,11.060871146274406,10.88804570432398,11.060871146274406,59611624
2005-11-15,10.657611846923828,10.85924263420804,10.54239460077856,10.83043812049506,80417366
2005-11-16,10.600003242492676,10.715220484445432,10.484785191833293,10.542394217162984,67609643
2005-11-17,10.484785079956055,10.65761134539437,10.427176863947697,10.6288076417435,34328847
2005-11-18,10.571197509765625,10.772827457735408,10.484783981744402,10.657610229080314,73656549
2005-11-21,10.600003242492676,10.715220484445432,10.571198729827831,10.628807755157522,30630490
2005-11-22,10.455978393554688,10.60000092539646,10.427174695892784,10.60000092539646,44760054
2005-11-23,10.859240531921387,10.859240531921387,10.455979035422072,10.51358805169526,93976536
2005-11-24,11.11847972869873,11.233696955035606,10.974457993601005,10.974457993601005,148863096
2005-11-25,11.176087379455566,11.29130540874575,11.147283680839498,11.233696394100658,93084514
2005-11-28,11.032069206237793,11.23369919027019,10.91685114826879,11.20489467577794,72768943
2005-11-29,10.686415672302246,10.945654661607636,10.686415672302246,10.945654661607636,72937485
2005-11-30,10.772828102111816,10.859241635301862,10.657610866565005,10.686415377628354,75599566
2005-12-01,10.830437660217285,10.888046685194949,10.744024931457412,10.772828635239621,47585525
2005-12-02,11.060872077941895,11.204893830836035,11.00326386200821,11.118481102582198,118007392
2005-12-05,11.377718925476074,11.406522624078884,11.003261947868298,11.233696388929639,104500477
2005-12-06,11.26250171661377,11.377719754243545,11.176088188391438,11.3489152448361,75773260
2005-12-07,11.377718925476074,11.492936146006745,11.176087374311065,11.348914418166787,71487582
2005-12-08,11.11847972869873,11.348914990079,11.060870711177033,11.348914990079,55123549
2005-12-09,10.974456787109375,11.060869495185505,10.888044079033243,11.060869495185505,54047529
2005-12-12,10.830437660217285,10.974459413954822,10.744024931457412,10.974459413954822,54313958
2005-12-13,10.772828102111816,10.830437124238513,10.686415377628354,10.772828102111816,36168826
2005-12-14,10.311960220336914,10.686417314620392,10.081525707475334,10.657612798336013,185910696
2005-12-15,10.427177429199219,10.484785648330487,10.311959373523354,10.311959373523354,82414111
2005-12-16,10.571197509765625,10.62880652844644,10.369566753089307,10.369566753089307,96737976
2005-12-19,10.772828102111816,10.830437124238513,10.60000265314489,10.628807164208238,75436176
2005-12-20,10.916850090026855,10.916850090026855,10.600002887446214,10.744024637239814,77144412
2005-12-21,10.945653915405273,11.003262935193115,10.772827664748297,10.88804570432398,59477674
2005-12-22,10.720779418945312,10.977391733639694,10.720779418945312,10.834833739545518,56292606
2005-12-23,11.320111274719238,11.320111274719238,10.859241528363892,10.888046039143584,123115908
2005-12-26,11.005913734436035,11.29101920236764,11.005913734436035,11.262520381820163,63502517174
2005-12-27,11.204893112182617,11.32011115407343,11.060871368525666,11.118480389471072,68346371
2005-12-28,10.859240531921387,10.974457755761263,10.74402330808151,10.830436023784793,137327166
2005-12-29,10.888045310974121,10.916849011120908,10.455979295587554,10.744023575414106,161476517
2005-12-30,10.715221405029297,10.888047687159881,10.715221405029297,10.830438656880787,84371848
2006-01-02,10.484785079956055,10.65761134539437,10.398372351590208,10.60000312938601,61476627
2006-01-03,10.600003242492676,10.65761145911574,10.254350707927783,10.484785191833293,92106382
2006-01-04,10.54239273071289,10.77282718212774,10.484783713505921,10.74402348223077,133379308
2006-01-05,10.427177429199219,10.657611923137619,10.369568401361287,10.571199190087384,103418570
2006-01-06,10.513589859008789,10.600003398273284,10.484785345920624,10.484785345920624,100062449
2006-01-09,10.859240531921387,10.974457755761263,10.74402330808151,10.801631515648198,181613242
2006-01-10,10.686415672302246,10.859241934741373,10.542393921720741,10.859241934741373,108399024
2006-01-11,10.686415672302246,10.715220184159868,10.542393921720741,10.600002945435985,106391975
2006-01-12,10.657611846923828,10.888047147921023,10.657611846923828,10.772829093069097,76769056
2006-01-13,10.513589859008789,10.628807911361449,10.484785345920624,10.600003398273284,68908668
2006-01-16,10.686415672302246,10.772828399168507,10.513589409863119,10.542393921720741,57713503
2006-01-17,10.801633834838867,10.830438349160003,10.715221100582133,10.772829320517731,48881606
2006-01-18,10.28315544128418,10.571198956701217,10.28315544128418,10.484785416852118,135583603
2006-01-19,10.484785079956055,10.484785079956055,10.340763326875228,10.398372351590208,49620541
2006-01-20,10.455978393554688,10.60000092539646,10.39837018952443,10.60000092539646,35422530
2006-01-23,10.311960220336914,10.398373769190053,10.311960220336914,10.311960220336914,42773613
2006-01-24,10.398372650146484,10.484785380993399,10.340763623777447,10.369568136961965,45445262
2006-01-25,10.455978393554688,10.54239191265975,10.340761176787721,10.484782899923042,46028167
2006-02-03,10.254349708557129,10.657610420444016,10.13913247783324,10.542393189720126,122887751
2006-02-06,10.36956787109375,10.36956787109375,10.023916147861707,10.139133388939054,67132721
2006-02-07,10.686415672302246,10.715220184159868,10.34076314742399,10.369567659281612,102027546
2006-02-08,10.484785079956055,10.65761134539437,10.484785079956055,10.6288076417435,27400960
2006-02-09,10.484785079956055,10.6288076417435,10.484785079956055,10.60000312938601,41530523
2006-02-10,10.54239273071289,10.571197239316376,10.398370996401981,10.54239273071289,32503589
2006-02-13,10.311960220336914,10.571200058189604,10.283156512759263,10.542395541905222,44916820
2006-02-14,10.311960220336914,10.311960220336914,10.139134740044094,10.196742963906123,51959522
2006-02-15,10.139130592346191,10.283152306145208,10.139130592346191,10.283152306145208,47263896
2006-02-16,10.830437660217285,10.830437660217285,10.744024931457412,10.830437660217285,149502672
2006-02-17,11.003264427185059,11.11848167367712,10.945655399585698,11.06087264607776,188552905
2006-02-20,11.032069206237793,11.060872912023365,10.859242927990968,10.945655662761041,95856994
2006-02-21,10.945653915405273,11.089675656168328,10.916849405511352,11.060871146274406,69513653
2006-02-22,10.772828102111816,10.945654359785324,10.715219888691701,10.859241635301862,87756672
2006-02-23,10.801633834838867,10.916851083416738,10.715221100582133,10.772829320517731,80949488
2006-02-24,10.974456787109375,11.003261292703561,10.801630562250683,10.801630562250683,65069001
2006-02-27,11.032069206237793,11.060872912023365,10.830438413498717,10.888047442483218,63735384
2006-03-01,11.060872077941895,11.089676590262046,10.859242109114069,10.88804662143422,61011480
2006-03-02,11.176087379455566,11.262500901423204,11.147283680839498,11.233696394100658,87354085
2006-03-03,11.26250171661377,11.377719754243545,11.176088188391438,11.233697207206324,136672134
2006-03-06,11.348917007446289,11.348917007446289,11.176089924159701,11.262503465802995,60264449
2006-03-07,11.060872077941895,11.262502855476338,11.060872077941895,11.262502855476338,61110839
2006-03-08,10.830437660217285,10.974459413954822,10.772828635239621,10.830437660217285,59451178
2006-03-09,10.830437660217285,10.916850388977158,10.801633147728454,10.830437660217285,45956040
2006-03-10,11.032069206237793,11.176090161285689,10.830438413498717,10.91685114826879,47563445
2006-03-13,11.176087379455566,11.233696394100658,11.089674666194405,11.176087379455566,47609076
2006-03-14,10.945653915405273,11.176088377143541,10.916849405511352,11.176088377143541,33741526
2006-03-15,11.032069206237793,11.118481941007866,10.974460177253292,11.060872912023365,30635642
2006-03-16,11.003264427185059,11.176089892569822,11.003264427185059,11.089677159877441,34119826
2006-03-17,11.089675903320312,11.11848041385619,10.859241436446426,10.945654159347493,24934653
2006-03-20,11.089675903320312,11.176088626221377,11.003263180419248,11.089675903320312,34455438
2006-03-21,11.003264427185059,11.176089892569822,11.003264427185059,11.089677159877441,28922990
2006-03-22,10.916850090026855,11.003263625126976,10.888046387033416,11.003263625126976,47762163
2006-03-23,10.916850090026855,10.974459113426937,10.859241875333376,10.916850090026855,40458184
2006-03-24,10.916850090026855,10.974459113426937,10.830437363633335,10.945654601726897,35077351
2006-03-27,11.147285461425781,11.176089164642743,10.945654686667403,10.945654686667403,47734195
2006-03-28,11.233697891235352,11.262502402396725,11.089676144135067,11.147285166457815,57720862
2006-03-29,11.348917007446289,11.377721521327386,11.147286218985265,11.2048944380408,54874048
2006-03-30,11.464133262634277,11.49293777402383,11.291307003003554,11.435328751244725,71195393
2006-03-31,11.809783935546875,11.953805671133873,11.492936764220696,11.492936764220696,141632716
2006-04-03,12.184242248535156,12.472285750802248,11.838589722332005,11.925002449529488,139414438
2006-04-04,12.184242248535156,12.299459487700672,12.040220497401611,12.24185127247122,60703100
2006-04-06,12.357067108154297,12.385871616850789,12.241849882074845,12.27065358206482,88187227
2006-04-07,12.385873794555664,12.558699259708044,12.040221246837586,12.328264767033764,82687163
2006-04-10,12.501091003417969,12.52989551709257,12.213047484085264,12.385873757426218,62377480
2006-04-11,12.011415481567383,12.328263482511066,11.982611779514244,12.213046248178792,63365917
2006-04-12,11.723373413085938,11.953807909695454,11.636960679034038,11.809786147137839,75121172
2006-04-13,11.665764808654785,11.86739560704781,11.636961102061525,11.723373839254707,53912107
2006-04-14,12.155436515808105,12.299458252477685,11.69456679672415,11.72337130579937,58457590
2006-04-17,12.097826957702637,12.241848678316725,12.069022451838533,12.15543516072441,40161579
2006-04-18,12.155436515808105,12.213045533958548,12.011414779138528,12.09782830636419,31085333
2006-04-19,12.385873794555664,12.529895554653752,12.357069280794713,12.385873794555664,66758837
2006-04-20,12.357067108154297,12.47228433423375,12.27065358206482,12.357067108154297,49222370
2006-04-21,12.78913402557373,12.961960292196071,12.385873275926018,12.414676979774221,143747955
2006-04-24,12.961958885192871,13.192393343204893,12.702719109046177,12.846741656186861,90401825
2006-04-25,12.587505340576172,12.961962448674,12.529897114588877,12.961962448674,57270436
2006-04-26,12.846741676330566,12.846741676330566,12.587501899777385,12.673914619490754,62327433
2006-04-27,12.414677619934082,12.846743713122631,12.414677619934082,12.846743713122631,63797944
2006-04-28,12.78913402557373,12.78913402557373,12.501090517438703,12.501090517438703,63254782
2006-05-02,12.78913402557373,12.78913402557373,12.587503246396562,12.673915975354419,56650731
2006-05-03,12.78913402557373,13.019568508599102,12.760329513018903,12.78913402557373,39994509
2006-05-04,12.875545501708984,13.019567241762823,12.817937290911376,12.846741800663454,37070415
2006-05-05,12.93315315246582,13.105979383981113,12.93315315246582,12.961957659169446,52110400
2006-05-08,13.01956844329834,13.105981980529409,12.961960227184248,13.01956844329834,30450172
2006-05-09,12.875545501708984,13.019567241762823,12.817937290911376,13.019567241762823,40296266
2006-05-10,12.270651817321777,12.673912454956902,12.184239112366537,12.673912454956902,78549420
2006-05-11,12.097826957702637,12.270652375474393,11.982609742952654,12.097826957702637,56636011
2006-05-12,11.867393493652344,11.953806215456783,11.83858898348201,11.867393493652344,46799486
2006-05-15,11.69456672668457,11.752175744489989,11.52174048197484,11.636958517585676,60976889
2006-05-16,11.723373413085938,11.838590661390697,11.665764384580223,11.723373413085938,44634199
2006-05-17,12.155436515808105,12.357067270628127,11.780980323949812,11.867393042468949,51640101
2006-05-18,11.747239112854004,11.861286955192151,11.519137767231804,11.747239112854004,53772074725
2006-05-19,11.86129093170166,11.86129093170166,11.604678550348567,11.69021628036854,27724355140
2006-05-22,11.406523704528809,11.982611479163362,11.406523704528809,11.982611479163362,65264039
2006-05-23,11.579351425170898,11.723373184925562,11.406525151723972,11.406525151723972,45827977
2006-05-24,11.579351425170898,11.809785917295697,11.4641341791085,11.694568671233299,46926812
2006-05-25,11.464133262634277,11.608155010875448,11.435328751244725,11.52174147670679,43426437
2006-05-26,11.377718925476074,11.579348859228128,11.233696388929639,11.579348859228128,68069638
2006-05-29,11.291020393371582,11.46211199690866,11.291020393371582,11.291020393371582,23784445878
2006-05-30,11.406523704528809,11.57934995604852,11.406523704528809,11.406523704528809,23543629
2006-06-01,11.521740913391113,11.694567164572094,11.521740913391113,11.608154443334879,36240953
2006-06-02,11.69456672668457,11.72337123558728,11.550544990877547,11.636958517585676,32578660
2006-06-05,11.291308403015137,11.723373701310509,11.176090343171017,11.69456918634948,58199993
2006-06-06,11.233697891235352,11.320111424719473,10.88804618341862,11.233697891235352,84859810
2006-06-07,11.003264427185059,11.204894406369501,11.003264427185059,11.204894406369501,22240924
2006-06-08,10.830437660217285,11.060872142714693,10.657611393990917,10.888046685194949,69056602
2006-06-09,11.060872077941895,11.060872077941895,10.571198603325788,10.830437596793917,81228428
2006-06-12,11.003264427185059,11.003264427185059,10.542394632510153,10.686416392801895,58691635
2006-06-13,10.513589859008789,10.715220641919304,10.513589859008789,10.600003398273284,57095270
2006-06-14,10.686415672302246,10.772828399168507,10.484784898005497,10.513589409863119,49856058
2006-06-15,10.657611846923828,10.744025388062772,10.628808141917503,10.715220874349791,28526291
2006-06-16,10.801633834838867,11.003264626380147,10.801633834838867,10.945655597737874,44516440
2006-06-19,10.772828102111816,10.945654359785324,10.772828102111816,10.88804614636521,28245142
2006-06-20,10.513589859008789,10.80163337247716,10.45598083283246,10.686416128831139,49540318
2006-06-21,10.657611846923828,10.686416360636809,10.54239460077856,10.54239460077856,20320723
2006-06-22,11.003264427185059,11.003264427185059,10.772829125494276,10.801633639293957,38398880
2006-06-23,10.772828102111816,10.859241635301862,10.686415377628354,10.830437124238513,29939394
2006-06-26,10.888045310974121,10.888045310974121,10.686414557707492,10.830436293267507,17023481
2006-06-27,10.945653915405273,11.003262935193115,10.772827664748297,10.945653915405273,26611977
2006-06-28,10.859240531921387,10.859240531921387,10.65760978367173,10.65760978367173,38075780
2006-06-29,10.945653915405273,10.974458425299193,10.801632174642219,10.801632174642219,38696956
2006-06-30,11.176087379455566,11.204891886778112,11.089674666194405,11.204891886778112,43618531
2006-07-03,11.176087379455566,11.204891886778112,11.06087015887186,11.176087379455566,22859893
2006-07-04,11.176087379455566,11.233696394100658,11.06087015887186,11.204891886778112,27574654
2006-07-05,11.032069206237793,11.118481941007866,10.945655662761041,11.089677426515616,36251993
2006-07-06,11.032069206237793,11.060872912023365,10.859242927990968,10.888047442483218,24857374
2006-07-07,11.060872077941895,11.089676590262046,10.974459349688058,11.032068374328361,14788275
2006-07-10,11.176087379455566,11.176087379455566,10.830435717704447,10.888044732349538,28688945
2006-07-11,11.060872077941895,11.118481102582198,10.945654837367906,11.00326386200821,23983752
2006-07-12,11.003264427185059,11.147286187476801,10.859242666893318,11.089677159877441,48582793
2006-07-13,10.715221405029297,10.859243172020335,10.715221405029297,10.830438656880787,30049057
2006-07-14,10.427177429199219,10.628808217925316,10.427177429199219,10.542394676168419,53084117
2006-07-17,10.139130592346191,10.484782220239994,10.110326087845108,10.36956501094206,42135508
2006-07-18,10.19674301147461,10.311960268442895,10.167938495055855,10.25435204431212,24856638
2006-07-19,10.3407621383667,10.36956664741356,10.225544910885777,10.311957629319837,22764950
2006-07-20,10.600003242492676,10.65761145911574,10.542394217162984,10.628807755157522,32422629
2006-07-21,10.513589859008789,10.571198885185119,10.484785345920624,10.513589859008789,10354663
2006-07-24,10.3407621383667,10.3407621383667,10.254349419932637,10.311957629319837,24894909
2006-07-25,10.36956787109375,10.542394137063084,10.36956787109375,10.427176895985735,21384230
2006-07-26,10.150527954101562,10.321602559655597,10.093501198601453,10.26457580415549,34401161
2006-07-27,10.150527954101562,10.207549048655382,10.093501198601453,10.150527954101562,58912026
2006-07-28,10.3407621383667,10.3407621383667,10.225544910885777,10.254349419932637,26255021
2006-07-31,10.36956787109375,10.542394137063084,10.283155142462395,10.513589624617092,26211598
2006-08-01,10.28315544128418,10.455980903569086,10.28315544128418,10.427177198992698,40217515
2006-08-02,10.480649948120117,10.51042437608684,10.331776980805316,10.480649948120117,28418828
2006-08-03,10.748623847961426,10.837947151749407,10.68907415128807,10.808172717153415,52585906
2006-08-04,10.659297943115234,10.837945348447823,10.629523513473341,10.778396489164036,32701177
2006-08-07,10.599752426147461,10.718851009750452,10.599752426147461,10.689075743238586,26290039
2006-08-08,10.778397560119629,10.778397560119629,10.62952456963672,10.62952456963672,20313838
2006-08-09,10.927270889282227,10.957046152541482,10.778398710392954,10.808173146170809,31369409
2006-08-10,11.016592979431152,11.135691527919427,10.897495258424124,10.897495258424124,45983162
2006-08-11,10.95704460144043,11.135692018299274,10.95704460144043,11.076142327692136,27071032
2006-08-14,10.95704460144043,11.135692018299274,10.897495738314577,10.95704460144043,28273849
2006-08-15,10.98681926727295,11.01659369947075,10.927269575396046,10.98681926727295,17079855
2006-08-16,11.195240020751953,11.195240020751953,11.07614147617508,11.165465591478041,53916218
2006-08-17,11.433439254760742,11.492988124479634,11.314340687841582,11.433439254760742,88819767
2006-08-18,11.344115257263184,11.522762696020322,11.344115257263184,11.492988260807698,31896142
2006-08-21,10.95704460144043,11.314339435158116,10.897495738314577,11.254790572032263,44952280
2006-08-22,11.046370506286621,11.046370506286621,10.957046369701324,10.957046369701324,22330432
2006-08-23,10.95704460144043,11.076142327692136,10.808171616144513,11.046368723610493,32205043
2006-08-24,10.927270889282227,10.957046152541482,10.837947581948663,10.867722017726518,19749220
2006-08-25,10.867721557617188,11.046369819683642,10.837947123099902,10.957045688650416,18295786
2006-08-28,10.718849182128906,10.867721351897274,10.689073920693883,10.867721351897274,24175820
2006-08-29,10.748623847961426,10.867721586345402,10.718849413365431,10.808172717153415,23796252
2006-08-30,10.927270889282227,11.01659502409719,10.808173146170809,10.837947581948663,33463957
2006-08-31,10.718849182128906,11.046369610582015,10.718849182128906,10.986819915193319,45795199
2006-09-01,10.778397560119629,10.837946425320268,10.74862312751931,10.778397560119629,41966001
2006-09-04,10.89749526977539,10.927268872576914,10.8379455817286,10.89749526977539,27590480
2006-09-05,10.837944984436035,10.927268270361632,10.80817055579417,10.927268270361632,23764924
2006-09-06,10.778397560119629,10.927269723121226,10.74862312751931,10.837946425320268,31134091
2006-09-07,10.748623847961426,10.77839828255742,10.68907415128807,10.68907415128807,25318168
2006-09-08,10.748623847961426,10.808172717153415,10.718849413365431,10.718849413365431,29814708
2006-09-11,10.718849182128906,10.867721351897274,10.718849182128906,10.748623616082579,27356619
2006-09-12,10.569974899291992,10.748622308767155,10.510425211146103,10.718847878434836,44971222
2006-09-13,10.689070701599121,10.748620379053982,10.659296276612242,10.689070701599121,29587404
2006-09-14,10.659297943115234,10.778396489164036,10.569974654189554,10.718847629880251,33008620
2006-09-15,10.629523277282715,10.71884739170482,10.599748848302417,10.629523277282715,26209899
2006-09-18,10.98681926727295,11.01659369947075,10.718848550011444,10.718848550011444,58511838
2006-09-19,11.016592979431152,11.195240388422942,10.986818549179395,11.016592979431152,41615574
2006-09-20,10.98681926727295,11.105917823545452,10.957044835075148,10.957044835075148,28355445
2006-09-21,11.046370506286621,11.1356938153905,10.986820806069284,11.076144115173163,23734326
2006-09-22,10.98681926727295,11.07614256386635,10.957044835075148,11.046368959149852,24015542
2006-09-25,11.076144218444824,11.105919482571819,10.927271207735547,10.927271207735547,24380539
2006-09-26,11.046370506286621,11.19524268812642,11.046370506286621,11.1356938153905,25505403
2006-09-27,11.195240020751953,11.284564136054914,11.135691162204127,11.135691162204127,50987493
2006-09-28,11.13569450378418,11.284567522308526,11.07614479988556,11.25479308409995,43219087
2006-09-29,11.046370506286621,11.16546825175846,10.986820806069284,11.076144115173163,45729631
2006-10-02,11.105916976928711,11.165465836784835,11.016592859663287,11.016592859663287,31624397
2006-10-03,11.165467262268066,11.195241695997398,11.04636952735074,11.076143133598727,31565386
2006-10-04,10.95704460144043,11.1654664498622,10.95704460144043,11.105917586736346,38242441
2006-10-05,11.165467262268066,11.225016129726729,11.016594266140064,11.016594266140064,55194074
2006-10-09,11.165467262268066,11.165467262268066,11.165467262268066,11.165467262268066,0
2006-10-11,10.927270889282227,11.105919158912155,10.927270889282227,11.0761438956529,46434856
2006-10-12,10.837944984436035,10.986817955126567,10.748621698510439,10.89749466920097,53015015
2006-10-13,10.95704460144043,10.986819033003357,10.897495738314577,10.927269342396219,37282227
2006-10-16,11.284565925598145,11.284565925598145,10.98681993067904,11.016594364674681,55457076
2006-10-17,11.225013732910156,11.28456341513484,11.165464878166638,11.28456341513484,35209535
2006-10-18,11.016592979431152,11.165465958171184,10.986818549179395,11.135691527919427,21404460
2006-10-19,10.89749526977539,11.076141851472018,10.867720012011372,10.986818560623705,33647549
2006-10-20,10.927270889282227,10.986820588319336,10.897497280985773,10.897497280985773,19094264
2006-10-23,10.837944984436035,10.9570435264847,10.80817055579417,10.9570435264847,27662605
2006-10-24,10.927270889282227,10.957046152541482,10.837947581948663,10.837947581948663,39786942
2006-10-25,10.778397560119629,10.89749611800222,10.778397560119629,10.867720857920586,25941797
2006-10-26,10.748623847961426,10.837947151749407,10.748623847961426,10.77839828255742,47950945
2006-10-27,10.867721557617188,10.89749681961584,10.778398254065326,10.778398254065326,21121787
2006-10-30,10.837944984436035,10.867719413077902,10.778396127152305,10.837944984436035,33898166
2006-10-31,11.046370506286621,11.046370506286621,10.837947796748068,10.837947796748068,48828833
2006-11-01,10.867721557617188,11.046369819683642,10.867721557617188,11.046369819683642,32980207
2006-11-02,10.927270889282227,10.957046152541482,10.808173146170809,10.808173146170809,23625774
2006-11-03,10.927270889282227,10.957046152541482,10.837947581948663,10.897497280985773,32225442
2006-11-06,10.778397560119629,10.89749611800222,10.778397560119629,10.778397560119629,20862427
2006-11-07,10.95704460144043,10.95704460144043,10.83794604770744,10.897495738314577,24033027
2006-11-08,10.837944984436035,10.9570435264847,10.837944984436035,10.9570435264847,10973246
2006-11-09,10.867721557617188,11.046369819683642,10.837947123099902,10.867721557617188,43460962
2006-11-10,11.016592979431152,11.016592979431152,10.897495258424124,10.927268861194634,23781681
2006-11-13,10.89749526977539,11.016592990906476,10.867720012011372,11.016592990906476,11569919
2006-11-14,11.016592979431152,11.046368237164156,10.957044118927639,10.957044118927639,25569514
2006-11-15,11.254792213439941,11.31434108525045,11.135693642337523,11.135693642337523,82110656
2006-11-16,11.433439254760742,11.492988124479634,11.314340687841582,11.314340687841582,67786861
2006-11-17,11.37388801574707,11.612085117296036,11.37388801574707,11.552535428168163,42998340
2006-11-20,11.31434154510498,11.433440121047983,11.195242969161978,11.373890419335764,29650058
2006-11-21,11.433439254760742,11.52276255933908,11.284566252982136,11.373889557560474,37551058
2006-11-22,11.344115257263184,11.522762696020322,11.344115257263184,11.492988260807698,19290241
2006-11-23,11.433439254760742,11.52276255933908,11.344115122701028,11.373889557560474,28531752
2006-11-24,11.850282669067383,11.850282669067383,11.40366367611933,11.46321337166788,78147407
2006-11-27,12.654197692871094,12.654197692871094,12.386226106882646,12.654197692871094,192671469
2006-11-28,12.326676368713379,12.564872673732397,12.326676368713379,12.505323804347986,121241915
2006-11-29,12.47554874420166,12.564872043800108,12.326675750722917,12.326675750722917,91170761
2006-11-30,12.594648361206055,12.654197232601332,12.475549790934101,12.535098662329379,84337798
2006-12-01,12.505321502685547,12.594645617803018,12.38622295835599,12.594645617803018,83530578
2006-12-04,12.47554874420166,12.505323177401142,12.177802757244173,12.386224617121881,48463836
2006-12-05,12.29690170288086,12.59464769916904,12.29690170288086,12.53509800342259,41697899
2006-12-06,12.356449127197266,12.475547677291202,12.296900265890926,12.386223557850435,30812077
2006-12-07,12.267126083374023,12.41599907717475,12.267126083374023,12.41599907717475,37461448
2006-12-08,12.05870246887207,12.20757460331934,11.969378360722553,12.177800176429887,45356619
2006-12-11,11.939604759216309,12.058704138224007,11.880055897193728,12.028928879731449,32921196
2006-12-12,11.522764205932617,11.85028469115168,11.463215327704239,11.85028469115168,47580847
2006-12-13,11.344115257263184,11.492988260807698,11.254791951625307,11.433439390382446,61654025
2006-12-14,11.433439254760742,11.463213689620188,11.373889557560474,11.373889557560474,33184927
2006-12-15,11.433439254760742,11.612086691398792,11.373889557560474,11.492988124479634,51375075
2006-12-18,11.552534103393555,11.582309358283677,11.463210821166692,11.492985248575646,24381268
2006-12-19,11.522764205932617,11.582313911642489,11.492989766818429,11.552538645046805,16781155
2006-12-20,11.671635627746582,11.671635627746582,11.52276262511812,11.552537060147536,20691949
2006-12-21,11.701410293579102,11.820508863527294,11.612086986729004,11.612086986729004,27240053
2006-12-22,11.79073429107666,11.79073429107666,11.64186128723947,11.731184593052951,13879386
2006-12-25,11.641857147216797,11.790730098112485,11.641857147216797,11.790730098112485,9568624
2006-12-26,11.850282669067383,11.880057103100983,11.641860803350832,11.641860803350832,23876391
2006-12-27,11.880058288574219,11.999156864074438,11.880058288574219,11.90983355306035,27343317
2006-12-28,11.999155044555664,12.05870473701654,11.93960535209479,11.999155044555664,32852713766
2006-12-29,12.05870246887207,12.05870246887207,11.909829506943645,11.999152787612006,26136317
2007-01-02,12.148025512695312,12.237348791622177,12.05870223376845,12.177799939004268,27186870
2007-01-03,11.969380378723145,12.296900784688379,11.969380378723145,12.148027797660427,38309466
2007-01-04,12.05870246887207,12.20757460331934,11.969378360722553,12.028927214501461,31763548
2007-01-05,11.909830093383789,12.17780077606491,11.820505980835952,12.05870306264272,37265471
2007-01-08,11.731182098388672,11.90983032698843,11.731182098388672,11.850280641628109,41413769
2007-01-09,11.79073429107666,11.939606467432462,11.70141015778179,11.82050872634782,32649451
2007-01-10,11.522764205932617,11.701411668099244,11.463215327704239,11.701411668099244,48720281
2007-01-11,11.522764205932617,11.671637228985054,11.463215327704239,11.522764205932617,46523009
2007-01-12,11.969380378723145,12.058704501932432,11.671634404667241,11.671634404667241,58540251
2007-01-15,12.05870246887207,12.118251322650979,11.909829506943645,12.08847606828037,30132351
2007-01-16,11.969380378723145,12.118253365751096,11.93960511933252,12.058704501932432,16174282
2007-01-17,11.909830093383789,11.93960369425814,11.820505980835952,11.909830093383789,23928117
2007-01-18,11.850282669067383,11.909832364615935,11.760959366966583,11.850282669067383,26333022
2007-01-19,11.671635627746582,11.79073419534563,11.641861192717165,11.79073419534563,26974865
2007-01-22,11.671635627746582,11.820508630375047,11.612086757687749,11.79073419534563,23273161
2007-01-23,11.671635627746582,11.731184497805415,11.612086757687749,11.671635627746582,12904601
2007-01-24,12.47554874420166,12.47554874420166,12.47554874420166,12.47554874420166,30271501
2007-01-25,12.862618446350098,13.33901187537813,12.803069578027102,13.33901187537813,281338243
2007-01-26,12.564870834350586,12.773293501647604,12.50532197368358,12.624420522498841,71254705
2007-01-29,12.594648361206055,12.713746103996609,12.505324226631739,12.624422796903692,31526045
2007-01-30,12.356449127197266,12.624420658038309,12.356449127197266,12.59464622738514,42073825
2007-01-31,12.29690170288086,12.505323569290043,12.207577573001862,12.386225005278499,28889464
2007-02-01,12.267126083374023,12.38622464391087,12.237351650110144,12.326675777383112,16196867
2007-02-02,12.29690170288086,12.445774701024948,12.29690170288086,12.356450571145952,34600477
2007-02-05,12.207574844360352,12.38622223670566,12.177800416882995,12.267123699315064,30606629
2007-02-06,12.267126083374023,12.326675777383112,12.207577216846264,12.207577216846264,34849637
2007-02-07,12.177803993225098,12.296902565592216,12.177803993225098,12.267127301889376,30833933
2007-02-08,12.028928756713867,12.296900288037525,11.999154326007073,12.237350599142678,38672279
2007-02-09,12.267126083374023,12.267126083374023,12.05870505052687,12.088478656309418,29071599
2007-02-12,12.148025512695312,12.207574365313222,12.05870223376845,12.177799939004268,23669486
2007-02-13,11.880058288574219,12.148029876579354,11.880058288574219,12.088480175088526,37765977
2007-02-14,11.909830093383789,11.969378950094884,11.880054837547046,11.969378950094884,56932367
2007-02-26,11.969380378723145,12.177802229569759,11.93960511933252,12.148027797660427,63009835
2007-02-27,12.028928756713867,12.237350599142678,12.028928756713867,12.05870401490192,50640709
2007-03-01,11.701410293579102,11.850283299143994,11.671635857962404,11.790734427910596,72484477
2007-03-02,11.671635627746582,11.731184497805415,11.552537060147536,11.552537060147536,44822600
2007-03-05,11.105916976928711,11.552535080812111,11.016592859663287,11.552535080812111,58393086
2007-03-06,11.31434154510498,11.373890419335764,11.135694094931196,11.135694094931196,40564293
2007-03-07,11.284565925598145,11.463213357053338,11.195241796129872,11.463213357053338,42857004
2007-03-08,11.31434154510498,11.373890419335764,11.165468532046587,11.31434154510498,36615614
2007-03-09,11.344115257263184,11.433439390382446,11.254791951625307,11.37388969247581,28029060
2007-03-12,11.37388801574707,11.433437704874944,11.344113584923766,11.403662446570376,10074958
2007-03-13,11.671635627746582,11.671635627746582,11.43343932002987,11.463213755059286,32146759
2007-03-14,11.37388801574707,11.463212135698248,11.344113584923766,11.403662446570376,25921398
2007-03-15,11.522764205932617,11.582313911642489,11.463215327704239,11.463215327704239,17495122
2007-03-16,11.463212013244629,11.61208499325211,11.403662324752885,11.552535304760363,29690856
2007-03-19,11.40366268157959,11.49298680337158,11.373888250142688,11.463212371934677,18090338
2007-03-20,11.40366268157959,11.522761234808483,11.344113818705784,11.463212371934677,26993078
2007-03-21,11.492986679077148,11.582310799903114,11.433437816847352,11.492986679077148,21245638
2007-03-22,11.671635627746582,11.731184497805415,11.612086757687749,11.701410062775999,54105638
2007-03-23,11.61208724975586,11.701410558629231,11.552537549692197,11.671636122338107,24030112
2007-03-26,11.582310676574707,11.701408399766146,11.582310676574707,11.671633968968287,16989517
2007-03-27,11.582310676574707,11.671633968968287,11.552535418295584,11.582310676574707,29518193
2007-03-28,11.463212013244629,11.582310562746864,11.433437582739383,11.552535304760363,31682680
2007-03-29,11.433439254760742,11.463213689620188,11.373889557560474,11.40366399241992,51832597
2007-03-30,11.37388801574707,11.433437704874944,11.31433915410046,11.433437704874944,38325494
2007-04-02,11.37388801574707,11.463212135698248,11.31433915410046,11.344113584923766,30677297
2007-04-03,11.40366268157959,11.40366268157959,11.344113818705784,11.373888250142688,22777026
2007-04-04,11.492986679077148,11.522761110192047,11.46321224796225,11.492986679077148,27639292
2007-04-09,11.552534103393555,11.641858213101584,11.5227596759846,11.552534103393555,28720443
2007-04-10,11.61208724975586,11.61208724975586,11.522763113401073,11.582312813464736,38055206
2007-04-11,11.61208724975586,11.790734694984016,11.61208724975586,11.641861686046983,48509005
2007-04-12,11.522764205932617,11.582313911642489,11.492989766818429,11.552538645046805,31196017
2007-04-13,11.37388801574707,11.58231068647273,11.37388801574707,11.522760997344857,29188165
2007-04-16,11.433439254760742,11.492988124479634,11.344115122701028,11.433439254760742,30737766
2007-04-17,11.37388801574707,11.492986566521553,11.344113584923766,11.433437704874944,20998664
2007-04-18,11.463212013244629,11.463212013244629,11.344113463742394,11.344113463742394,12711539
2007-04-19,11.31434154510498,11.433440121047983,11.31434154510498,11.433440121047983,27631278
2007-04-20,11.344115257263184,11.37388969247581,11.314340822050559,11.314340822050559,11480309
2007-04-23,11.37388801574707,11.492986566521553,11.37388801574707,11.37388801574707,17905289
2007-04-24,11.40366268157959,11.463212371934677,11.344113818705784,11.373888250142688,17993443
2007-04-25,11.344115257263184,11.463213825595071,11.344115257263184,11.433439390382446,21488242
2007-04-26,11.344115257263184,11.463213825595071,11.344115257263184,11.463213825595071,17424454
2007-04-27,11.344115257263184,11.463213825595071,11.344115257263184,11.403664127688435,24594001
2007-04-30,11.37388801574707,11.403662446570376,11.31433915410046,11.403662446570376,18691382
2007-05-02,11.433439254760742,11.433439254760742,11.373889557560474,11.373889557560474,19937912
2007-05-03,11.552534103393555,11.612083785692631,11.492985248575646,11.552534103393555,41018172
2007-05-04,11.671635627746582,11.671635627746582,11.582312322658332,11.612086757687749,42152507
2007-05-07,11.731182098388672,11.76095735480944,11.701407669449116,11.731182098388672,41203950
2007-05-08,11.701410293579102,11.790734427910596,11.701410293579102,11.760959992293897,20777917
2007-05-09,11.61208724975586,11.731184994920353,11.582312813464736,11.701410558629231,17131582
2007-05-10,11.671635627746582,11.701410062775999,11.612086757687749,11.671635627746582,20067592
2007-05-11,11.492986679077148,11.552535541306945,11.492986679077148,11.522761110192047,19751406
2007-05-14,11.671635627746582,11.701410062775999,11.52276262511812,11.52276262511812,26236855
2007-05-15,11.522764205932617,11.612088350756677,11.492989766818429,11.582313911642489,18139879
2007-05-16,11.492986679077148,11.552535541306945,11.433437816847352,11.492986679077148,15692718
2007-05-17,11.492986679077148,11.612085231018012,11.46321224796225,11.492986679077148,36138422
2007-05-18,11.433439254760742,11.492988124479634,11.373889557560474,11.463213689620188,27061561
2007-05-21,11.492986679077148,11.522761110192047,11.28456483379159,11.28456483379159,109237058
2007-05-22,11.492986679077148,11.522761110192047,11.433437816847352,11.433437816847352,34033674
2007-05-23,11.79073429107666,11.99915616545617,11.522762718673441,11.522762718673441,88344031
2007-05-24,11.731182098388672,11.880055070567664,11.67163324050956,11.820506212688551,30428866
2007-05-25,11.61208724975586,11.671636122338107,11.492988677109949,11.641861686046983,50898611
2007-05-28,11.641857147216797,11.701405996582636,11.58230829785096,11.641857147216797,10475654
2007-05-29,11.552534103393555,11.731181495328446,11.552534103393555,11.641858213101584,11119682
2007-05-30,11.552534103393555,11.582309358283677,11.433436393757738,11.552534103393555,24878131
2007-05-31,11.433439254760742,11.671635561117684,11.433439254760742,11.641861126258238,42553932
2007-06-01,11.61208724975586,11.641861686046983,11.522763113401073,11.552537549692197,17230663
2007-06-04,11.820505142211914,11.850279568455068,11.731181036001313,11.731181036001313,41859634
2007-06-05,11.850282669067383,11.909832364615935,11.73118410545163,11.909832364615935,22522038
2007-06-06,11.909830093383789,11.999153378450432,11.731181868288115,11.820505980835952,39372404
2007-06-07,11.880058288574219,11.939607162583611,11.760960540555434,11.820509414564826,28872708
2007-06-08,11.731182098388672,11.76095735480944,11.67163324050956,11.76095735480944,26037236
2007-06-11,11.909830093383789,11.969378950094884,11.760957124124857,11.790731552480404,47899218
2007-06-12,11.79073429107666,11.939606467432462,11.79073429107666,11.90983285964269,27173027
2007-06-13,11.701410293579102,11.731184729195801,11.671635857962404,11.671635857962404,23028372
2007-06-14,11.909830093383789,12.05870306264272,11.820505980835952,11.820505980835952,58971546
2007-06-15,11.820505142211914,11.939602847184533,11.820505142211914,11.909829248422515,31862629
2007-06-20,12.088478088378906,12.088478088378906,11.909831497188653,12.058704483995157,124746185
2007-06-21,11.999155044555664,12.148028034485892,11.93960535209479,12.148028034485892,59912818
2007-06-22,11.939604759216309,12.08847774175403,11.909831155686286,12.028928879731449,36010928
2007-06-25,11.909830093383789,12.028927806805978,11.850280409191498,11.850280409191498,40511110
2007-06-26,11.820505142211914,11.939602847184533,11.79073071596876,11.909829248422515,34043145
2007-06-27,11.820505142211914,11.909829248422515,11.79073071596876,11.820505142211914,24306957
2007-06-28,11.909830093383789,11.999153378450432,11.850280409191498,11.909830093383789,44731533
2007-06-29,11.820505142211914,11.939602847184533,11.820505142211914,11.909829248422515,29683571
2007-07-02,11.909830093383789,11.909830093383789,11.760957124124857,11.820505980835952,19624640
2007-07-03,11.880058288574219,11.939607162583611,11.850283851569522,11.90983355306035,30804063
2007-07-04,11.939604759216309,11.999154448720159,11.880055897193728,11.909831155686286,43702108
2007-07-05,11.999155044555664,11.999155044555664,11.880056487115223,11.93960535209479,35421540
2007-07-06,12.47554874420166,12.505323177401142,11.969380897366465,11.999155330565946,103015339
2007-07-09,12.505321502685547,12.654194476227186,12.415997387568074,12.594645617803018,119952402
2007-07-10,12.782535552978516,12.874939828732542,12.505323581731671,12.690131277224491,100877079
2007-07-11,12.536124229431152,12.69012991243289,12.536124229431152,12.69012991243289,40665560
2007-07-12,12.47452163696289,12.597726180211035,12.44371964513574,12.536123908586964,46646132
2007-07-13,12.536124229431152,12.659328775832542,12.474521956230458,12.628527639232194,45280851
2007-07-16,12.35131549835205,12.536124027000152,12.320515218264196,12.505322034882054,47642044
2007-07-17,12.320515632629395,12.412919044046047,12.228111365197591,12.412919044046047,34384101
2007-07-18,12.228113174438477,12.320517455542186,12.197312032742333,12.320517455542186,47653701
2007-07-19,12.320515632629395,12.474522174338967,12.166509090919822,12.166509090919822,35417897
2007-07-20,12.35131549835205,12.412918626573125,12.19730981783717,12.382117490470149,39263852
2007-07-23,12.166509628295898,12.25891304379387,12.166509628295898,12.25891304379387,38897397
2007-07-24,12.320515632629395,12.320515632629395,12.197310228058708,12.228111365197591,36193791
2007-07-25,12.166509628295898,12.289714182293192,12.135707633781387,12.166509628295898,68610110
2007-07-26,12.012500762939453,12.228109546865554,11.95089764180698,12.166507281748103,48205204
2007-07-27,11.304072380065918,11.67368860244696,11.273272098219794,11.67368860244696,111475856
2007-07-30,11.273272514343262,11.304072797326299,11.11926596333687,11.150067102335107,65035900
2007-07-31,11.273272514343262,11.519682482344368,11.242470519329823,11.519682482344368,59392641
2007-08-01,10.903654098510742,11.273270260643253,10.903654098510742,11.273270260643253,87029020
2007-08-02,11.211669921875,11.334875339834193,10.996061082457846,11.27327305886222,75400088
2007-08-03,11.211669921875,11.334875339834193,11.211669921875,11.27327305886222,60416966
2007-08-06,10.99605941772461,11.119264817031292,10.934457146078826,10.965258281901718,39854697
2007-08-07,11.026862144470215,11.180868701819394,10.996061004203426,11.150067561552605,46607520
2007-08-08,11.304072380065918,11.304072380065918,11.088464415036857,11.150066690759445,31335896
2007-08-09,11.673690795898438,11.673690795898438,11.458081078326616,11.550485365288159,59952887
2007-08-10,11.304072380065918,11.39647664966497,11.18086782862074,11.365675511803676,60019913
2007-08-13,11.396475791931152,11.458078063017364,11.242469258200515,11.458078063017364,25110535
2007-08-14,11.273272514343262,11.45807934833269,11.242470519329823,11.45807934833269,22941676
2007-08-15,11.026862144470215,11.150067561552605,10.996061004203426,11.150067561552605,46399886
2007-08-16,10.81125259399414,10.965259141192412,10.780451455757522,10.903656008703994,74682478
2007-08-17,10.564840316772461,10.811251100659582,10.472436914826087,10.780449966677457,67145748
2007-08-20,11.05766487121582,11.119268016603035,10.934460292472108,11.088466871917108,41485894
2007-08-21,10.903654098510742,11.150064873265748,10.842051832829506,11.088462607584512,33499655
2007-08-22,10.934456825256348,11.057661364933033,10.903654834322088,10.903654834322088,16487554
2007-08-23,11.273272514343262,11.304072797326299,11.180868241333346,11.242470519329823,40918363
2007-08-24,11.273272514343262,11.334874792339738,11.211669380331584,11.334874792339738,27371918
2007-08-27,11.242470741271973,11.396477295318672,11.211669601665678,11.396477295318672,22790140
2007-08-28,11.242470741271973,11.273272736893487,11.088465043240493,11.242470741271973,13988667
2007-08-29,10.965256690979004,11.026858953687064,10.903653572255955,10.965256690979004,31217873
2007-08-30,11.211669921875,11.242471062360988,11.119266500417039,11.211669921875,28245436
2007-08-31,11.396475791931152,11.396475791931152,11.150065851571197,11.211668122657409,37307726
2007-09-03,11.33487319946289,11.42727745948734,11.273270930123312,11.39647546880247,14862913
2007-09-04,11.33487319946289,11.45807773814205,11.33487319946289,11.39647546880247,25401222
2007-09-05,11.33487319946289,11.51968086349671,11.30407120877802,11.45807773814205,18354069
2007-09-06,11.304072380065918,11.488880919264023,11.211668966482033,11.334874373942382,34406686
2007-09-07,11.396475791931152,11.458078063017364,11.33487352084494,11.396475791931152,19815517
2007-09-10,11.273272514343262,11.365675931337977,11.211669380331584,11.365675931337977,24308414
2007-09-11,11.33487319946289,11.365674334132681,11.24246893943844,11.273270930123312,21166228
2007-09-12,11.396475791931152,11.458078063017364,11.365674656388046,11.396475791931152,40385073
2007-09-13,11.304072380065918,11.458078925387559,11.273272098219794,11.458078925387559,17925689
2007-09-14,11.642887115478516,11.673688252416252,11.365675171008611,11.396476307946347,46888007
2007-09-17,11.550481796264648,11.827693715477269,11.45807753785542,11.704488322936653,52529080
2007-09-18,11.550481796264648,11.550481796264648,11.550481796264648,11.550481796264648,0
2007-09-19,11.827695846557617,11.858496986238665,11.642888152456106,11.766092711180299,181064394
2007-09-20,11.827695846557617,11.827695846557617,11.827695846557617,11.827695846557617,0
2007-09-21,11.827695846557617,11.827695846557617,11.827695846557617,11.827695846557617,0
2007-09-26,11.827695846557617,11.827695846557617,11.827695846557617,11.827695846557617,0
2007-09-27,11.827695846557617,11.827695846557617,11.827695846557617,11.827695846557617,0
2007-09-28,11.827695846557617,11.827695846557617,11.827695846557617,11.827695846557617,0
2007-10-01,11.827695846557617,11.827695846557617,11.827695846557617,11.827695846557617,0
2007-10-02,11.827695846557617,11.827695846557617,11.827695846557617,11.827695846557617,0
2007-10-03,11.827695846557617,11.827695846557617,11.827695846557617,11.827695846557617,0
2007-10-04,11.827695846557617,11.827695846557617,11.827695846557617,11.827695846557617,0
2007-10-05,11.827695846557617,11.827695846557617,11.827695846557617,11.827695846557617,0
2007-10-08,11.827695846557617,11.827695846557617,11.827695846557617,11.827695846557617,0
2007-10-09,10.071122169494629,10.607961726134413,10.071122169494629,10.607961726134413,220399905
2007-10-11,9.620177268981934,10.135544611546978,9.620177268981934,10.07112347972256,108019560
2007-10-12,9.147757530212402,9.44838832461843,9.126284391192033,9.44838832461843,98307330
2007-10-15,9.040388107299805,9.233650613765573,9.040388107299805,9.169230348953649,72752900
2007-10-16,9.190703392028809,9.21217738409171,9.018914879585555,9.018914879585555,35638680
2007-10-17,9.147757530212402,9.169231525247879,9.040389267065233,9.126284391192033,33768130
2007-10-18,9.190703392028809,9.233650520139621,9.104809135807182,9.21217738409171,41568010
2007-10-19,9.104809761047363,9.19070402316747,9.104809761047363,9.19070402316747,24720520
2007-10-22,8.761232376098633,8.761232376098633,8.653864114073967,8.761232376098633,56633775
2007-10-23,8.825654029846191,8.868601166009382,8.782706893683,8.80418003375702,31207880
2007-10-24,8.761232376098633,8.954494905336992,8.761232376098633,8.933021766541119,30101225
2007-10-25,8.825654029846191,8.847127169920212,8.718285761430641,8.80418003375702,22243870
2007-10-26,9.018917083740234,9.018917083740234,8.911548809215716,8.975969945133468,44976800
2007-10-29,9.383970260620117,9.448391410753366,9.29807596445271,9.448391410753366,90280685
2007-10-30,9.190703392028809,9.448387016708677,9.190703392028809,9.448387016708677,47737690
2007-10-31,9.126283645629883,9.319546161100364,9.061862521801375,9.212177906724532,38650370
2007-11-01,8.761232376098633,8.933021766541119,8.761232376098633,8.825653504516453,68836240
2007-11-02,8.482076644897461,8.546497781405831,8.43912950589695,8.546497781405831,71664010
2007-11-05,8.439128875732422,8.546497143223926,8.374708600049633,8.546497143223926,46709410
2007-11-06,8.460600852966309,8.546495968764896,8.439127716027931,8.439127716027931,30950810
2007-11-07,8.460600852966309,8.589443098656677,8.460600852966309,8.589443098656677,39125845
2007-11-08,8.310285568237305,8.374706685205599,8.28881157724289,8.33175870321677,57988095
2007-11-09,8.267341613769531,8.331761899435698,8.245867614537291,8.245867614537291,40833375
2007-11-12,8.095550537109375,8.20291879934544,8.074077398271223,8.20291879934544,60442800
2007-11-13,8.117026329040527,8.138499472632748,8.031131186625764,8.074079185840791,46373965
2007-11-14,8.331762313842773,8.39618345872841,8.267342024972455,8.37471031444341,64506805
2007-11-15,8.310285568237305,8.353232694211185,8.224390460274595,8.33175870321677,43288080
2007-11-16,8.245866775512695,8.288813913591987,8.181446496401351,8.288813913591987,32587280
2007-11-19,8.804182052612305,8.804182052612305,8.28881544446201,8.331762590473256,114270750
2007-11-20,8.804182052612305,8.84712919862355,8.439130883509044,8.589446322556077,92922445
2007-11-21,8.675338745117188,8.761233018630197,8.61091761197485,8.761233018630197,60418765
2007-11-22,8.546497344970703,8.761233029007574,8.460602215340792,8.7182858922002,33037675
2007-11-23,8.460600852966309,8.632390228548458,8.460600852966309,8.567969105703273,20392130
2007-11-26,8.567970275878906,8.675338543279757,8.567970275878906,8.675338543279757,45258950
2007-11-27,8.224392890930176,8.374709160285986,8.224392890930176,8.374709160285986,47051125
2007-11-28,8.138498306274414,8.245866576894054,8.117025165759587,8.245866576894054,31226690
2007-11-29,8.224392890930176,8.288814026937636,8.159972610937915,8.288814026937636,41484410
2007-11-30,8.288813591003418,8.33176072741127,8.224392458384063,8.245866454595566,39465470
2007-12-03,8.288813591003418,8.310287587214923,8.181446177991367,8.288813591003418,20508125
2007-12-04,8.288813591003418,8.288813591003418,8.202919318187714,8.202919318187714,15695900
2007-12-05,8.202919006347656,8.267340136517996,8.159971871572472,8.202919006347656,44975755
2007-12-06,8.35323429107666,8.35323429107666,8.267340022708721,8.28881316179315,43353915
2007-12-07,8.374710083007812,8.546498656601697,8.374710083007812,8.417656370390988,44601645
2007-12-10,8.35323429107666,8.396181425260629,8.33176029597712,8.396181425260629,20266730
2007-12-11,8.50355052947998,8.50355052947998,8.353235116966745,8.353235116966745,22100705
2007-12-12,8.267341613769531,8.331761899435698,8.245867614537291,8.288814756986495,31636330
2007-12-13,8.138498306274414,8.288813713938877,8.117025165759587,8.245866576894054,39987970
2007-12-14,8.224392890930176,8.245866888271063,8.03113033892299,8.074078333604767,53793465
2007-12-17,8.288813591003418,8.33176072741127,8.202919318187714,8.310287587214923,44382195
2007-12-18,8.245866775512695,8.310287910639229,8.009657088068993,8.031130229101045,50772370
2007-12-19,8.245866775512695,8.331761051671279,8.159972499354112,8.331761051671279,33647955
2007-12-20,8.310285568237305,8.353232694211185,8.24586445126901,8.24586445126901,26179340
2007-12-21,8.396181106567383,8.43912823912121,8.245865714621445,8.245865714621445,31565270
2007-12-24,8.546497344970703,8.589444481778077,8.503550208163329,8.525023348559435,38931475
2007-12-25,8.396181106567383,8.546496498513319,8.374707968298008,8.546496498513319,7915875
2007-12-26,8.5250244140625,8.5250244140625,8.331761846266748,8.396182987537088,15902810
2007-12-27,8.567970275878906,8.589444271765133,8.525023140121595,8.546497136007822,36509165
2007-12-28,8.632390975952148,8.696812104374999,8.546496708731748,8.546496708731748,51219630
2007-12-31,8.6538667678833,8.696814770675754,8.610919621106211,8.6538667678833,16342755
2008-01-02,8.417655944824219,8.610918508354318,8.396182802218236,8.589445365748336,40000510
2008-01-03,8.310285568237305,8.374706685205599,8.24586445126901,8.267338442263425,31792035
2008-01-04,8.224392890930176,8.26734088561195,8.11702547227134,8.181446608278803,29463775
2008-01-07,7.837867259979248,8.031129798993472,7.816394120097192,7.94523552743496,40214735
2008-01-08,7.6875529289245605,7.923762610359985,7.666078932423536,7.880815473373104,38163400
2008-01-09,7.837867259979248,7.837867259979248,7.558711305421656,7.687552712759424,35346080
2008-01-10,7.816393852233887,7.8378669913800705,7.730499583618921,7.8378669913800705,29842065
2008-01-11,7.98818302154541,8.095550426296718,7.98818302154541,7.98818302154541,34722215
2008-01-14,8.159971237182617,8.28881263149151,8.052602980584345,8.13849724345694,52466315
2008-01-15,8.288813591003418,8.460602136634826,8.224392458384063,8.245866454595566,42697655
2008-01-16,7.92376184463501,8.202918636080566,7.9022878502091585,8.138497508818096,33775445
2008-01-17,7.98818302154541,8.074077287752493,7.859340766219695,7.880814760779011,22388080
2008-01-18,7.902288436889648,7.902288436889648,7.73049989278928,7.816394164839464,45972685
2008-01-21,7.794919967651367,7.9452344953452645,7.773445974543649,7.9452344953452645,21055705
2008-01-22,7.429869651794434,7.558711925720673,7.343975373187083,7.365449370846528,53778835
2008-01-23,7.3439741134643555,7.666078030998565,7.3439741134643555,7.666078030998565,67345025
2008-01-24,7.4728169441223145,7.601659220686915,7.429869803939192,7.580185222587737,30365610
2008-01-25,7.55871057510376,7.623130844540826,7.515762587458968,7.580183712911095,42762445
2008-01-28,7.408395767211914,7.494290037205505,7.322500641203196,7.429868906702748,49099325
2008-01-29,7.644603252410889,7.644603252410889,7.494288734066991,7.537235861595959,31952965
2008-01-30,7.644603252410889,7.730498363483803,7.580182989124927,7.644603252410889,26668400
2008-01-31,7.451343536376953,7.451343536376953,7.12923914047223,7.343975261739512,76404130
2008-02-01,7.429869651794434,7.472816791098109,7.365449370846528,7.472816791098109,25652660
2008-02-12,7.279553413391113,7.408395672753871,7.215133139724852,7.343974543072492,32768065
2008-02-13,7.365448951721191,7.47281636586311,7.279553821986425,7.408396088580992,25339160
2008-02-14,7.816393852233887,7.859340986541369,7.472815921758912,7.472815921758912,57338105
2008-02-15,7.7090253829956055,7.751972516158455,7.644604255243785,7.751972516158455,19926060
2008-02-18,7.730499744415283,7.81639401481687,7.687552609214489,7.730499744415283,18446340
2008-02-19,7.902288436889648,7.923762432909769,7.794921024834492,7.816394164839464,22215655
2008-02-20,7.730499744415283,7.859341150017665,7.601658338812901,7.859341150017665,23210495
2008-02-21,7.859341144561768,7.880815140154823,7.730499739048827,7.75197287862675,16465020
2008-02-22,7.7734456062316895,7.7734456062316895,7.68755134990062,7.751971614141426,11724900
2008-02-25,7.730499744415283,7.859341150017665,7.70902574880732,7.794920875224039,25912865
2008-02-26,7.837867259979248,7.859341255876448,7.794920980215136,7.794920980215136,19183065
2008-02-27,8.031131744384766,8.031131744384766,7.859343159655173,7.880817160754048,44664345
2008-02-29,7.880816459655762,8.031131029914098,7.83786846127878,7.859342460467271,28513870
2008-03-03,7.751973628997803,7.751973628997804,7.644605352669815,7.7305004873413345,25209580
2008-03-04,7.751973628997803,7.816394765997639,7.644605352669815,7.687553348013181,31522425
2008-03-05,7.666078567504883,7.751972837389927,7.623131432562361,7.709025702447405,29908945
2008-03-06,7.859341144561768,7.859341144561768,7.66607860828479,7.66607860828479,39625355
2008-03-07,7.730499744415283,7.81639401481687,7.70902574880732,7.730499744415283,20725485
2008-03-10,7.5801849365234375,7.644605216359386,7.472816662109925,7.5801849365234375,42393560
2008-03-11,7.494291305541992,7.494291305541992,7.408397021011623,7.429870164136578,38391210
2008-03-12,7.623132705688477,7.709026989918574,7.580185563573427,7.687553846868685,28580750
2008-03-13,7.494291305541992,7.623132732337545,7.451344163276807,7.6016595892125896,23094500
2008-03-14,7.408395767211914,7.5801843071990955,7.3869217717059525,7.558711167708262,28961130
2008-03-17,7.215133190155029,7.301027459653815,7.129238492648683,7.301027459653815,57077900
2008-03-18,7.451343536376953,7.47281667769532,7.322501264405943,7.408396397725017,48526665
2008-03-19,7.666078567504883,7.666078567504883,7.558711158156142,7.601658293098664,43336150
2008-03-20,7.644603252410889,7.666077244182862,7.515761869823986,7.601656980896901,28306960
2008-03-21,7.880816459655762,7.9022896028289775,7.687553891020444,7.687553891020444,70018135
2008-03-24,8.18144702911377,8.417655875922371,8.09555189134717,8.417655875922371,92355010
2008-03-25,8.224392890930176,8.353235162945099,8.159972610937915,8.353235162945099,54473760
2008-03-26,8.245866775512695,8.267340772559937,8.181446496401351,8.224392778465454,33620785
2008-03-27,8.159971237182617,8.159971237182617,8.009655849148047,8.159971237182617,27306895
2008-03-28,8.095550537109375,8.20291879934544,8.074077398271223,8.13849767080078,30861985
2008-03-31,8.031131744384766,8.031131744384766,7.859343159655173,8.009658599301241,24413290
2008-04-01,7.966710090637207,8.074078365738556,7.966710090637207,8.031130370885853,17923840
2008-04-02,8.245866775512695,8.245866775512695,8.095551364227578,8.095551364227578,40882490
2008-04-03,8.159971237182617,8.245865500055212,8.117024105746319,8.245865500055212,14920510
2008-04-07,8.18144702911377,8.202920171543985,8.09555189134717,8.159973030668308,19314735
2008-04-08,7.945234775543213,8.117024158418213,7.945234775543213,8.117024158418213,37816460
2008-04-09,7.837867259979248,7.98818351922936,7.816394120097192,7.880815251773648,37499825
2008-04-10,7.966710090637207,7.988184088063559,7.773447537860863,7.794921535287214,23637900
2008-04-11,7.880816459655762,7.9881847435676665,7.859342460467271,7.9881847435676665,25435300
2008-04-14,7.880816459655762,7.880816459655762,7.816395318105564,7.859342460467271,21833185
2008-04-15,7.880816459655762,7.9022896028289775,7.83786846127878,7.859342460467271,17703345
2008-04-16,8.138498306274414,8.138498306274414,7.966709758095126,8.031130035654774,50070130
2008-04-17,8.267341613769531,8.331761899435698,8.202920472088088,8.310288756218734,76365465
2008-04-18,8.138498306274414,8.26734057342405,8.095551169229593,8.26734057342405,32253925
2008-04-21,8.159971237182617,8.224391506329535,8.117024105746319,8.13849724345694,34400355
2008-04-22,8.074076652526855,8.20291804170092,8.052602659657,8.159970911976233,22096525
2008-04-23,8.074076652526855,8.181444904846089,8.031128666787144,8.117023782251543,16338575
2008-04-24,8.031131744384766,8.159974038947311,8.031131744384766,8.159974038947311,14556850
2008-04-25,8.159971237182617,8.159971237182617,8.031128986858668,8.052602980584345,17736785
2008-04-28,8.245866775512695,8.245866775512695,8.13849850230687,8.202919637433403,28781390
2008-04-29,8.009657859802246,8.245867570004833,8.009657859802246,8.245867570004833,28866035
2008-04-30,7.98818302154541,8.074077287752493,7.966709026986094,7.98818302154541,24806210
2008-05-02,8.138498306274414,8.181446299334405,8.074078028714766,8.074078028714766,39765385
2008-05-05,8.074076652526855,8.20291804170092,8.009655529932312,8.181444904846089,24408065
2008-05-06,8.138498306274414,8.138498306274414,8.009656895139948,8.031130035654774,10945330
2008-05-07,8.095550537109375,8.181445660507288,8.095550537109375,8.159971665654034,13204620
2008-05-08,7.98818302154541,8.03112929863386,7.945235032426778,8.009656160089635,17111875
2008-05-09,8.031131744384766,8.05260574548364,7.902290305837571,8.05260574548364,18376325
2008-05-12,8.138498306274414,8.15997230280441,7.988183754625122,8.009656895139948,30437715
2008-05-13,8.202919006347656,8.202919006347656,8.0740776020221,8.159971871572472,23509365
2008-05-14,8.138498306274414,8.181446299334405,8.117025165759587,8.181446299334405,14494150
2008-05-15,8.245866775512695,8.245866775512695,8.159972499354112,8.181446496401351,30450255
2008-05-16,8.567970275878906,8.589444271765133,8.288813465448811,8.310287461335038,136961880
2008-05-19,8.71828556060791,8.71828556060791,8.589444155086158,8.589444155086158,82254040
2008-05-20,8.417655944824219,8.718286789429985,8.396182802218236,8.718286789429985,48554880
2008-05-21,8.224392890930176,8.374709160285986,8.224392890930176,8.353235162945099,38243865
2008-05-22,8.138498306274414,8.15997230280441,8.074078028714766,8.15997230280441,30349935
2008-05-23,8.074076652526855,8.181444904846089,8.052602659657,8.138496919106377,24508385
2008-05-26,7.945234775543213,8.052603032838205,7.945234775543213,8.031129038973182,23434125
2008-05-27,7.98818302154541,8.052603293193178,7.945235032426778,7.98818302154541,14024945
2008-05-28,7.945234775543213,8.052603032838205,7.945234775543213,7.98818276327326,20959565
2008-05-29,7.945234775543213,8.031129038973182,7.945234775543213,7.966708769408236,23608640
2008-05-30,8.117026329040527,8.117026329040527,7.859342613826823,8.031131186625764,54039040
2008-06-02,8.117026329040527,8.117026329040527,8.031131186625764,8.052605186233277,20886415
2008-06-03,7.880816459655762,8.009657886740882,7.859342460467271,8.009657886740882,29773095
2008-06-04,7.880816459655762,7.923763602017469,7.816395318105564,7.859342460467271,30143025
2008-06-05,7.92376184463501,7.945234983045776,7.751972457273454,7.837866722946689,36037870
2008-06-06,7.98818302154541,8.03112929863386,7.966709026986094,8.03112929863386,17935335
2008-06-09,7.7734456062316895,7.837865870472496,7.7734456062316895,7.794919598321953,23310815
2008-06-10,7.666078567504883,7.794920828347576,7.666078567504883,7.794920828347576,43229560
2008-06-11,7.601658344268799,7.687552614732035,7.580184348645424,7.687552614732035,24725745
2008-06-12,7.301027297973633,7.451342694275356,7.301027297973633,7.451342694275356,46265285
2008-06-13,7.301027297973633,7.408395560477022,7.301027297973633,7.408395560477022,31162945
2008-06-16,7.301027297973633,7.386921565570302,7.258080164175299,7.301027297973633,27701905
2008-06-17,7.301027297973633,7.343974431771968,7.258080164175299,7.322500436865248,17814115
2008-06-18,7.301027297973633,7.343974431771968,7.279553303066914,7.301027297973633,14481610
2008-06-19,7.172183990478516,7.236604677899764,7.172183990478516,7.236604677899764,53901100
2008-06-20,7.193658351898193,7.279552611332823,7.172184787039535,7.2580794744816775,16110765
2008-06-23,7.172183990478516,7.279551802847261,7.129236865531018,7.150710428004767,15661415
2008-06-24,7.150712966918945,7.258081245417067,7.150712966918945,7.215134105220865,18636530
2008-06-25,7.279553413391113,7.279553413391113,7.150712010043473,7.1936591444926865,31731425
2008-06-26,7.193658351898193,7.301026604198992,7.193658351898193,7.301026604198992,20906270
2008-06-27,6.935976028442383,7.086291001586042,6.893028893258481,7.086291001586042,44814825
2008-06-30,6.914503574371338,7.021871857629392,6.850082433213451,7.000398286579308,36153865
2008-07-01,6.935976028442383,7.000397159225803,6.893028893258481,6.914502460850431,20709810
2008-07-02,6.871553897857666,6.935975019267905,6.871553897857666,6.914501454800326,32467105
2008-07-03,6.785661220550537,6.8071347886654365,6.678292523960889,6.8071347886654365,32746120
2008-07-04,6.678293228149414,6.764187937673701,6.678293228149414,6.742714367294535,23347390
2008-07-07,6.721240043640137,6.721240043640137,6.635345343742399,6.678292479687482,21329495
2008-07-08,6.356188774108887,6.721240299556868,6.334715205318722,6.721240299556868,44926640
2008-07-09,6.463556289672852,6.570924556176323,6.420609582282059,6.420609582282059,27512760
2008-07-10,6.570925235748291,6.613872803595903,6.399136676388293,6.46355695814068,19770355
2008-07-11,6.871553897857666,6.914501454800326,6.65681782517438,6.6997653821170395,57302575
2008-07-14,6.699765682220459,6.850080640226583,6.656818123354043,6.785660371945767,23887655
2008-07-15,6.399136543273926,6.61387266601461,6.356188976319706,6.570925099060391,32977065
2008-07-16,6.463556289672852,6.570924556176323,6.420609582282059,6.506503853078781,32600865
2008-07-17,6.721240043640137,6.871555019447925,6.613872203777432,6.678292479687482,49318775
2008-07-18,6.570925235748291,6.893029640563512,6.527978095908292,6.893029640563512,40211600
2008-07-21,6.80713415145874,6.828607717563528,6.699765892927267,6.699765892927267,31160855
2008-07-22,6.656818866729736,6.7641871338744455,6.656818866729736,6.656818866729736,18015800
2008-07-23,6.742712497711182,6.7641860621362735,6.656817812003315,6.699765368861,47182795
2008-07-24,6.742712497711182,6.785660054568867,6.6782913764284055,6.7641860621362735,32224665
2008-07-25,6.485030174255371,6.570924443580252,6.4206094722617095,6.570924443580252,52363905
2008-07-28,6.485030174255371,6.485030174255371,6.485030174255371,6.485030174255371,0
2008-07-29,6.098504543304443,6.356187755499029,6.077030977955522,6.356187755499029,67305315
2008-07-30,6.162925720214844,6.291767550368809,6.162925720214844,6.270293555336853,27214935
2008-07-31,6.141451358795166,6.248819180029173,6.098504230301564,6.2058724795430695,31469130
2008-08-01,6.01261043548584,6.034084001383251,5.948189309786076,6.01261043548584,28694655
2008-08-04,5.9267168045043945,5.991137941732644,5.905243234764181,5.9696643719924305,30104360
2008-08-05,5.669033050537109,5.905242725308858,5.669033050537109,5.905242725308858,61788760
2008-08-06,5.9267168045043945,5.991137941732644,5.819348955803327,5.819348955803327,49104550
2008-08-07,6.119978904724121,6.162926041008416,5.926716363437219,6.012611064013385,63012455
2008-08-08,6.4510040283203125,6.498264312695634,6.120183389815484,6.143813532003145,93708000
2008-08-11,6.285594463348389,6.474634715342283,6.285594463348389,6.451004571166168,31610000
2008-08-12,6.285594463348389,6.332854300993106,6.261964319172274,6.309224607524504,26614000
2008-08-13,6.285594463348389,6.356484445169221,6.238334174996159,6.285594463348389,20615000
2008-08-14,6.380115032196045,6.521895456386354,6.261964753822044,6.285594899638353,49240000
2008-08-15,6.309224605560303,6.451004569157828,6.261964317222787,6.427374875696582,35988000
2008-08-18,6.167443752288818,6.332853848282074,6.14381360980193,6.285594014015778,29735000
2008-08-19,6.0729241371154785,6.096553830856205,6.002033703770744,6.096553830856205,36264000
2008-08-20,6.167443752288818,6.238333729042002,6.049293490561858,6.096553324828154,28441000
2008-08-21,6.0729241371154785,6.167444264200939,6.0729241371154785,6.143814119752695,23646000
2008-08-22,6.096553802490234,6.16744423550513,6.002033675844555,6.096553802490234,26397000
2008-08-25,6.143813610076904,6.191073895052796,6.072923633320547,6.143813610076904,22254000
2008-08-26,6.120185375213623,6.120185375213623,6.049295376361284,6.049295376361284,13574000
2008-08-27,6.285594463348389,6.309224607524504,6.072924067178381,6.143814048999213,31095000
2008-08-28,6.261964321136475,6.261964321136475,6.072924069083284,6.167444195109879,91475000
2008-08-29,6.285594463348389,6.309224607524504,6.167444193175327,6.285594463348389,36545000
2008-09-01,6.167443752288818,6.167443752288818,6.072923633048746,6.14381360980193,35568000
2008-09-02,6.0729241371154785,6.143814119752695,5.9784035593225,6.143814119752695,30517000
2008-09-03,6.0492939949035645,6.096553833110008,5.954773867783161,6.072924139360545,29820000
2008-09-04,5.907512664794922,5.954772946396261,5.765732270698354,5.954772946396261,34406000
2008-09-05,5.671212673187256,5.694842816133701,5.647582530240811,5.671212673187256,40169000
2008-09-08,6.0492939949035645,6.0492939949035645,5.812993451748796,5.9075135788692,32708000
2008-09-09,5.907512664794922,5.954772946396261,5.812992552299693,5.954772946396261,22481000
2008-09-10,5.789363384246826,5.789363384246826,5.671213111098932,5.671213111098932,43469000
2008-09-11,5.434912204742432,5.7893630007038945,5.434912204742432,5.7893630007038945,43203000
2008-09-12,5.316762447357178,5.505802709646862,5.19861217074924,5.434912723965115,54493000
2008-09-15,5.009570598602295,5.340391196463031,4.962310320033295,5.340391196463031,46452000
2008-09-16,4.773270606994629,4.820530439804918,4.669298253680047,4.726010323476873,85479000
2008-09-17,4.820530891418457,4.9150510166016605,4.71183286013465,4.9150510166016605,65244000
2008-09-18,4.5275187492370605,4.584230830249778,4.484984575800634,4.584230830249778,84275000
2008-09-19,4.844160556793213,4.844160556793213,4.796900273517123,4.844160556793213,84230000
2008-09-22,5.033201217651367,5.033201217651367,4.7969006825370775,4.915050950094222,74279000
2008-09-23,5.033201217651367,5.033201217651367,4.938681093747152,5.033201217651367,48274000
2008-09-24,5.245872497558594,5.269502192475785,4.915051360227435,4.938681505852166,84586000
2008-09-25,5.222241401672363,5.364021798914241,5.151350977697696,5.245871542997253,45365000
2008-09-26,5.198611259460449,5.316761515357277,5.033200720921906,5.222241400781306,58375000
2008-09-29,5.198611259460449,5.198611259460449,5.198611259460449,5.198611259460449,0
2008-09-30,4.844160556793213,4.844160556793213,4.844160556793213,4.844160556793213,27053000
2008-10-01,4.844160556793213,4.962310814275974,4.726010299310452,4.844160556793213,38907000
2008-10-02,4.773270606994629,4.8914208650815505,4.508613830568638,4.726010323476873,27113000
2008-10-03,4.726011276245117,5.104092268486238,4.721285156799058,5.104092268486238,24525000
2008-10-06,4.726011276245117,5.0568319754407645,4.645669048492346,5.0568319754407645,50541000
2008-10-07,5.033201217651367,5.056831361304297,4.395190043267287,5.056831361304297,51915000
2008-10-08,4.683476448059082,4.915050860059255,4.683476448059082,4.683476448059082,35034000
2008-10-09,4.726011276245117,5.009572133102847,4.357382522896114,5.009572133102847,40039000
2008-10-13,4.607860565185547,4.607860565185547,4.560600276541663,4.560600276541663,37336000
2008-10-14,4.915050506591797,4.915050506591797,4.915050506591797,4.915050506591797,16058000
2008-10-15,4.962311744689941,5.2458725960981,4.867791611123072,5.2458725960981,51761000
2008-10-16,4.796900749206543,5.293131969984894,4.796900749206543,5.293131969984894,12664000
2008-10-17,4.631490707397461,5.127721935102102,4.631490707397461,5.127721935102102,55426000
2008-10-20,4.536970138549805,4.5605998298498,4.470805831070391,4.470805831070391,49843000
2008-10-21,4.39518928527832,4.844160134425007,4.39518928527832,4.844160134425007,44845000
2008-10-22,4.243957996368408,4.702381225720959,4.243957996368408,4.702381225720959,37716000
2008-10-23,4.097452640533447,4.536971922264331,4.097452640533447,4.097452640533447,24110000
2008-10-24,3.9556703567504883,4.3810115315658535,3.9556703567504883,4.3810115315658535,25197000
2008-10-27,3.6815619468688965,4.229779060799445,3.6815619468688965,4.229779060799445,44990000
2008-10-28,3.5350565910339355,3.936767521192699,3.426358318134149,3.936767521192699,65318000
2008-10-29,3.780808687210083,3.780808687210083,3.780808687210083,3.780808687210083,32842000
2008-10-30,4.045464515686035,4.045464515686035,3.5161512561625763,3.5161512561625763,95364000
2008-10-31,4.3242998123168945,4.3242998123168945,3.7666306047810916,3.7666306047810916,126226000
2008-11-03,4.470805644989014,4.626763944756629,4.329025249552786,4.626763944756629,85222000
2008-11-04,4.253408908843994,4.773270177985675,4.215600865710864,4.773270177985675,47094000
2008-11-05,4.206150054931641,4.5511491288171895,4.177794238326437,4.5511491288171895,43722000
2008-11-06,3.9131367206573486,4.499162388086445,3.9131367206573486,4.499162388086445,32728000
2008-11-07,3.780808687210083,3.9084111967430317,3.643754390327018,3.643754390327018,68421000
2008-11-10,3.9462199211120605,3.9462199211120605,3.5161527062960998,3.5161527062960998,31737000
2008-11-11,3.9462199211120605,4.078548121552513,3.672111055206388,3.672111055206388,33353000
2008-11-12,3.828068494796753,4.03601274813807,3.6721099667601695,3.6721099667601695,31029000
2008-11-13,3.691014289855957,4.092725149953408,3.5681381301649275,4.092725149953408,33077000
2008-11-14,3.9462199211120605,3.9462199211120605,3.435810471923213,3.435810471923213,24091000
2008-11-17,3.8233425617218018,3.898958657511865,3.672110144787934,3.672110144787934,25601000
2008-11-18,3.615398406982422,3.7808087444827914,3.5586863299000826,3.5586863299000826,40253000000
2008-11-19,3.596494197845459,3.639028140810845,3.364919556873632,3.364919556873632,24132000000
2008-11-20,3.3460159301757812,3.383823984133102,3.3460159301757812,3.3460159301757812,37680000
2008-11-21,3.4405367374420166,3.525604869898649,3.114441891660882,3.114441891660882,31907000000
2008-11-24,3.3082077503204346,3.4074540008583494,3.2042356058945938,3.2042356058945938,25626000
2008-11-25,3.5397815704345703,3.5397815704345703,3.076632782096945,3.076632782096945,43297000
2008-11-26,3.5114259719848633,3.7855347899233505,3.5114259719848633,3.7855347899233505,36842000
2008-11-27,3.7288224697113037,3.7571785075571444,3.6153983183279403,3.7571785075571444,31635000000
2008-11-28,3.828068494796753,3.828068494796753,3.662657955244655,3.728822035853256,43812000
2008-12-01,3.780808687210083,4.092725331791712,3.591768207778827,4.092725331791712,47658000
2008-12-02,3.5161523818969727,4.045465810885878,3.5161523818969727,4.045465810885878,26359000
2008-12-03,3.3271114826202393,3.7619044988752277,3.3034813392070883,3.7619044988752277,49787000
2008-12-04,3.2609472274780273,3.5586859373479367,3.2609472274780273,3.5586859373479367,35486000000
2008-12-05,3.2136871814727783,3.487795750265025,3.2136871814727783,3.487795750265025,29350000
2008-12-08,3.4027280807495117,3.4358102413160916,3.2136878070941473,3.2136878070941473,57836000
2008-12-09,3.350741147994995,3.4358092465092263,3.1664265965169194,3.1664265965169194,48232000000
2008-12-10,3.4972479343414307,3.516151958957837,3.308207462823617,3.350741630887406,85788000000
2008-12-11,3.4594407081604004,3.738275250268105,3.256222057154704,3.738275250268105,79272000000
2008-12-12,3.3318376541137695,3.7004663647806852,3.260947448107439,3.7004663647806852,64932000000
2008-12-15,3.4972479343414307,3.5634120204988533,3.4074537047366253,3.5634120204988533,38529000
2008-12-16,3.4547135829925537,3.7382741625484823,3.421631428992096,3.7382741625484823,26429000
2008-12-17,3.695740222930908,3.695740222930908,3.308207288059455,3.454713583773925,118803000
2008-12-18,3.6484808921813965,3.7240972317709327,3.4405365780331114,3.4405365780331114,44046000
2008-12-19,3.601219654083252,3.9036844637431316,3.601219654083252,3.9036844637431316,44783000000
2008-12-22,3.4499881267547607,3.851698792100278,3.4263579815679583,3.851698792100278,47599000
2008-12-23,3.3082077503204346,3.449988172618532,3.20896149978252,3.20896149978252,29184000
2008-12-24,3.3601927757263184,3.5397809632195902,3.275124461560025,3.5397809632195902,35510000000
2008-12-25,3.3365635871887207,3.3838236499682695,3.1286190856049507,3.3601937312553725,10054000000
2008-12-26,3.3554680347442627,3.388550195531773,3.331838113056427,3.3365640072524805,13476000000
2008-12-29,3.3412892818450928,3.355467186201678,3.1238927953118205,3.1238927953118205,12486000000
2008-12-30,3.530329704284668,3.5350558229008353,3.1097148376565555,3.1097148376565555,34314000000
2008-12-31,3.5114259719848633,3.776082551906456,3.497248065667037,3.776082551906456,24139000000
2009-01-02,3.5114259719848633,3.5114259719848633,3.5114259719848633,3.5114259719848633,0
2009-01-05,3.7240967750549316,3.7571787082990658,3.5114261418177324,3.5114261418177324,60332000000
2009-01-06,3.7240967750549316,3.7571787082990658,3.695740735694059,3.7240967750549316,35236000
2009-01-07,3.809164524078369,3.8280685473690137,3.7240961939167345,3.7240961939167345,70679000
2009-01-08,3.809164524078369,3.809164524078369,3.5445077473018767,3.5445077473018767,51361000
2009-01-09,3.7430009841918945,3.7524529977740446,3.544508473612964,3.544508473612964,47976000
2009-01-12,3.709918260574341,3.950944682992813,3.6248501512537765,3.950944682992813,42488000
2009-01-13,3.714643955230713,3.965122586552989,3.629575630268492,3.965122586552989,19856000
2009-01-14,3.695740222930908,3.733548270166418,3.454713583773925,3.454713583773925,17540000
2009-01-15,3.4736175537109375,3.9509444807133223,3.4452615187225146,3.9509444807133223,44874000
2009-01-16,3.4972479343414307,3.714644442783854,3.431083848184008,3.714644442783854,23089000
2009-01-19,3.464165687561035,3.5208777599200816,3.232591279418057,3.232591279418057,11549000000
2009-01-20,3.3554680347442627,3.7051929940497956,3.3554680347442627,3.7051929940497956,31735000
2009-01-21,3.4499881267547607,3.5870424279891777,3.2893036803335414,3.5870424279891777,33678000
2009-02-02,3.3838233947753906,3.6910141177061355,3.355467359246147,3.6910141177061355,39823000
2009-02-03,3.577589750289917,3.620123688228332,3.3696452774837273,3.620123688228332,54850000
2009-02-04,3.662658452987671,3.672110465787682,3.331837779633515,3.331837779633515,86964000
2009-02-05,3.6484808921813965,3.9178636371769144,3.591768806504591,3.9178636371769144,36300000
2009-02-06,3.7430009841918945,3.75717889188823,3.3932760309447834,3.3932760309447834,42507000
2009-02-09,3.780808687210083,3.8138906189967656,3.483069949007387,3.483069949007387,38422000
2009-02-10,3.785534381866455,3.785534381866455,3.7099180633585673,3.7808082633674536,45407000
2009-02-11,3.870603084564209,4.050191569356406,3.591768569075041,4.050191569356406,80866000
2009-02-12,3.870603084564209,3.870603084564209,3.6012205827296944,3.6012205827296944,73122000
2009-02-13,4.116356372833252,4.139986522416824,3.601221004883364,3.601221004883364,128293000
2009-02-16,4.087998867034912,4.1872451047090795,4.036012914237007,4.116355128102165,67415000
2009-02-17,3.875328779220581,4.371560005073082,3.8706026602344825,4.371560005073082,31866000
2009-02-18,3.809164524078369,3.870602261742364,3.6059459356733385,3.6059459356733385,38488000
2009-02-19,3.780808687210083,4.073821306383962,3.6815624411425176,4.073821306383962,56364000
2009-02-20,3.596494197845459,4.045465348564817,3.596494197845459,4.045465348564817,65583000
2009-02-23,3.686289072036743,3.846973535668466,3.568138784155486,3.596494826204533,28326000
2009-02-24,3.572864294052124,3.6390283850474137,3.431084099062218,3.431084099062218,34286000
2009-02-25,3.6815619468688965,3.8186162253515334,3.624849878259611,3.8186162253515334,59663000
2009-02-26,3.757179021835327,3.9367675114612672,3.7146450719214474,3.9367675114612672,24627000
2009-02-27,3.705192804336548,3.77608279112413,3.4972482872203363,3.4972482872203363,22784000
2009-03-02,3.686289072036743,3.9603977038646536,3.6626589243189756,3.9603977038646536,32353000
2009-03-03,3.709918260574341,3.7430004157647665,3.431083789568951,3.431083789568951,17481000
2009-03-04,3.8847808837890625,3.9651231009637233,3.454713761034185,3.454713761034185,90963000
2009-03-05,4.0265607833862305,4.154162820509277,3.950944243908475,4.154162820509277,98746000
2009-03-06,4.007656574249268,4.021834929857428,3.7477261393171846,3.7477261393171846,131475000
2009-03-09,4.262862205505371,4.286491900311656,3.932041069726921,4.286491900311656,99913000
2009-03-10,4.3242998123168945,4.560600358360605,4.149437462329451,4.560600358360605,142818000
2009-03-11,4.499162673950195,4.626764736174176,4.3810123993280685,4.626764736174176,102228000
2009-03-12,4.67402458190918,4.796900513295673,4.499162246178895,4.796900513295673,147349000
2009-03-13,4.820530891418457,4.985941448519694,4.347929814794932,4.985941448519694,101557000
2009-03-16,4.72128438949585,5.15135127362647,4.697654246813483,5.15135127362647,68811000
2009-03-17,4.67402458190918,5.033201040072947,4.57950401063228,5.033201040072947,76339000
2009-03-18,4.711832046508789,4.773270229945776,4.34792906400681,4.34792906400681,58007000
2009-03-19,4.588956356048584,4.796900626195464,4.385737754010782,4.385737754010782,61623000
2009-03-20,4.357381820678711,4.891421062915789,4.3479295833098766,4.891421062915789,81715000
2009-03-23,4.659846305847168,4.659846305847168,4.054917073103036,4.357381914828849,65023000
2009-03-24,4.9859418869018555,4.9859418869018555,4.659846862963956,4.659846862963956,56632000
2009-03-25,5.316762447357178,5.316762447357178,4.6409427209333645,4.6409427209333645,188341000
2009-03-26,5.671212673187256,5.671212673187256,4.962311089038849,4.962311089038849,150885000
2009-03-27,5.529433727264404,5.907514762185818,5.293133136776972,5.671214171698386,128733000
2009-03-30,5.26950216293335,5.5294328619330635,5.174982031671873,5.5294328619330635,97150000
2009-03-31,5.245872497558594,5.340392629349979,5.1749820606844,5.269502192475785,90312000
2009-04-02,5.340392589569092,5.576693142641108,5.009571905409775,5.009571905409775,111462000
2009-04-03,5.3876519203186035,5.482172493175855,4.985941288505261,4.985941288505261,80932000
2009-04-06,5.104091644287109,5.742102818130809,5.104091644287109,5.742102818130809,73466000
2009-04-07,5.245872497558594,5.4585429067660955,5.104092074517745,5.4585429067660955,94344000
2009-04-08,5.009570598602295,5.198610811463452,4.891420352887216,4.891420352887216,114322000
2009-04-09,5.340392589569092,5.340392589569092,4.72601106144034,4.72601106144034,190659000
2009-04-10,5.340392589569092,5.4585428661051,4.985941759961066,4.985941759961066,149266000
2009-04-13,5.316762447357178,5.434912723965115,4.985941762996461,4.985941762996461,100072000
2009-04-14,5.529433727264404,5.671214171698386,5.2458732891040505,5.671214171698386,203835000
2009-04-15,5.55306339263916,5.718473971851865,5.151352243526917,5.151352243526917,173155000
2009-04-16,5.647582054138184,5.931142844175792,5.17498103788047,5.931142844175792,134827000
2009-04-17,5.86025333404541,6.025663895781237,5.269501971713916,5.269501971713916,320158000
2009-04-20,5.812991619110107,5.9547719904459395,5.458540916124216,5.458540916124216,131720000
2009-04-21,5.883882999420166,5.883882999420166,5.411281948049751,5.812993021997598,93396000
2009-04-22,6.191074371337891,6.285594497853714,5.860253252471236,6.285594497853714,226927000
2009-04-23,5.931144714355469,6.191075445398794,5.765734126225827,5.765734126225827,132099000
2009-04-24,5.789363384246826,6.072924220084782,5.529432693179953,5.529432693179953,108056000
2009-04-27,5.482172966003418,5.883883632463583,5.411282530246306,5.789363502161634,105967000
2009-04-28,5.2931318283081055,5.5530625037306125,5.10409158293219,5.10409158293219,95934000
2009-04-29,5.482172966003418,5.529432805800625,4.93868142802903,4.93868142802903,109940000
2009-04-30,5.86025333404541,5.86025333404541,5.198611988517146,5.198611988517146,55929000
2009-05-04,6.261964321136475,6.261964321136475,5.458542573849146,5.458542573849146,70709000
2009-05-05,6.616415500640869,6.687305486436149,5.836623854062639,5.836623854062639,449762000
2009-05-06,7.0653862953186035,7.0653862953186035,6.427375086119632,6.427375086119632,300787000
2009-05-07,6.758194446563721,6.994494948536525,6.592783914899781,6.592783914899781,241996000
2009-05-08,6.616415500640869,7.230797030127601,6.380114947046552,7.230797030127601,146585000
2009-05-11,6.616415500640869,7.065386462328563,6.167444538953175,7.065386462328563,165440000
2009-05-12,6.380115032196045,6.474635164753737,6.167444621264352,6.167444621264352,109732000
2009-05-13,6.498264312744141,6.545524597119815,5.954773295961257,5.954773295961257,126350000
2009-05-14,6.191074371337891,6.356484480063703,6.049293956210398,6.049293956210398,111402000
2009-05-15,6.380115032196045,6.545525602202663,5.765733494509732,5.765733494509732,154941000
2009-05-18,6.3328537940979,6.4510040548139616,6.214703533381839,6.380114078667315,88242000
2009-05-19,6.427374362945557,6.569154315232426,6.332853793811008,6.332853793811008,195679000
2009-05-20,6.3564839363098145,6.427374363163125,6.191073841733709,6.427374363163125,94523000
2009-05-21,6.403744220733643,6.545524623729576,6.356483936165839,6.356483936165839,157237000
2009-05-22,6.285594463348389,6.40374473352145,6.238334174996159,6.40374473352145,118305000
2009-05-25,6.120185375213623,6.710936868008522,6.096555225360303,6.710936868008522,130544000
2009-05-26,6.096553802490234,6.285594506489107,6.049293964521152,6.120183946828533,113364000
2009-05-27,6.143813610076904,6.3328538485655095,6.096553325101013,6.096553325101013,152536000
2009-06-01,6.2383341789245605,6.569154845475955,6.143814052868092,6.143814052868092,114219000
2009-06-02,6.3564839363098145,6.521894481593397,6.238333675595106,6.238333675595106,219240000
2009-06-03,6.3328537940979,6.781825145384915,6.261963817951254,6.781825145384915,70646000
2009-06-04,6.143813610076904,6.758195061226091,6.096553325101013,6.758195061226091,113165000
2009-06-05,6.191074371337891,6.569154877401185,6.120183938420387,6.569154877401185,62308000
2009-06-08,6.167443752288818,6.5455246799565865,6.096553324828154,6.096553324828154,125461000
2009-06-09,5.86025333404541,6.592785113477967,5.812993495483403,6.592785113477967,114473000
2009-06-10,6.025663375854492,6.261963900397805,5.86025282839118,5.86025282839118,118582000
2009-06-11,5.789363384246826,5.907513657394721,5.623952821556764,5.860253367852553,155280000
2009-06-12,5.576692581176758,5.789362967388299,5.576692581176758,5.7184729888869485,139867000
2009-06-15,5.198611259460449,5.4349117712541055,5.198611259460449,5.387651488612391,154187000
2009-06-16,5.104091644287109,5.245872055377099,5.056831357021279,5.151351480845438,122927000
2009-06-17,5.056830883026123,5.245871563662472,5.033200741608146,5.104091165862076,75784000
2009-06-18,4.867791175842285,5.151351551186758,4.867791175842285,5.056831426071933,91677000
2009-06-19,4.915050506591797,4.962310789633193,4.844160532737164,4.938680648112495,63140000
2009-06-22,5.056830883026123,5.056830883026123,4.773270538132789,4.938680626643702,160936000
2009-06-23,4.891422271728516,4.962312266683817,4.844161974619917,4.915051969575219,81311000
2009-06-24,5.009570598602295,5.151350532894454,4.844160074318217,4.915050041464297,122771000
2009-06-25,5.127721786499023,5.174981623044255,5.009571519074691,5.056831355619923,110657000
2009-06-26,5.151352405548096,5.269502694213947,5.151352405548096,5.19861270129747,97884000
2009-06-29,5.104091644287109,5.269501748302512,5.104091644287109,5.222241911744184,79992000
2009-06-30,5.198611259460449,5.245871542102163,5.127721286205335,5.222241400781306,53863000
2009-07-01,5.316762447357178,5.3403925928202725,5.222242316212335,5.24587246167543,67869000
2009-07-02,5.340392589569092,5.3876524297589725,5.316762444120383,5.316762444120383,71439000
2009-07-03,5.245872497558594,5.269502192475785,5.1986122063091305,5.245872497558594,44574000
2009-07-06,5.174981594085693,5.269501717354736,5.127721757804922,5.2458720245681,50875000
2009-07-07,5.26950216293335,5.26950216293335,5.10409204590265,5.1513518861796195,60803000
2009-07-08,5.505802154541016,5.505802154541016,5.222241789695604,5.245871932776262,112205000
2009-07-09,5.482172966003418,5.623952936102574,5.482172966003418,5.529432805800625,107288000
2009-07-10,5.600322723388672,5.7421026803696575,5.553062437256682,5.623952415747175,102020000
2009-07-13,5.434912204742432,5.694842878589003,5.3640222258331365,5.671212735383406,90534000
2009-07-14,5.600322723388672,5.64758255881317,5.505802151124692,5.529432294190688,60641000
2009-07-15,5.789363384246826,5.860253367852553,5.671213111098932,5.6948432558700155,123061000
2009-07-16,5.883882999420166,5.954773427550219,5.836623164707615,5.907513142130184,101825000
2009-07-17,5.836623668670654,5.978403635757777,5.836623668670654,5.954773941714938,48356000
2009-07-20,5.907512664794922,6.072923199692159,5.8602523831935835,5.9311428055955915,96591000
2009-07-21,6.0492939949035645,6.120183977566988,5.978403561532623,6.096553833110008,68342000
2009-07-22,5.9784040451049805,6.096554326239131,5.931144203075853,6.049294484210003,54115000
2009-07-23,6.002033710479736,6.072924143903711,5.93114372776328,6.002033710479736,48036000
2009-07-24,6.120185375213623,6.1674456749202635,6.072925526214604,6.096555225360303,83639000
2009-07-27,6.498264312744141,6.545524597119815,6.120183389861168,6.167443674236843,172114000
2009-07-28,6.616415500640869,6.7109356319370885,6.54552551484559,6.59278535513993,156594000
2009-07-29,6.545523166656494,6.710933224407573,6.521893029632804,6.710933224407573,137615000
2009-07-30,6.616415500640869,6.663675791642747,6.332854656044674,6.54552551484559,106912000
2009-07-31,6.876345634460449,6.923605470869756,6.68730493670072,6.758195367375931,239006000
2009-08-03,6.947235107421875,6.970865249255761,6.781825015999608,6.8763451326276845,98915000
2009-08-04,6.474634647369385,7.01812615488422,6.474634647369385,6.994496010956182,147526000
2009-08-05,6.309224605560303,6.569154839294107,6.309224605560303,6.521895001664102,98756000
2009-08-06,6.545523166656494,6.569152852972808,6.332852384150659,6.356482521174349,59187000
2009-08-07,6.545523166656494,6.545523166656494,6.545523166656494,6.545523166656494,0
2009-08-10,6.521894454956055,6.592784430812354,6.403744194723907,6.545524597143979,33795000
2009-08-11,6.569154739379883,6.592784883189236,6.427374777938775,6.545525046278035,41274000
2009-08-12,6.4510040283203125,6.569154288551142,6.4510040283203125,6.498264312695634,48285000
2009-08-13,6.569154739379883,6.616415026998589,6.474634614849975,6.474634614849975,54503000
2009-08-14,6.569154739379883,6.758195439147203,6.569154739379883,6.7109351515284965,48236000
2009-08-17,6.474634647369385,6.616415060230103,6.474634647369385,6.569154772374027,44400000
2009-08-18,6.167443752288818,6.427374418229626,6.120183467315042,6.427374418229626,62731000
2009-08-19,6.285594463348389,6.332854300993106,6.238334174996159,6.261964319172274,29326000
2009-08-20,6.143813610076904,6.285594014297098,6.120183467588959,6.285594014297098,52471000
2009-08-21,6.002033710479736,6.261964398285939,5.954773872237938,6.191074415569483,65285000
2009-08-24,6.403744220733643,6.403744220733643,6.143813557025676,6.143813557025676,60317000
2009-08-25,6.4510040283203125,6.498264312695634,6.380114052464804,6.403744194652465,59548000
2009-08-26,6.474634647369385,6.498264791297422,6.332854234508667,6.498264791297422,54546000
2009-08-27,6.3564839363098145,6.4510040547400855,6.332853794025377,6.380114078594251,25435000
2009-08-28,6.380115032196045,6.427375323828662,6.261964753822044,6.285594899638353,49798000
2009-08-31,6.380115032196045,6.474635164753737,6.309225045454662,6.427375323828662,46731000
2009-09-01,6.616415500640869,6.616415500640869,6.380114947046552,6.403745092547492,59418000
2009-09-02,6.758194446563721,6.852714557211355,6.521893944590915,6.592783914899781,100428000
2009-09-03,6.852716445922852,6.947236582621654,6.687305868669275,6.78182645607564,133170000
2009-09-04,7.2071661949157715,7.2071661949157715,6.9708656639349265,6.9708656639349265,182139000
2009-09-07,7.561617374420166,7.608877663293299,7.230796704430787,7.230796704430787,173998000
2009-09-08,7.632506370544434,7.679766653309321,7.467096282282247,7.656136962634337,159574000
2009-09-09,7.561617374420166,7.774288223641747,7.5379872299835995,7.656137952166432,106867000
2009-09-10,7.3489460945129395,7.797916982130474,7.278055669705457,7.750656698925486,122714000
2009-09-11,7.58524751663208,7.58524751663208,7.301687118750135,7.301687118750135,89779000
2009-09-14,7.325316905975342,7.5616174513293855,7.325316905975342,7.5616174513293855,48002000
2009-09-15,7.3489460945129395,7.443466210215452,7.3253159529104455,7.3253159529104455,40400000
2009-09-16,7.514358043670654,7.561618338569745,7.396207757130502,7.467098199479138,59578000
2009-09-17,7.49072790145874,7.561617888884008,7.443467609370195,7.514357596795464,79932000
2009-09-18,7.419836521148682,7.443466664192378,7.348946542725084,7.419836521148682,47345000
2009-09-21,7.230796813964844,7.419837070905973,7.207166669170321,7.372577232024453,51262000
2009-09-22,7.419836521148682,7.443466664192378,7.230796278214094,7.230796278214094,98172000
2009-09-23,7.278055667877197,7.561616465620969,7.230795835391545,7.467096349942199,79825000
2009-09-24,7.159905910491943,7.396206441540621,7.136276217953071,7.301686319262649,57145000
2009-09-25,7.183536052703857,7.230796339189785,7.11264607368246,7.11264607368246,54922000
2009-09-28,7.159905910491943,7.2071661969846765,7.112646074706705,7.18353605373831,30074000
2009-09-29,7.419836521148682,7.514356642615976,7.348946542725084,7.348946542725084,128846000
2009-09-30,7.443467140197754,7.514357123154725,7.419836995642924,7.490727429307414,52090000
2009-10-01,7.561617374420166,7.656137952166432,7.490727391817984,7.514357085547033,111905000
2009-10-02,7.467096328735352,7.467096328735352,7.372576213325023,7.4198360456764565,53980000
2009-10-05,7.467096328735352,7.467096328735352,7.3489460717955755,7.467096328735352,44949000
2009-10-06,7.561617374420166,7.608877663293299,7.490727391817984,7.5379872299835995,39871000
2009-10-07,7.514358043670654,7.679768625109897,7.514358043670654,7.679768625109897,34215000
2009-10-08,7.278055667877197,7.514356182427853,7.278055667877197,7.467096349942199,83232000
2009-10-09,7.325316905975342,7.419837033975455,7.301686761298433,7.37257719532916,62733000
2009-10-12,7.278055667877197,7.396205925152525,7.254425976988102,7.348946092666872,55830000
2009-10-13,7.278055667877197,7.278055667877197,7.136275719712775,7.183535552198428,56036000
2009-10-14,7.632506370544434,7.750656626749193,7.278055601930157,7.278055601930157,141219000
2009-10-15,7.750657558441162,7.9160681172945,7.6561378829642734,7.727027864925697,170543000
2009-10-16,7.774287700653076,7.868807370625818,7.727027414959217,7.750657107098659,48078000
2009-10-19,7.821547031402588,7.845177624795281,7.679767076706305,7.774287647447139,58636000
2009-10-20,8.0814790725708,8.10510876724538,7.868808214839305,7.868808214839305,112000000
2009-10-21,7.939696788787842,8.081477635875249,7.797916843115345,8.081477635875249,86668000
2009-10-22,7.797917366027832,7.939697321207804,7.65613741084786,7.939697321207804,78362000
2009-10-23,7.797917366027832,7.8924379370911275,7.7033967949645366,7.797917366027832,33422000
2009-10-26,7.797917366027832,7.939697321207804,7.774287673969494,7.82154705808617,30113000
2009-10-27,7.703397750854492,7.797918333646543,7.656138360873549,7.797918333646543,28567000
2009-10-28,7.467096328735352,7.727026984144351,7.467096328735352,7.703396391907442,54119000
2009-10-29,7.419836521148682,7.443466664192378,7.25442642125779,7.348946542725084,81850000
2009-10-30,7.656136989593506,7.774287246214302,7.396205884178803,7.5379862822652495,83654000
2009-11-02,7.53798770904541,7.632507842091197,7.419837430061289,7.443467575999622,44599000
2009-11-03,7.396205902099609,7.537986300529586,7.396205902099609,7.537986300529586,29470000
2009-11-04,7.49072790145874,7.514357596795464,7.396207317281651,7.396207317281651,42490000
2009-11-05,7.325316905975342,7.490727468006181,7.325316905975342,7.490727468006181,36768000
2009-11-06,7.49072790145874,7.585247584220732,7.348947475900655,7.348947475900655,76374000
2009-11-09,7.419836521148682,7.561616928703368,7.396206378104986,7.561616928703368,41153000
2009-11-10,7.372578144073486,7.514358128964931,7.372578144073486,7.443468136519209,52209000
2009-11-11,7.727027416229248,7.7506571083725735,7.396206317732837,7.443466603434463,93774000
2009-11-12,7.774287700653076,7.868807370625818,7.703396821404801,7.774287700653076,57647000
2009-11-13,7.868808269500732,7.963328851685787,7.774288588730755,7.79791828356948,89464000
2009-11-16,7.963329315185547,7.963329315185547,7.845179031284916,7.86880872749899,36484000
2009-11-17,8.010589599609375,8.08147958958337,7.963329305821668,8.034219295795664,61679000
2009-11-18,7.892439842224121,8.03421983162795,7.86880924304669,8.03421983162795,39524000
2009-11-19,7.84517765045166,7.986957605611612,7.84517765045166,7.892437935976634,31891000
2009-11-20,7.53798770904541,7.821548108182773,7.514357563107077,7.797918412951986,122578000
2009-11-23,7.419836521148682,7.5379867856596725,7.419836521148682,7.5379867856596725,55778000
2009-11-24,7.467096328735352,7.56161644414568,7.443466187205904,7.514356161086785,53943000
2009-11-25,7.58524751663208,7.656138404840768,7.467097688878595,7.467097688878595,48016000
2009-11-26,7.561617374420166,7.70339733962453,7.561617374420166,7.70339733962453,33320000
2009-11-27,7.372578144073486,7.514358128964931,7.348947996355719,7.490728431954744,74444000
2009-11-30,7.467096328735352,7.537986302616233,7.467096328735352,7.514356161086785,28793000
2009-12-01,7.514358043670654,7.585248035311715,7.443468052029592,7.467098199479138,43086000
2009-12-02,7.58524751663208,7.67976809996694,7.537987675672195,7.608878113173339,40829000
2009-12-03,7.53798770904541,7.6797681339678645,7.53798770904541,7.656138438737077,35008000
2009-12-04,7.467096328735352,7.585246134967666,7.467096328735352,7.56161644414568,30465000
2009-12-07,7.727027416229248,7.7506571083725735,7.467096746285277,7.49072688913609,61805000
2009-12-08,7.727027416229248,7.727027416229248,7.608877152682669,7.727027416229248,29172000
2009-12-09,7.608877658843994,7.679767641404723,7.537987225575748,7.608877658843994,46041000
2009-12-10,7.514358043670654,7.632508330210806,7.467098199479138,7.608878633468835,56101000
2009-12-11,7.561617374420166,7.561617374420166,7.4670972473814174,7.561617374420166,32334000
2009-12-14,7.53798770904541,7.561617854983743,7.4670977219379555,7.561617854983743,31876000
2009-12-15,7.53798770904541,7.561617854983743,7.4670977219379555,7.53798770904541,28257000
2009-12-16,7.514358043670654,7.537988191120199,7.4198379045800475,7.537988191120199,27208000
2009-12-17,7.396205902099609,7.561616442052492,7.396205902099609,7.537986300529586,56400000
2009-12-18,7.372578144073486,7.419837988801441,7.301687700920184,7.372578144073486,64471000
2009-12-21,7.561617374420166,7.679767645895481,7.490727391817984,7.514357085547033,100037000
2009-12-22,7.750657558441162,7.774288153371654,7.585246999587824,7.608877594518316,79118000
2009-12-23,7.868808269500732,7.939698255431986,7.821547978408205,7.892438865754535,69211000
2009-12-24,7.84517765045166,7.9160676280316356,7.821547056981688,7.892437935976634,37116000
2009-12-25,7.797917366027832,7.8924379370911275,7.774287673969494,7.8924379370911275,26266000
2009-12-28,7.963329315185547,7.9869590113996205,7.86880872749899,7.86880872749899,47061000
2009-12-29,7.98695707321167,8.010587665106458,7.892437409877248,7.963327382731792,37223000
2009-12-30,8.05784797668457,8.081478571308509,8.010588590266726,8.03421828347565,73442000
2009-12-31,8.128737449645996,8.128737449645996,8.03421689036982,8.105106859119523,36657000
2010-01-04,8.034217834472656,8.128738404855968,7.939697264089345,8.128738404855968,30047000
2010-01-05,8.128737449645996,8.1996274183957,8.057846579481435,8.128737449645996,64811000
2010-01-06,8.695859909057617,8.695859909057617,8.105108544292628,8.128739139732255,140587000
2010-01-07,8.695859909057617,9.026681033892029,8.695859909057617,8.790380487986035,137376000
2010-01-08,8.601340293884277,8.719490567693594,8.435929730268224,8.6958599720827,55124000
2010-01-11,8.79037857055664,8.979418785763427,8.554078076194445,8.648597733090414,107861000
2010-01-12,8.672229766845703,8.90853030053951,8.57770919280218,8.790380033692607,53705000
2010-01-13,8.435929298400879,8.50681927877433,8.412298703999724,8.50681927877433,55935000
2010-01-14,8.483189582824707,8.530448968780494,8.435929295453914,8.435929295453914,27502000
2010-01-15,8.506817817687988,8.577707785885751,8.435927849490225,8.506817817687988,30826000
2010-01-18,8.435929298400879,8.554079566161633,8.29414843623897,8.412298703999724,47352000
2010-01-19,8.294148445129395,8.554079575330677,8.294148445129395,8.459559000454755,45429000
2010-01-20,8.554079055786133,8.554079055786133,8.341408225939688,8.412298202083518,65249000
2010-01-21,8.506817817687988,8.60133837622824,8.483188128760352,8.554078096958115,54695000
2010-01-22,8.365038871765137,8.459558540082254,8.27051830203306,8.412298255216216,51236000
2010-01-25,8.223258018493652,8.317778588240976,8.15236804189064,8.17599773361999,44211000
2010-01-26,7.797917366027832,8.294148110572706,7.750657080496184,8.270518418514367,78406000
2010-01-27,7.750657558441162,7.845178135333078,7.727027864925697,7.845178135333078,48210000
2010-01-28,7.797917366027832,7.963327914681114,7.750657080496184,7.750657080496184,72428000
2010-01-29,7.58524751663208,7.656138404840768,7.32531726458385,7.656138404840768,107284000
2010-02-01,7.325316905975342,7.537987306652477,7.325316905975342,7.514357161975568,57493000
2010-02-02,7.372578144073486,7.514358128964931,7.301687700920184,7.514358128964931,48237000
2010-02-03,7.868808269500732,7.868808269500732,7.608878020614448,7.703397701384425,93317000
2010-02-04,7.797917366027832,8.105107869861087,7.797917366027832,7.939697321207804,129750000
2010-02-05,7.419836521148682,7.514356642615976,7.325316399681388,7.419836521148682,152460000
2010-02-08,7.561617374420166,7.632507357022348,7.514357085547033,7.608877663293299,44950000
2010-02-09,7.6797661781311035,7.727026457971806,7.561615929236779,7.561615929236779,57855000
2010-02-10,7.6797661781311035,7.797916427025428,7.656136488918183,7.727026457971806,80828000
2010-02-22,7.84517765045166,7.892437935976634,7.679767101821736,7.84517765045166,61113000
2010-02-23,7.703397750854492,7.703397750854492,7.561617778081497,7.561617778081497,67885000
2010-02-24,7.53798770904541,7.632507842091197,7.4670977219379555,7.632507842091197,75795000
2010-02-25,7.325316905975342,7.537987306652477,7.254426922652138,7.537987306652477,122052000
2010-02-26,7.3016862869262695,7.325316430067987,7.183536021925173,7.278056143784552,69438000
2010-03-01,7.561617374420166,7.585247068149215,7.301686687032969,7.348946975906102,66218000
2010-03-02,7.443467140197754,7.608877701374046,7.419836995642924,7.585247106111695,55086000
2010-03-03,7.514358043670654,7.514358043670654,7.4198379045800475,7.490728346928684,39637000
2010-03-04,7.467096328735352,7.56161644414568,7.396205904147009,7.56161644414568,39114000
2010-03-05,7.608877658843994,7.632507352559226,7.514357081152999,7.561617369998497,60811000
2010-03-08,7.656136989593506,7.7033963711098865,7.585246114489092,7.679766680351697,49140000
2010-03-09,7.727027416229248,7.727027416229248,7.561616866981042,7.679767130527622,53450000
2010-03-10,7.84517765045166,7.84517765045166,7.750657079401712,7.797917364926686,60107000
2010-03-11,7.892439842224121,7.963329836926036,7.821548946107018,7.892439842224121,45855000
2010-03-12,7.916068077087402,7.916068077087402,7.797917807280128,7.892438383691957,26471000
2010-03-15,7.703397750854492,7.8924389164385955,7.67976805586402,7.8451786250425695,40518000
2010-03-16,7.797917366027832,7.797917366027832,7.6325068173745505,7.65613741084786,33025000
2010-03-17,7.939696788787842,7.939696788787842,7.797916843115345,7.8924374078402835,57174000
2010-03-18,7.916068077087402,7.986958058688763,7.845178095486042,7.939697770482849,46403000
2010-03-19,8.010589599609375,8.08147958958337,7.939698708220251,7.939698708220251,46844000
2010-03-22,7.916068077087402,7.916068077087402,7.821547500675574,7.916068077087402,38589000
2010-03-23,7.821547031402588,7.9869575794915635,7.821547031402588,7.9869575794915635,28338000
2010-03-24,7.916068077087402,7.986958058688763,7.916068077087402,7.963328365293317,31445000
2010-03-25,7.892439842224121,7.963329836926036,7.797919248344775,7.916069539986363,24657000
2010-03-26,8.034217834472656,8.034217834472656,7.797917309929343,7.845177595120998,34905000
2010-03-29,7.916068077087402,8.057848040290123,7.916068077087402,8.034218346894678,45394000
2010-03-30,7.939696788787842,7.963327380676532,7.916067098314063,7.963327380676532,23162000
2010-03-31,7.963329315185547,8.105109295300252,7.939698717556342,7.9869590113996205,48792000
2010-04-01,7.98695707321167,8.081477637961003,7.9396967908370035,7.963327382731792,53644000
2010-04-02,7.916068077087402,8.034218346894678,7.892438383691957,7.986958058688763,23168000
2010-04-06,8.05784797668457,8.10510826451743,7.963328302433866,7.963328302433866,44375000
2010-04-07,8.128737449645996,8.128737449645996,8.057846579481435,8.081477170007908,28942000
2010-04-08,8.05784797668457,8.152368552350291,8.05784797668457,8.128738859141368,34009000
2010-04-09,8.010589599609375,8.128739883371075,7.986959002007957,8.128739883371075,23792000
2010-04-12,8.010589599609375,8.034219295795664,7.939698708220251,8.034219295795664,16844000
2010-04-13,7.84517765045166,7.986957605611612,7.797917364926686,7.986957605611612,38188000
2010-04-14,7.868808269500732,7.91606856059326,7.727028297638228,7.892438865754535,29241000
2010-04-15,7.84517765045166,8.010588199081583,7.797917364926686,7.986957605611612,57127000
2010-04-16,7.892439842224121,7.892439842224121,7.797919248344775,7.845179545284449,27250000
2010-04-19,7.656136989593506,7.774287246214302,7.632506397420394,7.750656654041189,45603000
2010-04-20,7.727027416229248,7.7742877019308745,7.656137438384295,7.7506571083725735,21840000
2010-04-21,7.727027416229248,7.7979173940742,7.703396822670947,7.727027416229248,36248000
2010-04-22,7.6797661781311035,7.727026457971806,7.632505898290401,7.656136488918183,26566000
2010-04-23,7.656136989593506,7.774287246214302,7.656136989593506,7.774287246214302,24050000
2010-04-26,7.939696788787842,8.03421735351278,7.750656560752876,7.750656560752876,72790000
2010-04-27,7.868808269500732,7.963328851685787,7.8451785746620075,7.939698255431986,31874000
2010-04-28,7.750657558441162,7.774288153371654,7.6561378829642734,7.6561378829642734,47225000
2010-04-29,7.608877658843994,7.7270279302502205,7.585247063713728,7.7270279302502205,53383000
2010-04-30,7.561617374420166,7.750657628497663,7.5379872299835995,7.656137952166432,55822000
2010-05-03,7.467096328735352,7.56161644414568,7.4198360456764565,7.514356161086785,29053000
2010-05-04,7.396205902099609,7.537986300529586,7.348946069761259,7.537986300529586,39166000
2010-05-05,6.947235107421875,7.230795908013571,6.947235107421875,7.230795908013571,136375000
2010-05-06,6.970865726470947,7.136276279924444,6.947235583019377,6.947235583019377,76364000
2010-05-07,6.994495868682861,7.041755704870128,6.829085315258681,6.8999757456008295,58207000
2010-05-10,7.089016437530518,7.136276727397066,7.04175614766397,7.089016437530518,43846000
2010-05-11,7.136275768280029,7.278055717409362,7.089015484765275,7.278055717409362,87347000
2010-05-12,7.0417561531066895,7.230796862011466,7.018126458862679,7.230796862011466,39678000
2010-05-13,7.230796813964844,7.254426958759366,7.136276685494279,7.183536524375799,40029000
2010-05-14,7.183536052703857,7.230796339189785,7.183536052703857,7.183536052703857,23606000
2010-05-17,7.0417561531066895,7.1126465879613034,6.947236024008065,7.089016443009766,39815000
2010-05-18,6.947235107421875,7.089015507717723,6.947235107421875,7.04175522404995,34025000
2010-05-19,6.829085350036621,6.899975780739787,6.758195370040956,6.852715493604343,49597000
2010-05-20,6.616415500640869,6.876346199736125,6.616415500640869,6.852716054235186,78425000
2010-05-21,6.616415500640869,6.7109356319370885,6.380114947046552,6.427375238048431,46297000
2010-05-24,6.758194446563721,6.805454276533818,6.710934165886184,6.781824586902489,43867000
2010-05-25,6.521894454956055,6.6400447151882025,6.521894454956055,6.616414573000278,38856000
2010-05-26,6.616415500640869,6.687305486436149,6.59278535513993,6.640045646141808,33431000
2010-05-27,6.663675308227539,6.710935145093423,6.521894896214878,6.61641502065415,28054000
2010-05-28,6.781825065612793,6.8999753249390965,6.734564781599283,6.805454756912076,45207000
2010-05-31,7.136275768280029,7.136275768280029,6.805454685091677,6.8999752521211875,48655000
2010-06-01,6.994495868682861,7.089015991764893,6.947235581788096,7.089015991764893,32220000
2010-06-02,6.805456161499023,6.970866738978141,6.781826465322776,6.781826465322776,52278000
2010-06-03,7.0417561531066895,7.065386298058228,6.923605879056527,6.994496313911141,40730000
2010-06-04,6.923604965209961,7.0890155073306635,6.923604965209961,7.0890155073306635,36286000
2010-06-07,6.710936069488525,6.734566216530144,6.616415932029615,6.663676226112854,38642000
2010-06-08,6.616415500640869,6.687305486436149,6.59278535513993,6.640045646141808,66251000
2010-06-09,6.521894454956055,6.6400447151882025,6.49826431276813,6.569154288624429,83134000
2010-06-10,6.592784404754639,6.640044688943693,6.545524571273057,6.616414546849166,26357000
2010-06-11,6.758194446563721,6.852714557211355,6.710934165886184,6.852714557211355,27445000
2010-06-14,6.876345634460449,6.876345634460449,6.781825510934334,6.805455203785238,25557000
2010-06-15,6.947235107421875,6.994495391089647,6.829084848959913,6.8763451326276845,32385000
2010-06-17,7.089016437530518,7.230796856422634,7.065386292597244,7.112646582463792,106471000
2010-06-18,7.0653862953186035,7.112646585203354,6.970866166256629,7.112646585203354,37968000
2010-06-21,7.112646102905273,7.183536082217927,7.065385816225173,7.136276246245323,67576000
2010-06-22,7.0653862953186035,7.159906424380577,7.0653862953186035,7.136276730145729,29418000
2010-06-23,6.994495868682861,7.0653858483175105,6.994495868682861,7.0653858483175105,15351000
2010-06-24,6.8999762535095215,7.041756223215274,6.8763461083227195,7.018126528736003,34142000
2010-06-25,6.781825065612793,6.829084898918832,6.758194923606038,6.805454756912076,31587000
2010-06-28,6.805456161499023,6.876346602150458,6.781826465322776,6.852716455266647,21130000
2010-06-29,6.734564781188965,6.8999753245187,6.734564781188965,6.85271504050807,25321000
2010-06-30,6.781825065612793,6.829084898918832,6.592784380266225,6.61641452227298,49497000
2010-07-01,6.687305450439453,6.7345657411869375,6.640045610399505,6.7345657411869375,12852000
2010-07-02,6.663675308227539,6.710935145093423,6.592784876867456,6.592784876867456,39119000
2010-07-05,6.758194446563721,6.805454276533818,6.6400441955773175,6.687304025547415,26776000
2010-07-06,6.876345634460449,6.876345634460449,6.663675243849816,6.68730493670072,43772000
2010-07-07,6.947235107421875,6.947235107421875,6.89997527446157,6.923604965587988,64396000
2010-07-08,6.947237014770508,7.045085331428035,6.947237014770508,7.045085331428035,55255000
2010-07-09,7.020622253417969,7.045083977949662,6.947235680090428,7.020622253417969,33297000
2010-07-12,7.020622253417969,7.094008360168022,6.996160062308788,7.045083977949662,33869000
2010-07-13,7.045084476470947,7.06954666931111,6.971698364527977,7.06954666931111,22736000
2010-07-14,7.265243053436279,7.289704777368929,7.094008186442875,7.094008186442875,73406000
2010-07-15,7.216318607330322,7.265242987909313,7.167394226751331,7.265242987909313,27700000
2010-07-16,7.240781307220459,7.240781307220459,7.118470813742335,7.216319115209333,40391000
2010-07-19,7.191856384277344,7.240780764633453,7.094008090142595,7.094008090142595,20648000
2010-07-20,7.216318607330322,7.265242987909313,7.167394226751331,7.240780797619818,17549000
2010-07-21,7.240781307220459,7.265243499231585,7.191856923198207,7.216319115209333,21908000
2010-07-22,7.167394161224365,7.240780731421924,7.167394161224365,7.240780731421924,20485000
2010-07-23,7.167394161224365,7.289704644976163,7.14293243773598,7.265242921487777,42569000
2010-07-26,7.240781307220459,7.265243499231585,7.191856923198207,7.240781307220459,29922000
2010-07-27,7.216318607330322,7.314166901910832,7.216318607330322,7.289704711621337,38043000
2010-07-28,7.142933368682861,7.216319481867451,7.118471175428822,7.191857288613411,40089000
2010-07-29,7.069546222686768,7.142932796571002,7.0206223066747695,7.142932796571002,31154000
2010-07-30,6.947237014770508,6.99616140638806,6.922774818961732,6.99616140638806,42328000
2010-08-02,7.0940093994140625,7.142933788799665,7.04508501002846,7.04508501002846,41565000
2010-08-03,7.045084476470947,7.1184710549914385,7.045084476470947,7.0940088621512745,26870000
2010-08-04,6.996159076690674,7.0450829854391515,6.9227725137018234,7.020621264353624,51962000
2010-08-05,7.045084476470947,7.167394974094245,6.996160557368141,7.0940088621512745,90148000
2010-08-06,7.020622253417969,7.094008360168022,7.020622253417969,7.0695461690588415,30528000
2010-08-09,7.069546222686768,7.118470605276257,6.996160115380024,6.996160115380024,31647000
2010-08-10,7.020622253417969,7.142932742386383,7.020622253417969,7.118470551277203,33659000
2010-08-11,6.971697807312012,7.020622189082037,6.947235616426999,6.996159998197024,26650000
2010-08-12,6.898312091827393,6.947236009790081,6.873849899557293,6.898312091827393,46170000
2010-08-13,6.898312091827393,6.947236009790081,6.849387707287194,6.922773817519982,50860000
2010-08-16,6.849388122558594,6.922774237240707,6.849388122558594,6.922774237240707,39626000
2010-08-17,6.8004631996154785,6.898311966924192,6.8004631996154785,6.849387583269835,40976000
2010-08-18,6.775999546051025,6.89831000380229,6.775999546051025,6.8249234492051105,39936000
2010-08-19,6.824924468994141,6.84938665751504,6.751538370008884,6.776000558529782,39127000
2010-08-20,6.775999546051025,6.8493856340708374,6.775999546051025,6.800461264339384,20819000
2010-08-23,6.727076530456543,6.800462633248721,6.702614340666663,6.7515387202464225,37148000
2010-08-24,6.604766845703125,6.727077342845775,6.604766845703125,6.727077342845775,44645000
2010-08-25,6.4090704917907715,6.55584272093698,6.384608298073891,6.55584272093698,88847000
2010-08-26,6.482456684112549,6.580304993576098,6.360146180638727,6.409070568659273,89502000
2010-08-27,6.384607791900635,6.457993900655671,6.360145600123123,6.457993900655671,53748000
2010-08-30,6.384607791900635,6.506918284210695,6.384607791900635,6.457993900655671,26502000
2010-08-31,6.360145568847656,6.360145568847656,6.237835077139048,6.360145568847656,45361000
2010-09-01,6.335684299468994,6.384608689905306,6.335684299468994,6.384608689905306,29576000
2010-09-02,6.457993507385254,6.506917887960945,6.409069593387034,6.4824556976731,43505000
2010-09-03,6.531381130218506,6.531381130218506,6.457994547535039,6.457994547535039,34672000
2010-09-06,6.506918430328369,6.580304540731345,6.48245623800154,6.555842348404516,31523000
2010-09-07,6.433531761169434,6.53138052907479,6.433531761169434,6.506918337098451,33492000
2010-09-08,6.482456684112549,6.482456684112549,6.409070568659273,6.409070568659273,26479000
2010-09-09,6.482456684112549,6.531381072133095,6.457994490102276,6.506918878122822,35090000
2010-09-10,6.55584192276001,6.580304113498607,6.506918007860297,6.531380198598893,45269000
2010-09-13,6.702615261077881,6.702615261077881,6.580304761910118,6.580304761910118,58966000
2010-09-14,6.824924468994141,7.020621510583891,6.6781518044461885,6.727076181487985,106872000
2010-09-15,6.775999546051025,6.8493856340708374,6.7026129914538455,6.8493856340708374,63805000
2010-09-16,6.702615261077881,6.776001840525054,6.702615261077881,6.776001840525054,27296000
2010-09-17,6.7515387535095215,6.77600094341992,6.702614373688723,6.702614373688723,47435000
2010-09-20,6.727076530456543,6.7515387202464225,6.678152150876783,6.727076530456543,28193000
2010-09-21,6.775999546051025,6.8493856340708374,6.751537361185299,6.775999546051025,24778000
2010-09-23,6.775999546051025,6.800461264339384,6.7026129914538455,6.775999546051025,27410000
2010-09-24,6.702615261077881,6.7515396473759965,6.653691341357291,6.727077454226938,48956000
2010-09-27,6.727076530456543,6.776000910036303,6.702614340666663,6.7515387202464225,20612000
2010-09-28,6.727076530456543,6.727076530456543,6.653690427664365,6.653690427664365,30741000
2010-09-29,6.727076530456543,6.776000910036303,6.702614340666663,6.727076530456543,40281000
2010-09-30,6.775999546051025,6.800461264339384,6.727075176319572,6.751537361185299,31139000
2010-10-01,6.775999546051025,6.800461264339384,6.727075176319572,6.775999546051025,18966000
2010-10-04,6.7515387535095215,6.8249248566632525,6.727076563599122,6.77600094341992,32310000
2010-10-05,6.702615261077881,6.7515396473759965,6.678153067928823,6.727077454226938,26085000
2010-10-06,6.8004631996154785,6.824925391442656,6.727077090711445,6.751539282538624,46290000
2010-10-07,6.8004631996154785,6.824925391442656,6.776001474365802,6.8004631996154785,35537000
2010-10-08,6.824924468994141,6.873848846035938,6.800462280473242,6.84938665751504,34256000
2010-10-11,6.8004631996154785,6.873849775097013,6.776001474365802,6.849387583269835,24384000
2010-10-12,6.653690814971924,6.751539113249675,6.604766432544303,6.751539113249675,51742000
2010-10-13,6.604766845703125,6.7026151501017415,6.580304652959091,6.7026151501017415,37567000
2010-10-14,6.702615261077881,6.727077454226938,6.653691341357291,6.678153067928823,31680000
2010-10-15,6.678152561187744,6.727076943773457,6.629228645179523,6.727076943773457,19917000
2010-10-18,6.531381130218506,6.702615556658166,6.531381130218506,6.6781533624303435,30237000
2010-10-19,6.531381130218506,6.555842857868781,6.506918935990684,6.531381130218506,31758000
2010-10-20,6.629228115081787,6.653690304418555,6.482455445638629,6.506917634975398,31923000
2010-10-21,6.506918430328369,6.653691117711831,6.506918430328369,6.629228925385002,25835000
2010-10-22,6.55584192276001,6.6292284949758,6.531380198598893,6.531380198598893,25522000
2010-10-25,6.775999546051025,6.775999546051025,6.5803025337025804,6.604764718568307,67800000
2010-10-26,6.775999546051025,6.8493856340708374,6.727075176319572,6.8249234492051105,45418000
2010-10-27,6.7515387535095215,6.77600094341992,6.678152183778325,6.7515387535095215,29737000
2010-10-28,7.069546222686768,7.216318903877745,6.971697924085279,7.0206223066747695,454055000
2010-10-29,7.118470668792725,7.16739458524126,7.020622369318159,7.094008477279709,229466000
2010-11-01,7.045084476470947,7.167394974094245,7.045084476470947,7.142933247831602,113218000
2010-11-02,7.069546222686768,7.142932796571002,7.0206223066747695,7.0206223066747695,73987000
2010-11-03,7.045084476470947,7.142933247831602,6.996160557368141,7.1184710549914385,86264000
2010-11-04,7.265243053436279,7.265243053436279,7.0695459959327485,7.0695459959327485,161858000
2010-11-05,7.534325122833252,7.534325122833252,7.289704171227271,7.338628548179442,230809000
2010-11-08,7.412015914916992,7.583250796963299,7.387554188833963,7.583250796963299,75862000
2010-11-09,7.4364776611328125,7.534325959323214,7.41201546994084,7.485402043516758,47052000
2010-11-10,7.4364776611328125,7.485402043516758,7.363091554134384,7.460939852324786,52455000
2010-11-11,7.363090991973877,7.485401472018037,7.363090991973877,7.4609392826937135,45671000
2010-11-12,7.142933368682861,7.3386299815601195,7.142933368682861,7.3386299815601195,75061000
2010-11-15,7.265243053436279,7.265243053436279,7.142932567463126,7.142932567463126,50191000
2010-11-16,7.314167499542236,7.314167499542236,7.216319196966665,7.314167499542236,43707000
2010-11-17,7.289706230163574,7.314168425548869,7.191857915199966,7.265244501355849,36523000
2010-11-18,7.191856384277344,7.240780764633453,7.11847028032065,7.240780764633453,51290000
2010-11-19,7.191856384277344,7.289704678412092,7.191856384277344,7.289704678412092,37236000
2010-11-22,7.363090991973877,7.412014904045069,7.216318322605395,7.2897044240009095,56057000
2010-11-23,7.240781307220459,7.38755399270971,7.240781307220459,7.363091800698584,49579000
2010-11-24,7.167394161224365,7.240780731421924,7.14293243773598,7.14293243773598,34818000
2010-11-25,7.338629722595215,7.338629722595215,7.240781419609448,7.240781419609448,55645000
2010-11-26,7.289706230163574,7.4120167405124775,7.289706230163574,7.387555011704753,57580000
2010-11-29,7.3875532150268555,7.412014937885407,7.314166646718833,7.3875532150268555,61608000
2010-11-30,7.3875532150268555,7.509863695629436,7.33862883615484,7.3875532150268555,82244000
2010-12-01,7.509864330291748,7.509864330291748,7.387553839352648,7.436477755781791,64069000
2010-12-02,7.876796722412109,7.876796722412109,7.607713517625817,7.632175711984125,195060000
2010-12-03,8.023568153381348,8.243727414021738,7.950182044219553,8.023568153381348,195064000
2010-12-06,8.023568153381348,8.121416921033745,7.925720318883957,8.072492537207546,76614000
2010-12-07,7.950181007385254,8.023567106976294,7.852332252493944,8.023567106976294,73483000
2010-12-08,7.876796722412109,7.9991072276261015,7.876796722412109,7.974644566690244,44679000
2010-12-09,8.170342445373535,8.19480417412379,7.925721425250437,7.950183154000692,114596000
2010-12-10,7.974644660949707,8.096955167609396,7.92572120480992,8.096955167609396,62449000
2010-12-13,7.925719738006592,8.072491945573221,7.925719738006592,8.072491945573221,33886000
2010-12-14,7.852333068847656,7.974643558600143,7.827871344159152,7.925720109223134,63171000
2010-12-15,7.950181007385254,7.950181007385254,7.827870530348558,7.852332252493944,46767000
2010-12-16,8.023568153381348,8.023568153381348,7.876795935057759,7.925720318883957,66262000
2010-12-17,8.170342445373535,8.292652955435084,8.096955392812497,8.121418054717887,145453000
2010-12-20,8.048029899597168,8.219263823846337,8.048029899597168,8.219263823846337,62711000
2010-12-21,8.048029899597168,8.12141600044037,7.999105521316734,8.072491622159935,29030000
2010-12-22,7.999106407165527,8.121416899834252,7.974643748738781,8.048030790864019,39369000
2010-12-23,7.974644660949707,8.023569050244605,7.950182932879813,7.974644660949707,34218000
2010-12-24,7.950181007385254,8.023567106976294,7.925719285239869,7.925719285239869,31276000
2010-12-27,7.950181007385254,7.97464272953064,7.876794907794213,7.950181007385254,29819000
2010-12-28,7.925719738006592,8.023567565332698,7.901257081308862,7.974643185092177,30787000
2010-12-29,7.852333068847656,7.925720109223134,7.827871344159152,7.876795726691143,45394000
2010-12-30,7.901257038116455,7.92571969468046,7.827870934734308,7.852332658143379,40230000
2010-12-31,7.974644660949707,8.023569050244605,7.852334154290018,7.901258543584916,56577000
2011-01-03,7.925719738006592,8.023567565332698,7.925719738006592,8.023567565332698,32075000
2011-01-04,7.925719738006592,7.974643185092177,7.901257081308862,7.925719738006592,27608000
2011-01-05,7.607712745666504,7.901257648447372,7.607712745666504,7.8767959231487605,89570000
2011-01-06,7.7789483070373535,7.7789483070373535,7.583251676217605,7.632176067211328,42701000
2011-01-07,7.7789483070373535,7.974644937857102,7.754486578118064,7.7789483070373535,70086000
2011-01-10,7.925719738006592,7.925719738006592,7.803408787405286,7.8278709775255475,42872000
2011-01-11,8.145877838134766,8.17034049419818,7.876795153521586,7.950181255402007,133375000
2011-01-12,8.145877838134766,8.268188318987104,8.096953459162847,8.17034049419818,112920000
2011-01-13,8.121417045593262,8.21926488159136,8.096954386727472,8.145878771304032,62423000
2011-01-14,8.170342445373535,8.170342445373535,8.096955392812497,8.121418054717887,45223000
2011-01-17,8.439425468444824,8.51281159023505,8.21926616991898,8.21926616991898,153696000
2011-01-18,8.708507537841797,8.781894586987534,8.366038685500433,8.439424801491075,189319000
2011-01-19,8.830818176269531,8.904205226529337,8.635121552938633,8.757432059164833,186147000
2011-01-20,8.63512134552002,8.806356236754597,8.63512134552002,8.806356236754597,86274000
2011-01-21,8.561735153198242,8.610659540704676,8.414962923834018,8.512810765691809,68812000
2011-01-24,8.512809753417969,8.586195859373605,8.439423647462334,8.561734135106715,34369000
2011-01-25,8.512809753417969,8.659582898484206,8.488348029151078,8.561734135106715,46454000
2011-01-26,8.512809753417969,8.659582898484206,8.463885371729223,8.512809753417969,61372000
2011-01-27,8.806353569030762,8.904202315281912,8.61065700968326,8.61065700968326,193089000
2011-01-28,8.855279922485352,8.879741647941177,8.708506770285366,8.830817263874515,98079000
2011-02-08,8.610657691955566,8.953126464660778,8.58619503687706,8.904203020813517,99808000
2011-02-09,8.317112922668457,8.659582651569721,8.268188542374713,8.561733890982234,94833000
2011-02-10,8.145877838134766,8.317112697959022,8.145877838134766,8.317112697959022,63244000
2011-02-11,7.925719738006592,8.121416325813744,7.87679535776607,8.096953669116013,77188000
2011-02-14,8.023568153381348,8.121416921033745,7.974643769555149,8.072492537207546,48021000
2011-02-15,7.925719738006592,8.072491945573221,7.8278709775255475,7.925719738006592,47466000
2011-02-16,7.974644660949707,8.04803171146961,7.876796815515022,7.92572120480992,45666000
2011-02-17,7.901257038116455,8.023567521471678,7.876795314707383,8.023567521471678,37352000
2011-02-18,8.023568153381348,8.14587864636934,7.999106428045752,8.023568153381348,51012000
2011-02-21,7.974644660949707,8.04803171146961,7.950182932879813,8.04803171146961,27614000
2011-02-22,7.7789483070373535,7.8767970890248,7.705562187124341,7.8767970890248,78629000
2011-02-23,7.534325122833252,7.754484352540586,7.485401212458519,7.7055599755884145,92336000
2011-02-24,7.583250522613525,7.656636631362656,7.534326139062438,7.632174906164613,52836000
2011-02-25,7.534325122833252,7.656635598636243,7.485401212458519,7.607711688261509,76622000
2011-03-01,7.73002290725708,7.75448509808505,7.534325847210804,7.534325847210804,66953000
2011-03-02,7.558787822723389,7.681098306801688,7.558787822723389,7.681098306801688,37998000
2011-03-03,7.681098461151123,7.705560651773837,7.55878797461503,7.6321745464831725,41201000
2011-03-04,7.7789483070373535,7.8767970890248,7.7300243826212025,7.7789483070373535,72299000
2011-03-07,7.632175922393799,7.778948159434879,7.632175922393799,7.778948159434879,27158000
2011-03-08,7.583250522613525,7.6810988231382,7.558788330837982,7.583250522613525,46097000
2011-03-09,7.412015914916992,7.632175182284392,7.3630919961734165,7.632175182284392,114216000
2011-03-10,7.191856384277344,7.387553439124312,7.167394194099289,7.363091248946256,111803000
2011-03-11,7.265243053436279,7.265243053436279,7.094008186442875,7.094008186442875,50504000
2011-03-14,7.142933368682861,7.216319481867451,7.045084595666704,7.191857288613411,62523000
2011-03-15,6.996159076690674,7.142931736090952,6.849386417290395,7.118469548428002,118936000
2011-03-16,6.898312091827393,7.142933081373363,6.849387707287194,7.045084312292968,90966000
2011-03-17,7.069546222686768,7.142932796571002,6.800463051599556,6.849387434189047,92281000
2011-03-18,7.142933368682861,7.142933368682861,6.996160675736153,7.118471175428822,55834000
2011-03-21,7.240781307220459,7.240781307220459,7.118470813742335,7.142933005753461,34507000
2011-03-22,7.191856384277344,7.289704678412092,7.167394194099289,7.289704678412092,37403000
2011-03-23,7.265243053436279,7.265243053436279,7.142932567463126,7.191856481905902,27283000
2011-03-24,7.338629722595215,7.387554107376855,7.240781419609448,7.289705337813576,39311000
2011-03-25,7.3875532150268555,7.436477127321414,7.289704457282826,7.3875532150268555,52454000
2011-03-28,7.363090991973877,7.3875531812982,7.2897044240009095,7.338628802649555,33662000
2011-03-29,7.412015914916992,7.460940300238085,7.3630919961734165,7.3630919961734165,33533000
2011-03-30,7.412015914916992,7.460940300238085,7.387554188833963,7.412015914916992,34641000
2011-03-31,7.4854021072387695,7.4854021072387695,7.338629425414972,7.460939915838554,32352000
2011-04-01,7.412015914916992,7.485402492898631,7.387554188833963,7.485402492898631,27189000
2011-04-06,7.509864330291748,7.632174821230849,7.509864330291748,7.58325043822421,86925000
2011-04-07,7.583250522613525,7.583250522613525,7.509864413864395,7.534326139062438,44306000
2011-04-08,7.632175922393799,7.632175922393799,7.534327142262995,7.583251532328397,51342000
2011-04-11,7.558787822723389,7.656636116670534,7.460939528776243,7.63217439311685,39262000
2011-04-12,7.509864330291748,7.534326055217572,7.412015564278472,7.534326055217572,23640000
2011-04-13,7.4854021072387695,7.509864298638985,7.412015533038124,7.509864298638985,34946000
2011-04-14,7.412015914916992,7.485402492898631,7.412015914916992,7.485402492898631,30212000
2011-04-15,7.289706230163574,7.460941131283066,7.289706230163574,7.436478935897772,47182000
2011-04-18,7.216318607330322,7.289704711621337,7.191856417040827,7.265242987909313,43223000
2011-04-19,7.289706230163574,7.289706230163574,7.1184717956216526,7.191857915199966,34752000
2011-04-20,7.3875532150268555,7.412014937885407,7.314166646718833,7.3875532150268555,33912000
2011-04-21,7.4854021072387695,7.558788214861922,7.460939915838554,7.4854021072387695,37020000
2011-04-22,7.4364776611328125,7.50986423470873,7.4364776611328125,7.485402043516758,21599000
2011-04-25,7.363090991973877,7.4609392826937135,7.363090991973877,7.436477093369391,16889000
2011-04-26,7.460939884185791,7.460939884185791,7.31416720298467,7.338629394281106,30673000
2011-04-27,7.4854021072387695,7.558788214861922,7.4854021072387695,7.4854021072387695,41641000
2011-04-28,7.3875532150268555,7.509863695629436,7.3875532150268555,7.485401506193429,39033000
2011-04-29,7.265243053436279,7.412015263342082,7.216318672416028,7.387553539409432,57223000
2011-05-03,7.314167499542236,7.338629691830507,7.265243581543206,7.338629691830507,27258000
2011-05-04,7.314167499542236,7.363091884118777,7.240781389254936,7.314167499542236,32399000
2011-05-05,7.338629722595215,7.387554107376855,7.265243612000268,7.314167530204395,15667000
2011-05-06,7.338629722595215,7.412015833190162,7.289705337813576,7.338629722595215,24803000
2011-05-09,7.4364776611328125,7.460939852324786,7.363091554134384,7.41201546994084,27984000
2011-05-10,7.3875532150268555,7.485401506193429,7.363091025590848,7.485401506193429,19405000
2011-05-11,7.363090991973877,7.436477093369391,7.338628802649555,7.436477093369391,17355000
2011-05-12,7.289706230163574,7.387555011704753,7.289706230163574,7.338630620934163,34784000
2011-05-13,7.314167499542236,7.3875540764070475,7.314167499542236,7.338629691830507,27129000
2011-05-16,7.314167499542236,7.3875540764070475,7.289705307253966,7.363091884118777,28160000
2011-05-17,7.265243053436279,7.338629158389181,7.240780862926154,7.289704777368929,39795000
2011-05-18,7.142933368682861,7.191857288613411,7.094008982174782,7.167395095359372,78456000
2011-05-19,7.216318607330322,7.240780797619818,7.167394226751331,7.191856417040827,39876000
2011-05-20,7.142933368682861,7.24078167512149,7.142933368682861,7.216319481867451,42395000
2011-05-23,7.0940093994140625,7.142933788799665,7.04508501002846,7.0940093994140625,34355000
2011-05-24,7.069546222686768,7.069546222686768,6.971697924085279,7.069546222686768,45609000
2011-05-25,7.118470668792725,7.14293286030574,7.020622369318159,7.069546285766694,29817000
2011-05-26,7.118470668792725,7.191856776754275,7.069546285766694,7.191856776754275,26455000
2011-05-27,7.020622253417969,7.142932742386383,7.020622253417969,7.094008360168022,34105000
2011-05-30,7.191856384277344,7.216318574455398,7.06954589996454,7.094008090142595,41996000
2011-05-31,7.240781307220459,7.289705224665206,7.191856923198207,7.216319115209333,44781000
2011-06-01,7.363090991973877,7.412014904045069,7.26524270125404,7.26524270125404,64240000
2011-06-02,7.363090991973877,7.363090991973877,7.26524270125404,7.2897044240009095,43553000
2011-06-03,7.338629722595215,7.363091914986035,7.265243612000268,7.363091914986035,24367000
2011-06-07,7.265243053436279,7.338629158389181,7.240780862926154,7.289704777368929,31667000
2011-06-08,7.338629722595215,7.387554107376855,7.265243612000268,7.265243612000268,28935000
2011-06-09,7.314167499542236,7.3875540764070475,7.314167499542236,7.3875540764070475,16723000
2011-06-10,7.289706230163574,7.387555011704753,7.289706230163574,7.387555011704753,18897000
2011-06-13,7.167394161224365,7.265242921487777,7.1184702476701265,7.240780731421924,33996000
2011-06-14,7.216318607330322,7.216318607330322,7.118470312749813,7.142932503039308,37192000
2011-06-15,7.240781307220459,7.265243499231585,7.118470813742335,7.191856923198207,47761000
2011-06-16,7.045084476470947,7.142933247831602,6.996160557368141,7.0940088621512745,54240000
2011-06-17,6.996159076690674,7.094007360765052,6.996159076690674,6.996159076690674,36832000
2011-06-20,6.947237014770508,7.069547527236811,6.922774818961732,7.069547527236811,28782000
2011-06-21,6.996159076690674,7.0450829854391515,6.971696889027723,6.971696889027723,26258000
2011-06-22,6.996159076690674,7.069545173102101,6.996159076690674,7.0450829854391515,29134000
2011-06-23,6.947237014770508,7.045085331428035,6.922774818961732,6.947237014770508,25337000
2011-06-24,6.873850345611572,6.947236460606493,6.849388151754085,6.9227742667490055,42511000
2011-06-27,6.824924468994141,6.84938665751504,6.776000558529782,6.84938665751504,42441000
2011-06-28,6.849388122558594,6.8738503163118105,6.80046373505216,6.849388122558594,36631000
2011-06-29,6.971697807312012,6.996159998197024,6.898311701234458,6.922773425541987,37349000
2011-06-30,6.971697807312012,6.996159998197024,6.947235616426999,6.971697807312012,36563000
2011-07-01,6.971697807312012,7.020622189082037,6.947235616426999,6.996159998197024,40720000
2011-07-04,7.020622253417969,7.045083977949662,6.971697871199608,7.020622253417969,39987000
2011-07-05,6.971697807312012,7.045083913389566,6.947235616426999,7.045083913389566,35076000
2011-07-06,6.996159076690674,6.996159076690674,6.9227725137018234,6.971696889027723,25043000
2011-07-07,7.020622253417969,7.094008360168022,6.971697871199608,6.996160062308788,46552000
2011-07-08,6.971697807312012,7.069546104274578,6.971697807312012,7.020622189082037,29739000
2011-07-11,6.873850345611572,6.996160848321467,6.873850345611572,6.947236460606493,27765000
2011-07-12,6.8004631996154785,6.849387583269835,6.776001474365802,6.8004631996154785,47551000
2011-07-13,6.8004631996154785,6.849387583269835,6.776001474365802,6.776001474365802,24547000
2011-07-14,6.727076530456543,6.84938701282848,6.653690427664365,6.800462633248721,39804000
2011-07-15,6.8004631996154785,6.8004631996154785,6.678152707057088,6.727077090711445,28665000
2011-07-18,6.775999546051025,6.8249234492051105,6.727075176319572,6.800461264339384,19417000
2011-07-19,6.775999546051025,6.775999546051025,6.7026129914538455,6.775999546051025,27429000
2011-07-20,6.898312091827393,6.898312091827393,6.776001597054407,6.824925515017095,45776000
2011-07-21,7.069546222686768,7.069546222686768,6.849387434189047,6.898311816778536,130094000
2011-07-22,7.10222053527832,7.155222384758063,7.075720116001546,7.155222384758063,87728000
2011-07-25,6.996217250823975,7.1022204429422136,6.9697163264286415,6.996217250823975,21225000
2011-07-26,7.049219131469727,7.049219131469727,6.96971635792446,6.996217282439549,24583000
2011-07-27,6.943215847015381,7.049219038210247,6.943215847015381,7.049219038210247,32049000
2011-07-28,6.916714668273926,6.94321559146302,6.863712821895739,6.890213745084832,20221000
2011-07-29,6.863714694976807,6.943217486240091,6.863714694976807,6.943217486240091,24637000
2011-08-01,6.943215847015381,6.969716265716783,6.837212150357429,6.863713074521917,20369000
2011-08-02,6.784211158752441,6.890214355435753,6.784211158752441,6.863713429899147,30105000
2011-08-03,6.704708576202393,6.731209502506037,6.651707229058232,6.731209502506037,32582000
2011-08-04,6.572204113006592,6.678207812783393,6.519202768581293,6.651706887839192,52766000
2011-08-05,6.121689796447754,6.254193902407821,6.121689796447753,6.121689796447753,67197000
2011-08-08,5.777180194854736,5.989187118207502,5.697677914511932,5.989187118207502,105314000
2011-08-09,5.53867244720459,5.644675648471718,5.37966739257233,5.37966739257233,126791000
2011-08-10,5.883183002471924,5.9096834215261635,5.618174768224776,5.724177960831017,98655000
2011-08-11,5.724177837371826,5.830181027691788,5.618174647051865,5.671175989480305,74981000
2011-08-12,5.777180194854736,5.9361852610035175,5.750679771715916,5.830182052058721,93944000
2011-08-15,5.936184406280518,5.936184406280518,5.856682137384866,5.883183062171116,33473000
2011-08-16,5.936184406280518,6.042187599962418,5.909683481494268,5.989186255853017,41510000
2011-08-17,5.883183002471924,5.989186195078164,5.830181153437257,5.989186195078164,50610000
2011-08-18,5.803679943084717,5.936184053682372,5.72417767891135,5.936184053682372,52163000
2011-08-19,5.671175479888916,5.6976764014534,5.618174142222986,5.671175479888916,36887000
2011-08-22,5.671175479888916,5.7771786606838145,5.644674558324433,5.724177323017884,21016000
2011-08-23,5.883183002471924,5.936184346043497,5.697677036313682,5.77717930440259,25120000
2011-08-24,5.803679943084717,5.909683130470227,5.72417767891135,5.909683130470227,39032000
2011-08-25,5.777180194854736,5.830182052058721,5.750679771715916,5.8036811234567285,26160000
2011-08-26,5.724177837371826,5.830181027691788,5.724177837371826,5.777179179800266,21976000
2011-08-29,5.830180644989014,5.883182489401406,5.777178800576621,5.803679722782817,34439000
2011-08-30,5.883183002471924,5.989186195078164,5.8566820779545905,5.9096834215261635,64068000
2011-08-31,5.9891862869262695,6.015687211850013,5.8831830926944,5.98918628692627,29973000
2011-09-01,6.227694511413574,6.386699578755067,6.0156880919337015,6.042188515271305,78182000
2011-09-02,6.148190975189209,6.254194163286318,6.095189128409118,6.254194163286318,40008000
2011-09-05,5.856680870056152,5.989184959851708,5.830179951004443,5.989184959851708,47354000
2011-09-06,5.777180194854736,5.856682980660713,5.777180194854736,5.8036811234567285,32980000
2011-09-07,6.0421881675720215,6.0421881675720215,5.803680833016337,5.830181760292112,39679000
2011-09-08,6.015687465667725,6.148191590414035,5.962685613583952,6.1216906643721485,44775000
2011-09-09,5.9891862869262695,6.015687211850013,5.8831830926944,5.936184437078785,23680000
2011-09-13,5.777180194854736,5.9361852610035175,5.777180194854736,5.9361852610035175,25291000
2011-09-14,5.697676658630371,5.883182612491932,5.671175735869711,5.830180766970612,33428000
2011-09-15,5.830180644989014,5.9361838283507495,5.777178800576621,5.883182489401406,31572000
2011-09-16,6.068688869476318,6.0686888694763175,5.989186596064595,5.989186596064595,63291000
2011-09-19,5.936184406280518,6.042187599962418,5.936184406280518,6.042187599962418,12095000
2011-09-20,5.9891862869262695,6.015687211850013,5.8831830926944,5.962685362002527,23399000
2011-09-21,6.0421881675720215,6.0421881675720215,5.909684036656292,6.015687745759393,18336000
2011-09-22,5.830180644989014,5.9361838283507495,5.830180644989014,5.909682906144553,28031000
2011-09-23,5.697676658630371,5.830180766970612,5.6446748131090505,5.671175735869711,66329000
2011-09-26,5.750679016113281,5.750679016113281,5.750679016113281,5.750679016113281,23287000
2011-09-27,6.095189094543457,6.095189094543458,5.8831827195271735,5.8831827195271735,53217000
2011-09-28,6.121689796447754,6.17469113555395,5.989185690487686,6.17469113555395,48458000
2011-09-29,6.068688869476318,6.121690722059551,5.962685669772979,6.0686888694763175,23760000
2011-09-30,6.0421881675720215,6.068689094847796,5.989186818483617,6.0421881675720215,31645000
2011-10-03,5.9891862869262695,6.042187631310654,5.909683512155042,6.042187631310654,25259000
2011-10-04,6.095189094543457,6.095189094543458,5.856681796284371,5.8831827195271735,30600000
2011-10-05,6.068688869476318,6.174692069179656,6.0686888694763175,6.121690722059551,17624000
2011-10-06,6.227694511413574,6.254195440214352,6.121691301673638,6.148192230474416,36994000
2011-10-07,6.30719518661499,6.307195186614991,6.254193847970128,6.254193847970128,33515000
2011-10-11,6.439700126647949,6.492701977630174,6.3866987811288345,6.3866987811288345,48167000
2011-10-12,6.439700126647949,6.466201052139062,6.333696930146609,6.466201052139062,17309000
2011-10-13,6.333695888519287,6.439699067587551,6.254193630583847,6.439699067587551,31458000
2011-10-14,6.30719518661499,6.3601970307229,6.254193847970128,6.280694770024082,14412000
2011-10-17,6.466200828552246,6.466200828552246,6.360197635716261,6.360197635716261,20379000
2011-10-18,6.30719518661499,6.386697952776855,6.280694770024082,6.3601970307229,14336000
2011-10-19,6.386699199676514,6.386699199676515,6.307196417993018,6.360198272448683,12916000
2011-10-20,6.386699199676514,6.413200126904346,6.33369734522085,6.386699199676515,19882000
2011-10-21,6.386699199676514,6.413200126904346,6.33369734522085,6.413200126904346,11956000
2011-10-24,6.731208801269531,6.784210648355251,6.572203765475448,6.572203765475448,48061000
2011-10-25,6.731208801269531,6.810711571898111,6.678207459646887,6.810711571898111,31672000
2011-10-26,6.784211158752441,6.837212504362541,6.572204259922704,6.572204259922704,31873000
2011-10-27,6.996217250823975,7.022718175219307,6.810711790982828,6.83721220991507,77805000
2011-10-28,6.996217250823975,7.261225483851118,6.890214058705735,7.155222291732879,65169000
2011-10-31,7.07572078704834,7.075720787048339,6.94321665624566,6.996218005288845,32232000
2011-11-01,6.969716548919678,7.049219324643606,6.916715203900167,7.049219324643606,40262000
2011-11-02,6.890213966369629,6.916714890409822,6.73120892759156,6.837212118289244,33957000
2011-11-03,6.7577104568481445,6.89021458345301,6.651707256656878,6.89021458345301,28832000
2011-11-04,6.916714668273926,6.99621693237814,6.863712821895739,6.890213745084832,29055000
2011-11-07,6.863714694976807,6.9697179111979795,6.810713339597823,6.916716555818996,10397000
2011-11-08,6.890213966369629,6.9432158144500145,6.810711699712137,6.863713042329437,12794000
2011-11-09,6.916714668273926,6.99621693237814,6.916714668273927,6.99621693237814,15250000
2011-11-10,6.651708126068115,6.784212269991929,6.625207196190713,6.757711340114527,37033000
2011-11-11,6.784211158752441,6.784211158752441,6.625206110995917,6.7047083821426225,14308000
2011-11-14,6.969716548919678,6.969716548919678,6.890214278658857,6.890214278658857,27635000
2011-11-15,6.916714668273926,6.94321559146302,6.837211898706645,6.916714668273927,12616000
2011-11-16,6.890213966369629,6.969716233027122,6.837212118289244,6.9432158144500145,18233000
2011-11-17,6.810711860656738,6.890214129192957,6.810711860656738,6.83721227986008,12588000
2011-11-18,6.678207874298096,6.757710144399911,6.625206023921482,6.757710144399911,23225000
2011-11-21,6.545703411102295,6.651706600842345,6.519202487301513,6.625205677041563,18514000
2011-11-22,6.651708126068115,6.731210410237126,6.492703052266899,6.545704912021703,30564000
2011-11-23,6.333695888519287,6.625205010054282,6.333695888519288,6.545702752118842,41278000
2011-11-24,6.30719518661499,6.3601970307229,6.1481906652173555,6.254193847970128,21810000
2011-11-25,6.439700126647949,6.731209296123967,6.439700126647948,6.439700126647948,45066000
2011-11-28,6.651708126068115,6.651708126068115,6.466202122389497,6.519203982144301,25607000
2011-11-29,6.678207874298096,6.784211069588219,6.5722041735448675,6.704708294023297,33357000
2011-11-30,6.890213966369629,6.890213966369629,6.704708003551367,6.810711699712137,49348000
2011-12-01,7.022718906402588,7.208224891021121,7.022718906402588,7.155223036712071,53149000
2011-12-02,6.969716548919678,7.075720249884916,6.943216129141476,7.022718399402297,14445000
2011-12-05,6.863714694976807,6.996218841619075,6.863714694976807,6.9697179111979795,17147000
2011-12-06,6.7577104568481445,6.916715509866608,6.7577104568481445,6.89021458345301,13044000
2011-12-07,6.810711860656738,6.890214129192957,6.7842109359903,6.863713204526519,26167000
2011-12-08,6.784211158752441,6.837212504362541,6.651707036532523,6.810712084289047,24620000
2011-12-09,6.598704814910889,6.7047080056416215,6.598704814910889,6.678207587056251,25550000
2011-12-12,6.651708126068115,6.757711340114527,6.598706266313311,6.651708126068115,11870000
2011-12-13,6.466200828552246,6.572204021388232,6.466200828552246,6.519202677701786,22147000
2011-12-14,6.386699199676514,6.492702403124697,6.360198272448683,6.466201475896865,23306000
2011-12-15,6.227694511413574,6.333697721153511,6.227694511413575,6.333697721153511,34089000
2011-12-16,6.492702484130859,6.492702484130859,6.227694219472458,6.227694219472458,24173000
2011-12-19,6.439700126647949,6.572204248640401,6.307196004655496,6.519202903121287,29701000
2011-12-20,6.227694511413574,6.439700930893448,6.201193582612797,6.439700930893448,37679000
2011-12-21,6.598704814910889,6.598704814910889,6.413199357497878,6.466200700131702,30199000
2011-12-22,6.545703411102295,6.625205677041563,6.492701563500731,6.545703411102296,15316000
2011-12-23,6.731208801269531,6.731208801269531,6.598704689018308,6.625205612561167,16844000
2011-12-26,6.6252055168151855,6.784210550311363,6.6252055168151855,6.731208703991615,17131000
2011-12-27,6.678207874298096,6.704708294023297,6.625206023921482,6.625206023921482,11031000
2011-12-28,6.704708576202393,6.704708576202393,6.598705376450944,6.678208155361876,18333000
2011-12-29,6.731208801269531,6.757709724812391,6.625205612561167,6.651706536104028,14709000
2011-12-30,6.731208801269531,6.810711571898111,6.731208801269531,6.757709724812391,13203000
2012-01-02,6.227694511413574,6.757711065576432,6.227694511413575,6.731210136775655,27460000
2012-01-03,6.3601975440979,6.8637130819130325,6.3601975440979,6.784210814797044,62362000
2012-01-04,6.4131999015808105,6.943216405663088,6.4131999015808105,6.86371362677287,72931000
2012-01-05,6.969716548919678,6.969716548919678,6.863713353417548,6.890214278658857,70328000
2012-01-06,6.890213966369629,6.9432158144500145,6.837212118289244,6.9432158144500145,18841000
2012-01-09,6.837212085723877,6.8902139335518156,6.7842107433590195,6.8902139335518156,13490000
2012-01-10,7.049219131469727,7.075720055984816,6.837212240812108,6.837212240812108,52430000
2012-01-11,7.128721237182617,7.128721237182616,6.969716199176798,7.128721237182616,56245000
2012-01-12,7.340725898742676,7.340725898742677,7.128719077152789,7.128719077152789,87623000
2012-01-13,7.340725898742676,7.446729056806156,7.2877240669794725,7.3937272250429515,81922000
2012-01-16,7.128721237182617,7.420230389282771,7.128721237182616,7.420230389282771,41680000
2012-01-17,7.473232746124268,7.4732327461242685,7.26122584585522,7.314227697288262,68811000
2012-01-18,7.552733898162842,7.579234819950759,7.393728872898385,7.446730716474218,60049000
2012-01-30,8.056249618530273,8.056249618530273,7.817742326607733,7.844243249146472,158774000
2012-01-31,8.215254783630371,8.215254783630371,8.003248410754168,8.082750674216978,81361000
2012-02-01,8.241755485534668,8.347758669129416,8.109251379675472,8.21525456327022,86782000
2012-02-02,8.1092529296875,8.321259337400146,8.056251075027765,8.321259337400146,49179000
2012-02-03,8.162253379821777,8.162253379821777,8.029749263230755,8.109252036463223,33157000
2012-02-06,8.1092529296875,8.162254278884088,8.003249725831177,8.029750147697898,38676000
2012-02-07,8.13575267791748,8.18875401943268,8.082750830939206,8.109251754428344,36856000
2012-02-08,8.162253379821777,8.215255228643423,8.082751112052401,8.215255228643423,40730000
2012-02-09,8.003249168395996,8.082751439385031,7.870745046438865,8.082751439385031,74102000
2012-02-10,7.950247287750244,8.135753259982993,7.923746362365121,8.029749558442502,46205000
2012-02-13,7.9237470626831055,8.003249845865103,7.870745712691595,7.897246134955773,35318000
2012-02-14,7.817741870880127,8.003247812374356,7.817741870880126,8.003247812374356,34972000
2012-02-15,8.08275032043457,8.08275032043457,7.870743956837897,7.897244373190199,57653000
2012-02-16,8.003249168395996,8.135753290353128,7.976748242911948,8.10925236486908,30776000
2012-02-17,7.9237470626831055,8.13575397903861,7.764742001782265,8.082752123583944,57545000
2012-02-20,7.870744705200195,8.082751088954755,7.870744705200194,8.056250164619662,28555000
2012-02-21,7.950247287750244,7.950247287750244,7.844244091672863,7.870745017057986,31793000
2012-02-22,7.9237470626831055,7.97674891813777,7.897246134955773,7.950247990410437,37255000
2012-02-23,7.84424352645874,7.9502467148981,7.84424352645874,7.923745791422491,27232000
2012-02-24,7.897246837615967,7.95024869778649,7.870746412993905,7.95024869778649,27941000
2012-02-29,8.215254783630371,8.215254783630371,8.003248410754168,8.003248410754168,102399000
2012-03-01,8.294757843017578,8.321258768535769,8.162253720889737,8.21525557192612,60037000
2012-03-02,8.188754081726074,8.321258194716668,8.10925181611695,8.321258194716668,25902000
2012-03-05,8.003249168395996,8.082751439385031,7.976748242911948,8.056250513900983,23896000
2012-03-06,7.9237470626831055,8.056251195856612,7.844244784964262,8.003249845865103,43546000
2012-03-07,7.738241195678711,7.897245743229306,7.738241195678711,7.844244395866817,43407000
2012-03-08,7.817741870880127,7.870743712867914,7.738239613361471,7.84424279187402,23123000
2012-03-09,7.817741870880127,7.84424279187402,7.65873685037979,7.764740028892339,32742000
2012-03-12,7.738241195678711,7.844244395866817,7.738241195678711,7.844244395866817,13585000
2012-03-13,8.029749870300293,8.056250796714654,7.791242543497309,7.81774346991167,51716000
2012-03-14,8.056249618530273,8.162252803222174,7.976747356377111,8.109251463607752,59766000
2012-03-15,7.976747989654541,8.082751182762081,7.976747989654542,8.082751182762081,45998000
2012-03-16,7.9237470626831055,8.13575397903861,7.923747062683105,8.056251195856612,44373000
2012-03-19,7.897246837615967,8.003250557957013,7.844245482908644,7.976749627871752,23465000
2012-03-20,7.950247287750244,8.056250483827625,7.897245436979999,8.00324913852049,19804000
2012-03-21,7.950247287750244,8.029749558442502,7.923746362365121,7.950247287750244,20558000
2012-03-22,8.1092529296875,8.188755206213957,7.950247871171442,7.950247871171442,43405000
2012-03-23,8.08275032043457,8.13575216406526,8.003248060451577,8.13575216406526,13043000
2012-03-26,7.897246837615967,8.056251912664337,7.870746412993905,8.056251912664337,36091000
2012-03-27,8.003249168395996,8.003249168395996,7.92374639194385,7.976748242911948,18337000
2012-03-28,8.003249168395996,8.003249168395996,7.897245466459802,7.950247317427899,12957000
2012-03-29,7.791242599487305,7.923746727048187,7.711740325136027,7.897245800443383,41708000
2012-03-30,7.658737659454346,7.685238583247815,7.526233545950073,7.658737659454346,47296000
2012-04-02,7.5262346267700195,7.658738759302813,7.473233277034794,7.658738759302813,26442000
2012-04-03,7.605736255645752,7.658737597339757,7.552734408488671,7.579235332067212,28208000
2012-04-05,7.446732044219971,7.526234318295864,7.367229264680946,7.367229264680946,21845000
2012-04-06,7.420229911804199,7.499732172959739,7.420229911804199,7.4467308340103955,41435000
2012-04-09,7.340725898742676,7.473229972687758,7.1817209089159935,7.2877240669794725,26299000
2012-04-10,7.4997334480285645,7.579236228163836,7.473233026779943,7.473233026779943,39494000
2012-04-11,7.605736255645752,7.685238520918297,7.3937293724805055,7.473232143216126,29045000
2012-04-12,7.473232746124268,7.632237289497159,7.4732327461242685,7.632237289497159,22477000
2012-04-13,7.658737659454346,7.685238583247815,7.552734469743543,7.579235393537013,26809000
2012-04-16,7.552733898162842,7.605735741738675,7.499732054587009,7.579234819950759,9722000
2012-04-17,7.5262346267700195,7.5527355543692085,7.446732349435605,7.5262346267700195,23798000
2012-04-18,7.4997334480285645,7.6587385028359725,7.499733448028565,7.632237576124216,21541000
2012-04-19,7.685239315032959,7.711740241349837,7.499733336277947,7.552735188911702,24881000
2012-04-20,7.738241195678711,7.764741616628391,7.632237490027475,7.738241195678711,32244000
2012-04-23,7.976747989654541,7.976747989654542,7.791242022619026,7.791242022619026,45444000
2012-04-24,7.817741870880127,7.950245970386569,7.711738692367577,7.950245970386569,31361000
2012-04-25,7.897246837615967,7.95024869778649,7.79124362273812,7.817744552823382,37344000
2012-04-26,7.9237470626831055,8.056251195856612,7.870745712691595,8.056251195856612,53524000
2012-04-27,8.1092529296875,8.188755206213957,8.029750147697898,8.029750147697898,86990000
2012-04-30,8.1092529296875,8.215256133543823,8.056251075027765,8.135753857017368,48445000
2012-05-02,8.241755485534668,8.268256407799118,8.135752301939922,8.162252718741321,62663000
2012-05-03,8.241755485534668,8.241755485534668,8.18875364100577,8.21525456327022,21426000
2012-05-04,8.08275032043457,8.188753502232908,8.056249398619226,8.13575216406526,29939000
2012-05-07,7.685239315032959,7.9502475672754755,7.658738388716082,7.9502475672754755,77015000
2012-05-08,7.817741870880127,7.84424279187402,7.711738692367577,7.791240949886233,33274000
2012-05-09,7.658737659454346,7.817742696752089,7.605736317330484,7.817742696752089,37162000
2012-05-10,7.711740970611572,7.7647423227942785,7.605737760782985,7.605737760782985,16445000
2012-05-11,7.791242599487305,7.791242599487304,7.632237545321617,7.73824125174083,20699000
2012-05-14,7.791242599487305,7.844244452696911,7.711740325136027,7.844244452696911,13550000
2012-05-15,7.658737659454346,7.711739507041286,7.579235393537013,7.658737659454346,36910000
2012-05-16,7.3142266273498535,7.658737094879651,7.314226627349853,7.605735756662859,48602000
2012-05-17,7.420229911804199,7.473231756216592,7.314226728442463,7.473231756216592,37362000
2012-05-18,7.022718906402588,7.287727167021554,7.022718906402588,7.287727167021554,60232000
2012-05-21,7.022718906402588,7.128722109557546,7.022718906402588,7.022718906402588,22314000
2012-05-22,7.07572078704834,7.128722136091524,7.0492198597951745,7.102221208838359,26851000
2012-05-23,6.7577104568481445,6.916715509866608,6.731209530434545,6.89021458345301,59757000
2012-05-24,6.651708126068115,6.837213624283538,6.57220533643591,6.784212269991929,65992000
2012-05-25,6.678207874298096,6.757710144399911,6.625206023921482,6.651706949109789,36111000
2012-05-28,6.731208801269531,6.757709724812391,6.678207459646887,6.678207459646887,20938000
2012-05-29,7.049219131469727,7.155222324066989,6.757709972729935,6.757709972729935,69407000
2012-05-30,7.07572078704834,7.128722136091524,6.916715728992495,7.128722136091524,40391000
2012-05-31,6.943215847015381,6.969716265716783,6.837212150357429,6.916714922850893,42233000
2012-06-01,6.651708126068115,6.837213624283538,6.625207196190713,6.837213624283538,63066000
2012-06-04,6.28069543838501,6.466200901577186,6.20119266376285,6.466200901577186,76357000
2012-06-05,6.254194259643555,6.413199296970517,6.227693335845215,6.360197449373837,56477000
2012-06-06,6.28069543838501,6.307195857795964,6.20119266376285,6.280695438385011,55102000
2012-06-07,6.30719518661499,6.413198874830809,6.254193847970128,6.413198874830809,37658000
2012-06-08,6.3601975440979,6.3601975440979,6.254194352788886,6.307195695711849,18774000
2012-06-11,6.4131999015808105,6.492702175007901,6.360198048987332,6.4397003224144225,33499000
2012-06-12,6.492702484130859,6.492702484130859,6.307196496684718,6.307196496684718,28515000
2012-06-13,6.519201278686523,6.5192012786865225,6.4396985220234395,6.5192012786865225,23751000
2012-06-14,6.439700126647949,6.466201052139062,6.413199706619948,6.439700126647948,20810000
2012-06-15,6.492702484130859,6.492702484130859,6.413200206918599,6.4397006290139185,59569000
2012-06-18,6.545703411102295,6.678207524643127,6.519202487301513,6.625205677041563,45238000
2012-06-19,6.545703411102295,6.5987047532407805,6.519202487301513,6.5987047532407805,11904000
2012-06-20,6.731208801269531,6.731208801269531,6.598704689018308,6.651706536104028,31184000
2012-06-21,6.810711860656738,6.890214129192957,6.704708161990985,6.731209086657423,35872000
2012-06-22,6.6252055168151855,6.7047077808317415,6.6252055168151855,6.678207363134934,26366000
2012-06-25,6.492702484130859,6.598705688901591,6.492702484130859,6.545704339247801,17075000
2012-06-26,6.492702484130859,6.57220476134312,6.4397006290139185,6.4397006290139185,21516000
2012-06-27,6.466200828552246,6.572204021388232,6.466200828552246,6.492701753127016,18477000
2012-06-28,6.4131999015808105,6.5722044484349915,6.4131999015808105,6.5722044484349915,24482000
2012-06-29,6.837212085723877,6.837212085723877,6.43969974340358,6.466200667317549,70007000
2012-07-02,7.10222053527832,7.155222384758063,6.916715073025414,6.916715073025414,71672000
2012-07-03,7.10222053527832,7.181723309497935,6.996217341781931,7.075720116001546,63933000
2012-07-04,6.996217250823975,7.128721367337546,6.9697163264286415,7.1022204429422136,38657000
2012-07-05,6.969716548919678,7.075720249884916,6.916715203900167,6.9962174741609875,35940000
2012-07-06,6.890213966369629,7.022718081107507,6.863713042329437,7.022718081107507,59120000
2012-07-09,6.779861927032471,6.862542958493662,6.779861927032471,6.80742244607726,43546000
2012-07-10,6.834984302520752,7.0003469361906605,6.834984302520752,6.834984302520752,39270000
2012-07-11,6.807424068450928,6.8901051196170116,6.779863542837799,6.8901051196170116,17893000
2012-07-12,6.642061233520508,6.807423856374315,6.614500708765992,6.807423856374315,34153000
2012-07-13,6.614500522613525,6.66962157057128,6.5593794746557705,6.586939998634648,25983000
2012-07-16,6.642061233520508,6.697181757356252,6.5869401840114765,6.614500708765992,22746000
2012-07-17,6.862544059753418,6.890104583220954,6.614500399892116,6.642060923359653,31451000
2012-07-18,6.697181701660156,6.862544323138751,6.697181701660157,6.834983798613438,25135000
2012-07-19,6.890105247497559,6.945226299746865,6.77986366867226,6.807424194796914,30705000
2012-07-20,6.917665958404541,6.917665958404542,6.807424376634508,6.834984377822021,31222000
2012-07-23,6.779861927032471,6.834982439448872,6.697180369898103,6.80742244607726,30217000
2012-07-24,6.807424068450928,6.834984068390754,6.724742491611543,6.779863542837799,22124000
2012-07-25,6.669621467590332,6.779863036130407,6.669621467590331,6.669621467590331,29563000
2012-07-26,6.724742412567139,6.807423988434663,6.697181887277963,6.697181887277963,20869000
2012-07-27,6.834984302520752,6.862544829077957,6.779863775079664,6.834984302520752,22754000
2012-07-30,6.890105247497559,6.917665773622212,6.8349841952482535,6.8901052474975595,15074000
2012-07-31,6.945226192474365,6.972786192500027,6.834984089678498,6.890105141076432,37322000
2012-08-01,6.917665958404541,6.9452264852653816,6.834984377822021,6.890105431543701,18598000
2012-08-02,6.917665958404541,6.917665958404542,6.917665958404542,6.917665958404542,0
2012-08-03,6.834984302520752,6.890105355635162,6.8074243016368685,6.862544829077957,26401000
2012-08-06,7.000345706939697,7.000345706939697,6.890104145742463,6.945225189177695,35514000
2012-08-07,7.000345706939697,7.000345706939697,6.9176646674600795,6.972785185222081,25994000
2012-08-08,7.027906894683838,7.110587941999042,7.000346370354344,7.110587941999042,24531000
2012-08-09,7.083028316497803,7.165709368168891,7.055467790716338,7.110588316605961,44236000
2012-08-10,7.000345706939697,7.0830272720925445,6.9176646674600795,7.0830272720925445,26953000
2012-08-13,6.890105247497559,7.110588405148156,6.8901052474975595,7.110588405148156,22914000
2012-08-14,6.890105247497559,7.02790735244751,6.862544721372906,6.917665773622212,34126000
2012-08-15,6.862544059753418,6.91766510668849,6.7798630150240715,6.862544059753418,33189000
2012-08-16,6.807424068450928,6.8901051196170116,6.807424068450929,6.834984068390754,29010000
2012-08-17,6.862544059753418,6.890104583220954,6.752302491556535,6.807423538491608,44937000
2012-08-20,6.697181701660156,6.862544323138751,6.669621702808127,6.862544323138751,49659000
2012-08-21,6.724742412567139,6.779863463145488,6.697181887277963,6.697181887277963,44548000
2012-08-22,6.642061233520508,6.6696217582750235,6.559379659256961,6.614500708765992,53599000
2012-08-23,6.724742412567139,6.724742412567138,6.64206136237291,6.669621887662085,31398000
2012-08-24,6.697181701660156,6.752302750710783,6.669621702808127,6.7247422261854695,19169000
2012-08-27,6.642061233520508,6.779863331619799,6.642061233520508,6.752302806865283,21760000
2012-08-28,6.642061233520508,6.697181757356252,6.614500708765992,6.614500708765992,15327000
2012-08-29,6.642061233520508,6.697181757356252,6.642061233520508,6.697181757356252,22535000
2012-08-30,6.642061233520508,6.697181757356252,6.614500708765992,6.6696217582750235,29612000
2012-08-31,6.614500522613525,6.697181568876886,6.614500522613525,6.642061046592403,16719000
2012-09-03,6.586939811706543,6.614500334903291,6.559379288509795,6.614500334903291,26727000
2012-09-04,6.586939811706543,6.64206085810004,6.559379288509795,6.614500334903291,17101000
2012-09-05,6.44913911819458,6.559380709185192,6.44913911819458,6.559380709185192,65210000
2012-09-06,6.421578407287598,6.531820520831552,6.421578407287598,6.449138935673586,22804000
2012-09-07,6.50425910949707,6.55937963311312,6.476698584852403,6.50425910949707,27622000
2012-09-10,6.669621467590332,6.669621467590331,6.586939896930327,6.586939896930327,32583000
2012-09-11,6.669621467590332,6.724741989023737,6.614500420483662,6.724741989023737,17341000
2012-09-12,6.614500522613525,6.697181568876886,6.586939998634648,6.697181568876886,28250000
2012-09-13,6.614500522613525,6.66962157057128,6.586939998634648,6.614500522613525,16803000
2012-09-14,6.752302646636963,6.807423694838002,6.6145005518076365,6.669621600008677,76996000
2012-09-17,6.779861927032471,6.779861927032471,6.724740888942892,6.779861927032471,41848000
2012-09-18,6.724742412567139,6.779863463145488,6.697181887277963,6.752302937856313,27040000
2012-09-19,6.779861927032471,6.779861927032471,6.697180369898103,6.724740888942892,23219000
2012-09-20,6.724742412567139,6.752302937856313,6.697181887277963,6.752302937856313,22295000
2012-09-21,6.779861927032471,6.779861927032471,6.669620376526491,6.724740888942892,30472000
2012-09-24,6.697181701660156,6.7247422261854695,6.669621702808127,6.697181701660157,17531000
2012-09-25,6.697181701660156,6.752302750710783,6.669621702808127,6.669621702808127,27603000
2012-09-26,6.642061233520508,6.697181757356252,6.614500708765992,6.6696217582750235,22419000
2012-09-27,6.697181701660156,6.7247422261854695,6.614500653757501,6.614500653757501,32289000
2012-09-28,6.724742412567139,6.752302937856313,6.669621887662085,6.752302937856313,29828000
2012-10-01,6.614500522613525,6.697181568876886,6.586939998634648,6.66962157057128,24115000
2012-10-02,6.669621467590332,6.697181465470402,6.586939896930327,6.642060944036997,21881000
2012-10-03,6.642061233520508,6.697181757356252,6.614500708765992,6.697181757356252,13045000
2012-10-04,6.5593791007995605,6.642060668023702,6.531819104064756,6.614500145615655,26218000
2012-10-05,6.50425910949707,6.586940157757787,6.50425910949707,6.586940157757787,18086000
2012-10-08,6.50425910949707,6.55937963311312,6.50425910949707,6.50425910949707,17151000
2012-10-09,6.5593791007995605,6.586939623207608,6.531819104064756,6.531819104064756,19878000
2012-10-11,6.44913911819458,6.504260176526572,6.44913911819458,6.476699647360576,16169000
2012-10-12,6.421578407287598,6.504259992445563,6.3940184045749655,6.449138935673586,34992000
2012-10-15,6.28377628326416,6.421578399350421,6.256216280585593,6.421578399350421,37673000
2012-10-16,6.28377628326416,6.338897339968007,6.22865575223367,6.311336811616084,33416000
2012-10-17,6.28377628326416,6.36645786831993,6.256216280585593,6.338897339968007,22114000
2012-10-18,6.2286553382873535,6.338896918695214,6.2010948117670575,6.283775865654624,24269000
2012-10-19,6.145974159240723,6.228655744189714,6.118414156597747,6.201095215873384,33136000
2012-10-22,6.145974159240723,6.145974159240723,6.035732571648755,6.063293099965086,21942000
2012-10-23,6.090851783752441,6.145972298019273,6.063291263782427,6.1184123037224545,18070000
2012-10-24,6.145974159240723,6.201095215873384,6.008172043332426,6.035732571648755,17669000
2012-10-25,6.201095104217529,6.25621615985769,6.118414046430633,6.145974048577369,19086000
2012-10-26,6.035731792449951,6.256215464843315,6.008171267691619,6.256215464843315,22096000
2012-10-29,5.980611324310303,6.063292373682105,5.980611324310302,6.035731848667074,15166000
2012-10-30,6.063291549682617,6.090852070952183,6.008170507143488,6.008170507143488,18044000
2012-10-31,5.980611324310303,6.090852898697136,5.980611324310302,6.090852898697136,17530000
2012-11-01,5.815248966217041,5.980611598207128,5.787688439939807,5.980611598207128,36338000
2012-11-02,5.842808723449707,5.953050288375066,5.815248200800056,5.870368720426112,29299000
2012-11-05,5.815248966217041,5.870369493098193,5.787688439939807,5.815248966217041,19422000
2012-11-06,5.815248966217041,5.815248966217041,5.73256738738534,5.787688439939807,38376000
2012-11-07,5.8703694343566895,5.897929960358141,5.815248908027098,5.84280943402855,48144000
2012-11-08,5.842808723449707,5.870368720426112,5.760127155500753,5.815248200800056,33401000
2012-11-09,5.980611324310303,5.980611324310302,5.787688174878373,5.842809224908436,30143000
2012-11-12,5.8703694343566895,5.953051012361042,5.84280943402855,5.953051012361042,21895000
2012-11-13,5.7876877784729,5.870368822181782,5.760127255345521,5.870368822181782,30558000
2012-11-14,5.815248966217041,5.815248966217041,5.73256738738534,5.787688439939807,26368000
2012-11-15,5.842808723449707,5.842808723449707,5.7325666328511025,5.815248200800056,17922000
2012-11-16,5.815248966217041,5.870369493098193,5.760127913662574,5.842809492494275,17455000
2012-11-19,5.732566833496094,5.815248404338977,5.732566833496094,5.815248404338977,15346000
2012-11-20,5.6774468421936035,5.7876884212736766,5.677446842193603,5.76012789508533,21574000
2012-11-21,5.567205429077148,5.677447011443628,5.512084375057245,5.677447011443628,50355000
2012-11-22,5.567205429077148,5.622325957423723,5.512084375057245,5.567205429077149,41515000
2012-11-23,5.953052043914795,5.953052043914795,5.594766195158247,5.6223267259354275,149393000
2012-11-26,6.118412971496582,6.145972968801346,6.035731402562532,6.118412971496582,74593000
2012-11-27,6.173533916473389,6.173533916473389,6.06329234265076,6.118413392398718,48766000
2012-11-28,6.173533916473389,6.173533916473389,6.090852867524739,6.145973391599409,53321000
2012-11-29,6.118412971496582,6.173533491779363,6.090852448518565,6.145972968801346,61253000
2012-11-30,6.201095104217529,6.25621615985769,6.090853518610553,6.090853518610553,92865000
2012-12-03,6.145974159240723,6.201095215873384,6.118414156597747,6.173534687557053,33925000
2012-12-04,6.118412971496582,6.118412971496582,6.035731402562532,6.090852448518565,52363000
2012-12-05,6.394018173217773,6.476699229710703,6.063292895899381,6.118413950676892,124284000
2012-12-06,6.44913911819458,6.504260176526572,6.366458056369964,6.476699647360576,115901000
2012-12-07,6.421578407287598,6.5869410519301725,6.3940184045749655,6.504259992445563,94731000
2012-12-10,6.311336040496826,6.449138139746421,6.311336040496825,6.449138139746421,39386000
2012-12-11,6.28377628326416,6.36645786831993,6.256216280585593,6.311336811616084,40593000
2012-12-12,6.366457462310791,6.394017988905093,6.311336409122188,6.394017988905093,37450000
2012-12-13,6.614500522613525,6.614500522613525,6.366456858150173,6.39401738212905,111926000
2012-12-14,6.44913911819458,6.531820705692568,6.421578589028584,6.531820705692568,67906000
2012-12-17,6.366457462310791,6.504259569608976,6.366457462310791,6.504259569608976,47444000
2012-12-18,6.421578407287598,6.476699464059575,6.366457876188977,6.366457876188977,46202000
2012-12-19,6.338896751403809,6.504259380488135,6.31133622561087,6.504259380488135,68332000
2012-12-20,6.44913911819458,6.586941238351188,6.311336998037972,6.39401858553596,145021000
2012-12-21,6.421578407287598,6.559380523544184,6.3940184045749655,6.504259992445563,91991000
2012-12-24,6.338896751403809,6.421577803109319,6.338896751403809,6.421577803109319,25627000
2012-12-25,6.394018173217773,6.421578174933192,6.338897118440262,6.366457645829017,21531000
2012-12-26,6.421578407287598,6.531820520831552,6.3940184045749655,6.3940184045749655,49095000
2012-12-27,6.44913911819458,6.44913911819458,6.39401858553596,6.421578589028584,28958000
2012-12-28,6.44913911819458,6.531820705692568,6.44913911819458,6.504260176526572,44983000
2013-01-02,6.50425910949707,6.55937963311312,6.421577535563069,6.50425910949707,44160000
2013-01-03,6.807424068450928,6.91766564523014,6.586940389219202,6.586940389219202,171425000
2013-01-04,6.834984302520752,6.917665882192367,6.724742721965254,6.8074243016368685,106365000
2013-01-07,6.724742412567139,6.834983988050541,6.669621887662085,6.834983988050541,55698000
2013-01-08,6.669621467590332,6.807423559683741,6.614500420483662,6.724741989023737,55489000
2013-01-09,6.531818866729736,6.642060426683032,6.531818866729737,6.614499905276403,70636000
2013-01-10,6.50425910949707,6.614500682402454,6.50425910949707,6.614500682402454,52616000
2013-01-11,6.531818866729736,6.586939383869773,6.504258345323107,6.559378862463143,31115000
2013-01-14,6.50425910949707,6.531819634141737,6.449138060207736,6.531819634141737,37582000
2013-01-15,6.421578407287598,6.531820520831552,6.3940184045749655,6.531820520831552,47158000
2013-01-16,6.338896751403809,6.449138328902257,6.338896751403809,6.421577803109319,42023000
2013-01-17,6.173533916473389,6.394017589791935,6.173533916473389,6.394017589791935,52153000
2013-01-18,6.338896751403809,6.366457277196748,6.22865517390536,6.22865517390536,48390000
2013-01-21,6.311336040496826,6.311336040496825,6.256215516200962,6.283775515512248,19377000
2013-01-22,6.338896751403809,6.338896751403809,6.256215699698299,6.31133622561087,14498000
2013-01-23,6.311336040496826,6.394017615450558,6.283775515512248,6.283775515512248,31182000
2013-01-24,6.28377628326416,6.394018396671854,6.256216280585593,6.283776283264161,35509000
2013-01-25,6.201095104217529,6.338897217644585,6.201095104217529,6.283776162004425,30304000
2013-01-28,6.256215572357178,6.311336097147807,6.228655047125216,6.228655047125216,15050000
2013-01-29,6.366457462310791,6.394017988905093,6.2837758825278875,6.311336409122188,40671000
2013-01-30,6.421578407287598,6.421578407287598,6.338897347802988,6.421578407287598,39903000
2013-01-31,6.338896751403809,6.421577803109319,6.31133622561087,6.421577803109319,33478000
2013-02-01,6.394018173217773,6.421578174933192,6.338897118440262,6.338897118440262,25891000
2013-02-04,6.421578407287598,6.449138935673586,6.366457876188977,6.421578407287598,25443000
2013-02-05,6.28377628326416,6.394018396671854,6.283776283264161,6.394018396671854,28710000
2013-02-06,6.256215572357178,6.311336097147807,6.256215572357178,6.256215572357178,26057000
2013-02-18,6.145974159240723,6.256216272506045,6.090853628281416,6.256216272506045,81165000
2013-02-19,6.256215572357178,6.283775571915845,6.118413471870661,6.145973471429327,48618000
2013-02-20,6.201095104217529,6.283776162004425,6.173534576397449,6.283776162004425,43647000
2013-02-21,6.145974159240723,6.201095215873384,6.145974159240723,6.173534687557053,27592000
2013-02-22,6.173533916473389,6.228654966221347,6.145973391599409,6.145973391599409,35113000
2013-02-25,6.201095104217529,6.25621615985769,6.173534576397449,6.201095104217529,25596000
2013-02-26,6.118412971496582,6.173533491779363,6.118412971496582,6.145972968801346,33795000
2013-02-27,6.118412971496582,6.145972968801346,6.063291925540549,6.090852448518565,28435000
2013-03-01,6.090851783752441,6.173532817989287,6.090851783752441,6.145972298019273,27494000
2013-03-04,6.008171558380127,6.118413662747208,6.008171558380127,6.090853136655437,47592000
2013-03-05,6.118412971496582,6.145972968801346,6.035731402562532,6.035731402562532,45375000
2013-03-06,6.173533916473389,6.201094441347368,6.090852867524739,6.173533916473389,31110000
2013-03-07,6.118412971496582,6.173533491779363,6.090852448518565,6.173533491779363,25985000
2013-03-08,6.090851783752441,6.173532817989287,6.090851783752441,6.1184123037224545,37130000
2013-03-11,6.118412971496582,6.173533491779363,6.090852448518565,6.118412971496582,29477000
2013-03-12,6.173533916473389,6.256215491095326,6.090852867524739,6.118413392398718,56148000
2013-03-13,6.118412971496582,6.20109401475738,6.090852448518565,6.20109401475738,31752000
2013-03-14,6.394018173217773,6.504259757099458,6.394018173217773,6.504259757099458,164819000
2013-03-15,6.394018173217773,6.449138702321947,6.338897118440262,6.449138702321947,83241000
2013-03-18,6.173533916473389,6.311336015169997,6.173533916473389,6.311336015169997,54217000
2013-03-19,6.173533916473389,6.256215491095326,6.173533916473389,6.201094441347368,42185000
2013-03-20,6.145974159240723,6.201095215873384,6.118414156597747,6.145974159240723,34175000
2013-03-21,6.118412971496582,6.20109401475738,6.118412971496582,6.118412971496582,28357000
2013-03-22,6.118412971496582,6.173533491779363,6.118412971496582,6.118412971496582,25909000
2013-03-25,6.145974159240723,6.173534687557053,6.118414156597747,6.145974159240723,23912000
2013-03-26,6.201095104217529,6.22865563203761,6.145974048577369,6.173534576397449,38800000
2013-03-27,6.145974159240723,6.228655744189714,6.145974159240723,6.201095215873384,27155000
2013-03-28,6.118412971496582,6.20109401475738,6.118412971496582,6.20109401475738,25140000
2013-03-29,6.173533916473389,6.201094441347368,6.118413392398718,6.145973391599409,19732000
2013-04-01,6.145974159240723,6.201095215873384,6.118414156597747,6.173534687557053,14920000
2013-04-02,6.201095104217529,6.22865563203761,6.145974048577369,6.145974048577369,31780000
2013-04-03,6.2286553382873535,6.256215864807649,6.173534285246762,6.2286553382873535,31704000
2013-04-08,6.090851783752441,6.145972298019273,6.0357307438124135,6.1184123037224545,50155000
2013-04-09,6.118412971496582,6.145972968801346,6.063291925540549,6.118412971496582,32402000
2013-04-10,6.063291549682617,6.118412592221748,6.063291549682618,6.063291549682618,40630000
2013-04-11,6.173533916473389,6.228654966221347,6.090852867524739,6.118413392398718,45354000
2013-04-12,6.090851783752441,6.201093337959301,6.090851783752441,6.201093337959301,32402000
2013-04-15,6.090851783752441,6.173532817989287,6.090851783752441,6.090851783752441,25377000
2013-04-16,6.201095104217529,6.201095104217529,6.0632929907904725,6.0632929907904725,34443000
2013-04-17,6.173533916473389,6.228654966221347,6.145973391599409,6.201094441347368,34718000
2013-04-18,6.118412971496582,6.173533491779363,6.090852448518565,6.145972968801346,24759000
2013-04-19,6.256215572357178,6.311336097147807,6.145973471429327,6.17353399666129,78254000
2013-04-22,6.173533916473389,6.256215491095326,6.173533916473389,6.256215491095326,25314000
2013-04-23,6.173533916473389,6.228654966221347,6.145973391599409,6.201094441347368,22622000
2013-04-24,6.28377628326416,6.283776283264161,6.173534695529823,6.22865575223367,29843000
2013-04-25,6.2286553382873535,6.283775865654624,6.2010948117670575,6.256215864807649,31878000
2013-04-26,6.173533916473389,6.256215491095326,6.173533916473389,6.228654966221347,28937000
2013-04-29,6.118412971496582,6.20109401475738,6.118412971496582,6.173533491779363,30573000
2013-04-30,6.201095104217529,6.22865563203761,6.173534576397449,6.173534576397449,42198000
2013-05-02,6.173533916473389,6.228654966221347,6.145973391599409,6.173533916473389,22921000
2013-05-03,6.28377628326416,6.338897339968007,6.173534695529823,6.173534695529823,45756000
2013-05-06,6.50425910949707,6.50425910949707,6.311335962657685,6.3388964873023514,108341000
2013-05-07,6.394018173217773,6.476699229710703,6.366457645829017,6.449138702321947,61396000
2013-05-08,6.669621467590332,6.669621467590331,6.421577281283583,6.421577281283583,171292000
2013-05-09,6.5593791007995605,6.779862754390695,6.559379100799561,6.779862754390695,188071000
2013-05-10,6.945226192474365,6.972786192500027,6.559379884035441,6.614500935433375,230583000
2013-05-13,7.193270206451416,7.220830733430208,7.055468097230789,7.055468097230789,308173000
2013-05-14,7.138148784637451,7.248390361198113,7.05546773363528,7.248390361198113,115387000
2013-05-15,7.165709018707275,7.193269543144652,7.000346397756298,7.138148494269899,105299000
2013-05-16,7.358633041381836,7.4964351543240175,7.110588817547234,7.220830928439654,169687000
2013-05-17,7.248390197753906,7.44131334663981,7.2208301984901695,7.358632297502018,74380000
2013-05-20,7.413752555847168,7.413752555847168,7.24838993782816,7.303510985725587,76147000
2013-05-21,7.772037982940674,7.772037982940673,7.441312761068336,7.441312761068336,170196000
2013-05-22,7.661796569824219,7.827159195392551,7.661796569824218,7.827159195392551,157721000
2013-05-23,7.386192321777344,7.66179652073431,7.358632322420282,7.634236521377247,134310000
2013-05-24,7.3035101890563965,7.496433309980002,7.248389147171591,7.413751747152793,78609000
2013-05-27,7.634235858917236,7.634235858917236,7.275950115959414,7.331071161237001,106338000
2013-05-28,7.496435165405273,7.60667675078731,7.496435165405273,7.60667675078731,64798000
2013-05-29,7.523993968963623,7.689356583531966,7.523993968963624,7.634236062458026,70497000
2013-05-30,7.44131326675415,7.496434316036458,7.331071693862819,7.44131326675415,68313000
2013-05-31,7.275949478149414,7.551553629031386,7.275949478149415,7.523993108808549,60804000
2013-06-03,7.386192321777344,7.413752846807699,7.1657091728810896,7.193269697911444,56499000
2013-06-04,7.661796569824219,7.661796569824218,7.386192369101429,7.441313419515305,131104000
2013-06-05,7.551554203033447,7.66179576663118,7.551554203033447,7.66179576663118,60580000
2013-06-06,7.413752555847168,7.523994125968748,7.358632033623013,7.441313079795881,68797000
2013-06-07,7.331071376800537,7.49643399182239,7.3035108533513515,7.4137524214748325,51026000
2013-06-10,7.523993968963623,7.5791150157108245,7.413752401142482,7.468873447889683,67873000
2013-06-11,7.44131326675415,7.551554839645481,7.44131326675415,7.523994315004327,48761000
2013-06-13,7.22083044052124,7.413753070200323,7.220830440521241,7.331072018291189,81506000
2013-06-14,7.22083044052124,7.331072018291189,7.220830440521241,7.27595096656956,56769000
2013-06-17,7.331071376800537,7.331071376800537,7.193269285227871,7.220829808677056,33108000
2013-06-18,7.468874454498291,7.468874454498292,7.303511817643398,7.386192873234179,65296000
2013-06-19,7.358633041381836,7.551555684096884,7.358633041381836,7.4964351543240175,43049000
2013-06-20,7.165709018707275,7.331071639658253,7.138148494269899,7.2759505907835,72499000
2013-06-21,6.917665958404541,7.0003470133137355,6.779863849773667,6.917665958404542,125920000
2013-06-24,7.05546760559082,7.165709180150789,6.89010498091422,6.917665505972535,87946000
2013-06-25,7.000345706939697,7.138147789854546,6.890104145742463,7.055466750374928,76284000
2013-06-26,7.468874454498291,7.468874454498292,7.248390763467322,7.248390763467322,142476000
2013-06-27,7.964961528778076,7.964961528778076,7.716917846005422,7.716917846005422,266331000
2013-06-28,7.992522716522217,8.02008324481731,7.882281129015202,8.02008324481731,179961000
2013-07-01,8.295686721801758,8.488609350971428,7.992521989479927,7.992521989479927,156997000
2013-07-02,8.102764129638672,8.378368355311235,8.047643599908165,8.323247825580728,136344000
2013-07-03,8.020084381103516,8.185447048629312,7.992523848903645,8.020084381103516,115489000
2013-07-04,8.075202941894531,8.29568661981493,8.04764294211862,8.102763467343744,107944000
2013-07-05,8.157883644104004,8.240564685918855,8.10276259911194,8.213004163422823,135968000
2013-07-08,7.991477966308594,8.444894711207054,7.963139284623591,8.27486370212783,117743000
2013-07-09,8.076494216918945,8.10483290122175,7.906462651617563,7.991478704525977,75075000
2013-07-10,7.878124237060547,8.10483317873002,7.849786092302895,7.991478978153016,80094000
2013-07-11,8.218188285827637,8.218188285827637,7.906463794469,7.991479859666187,119066000
2013-07-12,8.076494216918945,8.133171585524554,7.991478704525977,8.133171585524554,76948000
2013-07-15,8.161510467529297,8.161510467529297,8.019817573714445,8.104833634312653,73637000
2013-07-16,7.906462669372559,8.133171603788655,7.878123985006115,8.133171603788655,97330000
2013-07-17,7.56640100479126,7.821448114280912,7.566401004791261,7.821448114280912,171887000
2013-07-18,7.56640100479126,7.65141652778264,7.481384941284367,7.53806231695563,104064000
2013-07-19,7.22633695602417,7.4530453502030625,7.112982758934724,7.396368521916063,170769000
2013-07-22,7.368029594421387,7.396368277887632,7.169659350673101,7.169659350673101,75231000
2013-07-23,7.6514153480529785,7.708092714985469,7.453045104304692,7.453045104304692,120789000
2013-07-24,7.6514153480529785,7.736430857936284,7.6514153480529785,7.708092714985469,69166000
2013-07-25,7.594738006591797,7.764769567444091,7.594738006591796,7.708092740836947,50852000
2013-07-26,7.764769077301025,7.764769077301025,7.594737527181797,7.7080922542715475,57281000
2013-07-29,7.509721755981445,7.764768801855098,7.509721755981445,7.764768801855098,57912000
2013-07-30,7.6514153480529785,7.708092714985469,7.538061154703428,7.538061154703428,55760000
2013-07-31,7.56640100479126,7.679755215618271,7.566401004791261,7.65141652778264,32039000
2013-08-01,7.538061141967773,7.65141533512581,7.5380611419677725,7.65141533512581,28544000
2013-08-02,7.45304536819458,7.623076934496926,7.424707224240396,7.5947382500272935,53084000
2013-08-05,7.56640100479126,7.566401004791261,7.453046253448736,7.453046253448736,29191000
2013-08-06,7.396368980407715,7.594738702482075,7.368030294249811,7.594738702482075,64966000
2013-08-07,7.22633695602417,7.339691153113616,7.22633695602417,7.311352468712393,81067000
2013-08-08,7.056304931640625,7.22633648648452,6.971289424476384,7.112982296760395,131063000
2013-08-09,6.971288204193115,7.112981051674621,6.971288204193116,7.056303696475892,64693000
2013-08-12,6.99962854385376,7.084644056323462,6.999628543853759,7.027966687666696,46892000
2013-08-13,7.084644317626953,7.112983003000554,7.027966946879752,7.027966946879752,42550000
2013-08-14,6.971288204193115,7.084642374075257,6.942949526593751,7.084642374075257,41534000
2013-08-15,6.829596996307373,6.88627382459731,6.8012583119046806,6.88627382459731,77141000
2013-08-16,6.772919178009033,6.829596543052956,6.716242353480522,6.716242353480522,77863000
2013-08-19,6.716241836547852,6.772918656714086,6.716241836547851,6.772918656714086,33525000
2013-08-20,6.687903881072998,6.82959675761897,6.687903881072997,6.7162425644852775,48179000
2013-08-22,6.6595659255981445,6.687904612108042,6.489534347054243,6.631227239088246,108463000
2013-08-23,6.942951202392578,6.971289886831965,6.772919636271712,6.8012583207110975,133050000
2013-08-26,6.971288204193115,6.99962688179248,6.857934034310976,6.971288204193116,64220000
2013-08-27,6.914612770080566,6.942951455553264,6.857935939650636,6.942951455553264,50788000
2013-08-28,6.829596996307373,6.8579356807100655,6.772919627501988,6.8012583119046806,36314000
2013-08-29,6.801258087158203,6.886273597041509,6.801258087158203,6.829596770624448,37792000
2013-08-30,6.971288204193115,6.971288204193116,6.829595356711611,6.857934034310976,52029000
2013-09-02,6.942951202392578,6.971289886831965,6.8862738335138065,6.971289886831965,30876000
2013-09-03,6.857935428619385,6.999628304908914,6.857935428619385,6.971289621547922,32554000
2013-09-04,6.8862738609313965,6.914612545483612,6.801258347790199,6.857935716894631,29097000
2013-09-05,6.971288204193115,6.971288204193116,6.9146108489943865,6.942949526593751,41209000
2013-09-06,6.914612770080566,6.999628826498662,6.9146127700805655,6.971290141025963,29626000
2013-09-09,6.8862738609313965,6.9429512300358285,6.829597032342415,6.914612545483612,34290000
2013-09-10,7.084644317626953,7.084644317626953,6.914612745900813,6.942951431274414,82422000
2013-09-11,7.056304931640625,7.141320979320279,6.914612059356616,7.08464361420051,64549000
2013-09-12,6.971288204193115,7.027965018876527,6.886272171395022,6.971288204193116,49471000
2013-09-13,6.857935428619385,6.971289621547922,6.857935428619385,6.971289621547922,33474000
2013-09-16,6.942951202392578,6.971289886831965,6.8862738335138065,6.914612517953193,40321000
2013-09-17,6.857935428619385,6.91461225482594,6.829596745258393,6.91461225482594,26567000
2013-09-18,6.857935428619385,6.91461225482594,6.857935428619385,6.857935428619385,24076000
2013-09-23,7.141321659088135,7.169659803830057,6.8579358875452,6.8579358875452,122994000
2013-09-24,7.396368980407715,7.566400556839652,7.197998717817874,7.197998717817874,195901000
2013-09-25,7.339691162109375,7.453045359337753,7.283014333752911,7.396368530981288,86616000
2013-09-26,7.1696600914001465,7.3396916692488485,7.1413219455216,7.3396916692488485,90026000
2013-09-27,7.197997570037842,7.283013614955042,7.141320747275103,7.197997570037842,62822000
2013-09-30,7.1696600914001465,7.25467615058224,7.084644572733538,7.1413219455216,48193000
2013-10-01,7.141321659088135,7.226337174344829,7.141321659088135,7.141321659088135,30068000
2013-10-02,7.056304931640625,7.197997803924636,7.056304931640626,7.141320979320279,42423000
2013-10-03,7.396368980407715,7.396368980407715,7.112983199859645,7.112983199859645,120930000
2013-10-04,7.28301477432251,7.396368978407994,7.254676088172268,7.368030292257752,44920000
2013-10-07,7.22633695602417,7.283014324826617,7.1979982716229465,7.254675640425393,28975000
2013-10-08,7.424707412719727,7.4247074127197275,7.197998471723014,7.226337156912035,50942000
2013-10-09,7.25467586517334,7.3680300657744695,7.25467586517334,7.3680300657744695,40335000
2013-10-11,7.141321659088135,7.368030060116297,7.141321659088135,7.33969137485891,73202000
2013-10-14,6.971288204193115,7.169657866358032,6.942949526593751,7.141319729273985,55310000
2013-10-15,7.22633695602417,7.254675640425393,7.027966705731052,7.027966705731052,58601000
2013-10-16,7.056304931640625,7.22633648648452,7.056304931640626,7.141320979320279,37155000
2013-10-17,7.1696600914001465,7.25467615058224,7.112983259127569,7.1413219455216,37583000
2013-10-18,7.339691162109375,7.339691162109376,7.226336964880998,7.254675649316955,69440000
2013-10-21,7.368029594421387,7.396368277887632,7.283014084538081,7.368029594421387,48836000
2013-10-22,7.311352729797363,7.396368786036917,7.254675899486461,7.311352729797363,45316000
2013-10-23,7.25467586517334,7.3680300657744695,7.25467586517334,7.339691380495321,31761000
2013-10-24,7.22633695602417,7.254675640425393,7.169659587221723,7.1979982716229465,29981000
2013-10-25,7.112983226776123,7.226337431321203,7.056305854245842,7.197998745056062,49851000
2013-10-28,7.1696600914001465,7.226337464188209,7.084644572733538,7.112983259127569,31485000
2013-10-29,7.1696600914001465,7.25467615058224,7.1413219455216,7.1696600914001465,34464000
2013-10-30,7.424707412719727,7.4247074127197275,7.197998471723014,7.226337156912035,93855000
2013-10-31,7.056304931640625,7.311351993648762,7.056304931640626,7.311351993648762,143802000
2013-11-01,7.056304931640625,7.08464361420051,7.027966249080741,7.08464361420051,38758000
2013-11-04,6.99962854385376,7.027966687666696,6.942951175196993,7.027966687666696,52529000
2013-11-05,6.99962854385376,7.084644056323462,6.971289859525376,6.971289859525376,33477000
2013-11-06,6.971288204193115,7.027965018876527,6.942949526593751,6.99962688179248,34158000
2013-11-07,7.056304931640625,7.056304931640626,6.9429507419164995,6.971289424476384,26933000
2013-11-08,6.99962854385376,7.027966687666696,6.971289859525376,6.999628543853759,13264000
2013-11-11,6.8862738609313965,6.9996285991402605,6.8862738609313965,6.971289914588044,27325000
2013-11-12,6.857935428619385,6.9429509381869305,6.801258061897402,6.886273571464948,37719000
2013-11-13,6.801258087158203,6.857935454090693,6.772919403691958,6.829596770624448,52541000
2013-11-14,6.801258087158203,6.857935454090693,6.801258087158203,6.801258087158203,36202000
2013-11-15,6.829596996307373,6.88627382459731,6.8012583119046806,6.8579356807100655,21481000
2013-11-18,6.829596996307373,6.88627382459731,6.8012583119046806,6.8579356807100655,16855000
2013-11-19,6.829596996307373,6.8579356807100655,6.8012583119046806,6.8579356807100655,31002000
2013-11-20,6.801258087158203,6.857935454090693,6.801258087158203,6.829596770624448,23858000
2013-11-21,6.744580268859863,6.8012576319993485,6.716242127805514,6.8012576319993485,27947000
2013-11-22,6.772919178009033,6.801257860530994,6.744580495487071,6.744580495487071,13065000
2013-11-25,6.801258087158203,6.857935454090693,6.772919403691958,6.829596770624448,17793000
2013-11-26,6.829596996307373,6.914612509000002,6.772919627501988,6.772919627501988,28411000
2013-11-27,6.8862738609313965,6.914612545483612,6.829597032342415,6.829597032342415,25367000
2013-11-28,7.0279669761657715,7.056305661657462,6.914612774714479,6.914612774714479,68234000
2013-11-29,6.971288204193115,7.084642374075257,6.971288204193116,7.056303696475892,39035000
2013-12-02,6.971288204193115,7.056303696475892,6.942949526593751,6.971288204193116,25739000
2013-12-03,6.914612770080566,6.999628826498662,6.9146127700805655,6.9146127700805655,21652000
2013-12-04,6.8862738609313965,6.9429512300358285,6.857935716894631,6.8862738609313965,28998000
2013-12-05,6.857935428619385,6.9429509381869305,6.857935428619385,6.91461225482594,17328000
2013-12-06,6.857935428619385,6.91461225482594,6.829596745258393,6.857935428619385,19422000
2013-12-09,6.914612770080566,6.971290141025963,6.886274084607867,6.9146127700805655,33775000
2013-12-10,6.942951202392578,6.971289886831965,6.914612517953193,6.942951202392579,15339000
2013-12-11,6.942951202392578,6.999628571271351,6.8862738335138065,6.942951202392579,18628000
2013-12-12,6.8862738609313965,6.9429512300358285,6.8862738609313965,6.914612545483612,11965000
2013-12-13,6.914612770080566,6.942951455553264,6.886274084607867,6.9146127700805655,13372000
2013-12-16,6.829596996307373,6.914612509000002,6.829596996307373,6.88627382459731,19520000
2013-12-17,6.829596996307373,6.88627382459731,6.829596996307373,6.88627382459731,17546000
2013-12-18,6.829596996307373,6.88627382459731,6.8012583119046806,6.8579356807100655,20161000
2013-12-19,6.857935428619385,6.91461225482594,6.829596745258393,6.886273571464948,20039000
2013-12-20,6.942951202392578,6.971289886831965,6.829597005150483,6.857935689589869,40103000
2013-12-23,6.99962854385376,7.027966687666696,6.942951175196993,6.971289859525376,44112000
2013-12-24,6.942951202392578,7.056305399634674,6.942951202392579,7.056305399634674,21930000
2013-12-25,6.914612770080566,6.971290141025963,6.9146127700805655,6.942951455553264,21907000
2013-12-26,6.914612770080566,6.942951455553264,6.886274084607867,6.9146127700805655,16225000
2013-12-27,6.971288204193115,6.99962688179248,6.886272171395022,6.9146108489943865,33557000
2013-12-30,7.0279669761657715,7.0279669761657715,6.97129014569786,6.99962883118955,26590000
2013-12-31,6.99962854385376,7.056305371995079,6.971289859525376,7.027966687666696,29183000
2014-01-02,6.971288204193115,7.056303696475892,6.971288204193116,6.99962688179248,31227000
2014-01-03,6.942951202392578,6.971289886831965,6.914612517953193,6.942951202392579,27555000
2014-01-06,7.0279669761657715,7.1696598631087545,6.99962883118955,6.99962883118955,106009000
2014-01-07,7.141321659088135,7.169659803830057,7.056305603315976,7.112982973830748,78351000
2014-01-08,7.339691162109375,7.396368530981288,7.197998280445042,7.197998280445042,142101000
2014-01-09,7.28301477432251,7.396368978407994,7.283014774322509,7.368030292257752,88084000
2014-01-10,7.25467586517334,7.311352695216172,7.226337179894191,7.283014550452489,40721000
2014-01-13,7.1696600914001465,7.311352982854817,7.1413219455216,7.311352982854817,51807000
2014-01-14,7.141321659088135,7.169659803830057,7.0846442885733625,7.169659803830057,41592000
2014-01-15,7.197997570037842,7.283013614955042,7.169658888398775,7.197997570037842,72839000
2014-01-16,7.197997570037842,7.339690437717781,7.197997570037842,7.283013614955042,54125000
2014-01-17,7.22633695602417,7.254675640425393,7.1979982716229465,7.254675640425393,32276000
2014-01-20,7.25467586517334,7.25467586517334,7.197998494615042,7.226337179894191,23546000
2014-01-21,7.25467586517334,7.283014550452489,7.197998494615042,7.25467586517334,22986000
2014-01-22,7.22633695602417,7.254675640425393,7.1979982716229465,7.22633695602417,19427000
2014-01-23,7.28301477432251,7.368030292257752,7.226337402022026,7.226337402022026,67956000
2014-01-24,7.28301477432251,7.368030292257752,7.226337402022026,7.31135291995727,45724000
2014-01-27,6.99962854385376,7.141321424980228,6.971289859525376,7.141321424980228,99138000
2014-02-05,6.801258087158203,6.857935454090693,6.744580720225713,6.829596770624448,99630000
2014-02-06,6.829596996307373,6.88627382459731,6.8012583119046806,6.8012583119046806,43410000
2014-02-07,6.857935428619385,6.91461225482594,6.857935428619385,6.857935428619385,37139000
2014-02-10,6.857935428619385,6.91461225482594,6.857935428619385,6.857935428619385,15162000
2014-02-11,6.857935428619385,6.91461225482594,6.857935428619385,6.91461225482594,24485000
2014-02-12,6.914612770080566,6.942951455553264,6.857935939650636,6.9146127700805655,34879000
2014-02-13,6.914612770080566,6.942951455553264,6.886274084607867,6.9146127700805655,12172000
2014-02-14,6.971288204193115,6.99962688179248,6.9146108489943865,6.9146108489943865,41534000
2014-02-17,6.914612770080566,7.027966971455893,6.9146127700805655,6.999628826498662,17741000
2014-02-18,6.914612770080566,6.942951455553264,6.857935939650636,6.9146127700805655,26726000
2014-02-19,6.942951202392578,6.942951202392579,6.8862738335138065,6.914612517953193,12939000
2014-02-20,6.914612770080566,6.942951455553264,6.886274084607867,6.942951455553264,18866000
2014-02-21,6.971288204193115,6.971288204193116,6.9146108489943865,6.942949526593751,23412000
2014-02-24,6.942951202392578,6.999628571271351,6.914612517953193,6.971289886831965,20778000
2014-02-25,6.942951202392578,6.971289886831965,6.914612517953193,6.942951202392579,20066000
2014-02-26,6.99962854385376,7.112982740651845,6.942951175196993,6.971289859525376,62414000
2014-02-27,6.971288204193115,7.084642374075257,6.971288204193116,7.056303696475892,27761000
2014-03-03,7.084644317626953,7.1696598332322905,6.999628802021617,6.999628802021617,99987000
2014-03-04,7.0279669761657715,7.141321718132533,6.99962883118955,7.084644347149152,39048000
2014-03-05,7.056304931640625,7.141320979320279,7.056304931640626,7.08464361420051,33448000
2014-03-06,7.197997570037842,7.254674933315975,7.084643383996969,7.084643383996969,73491000
2014-03-07,7.1696600914001465,7.283014836976271,7.1413219455216,7.25467615058224,73617000
2014-03-10,7.084644317626953,7.197998518605892,7.056305632253353,7.197998518605892,45788000
2014-03-11,7.22633695602417,7.254675640425393,7.0846440745335,7.141321443335947,58331000
2014-03-12,7.311352729797363,7.311352729797363,7.169659843246906,7.197998528660092,63302000
2014-03-13,7.396368980407715,7.481384498365943,7.339691608091909,7.339691608091909,183427000
2014-03-14,7.311352729797363,7.3680301006237325,7.254675899486461,7.339691415210548,65196000
2014-03-17,7.339691162109375,7.396368530981288,7.311352477673419,7.339691162109376,44616000
2014-03-18,7.396368980407715,7.4247076665656175,7.339691608091909,7.396368980407715,56831000
2014-03-19,7.28301477432251,7.396368978407994,7.283014774322509,7.396368978407994,43066000
2014-03-20,7.1696600914001465,7.226337464188209,7.1696600914001465,7.226337464188209,50424000
2014-03-21,7.084644317626953,7.226337203979493,7.084644317626953,7.197998518605892,49710000
2014-03-24,7.1696600914001465,7.1696600914001465,7.056305886339507,7.084644572733538,26289000
2014-03-25,7.197997570037842,7.2263362516769085,7.112982065636036,7.141320747275103,22977000
2014-03-26,7.311352729797363,7.339691415210548,7.2263372140732764,7.254675899486461,50572000
2014-03-27,7.311352729797363,7.3680301006237325,7.283014584899646,7.339691415210548,33023000
2014-03-28,7.311352729797363,7.424707471450102,7.283014584899646,7.311352729797363,56324000
2014-03-31,7.28301477432251,7.368030292257752,7.254676088172268,7.339691606107511,40620000
2014-04-01,7.368029594421387,7.368029594421387,7.254675401071836,7.283014084538081,34499000
2014-04-02,7.311352729797363,7.396368786036917,7.311352729797363,7.3680301006237325,49030000
2014-04-03,7.396368980407715,7.396368980407715,7.311352921934005,7.311352921934005,42293000
2014-04-07,7.339691162109375,7.396368530981288,7.311352477673419,7.339691162109376,41520000
2014-04-08,7.396368980407715,7.4247076665656175,7.311352921934005,7.311352921934005,34018000
2014-04-09,7.424707412719727,7.4247074127197275,7.339691357152661,7.4247074127197275,47038000
2014-04-10,7.481382846832275,7.594737025925194,7.424706027543498,7.481382846832275,80788000
2014-04-11,7.424707412719727,7.453045557393287,7.368030042341683,7.4247074127197275,32580000
2014-04-14,7.339691162109375,7.396368530981288,7.311352477673419,7.396368530981288,20626000
2014-04-15,7.339691162109375,7.3680298465453316,7.283014333752911,7.3680298465453316,28795000
2014-04-16,7.28301477432251,7.368030292257752,7.283014774322509,7.368030292257752,35449000
2014-04-17,7.28301477432251,7.339691606107511,7.283014774322509,7.339691606107511,27520000
2014-04-18,7.339691162109375,7.3680298465453316,7.283014333752911,7.339691162109376,18092000
2014-04-21,7.311352729797363,7.3680301006237325,7.283014584899646,7.339691415210548,15909000
2014-04-22,7.28301477432251,7.368030292257752,7.283014774322509,7.339691606107511,31869000
2014-04-23,7.481382846832275,7.538060206636415,7.339689987837288,7.368028667739358,90927000
2014-04-24,7.45304536819458,7.481384052664213,7.424707224240396,7.481384052664213,33380000
2014-04-25,7.25467586517334,7.45304558109645,7.14132166457221,7.396368751053618,62353000
2014-04-28,7.25467586517334,7.339691380495321,7.1696598093358945,7.1696598093358945,42048000
2014-04-29,7.396368980407715,7.481384498365943,7.283014776291584,7.339691608091909,63915000
2014-04-30,7.396368980407715,7.481384498365943,7.339691608091909,7.4247076665656175,59517000
2014-05-02,7.45304536819458,7.481384052664213,7.368029855301131,7.424707224240396,93213000
2014-05-05,7.339691162109375,7.4813840437737085,7.339691162109376,7.453045359337753,48509000
2014-05-06,7.396368980407715,7.396368980407715,7.311352921934005,7.368030294249811,42918000
2014-05-07,7.368029594421387,7.453045104304692,7.368029594421387,7.396368277887632,47239000
2014-05-08,7.594738006591797,7.594738006591796,7.424706986254933,7.453045129300789,98276000
2014-05-09,7.509721755981445,7.623075938534693,7.481383075214288,7.5947372577675365,40563000
2014-05-12,7.424707412719727,7.538061612960353,7.396368727530705,7.538061612960353,35289000
2014-05-13,7.424707412719727,7.481384242582309,7.4247074127197275,7.481384242582309,21001000
2014-05-14,7.56640100479126,7.566401004791261,7.453046253448736,7.453046253448736,44666000
2014-05-15,7.509721755981445,7.566399117515758,7.453044394447132,7.5380604367486015,14644000
2014-05-16,7.509721755981445,7.509721755981445,7.424706254195353,7.453044394447132,20688000
2014-05-19,7.538061141967773,7.5663998253861395,7.4813837751310395,7.5380611419677725,19326000
2014-05-20,7.538061141967773,7.5663998253861395,7.4813837751310395,7.5380611419677725,23274000
2014-05-21,7.481382846832275,7.538060206636415,7.453044166930206,7.509721526734346,17443000
2014-05-22,7.56640100479126,7.594739152111378,7.509723629119999,7.53806231695563,38887000
2014-05-23,7.56640100479126,7.623077839947009,7.509723629119999,7.594739152111378,24868000
2014-05-26,7.594738006591797,7.594738006591796,7.538061179984652,7.594738006591796,27107000
2014-05-27,7.736430644989014,7.7647693276752285,7.56639962990255,7.59473777207335,72153000
2014-05-28,8.019816398620605,8.048155081334384,7.764769335227431,7.764769335227431,123849000
2014-05-29,7.821446895599365,8.133171332189622,7.821446895599366,8.048155281929319,107562000
2014-05-30,7.96314001083374,8.048155523126466,7.793108445732844,7.8781239580255695,96625000
2014-06-03,8.019816398620605,8.019816398620605,7.906462208280907,8.019816398620605,52370000
2014-06-04,8.104832649230957,8.104832649230957,8.019816598965814,8.076493965809243,48327000
2014-06-05,8.076494216918945,8.274864466523132,8.076494216918945,8.10483290122175,83143000
2014-06-06,8.274864196777344,8.274864196777344,8.104832637018687,8.218186830019315,53375000
2014-06-09,8.189848899841309,8.274864957797078,8.104833382401019,8.274864957797078,27886000
2014-06-10,8.133171081542969,8.27486395376138,8.07649371644944,8.246525271214615,40703000
2014-06-11,8.218188285827637,8.218188285827637,8.104834072746911,8.161510909029513,28868000
2014-06-12,8.529911994934082,8.55825068073429,8.274864903763161,8.274864903763161,146465000
2014-06-13,8.444896697998047,8.558251451406496,8.444896697998047,8.529912763054384,108704000
2014-06-16,8.331542015075684,8.501573595080389,8.331542015075684,8.444896221573657,68156000
2014-06-17,8.331542015075684,8.473234908327022,8.331542015075684,8.444896221573657,95294000
2014-06-18,8.218188285827637,8.388219875706485,8.161510909029513,8.388219875706485,91498000
2014-06-19,8.444896697998047,8.444896697998047,8.189849583860084,8.218188272212195,71719000
2014-06-20,8.246527671813965,8.501574807949332,8.246527671813965,8.501574807949332,43812000
2014-06-23,8.218188285827637,8.33154249890836,8.218188285827637,8.303203810509299,44851000
2014-06-24,8.246527671813965,8.33154320368723,8.18985029022141,8.246527671813965,32595000
2014-06-25,8.274864196777344,8.30320233964093,8.189848146640301,8.30320233964093,38197000
2014-06-26,8.558250427246094,8.699943311534835,8.303202803113996,8.331541488074835,137798000
2014-06-27,8.416557312011719,8.558250192412485,8.416557312011719,8.501572824046,57083000
2014-06-30,8.473235130310059,8.529912505301633,8.41655829583399,8.41655829583399,72521000
2014-07-01,8.643265724182129,8.72828123641053,8.41655733122943,8.501572843457833,126616000
2014-07-02,8.67160415649414,8.954989909709534,8.643265473069516,8.728280982827961,167124000
2014-07-03,8.869974136352539,8.898312820661886,8.72828125532125,8.72828125532125,127596000
2014-07-04,9.351730346679688,9.465085086324533,8.954990379469095,8.954990379469095,198808000
2014-07-07,9.322505950927734,9.46862729301155,9.234833703084004,9.410178756178023,127768000
2014-07-08,9.117937088012695,9.410178654200198,9.088712819912635,9.351730118000077,82270000
2014-07-09,9.059488296508789,9.17638480820824,9.001039761955797,9.117936831061783,61225000
2014-07-10,9.176384925842285,9.293281439040259,9.088712680295442,9.264057728795672,84558000
2014-07-11,8.942593574523926,9.117938655868835,8.825697039429535,9.117938655868835,81759000
2014-07-14,9.264057159423828,9.52707387989927,9.030263589990366,9.059487855845362,98833000
2014-07-15,9.176384925842285,9.351729974342517,9.147160658191156,9.293281439040259,48485000
2014-07-16,9.030265808105469,9.176386615865773,9.001041535072078,9.147162342832383,41718000
2014-07-17,8.825695991516113,8.94259251273087,8.79647172186078,8.94259251273087,88359000
2014-07-18,8.91336727142334,8.91336727142334,8.650349988010184,8.708797963542818,55576000
2014-07-21,9.088713645935059,9.351730967926676,9.088713645935059,9.17638590079673,116940000
2014-07-22,9.176384925842285,9.234833461144543,9.059488412644313,9.117936947946571,57611000
2014-07-23,9.176384925842285,9.176384925842285,9.176384925842285,9.176384925842285,0
2014-07-24,9.147160530090332,9.205609064574052,9.08871255301315,9.147160530090332,42755000
2014-07-25,8.91336727142334,9.11793657930386,8.884143004953762,9.11793657930386,52967000
2014-07-28,8.679574012756348,8.854918491877482,8.679574012756348,8.825694783628297,77758000
2014-07-29,8.562678337097168,8.767247672416183,8.53345462411439,8.67957541865466,67850000
2014-07-30,8.708799362182617,8.738023633345634,8.591902834937157,8.591902834937157,53617000
2014-07-31,8.21198844909668,8.475005757681338,8.124315641297411,8.475005757681338,180511000
2014-08-01,7.919747352600098,7.978195337278781,7.890523081557452,7.919747352600098,144747000
2014-08-04,7.948970794677734,7.948970794677735,7.802850012109443,7.832073722697861,106515000
2014-08-05,7.715176582336426,7.89052161867722,7.715176582336426,7.861297353052671,109139000
2014-08-06,7.802849769592285,7.861297746359075,7.6859527012456414,7.715176968332303,67248000
2014-08-07,7.773625373840332,7.94897041605154,7.773625373840332,7.861297616242674,63694000
2014-08-08,7.656729698181152,7.7736262199092785,7.598281158613798,7.715177680341924,88209000
2014-08-11,7.744400978088379,7.773625244203977,7.598280204916899,7.598280204916899,54440000
2014-08-12,7.627504348754883,7.744400853936779,7.627504348754883,7.744400853936779,39163000
2014-08-13,7.685952186584473,7.71517645171424,7.6275042137314335,7.656728478861201,25730000
2014-08-14,7.773625373840332,7.89052188284563,7.715176840634422,7.715176840634422,59771000
2014-08-15,7.715176582336426,7.802849379210075,7.715176582336426,7.773625113585526,23166000
2014-08-18,7.656729698181152,7.7736262199092785,7.656729698181152,7.715177680341924,24042000
2014-08-19,7.715176582336426,7.773625113585526,7.656728608493831,7.744400847960976,23109000
2014-08-20,7.744400978088379,7.83207321902866,7.744400978088379,7.773625244203977,39156000
2014-08-21,7.715176582336426,7.802849379210075,7.715176582336426,7.773625113585526,22918000
2014-08-22,7.890520095825195,8.00741657835614,7.715175093325579,7.715175093325579,90693000
2014-08-25,7.861297607421875,7.890521873992039,7.832073340851712,7.890521873992039,25885000
2014-08-26,7.919747352600098,7.978195337278781,7.832074539472162,7.861298810514807,50357000
2014-08-27,7.948970794677734,8.06586730925106,7.948970794677735,7.948970794677735,67756000
2014-08-28,7.978193283081055,8.007417546599138,7.8905210499332705,7.948969576969436,48126000
2014-08-29,7.978193283081055,8.095090337153385,7.919745313451354,7.948969576969436,43951000
2014-09-01,8.036643028259277,8.095091564154691,8.00741876031157,8.036643028259277,42995000
2014-09-02,7.832074165344238,8.036643495464139,7.832074165344238,8.036643495464139,50193000
2014-09-03,7.861297607421875,7.890521873992039,7.80284963168807,7.890521873992039,48218000
2014-09-04,7.832074165344238,7.890522704637519,7.8028504531041785,7.890522704637519,21548000
2014-09-05,7.773625373840332,7.89052188284563,7.773625373840332,7.89052188284563,32909000
2014-09-09,7.802849769592285,7.861297746359075,7.802849769592286,7.832073479272414,21218000
2014-09-10,7.744400978088379,7.802849510319575,7.71517671197278,7.773625244203977,29065000
2014-09-11,7.715176582336426,7.773625113585526,7.685952316711876,7.744400847960976,19353000
2014-09-12,7.569056510925293,7.744401563466216,7.5398322426007125,7.715177295141636,55423000
2014-09-15,7.539832592010498,7.569056861689385,7.452160340380421,7.539832592010499,35027000
2014-09-16,7.364488124847412,7.53983262896702,7.364488124847412,7.53983262896702,38596000
2014-09-17,7.539832592010498,7.627505401047158,7.422936070701534,7.481384610059307,46844000
2014-09-18,7.510608196258545,7.598280439910282,7.481383929239122,7.598280439910282,16950000
2014-09-19,7.569056510925293,7.627505047574452,7.5398322426007125,7.569056510925292,32154000
2014-09-22,7.452159881591797,7.569056395704084,7.422935613712088,7.569056395704084,30263000
2014-09-23,7.452159881591797,7.510608417351214,7.422935613712088,7.452159881591797,23224000
2014-09-24,7.481382846832275,7.51060710962353,7.452158584041021,7.452158584041021,23141000
2014-09-25,7.422935485839844,7.539831997938397,7.364487508493837,7.510608287968663,43621000
2014-09-26,7.393709659576416,7.481382443220336,7.3060374333389175,7.364485955768197,27481000
2014-09-29,7.364488124847412,7.452160376907216,7.364488124847412,7.4229361070850866,32268000
2014-09-30,7.364488124847412,7.4229361070850866,7.218367333143349,7.393711837262957,56792000
2014-10-01,7.335262298583984,7.422934532040952,7.306038034962841,7.335262298583985,29947000
2014-10-02,7.422935485839844,7.422935485839845,7.276814706365019,7.306038973741291,26872000
2014-10-03,7.539832592010498,7.598281131368272,7.393711801022647,7.393711801022647,50995000
2014-10-06,7.539832592010498,7.598281131368272,7.481384610059307,7.539832592010499,27623000
2014-10-07,7.481382846832275,7.539830815008335,7.422934321249765,7.481382846832275,24531000
2014-10-08,7.539832592010498,7.627505401047158,7.393711801022647,7.422936070701534,37929000
2014-10-09,7.539832592010498,7.656729670726046,7.539832592010499,7.598281131368272,54941000
2014-10-13,7.189143180847168,7.306039704640091,7.159918910547289,7.306039704640091,61423000
2014-10-14,7.335262298583984,7.393710268419808,7.218365801505873,7.247589507720551,49759000
2014-10-15,7.247589588165283,7.335262380001842,7.189141617680716,7.306038116056322,57046000
2014-10-16,7.189143180847168,7.276815434340212,7.101470369947531,7.189143180847168,45597000
2014-10-17,7.043022155761719,7.276815195679767,7.04302215576172,7.276815195679767,55758000
2014-10-20,7.218366622924805,7.247590332465014,7.130693822084584,7.159918089031324,39974000
2014-10-21,7.189143180847168,7.247591164040333,7.159918910547289,7.2183674511470475,12980000
2014-10-22,7.276815891265869,7.335264435535727,7.24759161913094,7.24759161913094,43018000
2014-10-23,7.306038856506348,7.335263123413679,7.218366613190883,7.247590322691685,22387000
2014-10-24,7.218366622924805,7.335263133305234,7.218366622924804,7.306038866358494,19606000
2014-10-27,7.218366622924805,7.306038866358494,7.218366622924804,7.306038866358494,16566000
2014-10-28,7.276815891265869,7.306040163400798,7.24759161913094,7.276815891265869,21187000
2014-10-29,7.393709659576416,7.452158182005696,7.3060374333389175,7.335261694553557,47180000
2014-10-30,7.715176582336426,7.715176582336426,7.539831545995631,7.5982800772447305,123118000
2014-10-31,7.832074165344238,7.832074165344238,7.6567296622775585,7.773626183457538,52993000
2014-11-03,7.802849769592285,7.890522013445737,7.744401235418963,7.890522013445737,49726000
2014-11-04,7.802849769592285,7.861297746359075,7.715176968332303,7.802849769592286,35281000
2014-11-05,7.832074165344238,7.832074165344238,7.715177644164258,7.832074165344238,31427000
2014-11-06,7.773625373840332,7.832073349639719,7.715176840634422,7.802849640443288,30993000
2014-11-07,7.744400978088379,7.802849510319575,7.71517671197278,7.71517671197278,17392000
2014-11-10,7.948970794677734,8.06586730925106,7.773625744114474,7.802850012109443,99409000
2014-11-11,7.948970794677734,8.007418773261122,7.8612979906928295,7.978194505266154,50033000
2014-11-12,7.861297607421875,7.978194116296009,7.861297607421875,7.890521873992039,31632000
2014-11-13,7.890520095825195,7.919744355809531,7.832071575856524,7.890520095825195,21834000
2014-11-14,7.978193283081055,8.007417546599138,7.8612967864151875,7.8905210499332705,48811000
2014-11-17,7.802849769592285,8.007418524385848,7.773625502505625,8.007418524385848,35675000
2014-11-18,7.715176582336426,7.861297353052671,7.627504342869281,7.832073087428121,39647000
2014-11-19,7.861297607421875,7.861297607421875,7.685952565407415,7.715176831977578,47537000
2014-11-20,8.21198844909668,8.241212718363103,7.861298332712754,7.8905226019791765,179240000
2014-11-21,8.21198844909668,8.270436430222952,8.124315641297411,8.241212718363103,76747000
2014-11-24,8.124314308166504,8.270435073114868,8.124314308166504,8.241211366050381,39244000
2014-11-25,8.182764053344727,8.182764053344727,8.09509180430723,8.182764053344727,28237000
2014-11-26,8.095090866088867,8.18276310496518,8.095090866088867,8.153538839537575,27823000
2014-11-27,8.153539657592773,8.328884710344495,8.12431538923306,8.182763925952486,85455000
2014-11-28,8.036643028259277,8.182763810591265,8.036643028259277,8.182763810591265,55033000
2014-12-01,7.978193283081055,8.095090337153385,7.832072522897105,7.8612967864151875,49268000
2014-12-02,7.919747352600098,8.007419608321426,7.861298810514807,7.978195337278781,41457000
2014-12-03,8.124314308166504,8.124314308166504,7.948969836153651,8.007417807689107,35677000
2014-12-04,8.416557312011719,8.562678102549468,8.182764270113953,8.182764270113953,168026000
2014-12-05,8.32888412475586,8.475004898874383,8.32888412475586,8.387332657365876,64596000
2014-12-08,8.32888412475586,8.56267714038289,8.32888412475586,8.416556366264366,77734000
2014-12-09,8.32888412475586,8.387332657365876,8.270435592145843,8.270435592145843,40105000
2014-12-10,8.095090866088867,8.299659609269096,8.095090866088867,8.270435343841491,52000000
2014-12-11,8.095090866088867,8.18276310496518,7.978193804378449,8.065866600661263,36887000
2014-12-12,8.065866470336914,8.211987237707486,8.065866470336914,8.182762972752075,27171000
2014-12-15,8.38733196258545,8.4457799329473,8.065866174672616,8.065866174672616,67593000
2014-12-16,8.153539657592773,8.387333247063921,8.153539657592773,8.358108978704207,86917000
2014-12-17,7.948970794677734,8.153539555829415,7.948970794677735,8.095091577246027,74664000
2014-12-18,8.153539657592773,8.2119881943122,8.065867409920191,8.095091678279903,60406000
2014-12-19,8.32888412475586,8.416556366264366,8.211987616942343,8.24121188324735,103833000
2014-12-22,8.445781707763672,8.533454517839926,8.358109455094006,8.416557437738254,73673000
2014-12-23,8.621125221252441,8.65034948602612,8.504228719564214,8.504228719564214,102110000
2014-12-24,8.679574012756348,8.767246252316914,8.621125481444967,8.650349747100657,71215000
2014-12-25,8.591902732849121,8.767247800337184,8.562678462033343,8.708799258705628,27202000
2014-12-26,8.650350570678711,8.650350570678711,8.504229785894971,8.591902033802592,27794000
2014-12-29,8.591902732849121,8.767247800337184,8.591902732849121,8.650351274480677,63979000
2014-12-30,8.475006103515625,8.738023422833066,8.387333849545342,8.679575439321743,60563000
2014-12-31,8.621125221252441,8.65034948602612,8.475004454790534,8.504228719564214,45368000
2015-01-05,8.91336727142334,9.030263779895128,8.562677188601452,8.621125721540606,115816000
2015-01-06,8.621125221252441,8.825694517261704,8.621125221252441,8.767245987714347,73895000
2015-01-07,8.650350570678711,8.738022818586332,8.562677765364532,8.62112630224065,46863000
2015-01-08,8.708799362182617,8.825696446834687,8.708799362182617,8.767247904508652,65614000
2015-01-09,8.825695991516113,8.94259251273087,8.767247452205446,8.884143973420201,93567000
2015-01-12,9.205609321594238,9.410178640592287,8.913367755829341,8.913367755829341,232802000
2015-01-13,9.088713645935059,9.322506697170585,9.059489375178966,9.234834442308912,102386000
2015-01-14,8.91336727142334,9.059488046364706,8.854918738484184,9.030263779895128,106271000
2015-01-15,8.79647159576416,9.030264634842272,8.79647159576416,8.913368115303216,96255000
2015-01-16,8.591902732849121,9.03026512286598,8.591902732849121,8.82569634196874,161590000
2015-01-19,8.79647159576416,8.854919576830401,8.708798788054938,8.738023057291347,79718000
2015-01-20,8.884142875671387,8.942591407759997,8.854918609627083,8.913367141715693,45314000
2015-01-21,8.85491943359375,8.971816508648459,8.796471453472961,8.942592239884782,47758000
2015-01-22,9.030265808105469,9.088714354172248,8.913369273378555,8.942593546411944,85502000
2015-01-23,9.117937088012695,9.176385066806265,9.059488551812574,9.147160798706205,95295000
2015-01-26,9.059488296508789,9.17638480820824,9.001039761955797,9.059488296508789,55949000
2015-01-27,9.030265808105469,9.117938627205639,8.942593546411944,9.117938627205639,58564000
2015-01-28,9.147160530090332,9.147160530090332,8.942591774210387,9.00103975128757,87927000
2015-01-29,8.97181510925293,9.176383843877552,8.913366580842194,9.147159579672184,101729000
2015-01-30,9.001039505004883,9.117936570773832,8.971815795969166,9.059488037889357,84579000
2015-02-02,9.030265808105469,9.088714354172248,8.971817819445334,9.030265808105469,55795000
2015-02-03,9.147160530090332,9.205609064574052,9.08871255301315,9.08871255301315,99918000
2015-02-04,9.147160530090332,9.293281308893095,9.147160530090332,9.264057599057772,106648000
2015-02-05,9.205609321594238,9.234833589652037,9.11793707482739,9.234833589652037,52986000
2015-02-06,9.147160530090332,9.234833331815912,9.147160530090332,9.234833331815912,43503000
2015-02-09,9.147160530090332,9.205609064574052,9.08871255301315,9.147160530090332,38957000
2015-02-10,9.001039505004883,9.234833079136262,9.001039505004883,9.205608812694026,42900000
2015-02-11,9.205609321594238,9.234833589652037,9.05948853871179,9.11793707482739,73934000
2015-02-12,9.147160530090332,9.264057599057772,9.117936820255007,9.264057599057772,40397000
2015-02-13,9.117937088012695,9.205609334906326,9.059488551812574,9.176385066806265,45647000
2015-02-24,9.264057159423828,9.264057159423828,9.117936387555355,9.234832893568832,70595000
2015-02-25,9.380953788757324,9.380953788757324,9.234833563692183,9.26405783166783,88001000
2015-02-26,9.351730346679688,9.38095405808781,9.234833828827504,9.351730346679688,67130000
2015-03-02,9.264057159423828,9.410177931292303,9.205608627713836,9.380953108030797,60203000
2015-03-03,9.264057159423828,9.322505133727313,9.176384361858839,9.293280867872316,47857000
2015-03-04,9.205609321594238,9.322505836418888,9.205609321594238,9.234833589652037,50751000
2015-03-05,9.147160530090332,9.264057599057772,9.147160530090332,9.176384797332192,51109000
2015-03-06,9.147160530090332,9.205609064574052,9.08871255301315,9.147160530090332,55247000
2015-03-09,9.176384925842285,9.176384925842285,9.059488412644313,9.117936947946571,58867000
2015-03-10,9.176384925842285,9.293281439040259,9.176384925842285,9.205609193493414,61412000
2015-03-11,9.147160530090332,9.293281308893095,9.08871255301315,9.117936820255007,56671000
2015-03-12,9.234832763671875,9.293280737153232,9.14715996734009,9.14715996734009,43902000
2015-03-13,9.176384925842285,9.293281439040259,9.176384925842285,9.264057728795672,22110000
2015-03-16,9.147160530090332,9.205609064574052,9.117936820255007,9.205609064574052,29455000
2015-03-17,9.147160530090332,9.234833331815912,9.147160530090332,9.176384797332192,26191000
2015-03-18,9.205609321594238,9.234833589652037,9.08871280676959,9.147160785478638,50814000
2015-03-19,9.264057159423828,9.322505133727313,9.205608627713836,9.293280867872316,46486000
2015-03-20,9.147160530090332,9.264057599057772,9.117936820255007,9.205609064574052,38471000
2015-03-23,9.205609321594238,9.234833589652037,9.147160785478638,9.205609321594238,29920000
2015-03-24,9.176384925842285,9.234833461144543,9.117936947946571,9.205609193493414,28070000
2015-03-25,9.117937088012695,9.234833603006386,9.117937088012695,9.205609334906326,30187000
2015-03-26,8.91336727142334,8.971815804362494,8.79647076295155,8.942591537892916,76941000
2015-03-27,8.884142875671387,9.030263648486399,8.884142875671387,8.942591407759997,59408000
2015-03-30,8.942593574523926,9.030265836493056,8.884145028273407,8.942593574523926,35479000
2015-03-31,9.059488296508789,9.059488296508789,8.942591784809338,9.030264029232292,43287000
2015-04-01,8.91336727142334,9.030263779895128,8.91336727142334,9.030263779895128,23013000
2015-04-02,9.059488296508789,9.059488296508789,8.942591784809338,8.971816052085835,32865000
2015-04-07,9.234832763671875,9.234832763671875,9.14715996734009,9.176384232784018,43496000
2015-04-08,9.147160530090332,9.205609064574052,9.117936820255007,9.176384797332192,34418000
2015-04-09,9.001039505004883,9.147160279809551,9.001039505004883,9.117936570773832,42211000
2015-04-10,8.91336727142334,9.088712312834282,8.884143004953762,9.030263779895128,37189000
2015-04-13,8.91336727142334,9.030263779895128,8.884143004953762,8.942591537892916,50510000
2015-04-14,8.825695991516113,8.971816782386204,8.79647172186078,8.913368243075535,50272000
2015-04-15,8.504229545593262,8.738022571678396,8.475005277980983,8.738022571678396,116661000
2015-04-16,8.591902732849121,8.591902732849121,8.50423047780839,8.562678462033343,50387000
2015-04-17,8.358107566833496,8.445779799696284,8.328883303410413,8.445779799696284,67175000
2015-04-20,8.182764053344727,8.270436302382222,8.065867535492544,8.211988322159414,86143000
2015-04-21,8.21198844909668,8.270436430222952,8.124315641297411,8.182764179830258,51767000
2015-04-22,8.241211891174316,8.328884132767152,8.211987624841198,8.241211891174316,45402000
2015-04-23,8.533453941345215,8.533453941345215,8.299660354342857,8.328884622393971,78217000
2015-04-24,8.562678337097168,8.708799131637438,8.53345462411439,8.59190260748654,101324000
2015-04-27,8.708799362182617,8.767247904508652,8.591902834937157,8.591902834937157,78787000
2015-04-28,8.679574012756348,8.825694783628297,8.679574012756348,8.796470517972606,46088000
2015-04-29,8.562678337097168,8.73802340202681,8.53345462411439,8.67957541865466,44081000
2015-04-30,8.533453941345215,8.679574724194232,8.416556869140761,8.679574724194232,78270000
2015-05-04,8.358107566833496,8.591900559405238,8.358107566833496,8.562676295982154,54001000
2015-05-05,8.358107566833496,8.38733183025658,8.29965903998733,8.328883303410413,33861000
2015-05-06,8.38733196258545,8.475004196831462,8.299659170932966,8.328883434817126,28514000
2015-05-07,8.21198844909668,8.328884968755798,8.182764179830258,8.328884968755798,61619000
2015-05-08,8.095090866088867,8.270435343841491,8.095090866088867,8.211987370392784,60457000
2015-05-11,8.182764053344727,8.270436302382222,8.15353978453004,8.211988322159414,57001000
2015-05-12,8.036643028259277,8.095091564154691,7.773625731543011,7.890522245927291,149168000
2015-05-13,8.153539657592773,8.2119881943122,7.978194604841051,8.036643141560477,62574000
2015-05-14,8.036643028259277,8.182763810591265,8.036643028259277,8.153539542643557,51691000
2015-05-15,8.036643028259277,8.12431527469585,8.00741876031157,8.036643028259277,32410000
2015-05-18,7.948970794677734,8.06586730925106,7.948970794677735,8.03664304125609,33793000
2015-05-19,8.153539657592773,8.241212462671912,8.007418873200765,8.036643141560477,53209000
2015-05-20,8.124314308166504,8.241211366050381,8.095090601102017,8.153538572637473,32236000
2015-05-21,8.065866470336914,8.124314442841248,7.978193675470676,8.095090735292327,34083000
2015-05-22,8.124314308166504,8.153538572637473,8.065866336631046,8.124314308166504,37323000
2015-05-25,8.065866470336914,8.182762972752075,8.065866470336914,8.182762972752075,17890000
2015-05-26,8.124314308166504,8.182762837108442,8.095090601102017,8.153538572637473,20160000
2015-05-27,8.153539657592773,8.182763925952486,8.065867409920191,8.153539657592773,22600000
2015-05-28,8.241211891174316,8.270435600100916,8.18276335850808,8.241211891174316,42407000
2015-05-29,8.124314308166504,8.270435073114868,8.124314308166504,8.241211366050381,45210000
2015-06-01,8.036643028259277,8.12431527469585,7.978194492363863,8.095091564154691,45615000
2015-06-02,8.007417678833008,8.153538441429983,7.978193414832318,8.036641942833697,50282000
2015-06-03,8.065866470336914,8.124314442841248,8.00741794042609,8.0366422053815,33379000
2015-06-04,7.861297607421875,8.036642649436336,7.832073340851712,8.007418382866172,67634000
2015-06-05,7.802849769592285,7.948970547619059,7.802849769592286,7.832073479272414,45509000
2015-06-08,7.715176582336426,7.832073087428121,7.685952316711876,7.773625113585526,46156000
2015-06-09,7.627504348754883,7.832073093471575,7.569055817460683,7.715176588289679,63108000
2015-06-10,7.744400978088379,7.744400978088379,7.598280204916899,7.6567287371480965,63271000
2015-06-11,7.656729698181152,7.802850489692956,7.627505428397475,7.7736262199092785,42656000
2015-06-12,7.656729698181152,7.685953410558246,7.598281158613798,7.656729698181152,29924000
2015-06-15,7.715176582336426,7.715176582336426,7.627504342869281,7.656728608493831,34718000
2015-06-16,7.598280906677246,7.715177424529429,7.598280906677246,7.65672944430662,24865000
2015-06-17,7.569056510925293,7.656729315899032,7.569056510925292,7.5982807792498726,35305000
2015-06-18,7.598280906677246,7.65672944430662,7.598280906677246,7.598280906677246,32686000
2015-06-22,7.685952186584473,7.744400716844006,7.598279948601666,7.598279948601666,50412000
2015-06-23,7.773625373840332,7.802849640443288,7.715176840634422,7.744401107237377,39557000
2015-06-24,7.744400978088379,7.802849510319575,7.685952445857182,7.773625244203977,24060000
2015-06-25,7.919747352600098,7.919747352600098,7.744402283750833,7.802850825836124,58866000
2015-06-26,7.744400978088379,7.919746017375456,7.744400978088379,7.8905217512598576,40585000
2015-06-29,7.510608196258545,7.656728973949128,7.481383929239122,7.627504706929705,66143000
2015-06-30,7.627504348754883,7.656728614401984,7.481383577925888,7.510607843572988,50477000
2015-07-01,7.744400978088379,7.773625244203977,7.627504471032498,7.6567287371480965,38499000
2015-07-02,7.685952186584473,7.773624981973773,7.685952186584473,7.685952186584473,43837000
2015-07-03,7.773625373840332,7.773625373840332,7.685952574031467,7.715176840634422,24991000
2015-07-06,7.627504348754883,7.773625119583879,7.598280083107783,7.715176588289679,39201000
2015-07-07,7.539832592010498,7.715177652677236,7.539832592010499,7.627505401047158,51195000
2015-07-08,7.247589588165283,7.539831112807535,7.189141617680716,7.510607406268488,102428000
2015-07-09,7.276815891265869,7.306040163400798,7.043022828999695,7.159919360132783,57744000
2015-07-10,7.276815891265869,7.276815891265869,7.276815891265869,7.276815891265869,0
2015-07-13,7.335262298583984,7.36448656220513,7.306038034962841,7.306038034962841,94328000
2015-07-14,7.426766872406006,7.549018649137693,7.426766872406006,7.457329816588928,56621000
2015-07-15,7.457329750061035,7.5184556378815675,7.396204445180174,7.5184556378815675,41339000
2015-07-16,7.457329750061035,7.549018581791833,7.42676680615077,7.5184556378815675,28863000
2015-07-17,7.335078716278076,7.457329911628109,7.304515771705648,7.396204605422933,61789000
2015-07-20,7.304515838623047,7.396204673180303,7.273952893770629,7.396204673180303,49237000
2015-07-21,7.365640640258789,7.365640640258788,7.273951819246013,7.335077699921197,50197000
2015-07-22,7.029449462890625,7.335077700407609,6.998886522551007,7.30451476006799,121011000
2015-07-23,6.815510272979736,7.090576185768245,6.784947911949608,7.0294502978286495,86616000
2015-07-24,6.907198905944824,6.907198905944824,6.815510076676295,6.846073019765805,37902000
2015-07-27,6.784946918487549,6.937761033021597,6.784946918487549,6.90719809352687,41269000
2015-07-28,6.662694454193115,6.815508552527264,6.662694454193115,6.723820326702584,77540000
2015-07-29,6.571007251739502,6.723821373872978,6.571007251739502,6.723821373872978,48460000
2015-07-30,6.937761306762695,6.9683236645237265,6.784947186199108,6.784947186199108,82093000
2015-07-31,6.876636028289795,6.9988872188714595,6.784947781088461,6.9683242754911285,55012000
2015-08-03,6.846072673797607,6.968323857037995,6.784947373647225,6.937761498432616,58378000
2015-08-04,6.815510272979736,6.876636160919332,6.723822024010013,6.8460732169495335,54990000
2015-08-05,6.876636028289795,6.876636028289795,6.723821894327799,6.723821894327799,38725000
2015-08-06,6.876636028289795,6.907198971670126,6.784947781088461,6.876636028289795,38701000
2015-08-07,6.846072673797607,6.87663561534261,6.784947373647225,6.8460726737976065,37168000
2015-08-10,6.846072673797607,6.8460726737976065,6.784947373647225,6.784947373647225,35389000
2015-08-11,6.846072673797607,6.937761498432616,6.8460726737976065,6.907198556887613,41594000
2015-08-12,6.876636028289795,6.907198971670126,6.784947781088461,6.846073084909464,39454000
2015-08-13,6.846072673797607,6.907198556887613,6.8460726737976065,6.907198556887613,37390000
2015-08-14,6.846072673797607,6.87663561534261,6.8460726737976065,6.87663561534261,26041000
2015-08-17,6.784946918487549,6.876635154032144,6.784946918487549,6.876635154032144,19154000
2015-08-18,6.815510272979736,6.8460732169495335,6.784947911949608,6.784947911949608,25217000
2015-08-19,6.662694454193115,6.784946199212053,6.5404432921137,6.784946199212053,70985000
2015-08-20,6.6321330070495605,6.723821245401928,6.571007126188248,6.601570066618905,31974000
2015-08-21,6.357066631317139,6.5710066147403206,6.357066631317139,6.540443676688501,71517000
2015-08-24,6.14312744140625,6.29594155396392,6.063664032923513,6.234815675765021,84715000
2015-08-25,6.387629508972168,6.479318322260685,6.173690110511399,6.173690110511399,58250000
2015-08-26,6.357066631317139,6.418192507420779,6.234815462049416,6.326504276204876,45242000
2015-08-27,6.448757171630859,6.509882481156538,6.418194225398163,6.448757171630859,37155000
2015-08-28,6.6015706062316895,6.632133549160564,6.479319417455847,6.5404447203739435,40601000
2015-08-31,6.571007251739502,6.632133133768738,6.479319011635261,6.632133133768738,49954000
2015-09-01,6.571007251739502,6.60157019275412,6.448756070620643,6.479319011635261,36536000
2015-09-02,6.6015706062316895,6.632133549160564,6.479319417455847,6.50988177744507,27703000
2015-09-03,6.937761306762695,6.937761306762696,6.601570124934883,6.662695423396553,66472000
2015-09-04,6.754384517669678,6.937761586323171,6.72382157573749,6.907198644390984,36401000
2015-09-07,6.723822116851807,6.815510367087551,6.632133866616063,6.6932591724599995,28773000
2015-09-08,6.784946918487549,6.784946918487549,6.662695160508643,6.723821039498096,19979000
2015-09-09,6.96832275390625,7.060011564026312,6.876634526725719,6.937760400139094,72200000
2015-09-10,7.029449462890625,7.029449462890625,6.815509463452896,6.907198284471752,44900000
2015-09-11,7.029449462890625,7.060012403230243,6.9377612248113705,6.968323582211388,24258000
2015-09-14,7.029449462890625,7.090575343569863,6.968323582211388,7.029449462890625,26059000
2015-09-15,6.998887538909912,7.06001342846568,6.968324594132028,7.029450483687796,26254000
2015-09-16,6.96832275390625,7.090574500732999,6.937760400139094,7.060011564026312,29333000
2015-09-17,7.0600128173828125,7.090575759515306,6.9988869331178245,7.0600128173828125,41720000
2015-09-18,7.090575218200684,7.0905752182006845,6.998886398802988,7.060012278401452,30194000
2015-09-21,6.846072673797607,7.029449740128001,6.8460726737976065,6.998886798582999,33174000
2015-09-22,6.907198905944824,6.9377618490343345,6.815510076676295,6.9377618490343345,33264000
2015-09-23,6.693257808685303,6.846071916568253,6.6626948705208004,6.784946623178809,44172000
2015-09-24,6.6015706062316895,6.754384737936407,6.60157060623169,6.723821795007534,37675000
2015-09-25,6.693257808685303,6.693257808685303,6.571006638966854,6.632132515295859,31365000
2015-09-29,6.693257808685303,6.693257808685303,6.693257808685303,6.693257808685303,0
2015-09-30,6.6015706062316895,6.662695909149787,6.5404447203739435,6.5404447203739435,63332000
2015-10-01,6.662694454193115,6.754383262957319,6.601569164623169,6.632132100877904,37837000
2015-10-02,6.693257808685303,6.723820746849805,6.632132515295859,6.693257808685303,22523000
2015-10-05,6.815510272979736,6.8460732169495335,6.693259080040215,6.723822024010013,28647000
2015-10-06,6.876636028289795,6.937761915050457,6.815510141529133,6.907198971670126,26124000
2015-10-07,6.907198905944824,6.907198905944824,6.784947716526439,6.876635962855315,30446000
2015-10-08,6.876636028289795,6.9683242754911285,6.846073084909464,6.9683242754911285,20119000
2015-10-12,6.96832275390625,6.96832275390625,6.846071590019032,6.876634526725719,47232000
2015-10-13,6.998887538909912,6.998887538909912,6.907199287515946,6.968324594132028,24714000
2015-10-14,7.273950576782227,7.3350764470164975,6.998885326607009,6.998885326607009,123751000
2015-10-15,7.5184550285339355,7.5184550285339355,7.365640904307391,7.365640904307391,107393000
2015-10-16,7.426766872406006,7.518455704954771,7.365641566979836,7.518455704954771,56152000
2015-10-19,7.549016952514648,7.579579306889082,7.426765203258741,7.426765203258741,40800000
2015-10-20,7.487891674041748,7.610142850091247,7.487891674041748,7.610142850091247,35738000
2015-10-21,7.365640640258789,7.518454759007147,7.335077699921197,7.518454759007147,29115000
2015-10-22,7.426766872406006,7.457329816588928,7.365641566979836,7.365641566979836,20126000
2015-10-23,7.549016952514648,7.610142244203058,7.518454015200671,7.579579306889082,44377000
2015-10-26,7.610143184661865,7.6407061257528,7.549017885419612,7.610143184661865,29312000
2015-10-27,7.640707015991211,7.640707015991211,7.518455820323288,7.610144071339309,20233000
2015-10-28,7.396203517913818,7.579579992506058,7.365640577835245,7.579579992506058,34425000
2015-10-29,7.273950576782227,7.396202317250769,7.212825289487457,7.365639382133634,53855000
2015-10-30,7.273950576782227,7.3350764470164975,7.243388224604592,7.273950576782227,23268000
2015-11-02,7.365640640258789,7.457328878331963,7.304514759583605,7.335077699921197,26479000
2015-11-03,7.5184550285339355,7.5184550285339355,7.365640904307391,7.365640904307391,36480000
2015-11-04,7.579580783843994,7.701832556921846,7.5490184235141875,7.579580783843994,73596000
2015-11-05,7.701831340789795,7.762956634737278,7.610142525459223,7.671268402346271,50104000
2015-11-06,7.579580783843994,7.671269613652383,7.5490184235141875,7.64070667038292,37522000
2015-11-09,7.426766872406006,7.640706898746785,7.426766872406006,7.518455704954771,30231000
2015-11-10,7.365640640258789,7.457328878331963,7.335077699921197,7.426765937994372,37662000
2015-11-11,7.335078716278076,7.457329911628109,7.27395282713322,7.396204605422933,29619000
2015-11-12,7.304515838623047,7.396204673180303,7.273952893770629,7.365641728327884,20323000
2015-11-13,7.273950576782227,7.396202317250769,7.273950576782227,7.273950576782227,23913000
2015-11-16,7.0600128173828125,7.273952246430997,7.029449875250318,7.243389887238139,56765000
2015-11-17,7.457329750061035,7.457329750061036,7.182264420747983,7.182264420747983,54337000
2015-11-18,7.396203517913818,7.4878917552099375,7.365640577835245,7.4878917552099375,30661000
2015-11-19,7.487891674041748,7.518454613789021,7.36564049799225,7.487891674041748,37905000
2015-11-20,7.549016952514648,7.610142244203058,7.457328140572717,7.457328140572717,52572000
2015-11-23,7.579580783843994,7.610143727113456,7.487892536975261,7.610143727113456,29015000
2015-11-24,7.304515838623047,7.51845586965029,7.304515838623047,7.487892924797871,30712000
2015-11-25,7.396203517913818,7.426765875052793,7.27395175759953,7.335077637756674,18918000
2015-11-26,7.457329750061035,7.579580942762429,7.42676680615077,7.457329750061036,24312000
2015-11-27,7.365640640258789,7.487891818669555,7.335077699921197,7.457328878331963,11320000
2015-11-30,7.243388652801514,7.396202754481381,7.243388652801515,7.30451394370974,62872000
2015-12-01,7.457329750061035,7.457329750061036,7.273952669539111,7.335078557359642,21786000
2015-12-02,7.365640640258789,7.457328878331963,7.304514759583605,7.304514759583605,29515000
2015-12-03,7.487891674041748,7.5490175535362924,7.304514618497706,7.36564049799225,38665000
2015-12-04,7.365640640258789,7.457328878331963,7.365640640258788,7.365640640258788,22271000
2015-12-07,7.396203517913818,7.4878917552099375,7.365640577835245,7.3962035179138175,26822000
2015-12-08,7.304515838623047,7.426767035093034,7.273952893770629,7.396204673180303,25862000
2015-12-09,7.090575218200684,7.3045146309161275,7.0905752182006845,7.2739516911168955,40905000
2015-12-10,7.0600128173828125,7.090575759515306,6.907198689659979,6.968323990985331,54972000
2015-12-11,7.151700496673584,7.212826376116612,7.090575200170146,7.090575200170146,43172000
2015-12-14,7.151700496673584,7.151700496673584,7.029449320727117,7.090575200170146,20908000
2015-12-15,7.090575218200684,7.243389334257254,7.0905752182006845,7.212826394458022,18529000
2015-12-16,7.212826728820801,7.273952028313241,7.151700846388743,7.243389670036829,25327000
2015-12-17,7.426766872406006,7.457329816588928,7.243390373187822,7.27395273443107,43592000
2015-12-18,7.335078716278076,7.457329911628109,7.304515771705648,7.365641660850505,40984000
2015-12-21,7.610143184661865,7.7018320079346685,7.365640821813622,7.396203762904556,83778000
2015-12-22,7.549016952514648,7.640705181517035,7.487891077886695,7.640705181517035,23424000
2015-12-23,7.610143184661865,7.6407061257528,7.518454944328678,7.549017885419612,26296000
2015-12-24,7.5184550285339355,7.67126915276048,7.5184550285339355,7.640706211327247,14433000
2015-12-25,7.579580783843994,7.610143727113456,7.518455480244724,7.518455480244724,7321000
2015-12-28,7.5184550285339355,7.610143269894014,7.5184550285339355,7.610143269894014,10449000
2015-12-29,7.426766872406006,7.549018649137693,7.426766872406006,7.518455704954771,16721000
2015-12-30,7.396203517913818,7.4878917552099375,7.3962035179138175,7.4573288151313655,11780000
2015-12-31,7.396203517913818,7.4573288151313655,7.365640577835245,7.3962035179138175,13730000
2016-01-04,7.212826728820801,7.426766151453768,7.212826728820801,7.3962037931773565,44581000
2016-01-05,7.18226432800293,7.365641406156895,7.151701384487326,7.212827271518535,37702000
2016-01-06,7.18226432800293,7.304515519125686,7.1211384409717216,7.243390215034139,25366000
2016-01-07,6.998887538909912,7.182264624637531,6.968324594132028,7.151701679859647,57713000
2016-01-08,6.96832275390625,7.029448627319624,6.846071590019032,6.846071590019032,42907000
2016-01-11,6.754384517669678,6.907198644390984,6.754384517669678,6.846072760526609,41340000
2016-01-12,6.784946918487549,6.8460722145374175,6.784946918487549,6.81550927504269,22724000
2016-01-13,6.754384517669678,6.876635702458796,6.72382157573749,6.815509818594421,35121000
2016-01-14,6.815510272979736,6.815510272979735,6.601570831070492,6.723822024010013,31936000
2016-01-15,6.876636028289795,6.907198971670126,6.75438483770813,6.876636028289795,36354000
2016-01-18,6.815510272979736,6.8460732169495335,6.693259080040215,6.723822024010013,23325000
2016-01-19,6.815510272979736,6.8460732169495335,6.784947911949608,6.815510272979735,12924000
2016-01-20,6.784946918487549,6.8460722145374175,6.784946918487549,6.81550927504269,27562000
2016-01-21,6.784946918487549,6.8460722145374175,6.754383978992823,6.81550927504269,17674000
2016-01-22,6.876636028289795,6.876636028289795,6.815510141529133,6.846073084909464,14701000
2016-01-25,6.998887538909912,7.06001342846568,6.907199287515946,6.93776223229383,22268000
2016-01-26,7.151700496673584,7.151700496673584,6.968323441284089,7.029449320727117,43465000
2016-01-27,7.151700496673584,7.212826376116612,7.090575200170146,7.182263436395098,22369000
2016-01-28,7.793520450592041,7.854646334360773,7.365641013029816,7.365641013029816,204731000
2016-01-29,7.8546462059021,7.885208564347003,7.7018320819190995,7.8546462059021005,89324000
2016-02-01,7.885209560394287,7.885209560394287,7.762958362353231,7.854647198088794,41238000
2016-02-02,8.007461547851562,8.007461547851562,7.824084454591659,7.885209763718486,69931000
2016-02-03,7.885209560394287,7.97689839612985,7.854647198088794,7.946335450884662,30179000
2016-02-15,8.068586349487305,8.099149293598252,7.762958074257182,7.7935210183681285,69174000
2016-02-16,8.0380220413208,8.068584980245204,7.915770868562759,8.00745968533597,28880000
2016-02-17,8.09914779663086,8.129710735092852,7.946333687260466,8.038021919706877,36710000
2016-02-18,8.190836906433105,8.282525731640266,8.129711605901292,8.190836906433105,63432000
2016-02-19,8.068586349487305,8.221400487102366,8.068586349487305,8.190837542991419,25873000
2016-02-22,8.068586349487305,8.160275181820145,8.007461044205083,8.068586349487305,24110000
2016-02-23,8.068586349487305,8.129712237709198,8.038023405376357,8.068586349487305,27901000
2016-02-24,8.068586349487305,8.129712237709198,7.976898100094137,8.068586349487305,26004000
2016-02-25,8.09914779663086,8.129710735092852,8.00745956418445,8.068584858168869,26675000
2016-02-26,8.160274505615234,8.251962747410614,8.099148622458566,8.129711564036901,49008000
2016-03-01,8.190836906433105,8.221399848168826,8.129711605901292,8.160274547637012,30924000
2016-03-02,8.160274505615234,8.28252568898895,8.160274505615234,8.251962747410614,27014000
2016-03-03,8.221399307250977,8.221399307250977,8.12971107101597,8.160274010740835,30449000
2016-03-04,8.190836906433105,8.251962789904546,8.160274547637012,8.221399848168826,30836000
2016-03-07,8.190836906433105,8.251962789904546,8.099148664165574,8.221399848168826,29669000
2016-03-08,8.068586349487305,8.190837542991419,8.007461044205083,8.160275181820145,37093000
2016-03-09,7.885209560394287,8.068586648925718,7.885209560394287,8.068586648925718,28575000
2016-03-10,8.0380220413208,8.190836153003247,7.915770868562759,7.915770868562759,51425000
2016-03-11,8.09914779663086,8.09914779663086,7.976896625722458,8.038021919706877,27312000
2016-03-14,8.190836906433105,8.190836906433105,8.129711605901292,8.129711605901292,25473000
2016-03-15,8.09914779663086,8.19083602907727,8.00745956418445,8.19083602907727,21840000
2016-03-16,8.09914779663086,8.160273673554844,8.068584858168869,8.09914779663086,15507000
2016-03-17,8.129711151123047,8.251962328287535,8.099148211097026,8.221399388261514,30973000
2016-03-18,8.129711151123047,8.190836448235494,8.068585271071004,8.129711151123047,33527000
2016-03-21,8.160274505615234,8.160274505615234,8.068585680880231,8.129711564036901,13141000
2016-03-22,8.129711151123047,8.190836448235494,8.007459973958557,8.190836448235494,22711000
2016-03-23,8.068586349487305,8.160275181820145,8.038023405376357,8.129712237709198,13734000
2016-03-24,8.09914779663086,8.19083602907727,8.00745956418445,8.068584858168869,24076000
2016-03-25,8.007461547851562,8.129712749044929,8.007461547851562,8.09914980301166,7874000
2016-03-28,8.007461547851562,8.038023910945121,7.976898601818293,8.007461547851562,15663000
2016-03-29,7.885209560394287,8.038023703680532,7.885209560394287,8.007461341375038,16774000
2016-03-30,8.09914779663086,8.09914779663086,7.915770748798474,7.946333687260466,41247000
2016-03-31,8.129711151123047,8.129711151123047,8.068585271071004,8.099148211097026,41307000
2016-04-01,8.0380220413208,8.129710858094011,7.946333807487163,8.0380220413208,23218000
2016-04-06,7.793520450592041,7.976897518958603,7.793520450592041,7.946334577074238,33833000
2016-04-07,7.701831340789795,7.85464545006785,7.610142525459223,7.793519573180802,51040000
2016-04-08,7.793520450592041,7.793520450592041,7.610143382225479,7.6407063241098445,40103000
2016-04-11,7.701831340789795,7.762956634737278,7.610142525459223,7.732393696293754,30592000
2016-04-12,7.885209560394287,7.946335450884662,7.7323954171080445,7.762958362353231,38126000
2016-04-13,7.885209560394287,7.885209560394287,7.762958362353231,7.885209560394287,33542000
2016-04-14,7.8546462059021,7.885208564347003,7.793520323133052,7.8546462059021005,36885000
2016-04-15,7.8546462059021,7.8546462059021005,7.732394440364002,7.793520323133052,33058000
2016-04-18,7.885209560394287,8.007461341375038,7.854647198088794,7.885209560394287,46364000
2016-04-19,7.732394218444824,7.946334219056811,7.732394218444824,7.946334219056811,24794000
2016-04-20,7.701831340789795,7.824082511624326,7.701831340789795,7.762956634737278,30715000
2016-04-21,7.671268939971924,7.76295717878872,7.640705999386458,7.701831880557391,21687000
2016-04-22,7.7629570960998535,7.793520036359772,7.610142977739858,7.640705917999776,26250000
2016-04-25,7.7629570960998535,7.793520036359772,7.701831798519614,7.7629570960998535,10856000
2016-04-26,7.7629570960998535,7.793520036359772,7.671268858259696,7.701831798519614,27727000
2016-04-27,7.671268939971924,7.732394238203253,7.640705999386458,7.701831880557391,29982000
2016-04-28,7.335078716278076,7.610144051550568,7.2433904655004735,7.610144051550568,101526000
2016-04-29,7.335078716278076,7.335078716278076,7.2433904655004735,7.27395282713322,31584000
2016-05-03,7.1211371421813965,7.304514186890095,7.090574787179577,7.273951248948719,39030000
2016-05-04,6.998887538909912,7.0905763732435645,6.93776223229383,7.06001342846568,60831000
2016-05-05,6.907198905944824,6.998887152273701,6.876635962855315,6.968324209184191,48193000
2016-05-06,6.907198905944824,6.9377618490343345,6.846073019765805,6.907198905944824,41325000
2016-05-09,6.876636028289795,6.937761915050457,6.815510141529133,6.907198971670126,21220000
2016-05-10,6.876636028289795,6.937761915050457,6.815510141529133,6.846073084909464,23368000
2016-05-11,6.876636028289795,6.9988872188714595,6.876636028289795,6.937761915050457,38288000
2016-05-12,6.96832275390625,7.090574500732999,6.96832275390625,7.029448627319624,38573000
2016-05-13,6.907198905944824,6.9377618490343345,6.846073019765805,6.9377618490343345,37411000
2016-05-16,6.998887538909912,6.998887538909912,6.846073397960177,6.846073397960177,25405000
2016-05-17,7.0600128173828125,7.0600128173828125,6.937761631792473,6.968323990985331,36715000
2016-05-18,7.0600128173828125,7.0600128173828125,6.937761631792473,6.968323990985331,27982000
2016-05-19,7.029449462890625,7.029449462890625,6.9377612248113705,6.998886522551007,33054000
2016-05-20,7.0600128173828125,7.0600128173828125,6.968323990985331,6.968323990985331,27686000
2016-05-23,7.212826728820801,7.212826728820801,6.968323782032186,6.998886723248216,37572000
2016-05-24,7.212826728820801,7.212826728820801,7.121137905172714,7.151700846388743,23886000
2016-05-25,7.335078716278076,7.42676696705568,7.212827520928045,7.27395282713322,55011000
2016-05-26,7.396203517913818,7.3962035179138175,7.27395175759953,7.335077637756674,30425000
2016-05-27,7.426766872406006,7.426766872406006,7.365641566979836,7.426766872406006,21329000
2016-05-30,7.457329750061035,7.457329750061036,7.3656415012699075,7.396204445180174,23921000
2016-05-31,7.457329750061035,7.457329750061036,7.396204445180174,7.42676680615077,40545000
2016-06-01,7.487891674041748,7.487891674041748,7.396203437739522,7.396203437739522,28374000
2016-06-02,7.487891674041748,7.579579910343974,7.4267657945472045,7.457328734294476,29235000
2016-06-03,7.579580783843994,7.579580783843994,7.426766650436336,7.487892536975261,23267000
2016-06-06,7.579580783843994,7.579580783843994,7.518455480244724,7.5490184235141875,19992000
2016-06-07,7.610143184661865,7.610143184661865,7.518454944328678,7.549017885419612,27982000
2016-06-08,7.579580783843994,7.64070667038292,7.518455480244724,7.610143727113456,42208000
2016-06-13,7.457329750061035,7.549018581791833,7.335078557359642,7.549018581791833,46745000
2016-06-14,7.396203517913818,7.4573288151313655,7.335077637756674,7.426765875052793,25902000
2016-06-15,7.487891674041748,7.487891674041748,7.36564049799225,7.396203437739522,19722000
2016-06-16,7.335078716278076,7.487892856200537,7.27395282713322,7.487892856200537,27503000
2016-06-17,7.426766872406006,7.426766872406006,7.335078622796914,7.335078622796914,35581000
2016-06-20,7.610143184661865,7.610143184661865,7.396203762904556,7.426766121055875,31690000
2016-06-21,7.487891674041748,7.640705789838519,7.487891674041748,7.610142850091247,29024000
2016-06-22,7.610143184661865,7.6407061257528,7.487892003237744,7.518454944328678,27814000
2016-06-23,7.671268939971924,7.701831880557391,7.5490177605696624,7.579580118215524,38133000
2016-06-24,7.335078716278076,7.671269940695425,7.304515771705648,7.671269940695425,69650000
2016-06-27,7.610143184661865,7.6407061257528,7.335077880722688,7.365640821813622,40105000
2016-06-28,7.5184550285339355,7.57958032846078,7.487892087100702,7.57958032846078,3033000
2016-06-29,7.671268939971924,7.671268939971925,7.5490177605696624,7.579580118215524,24489000
2016-06-30,7.701831340789795,7.701831340789795,7.610142525459223,7.701831340789795,16588000
2016-07-01,7.671268939971924,7.76295717878872,7.671268939971925,7.732394238203253,20848000
2016-07-04,7.732394218444824,7.762957158952195,7.671268920369688,7.671268920369688,18364000
2016-07-05,7.701831340789795,7.762956634737278,7.671268402346271,7.732393696293754,11084000
2016-07-06,7.549016952514648,7.671268118831012,7.549016952514648,7.671268118831012,29198000
2016-07-07,7.579580783843994,7.671269613652383,7.579580783843994,7.579580783843994,50482000
2016-07-08,7.579580783843994,7.579580783843994,7.579580783843994,7.579580783843994,0
2016-07-11,7.915771484375,7.915771484374999,7.915771484374999,7.915771484374999,417000
2016-07-12,7.957327842712402,7.989285105039376,7.861456665265562,7.989285105039376,93051000
2016-07-13,7.989284038543701,8.05319855466565,7.893412873894777,8.021241296604675,45032000
2016-07-14,7.989284038543701,7.989284038543701,7.925369522421751,7.989284038543701,18954000
2016-07-15,7.89341402053833,8.021242461817339,7.893414020538331,7.9892851991140645,28657000
2016-07-18,7.989284038543701,7.989284038543701,7.925369522421751,7.957326780482727,22966000
2016-07-19,7.957327842712402,7.989285105039376,7.893413927592536,7.957327842712402,32487000
2016-07-20,7.89341402053833,7.95732793641079,7.829499495131783,7.9253706737075165,29622000
2016-07-21,7.989284038543701,7.989284038543701,7.893412873894777,7.925369522421751,29379000
2016-07-22,7.861456871032715,7.989285314152333,7.861456871032716,7.925370787825476,25491000
2016-07-25,7.861456871032715,7.957328050988905,7.7975423447058585,7.893414134196144,21296000
2016-07-26,7.925371170043945,7.925371170043945,7.861457250168796,7.893414514873434,24272000
2016-07-27,8.021244049072266,8.053201318099289,7.95732951101822,7.989286780045243,54715000
2016-07-28,7.733628273010254,7.765584925999501,7.605799222916926,7.701671010486922,130598000
2016-07-29,7.605800151824951,7.701671951103917,7.605800151824951,7.6697146846775945,45552000
2016-08-01,7.605800151824951,7.6697146846775945,7.605800151824951,7.605800151824951,25780000
2016-08-02,7.637755393981934,7.70166990989502,7.637755393981933,7.637755393981933,18134000
2016-08-03,7.541884422302246,7.605798330314003,7.541884422302246,7.57384168107513,30901000
2016-08-04,7.605800151824951,7.605800151824951,7.541886228506466,7.573843494932788,12696000
2016-08-05,7.605800151824951,7.6697146846775945,7.573843494932788,7.605800151824951,19705000
2016-08-08,7.605800151824951,7.6697146846775945,7.541886228506466,7.6697146846775945,23045000
2016-08-09,7.637755393981934,7.637755393981933,7.541884229646301,7.573841487602844,23541000
2016-08-10,7.605800151824951,7.637757418251272,7.541886228506466,7.605800151824951,16638000
2016-08-11,7.637755393981934,7.637755393981933,7.541884229646301,7.573841487602844,18693000
2016-08-12,7.669713497161865,7.669713497161865,7.605798974205223,7.637756235683544,11536000
2016-08-15,7.5738420486450195,7.669713220082434,7.541884788321202,7.637755959758615,16126000
2016-08-16,7.509929180145264,7.605800372673873,7.477971912791002,7.573843714853788,35644000
2016-08-17,7.509929180145264,7.541886447499526,7.414057987616655,7.509929180145264,21011000
2016-08-18,7.446014881134033,7.509929417865718,7.446014881134033,7.477972149499876,14269000
2016-08-19,7.382099628448486,7.47797080679773,7.382099628448485,7.446013544169953,23630000
2016-08-22,7.286229133605957,7.414058206802078,7.286229133605957,7.382100938503048,25387000
2016-08-23,7.3181843757629395,7.350141635214154,7.286227116311725,7.286227116311725,21199000
2016-08-24,7.350142002105713,7.3820992631521145,7.318184741059312,7.350142002105713,15699000
2016-08-25,7.541884422302246,7.57384168107513,7.318184220426064,7.350141479198949,53485000
2016-08-26,7.509929180145264,7.573843714853788,7.477971912791002,7.573843714853788,20657000
2016-08-29,7.382099628448486,7.541885332053284,7.382099628448485,7.541885332053284,28183000
2016-08-30,7.41405725479126,7.477971173648184,7.350142726400221,7.446013909452664,21141000
2016-08-31,7.382099628448486,7.446013544169953,7.350142365820709,7.446013544169953,32614000
2016-09-01,7.3181843757629395,7.3820988946653685,7.3181843757629395,7.350141635214154,26073000
2016-09-02,7.41405725479126,7.414057254791261,7.350142726400221,7.414057254791261,19314000
2016-09-05,7.477971076965332,7.477971076965333,7.414057158934754,7.446013813182989,11923000
2016-09-06,7.509929180145264,7.509929180145264,7.4460146454367395,7.4460146454367395,17055000
2016-09-07,7.5738420486450195,7.605798699434796,7.477970267673564,7.509927527997383,30074000
2016-09-08,7.509929180145264,7.541886447499526,7.477971912791002,7.509929180145264,15856000
2016-09-09,7.446014881134033,7.477972149499876,7.414058222302387,7.414058222302387,13657000
2016-09-12,7.41405725479126,7.414057254791261,7.318185462204701,7.350142726400221,26720000
2016-09-13,7.382099628448486,7.414056891076263,7.318185103192932,7.382099628448485,24462000
2016-09-14,7.286229133605957,7.382100938503048,7.286229133605957,7.318186401904987,24431000
2016-09-19,7.41405725479126,7.477971173648184,7.318185462204701,7.318185462204701,38446000
2016-09-20,7.382099628448486,7.414056891076263,7.350142365820709,7.382099628448485,23331000
2016-09-21,7.541884422302246,7.541884422302246,7.382098737971834,7.414055996744719,38210000
2016-09-22,7.509929180145264,7.573843714853788,7.4460146454367395,7.573843714853788,26292000
2016-09-23,7.477971076965332,7.509928340747677,7.446013813182989,7.509928340747677,17817000
2016-09-26,7.41405725479126,7.509928437843704,7.382099990595741,7.477971173648184,13583000
2016-09-27,7.41405725479126,7.414057254791261,7.414057254791261,7.414057254791261,0
2016-09-28,7.41405725479126,7.414057254791261,7.414057254791261,7.414057254791261,0
2016-09-29,7.477971076965332,7.509928340747677,7.414057158934754,7.414057158934754,29389000
2016-09-30,7.382099628448486,7.446013544169953,7.350142365820709,7.446013544169953,26496000
2016-10-03,7.41405725479126,7.446013909452664,7.382099990595741,7.382099990595741,9910000
2016-10-04,7.41405725479126,7.414057254791261,7.382099990595741,7.414057254791261,13757000
2016-10-05,7.41405725479126,7.414057254791261,7.350142726400221,7.350142726400221,14213000
2016-10-06,7.41405725479126,7.414057254791261,7.382099990595741,7.382099990595741,12181000
2016-10-07,7.350142002105713,7.414056524198516,7.350142002105713,7.414056524198516,9478000
2016-10-11,7.446014881134033,7.477972149499876,7.3501436855707025,7.414058222302387,37549000
2016-10-12,7.382099628448486,7.446013544169953,7.350142365820709,7.414056891076263,23404000
2016-10-13,7.350142002105713,7.414056524198516,7.318184741059312,7.414056524198516,29294000
2016-10-14,7.446014881134033,7.477972149499876,7.318186417204861,7.3501436855707025,29093000
2016-10-17,7.382099628448486,7.446013544169953,7.350142365820709,7.446013544169953,12913000
2016-10-18,7.446014881134033,7.446014881134033,7.382100953936545,7.382100953936545,14454000
2016-10-19,7.477971076965332,7.477971076965333,7.414057158934754,7.446013813182989,18053000
2016-10-20,7.446014881134033,7.477972149499876,7.414058222302387,7.477972149499876,11800000
2016-10-21,7.477971076965332,7.477971076965333,7.414057158934754,7.414057158934754,14370000
2016-10-24,7.446014881134033,7.509929417865718,7.414058222302387,7.509929417865718,12076000
2016-10-25,7.477971076965332,7.509928340747677,7.446013813182989,7.477971076965333,17773000
2016-10-26,7.382099628448486,7.47797080679773,7.350142365820709,7.446013544169953,25153000
2016-10-27,7.350142002105713,7.446013175710861,7.350142002105713,7.414056524198516,25798000
2016-10-28,7.477971076965332,7.477971076965333,7.350142631370066,7.38209989515241,29704000
2016-10-31,7.509929180145264,7.541886447499526,7.414057987616655,7.477971912791002,29451000
2016-11-01,7.509929180145264,7.541886447499526,7.4460146454367395,7.477971912791002,14250000
2016-11-02,7.477971076965332,7.509928340747677,7.414057158934754,7.509928340747677,14508000
2016-11-03,7.41405725479126,7.509928437843704,7.414057254791261,7.477971173648184,12005000
2016-11-04,7.41405725479126,7.446013909452664,7.382099990595741,7.414057254791261,9163000
2016-11-07,7.446014881134033,7.477972149499876,7.414058222302387,7.446014881134033,10880000
2016-11-08,7.477971076965332,7.477971076965333,7.414057158934754,7.446013813182989,11647000
2016-11-09,7.350142002105713,7.509927697803663,7.318184741059312,7.509927697803663,34073000
2016-11-10,7.41405725479126,7.446013909452664,7.382099990595741,7.414057254791261,22419000
2016-11-11,7.2542724609375,7.382100924354429,7.222315192699719,7.350143656116648,49233000
2016-11-14,7.222312927246094,7.350141350566538,7.190355669032483,7.286226834139315,26701000
2016-11-15,7.222312927246094,7.286226834139315,7.222312927246095,7.222312927246095,16921000
2016-11-16,7.222312927246094,7.286226834139315,7.222312927246095,7.254270185459706,19891000
2016-11-17,7.2542724609375,7.3181863878788675,7.222315192699719,7.2542724609375,18696000
2016-11-18,7.222312927246094,7.286226834139315,7.222312927246095,7.254270185459706,22067000
2016-11-21,7.286229133605957,7.382100938503048,7.286229133605957,7.286229133605957,19315000
2016-11-22,7.286229133605957,7.318186401904987,7.254272474841121,7.286229133605957,18305000
2016-11-23,7.3181843757629395,7.3181843757629395,7.254270466394536,7.286227116311725,7911000
2016-11-24,7.2542724609375,7.3181863878788675,7.2542724609375,7.3181863878788675,8436000
2016-11-25,7.2542724609375,7.286229119641087,7.2542724609375,7.2542724609375,6376000
2016-11-28,7.2542724609375,7.286229119641087,7.2542724609375,7.2542724609375,12387000
2016-11-29,7.2542724609375,7.286229119641087,7.222315192699719,7.2542724609375,15701000
2016-11-30,7.190356731414795,7.286227910686689,7.190356731414795,7.286227910686689,50440000
2016-12-01,7.2542724609375,7.2542724609375,7.190357924461939,7.190357924461939,19269000
2016-12-02,7.222312927246094,7.254270185459706,7.190355669032483,7.254270185459706,17425000
2016-12-05,7.158400058746338,7.222314589887255,7.158400058746337,7.222314589887255,17335000
2016-12-06,7.286229133605957,7.286229133605957,7.190357938243061,7.222315206542091,18320000
2016-12-07,7.2542724609375,7.286229119641087,7.2542724609375,7.286229119641087,10902000
2016-12-08,7.286229133605957,7.318186401904987,7.222315206542091,7.286229133605957,24986000
2016-12-09,7.2542724609375,7.286229119641087,7.222315192699719,7.286229119641087,16771000
2016-12-12,7.222312927246094,7.286226834139315,7.222312927246095,7.254270185459706,11281000
2016-12-13,7.222312927246094,7.254270185459706,7.190355669032483,7.222312927246095,27707000
2016-12-14,7.158400058746338,7.254271855457714,7.158400058746337,7.222314589887255,26718000
2016-12-15,7.222312927246094,7.254270185459706,7.190355669032483,7.190355669032483,17343000
2016-12-16,7.222312927246094,7.286226834139315,7.222312927246095,7.254270185459706,16297000
2016-12-19,7.222312927246094,7.254270185459706,7.222312927246095,7.254270185459706,9107000
2016-12-20,7.222312927246094,7.254270185459706,7.190355669032483,7.222312927246095,17801000
2016-12-21,7.222312927246094,7.254270185459706,7.222312927246095,7.222312927246095,16194000
2016-12-22,7.222312927246094,7.254270185459706,7.222312927246095,7.222312927246095,14044000
2016-12-23,7.222312927246094,7.286226834139315,7.222312927246095,7.254270185459706,18958000
2016-12-26,7.222312927246094,7.254270185459706,7.222312927246095,7.222312927246095,6956000
2016-12-27,7.222312927246094,7.254270185459706,7.222312927246095,7.254270185459706,6254000
2016-12-28,7.2542724609375,7.286229119641087,7.222315192699719,7.2542724609375,10019000
2016-12-29,7.222312927246094,7.286226834139315,7.222312927246095,7.222312927246095,13291000
2016-12-30,7.286229133605957,7.286229133605957,7.222315206542091,7.222315206542091,13553000
2017-01-03,7.286229133605957,7.286229133605957,7.222315206542091,7.286229133605957,10152000
2017-01-04,7.2542724609375,7.286229119641087,7.2542724609375,7.286229119641087,11090000
2017-01-05,7.286229133605957,7.318186401904987,7.222315206542091,7.254272474841121,20809000
2017-01-06,7.41405725479126,7.446013909452664,7.286228198009181,7.286228198009181,37909000
2017-01-09,7.41405725479126,7.509928437843704,7.382099990595741,7.414057254791261,30019000
2017-01-10,7.446014881134033,7.446014881134033,7.382100953936545,7.414058222302387,19413000
2017-01-11,7.446014881134033,7.477972149499876,7.414058222302387,7.446014881134033,13465000
2017-01-12,7.541884422302246,7.541884422302246,7.446012645983591,7.477969904756476,27658000
2017-01-13,7.541884422302246,7.541884422302246,7.446012645983591,7.509927163529361,22192000
2017-01-16,7.446014881134033,7.509929417865718,7.446014881134033,7.477972149499876,9060000
2017-01-17,7.446014881134033,7.509929417865718,7.414058222302387,7.414058222302387,9406000
2017-01-18,7.446014881134033,7.477972149499876,7.414058222302387,7.446014881134033,15815000
2017-01-19,7.41405725479126,7.477971173648184,7.414057254791261,7.446013909452664,14979000
2017-01-20,7.41405725479126,7.477971173648184,7.382099990595741,7.414057254791261,13863000
2017-01-23,7.382099628448486,7.446013544169953,7.382099628448485,7.414056891076263,23659000
2017-01-24,7.2542724609375,7.350143656116648,7.2542724609375,7.3181863878788675,45605000
2017-02-02,7.222312927246094,7.38209860878015,7.222312927246095,7.350141350566538,50854000
2017-02-03,7.286229133605957,7.286229133605957,7.222315206542091,7.254272474841121,31696000
2017-02-06,7.3181843757629395,7.350141635214154,7.254270466394536,7.286227116311725,30099000
2017-02-07,7.350142002105713,7.3820992631521145,7.2862274800129105,7.2862274800129105,26408000
2017-02-08,7.3181843757629395,7.3820988946653685,7.286227116311725,7.350141635214154,27188000
2017-02-09,7.350142002105713,7.3820992631521145,7.318184741059312,7.350142002105713,22505000
2017-02-10,7.41405725479126,7.414057254791261,7.350142726400221,7.382099990595741,31474000
2017-02-13,7.477971076965332,7.477971076965333,7.38209989515241,7.414057158934754,22463000
2017-02-14,7.477971076965332,7.509928340747677,7.446013813182989,7.477971076965333,20623000
2017-02-15,7.509929180145264,7.509929180145264,7.414057987616655,7.477971912791002,29795000
2017-02-16,7.541884422302246,7.605798330314003,7.477969904756476,7.541884422302246,43898000
2017-02-17,7.509929180145264,7.541886447499526,7.477971912791002,7.541886447499526,14953000
2017-02-20,7.509929180145264,7.541886447499526,7.477971912791002,7.509929180145264,11621000
2017-02-21,7.509929180145264,7.509929180145264,7.477971912791002,7.509929180145264,9482000
2017-02-22,7.382099628448486,7.541885332053284,7.382099628448485,7.509928069425507,31979000
2017-02-23,7.509929180145264,7.541886447499526,7.4460146454367395,7.4460146454367395,22201000
2017-02-24,8.149070739746094,8.21298526387146,7.5418851986914355,7.573842460754118,317890000
2017-03-01,7.925371170043945,8.212985942851562,7.925371170043945,8.149071413442286,154554000
2017-03-02,7.861456871032715,8.085156494108523,7.829499607869287,8.053199840479191,67059000
2017-03-03,7.765584468841553,7.925370162517585,7.765584468841553,7.861456250767601,51258000
2017-03-06,7.733628273010254,7.797542188522832,7.733628273010253,7.765584925999501,32689000
2017-03-07,7.957327842712402,8.085156282486215,7.765584878284641,7.765584878284641,87762000
2017-03-08,7.8294997215271,7.957328166502354,7.8294997215271,7.925370902875013,31632000
2017-03-09,7.733628273010254,7.861456713569496,7.733628273010253,7.829499451046164,44646000
2017-03-10,7.733628273010254,7.797542188522832,7.701671010486922,7.765584925999501,24238000
2017-03-13,7.797542572021484,7.829499836116539,7.733628653365492,7.797542572021484,12180000
2017-03-14,7.797542572021484,7.829499836116539,7.733628653365492,7.797542572021484,19665000
2017-03-15,7.8294997215271,7.861456985154439,7.765585194272419,7.797542457899759,21679000
2017-03-16,7.925371170043945,7.957328434748583,7.861457250168796,7.893414514873434,46106000
2017-03-17,7.925371170043945,7.957328434748583,7.861457250168796,7.925371170043945,24859000
2017-03-20,7.861456871032715,7.893414134196144,7.829499607869287,7.893414134196144,17455000
2017-03-21,7.861456871032715,7.893414134196144,7.829499607869287,7.893414134196144,23587000
2017-03-22,7.797542572021484,7.829499836116539,7.765585307926431,7.797542572021484,31001000
2017-03-23,7.925371170043945,7.957328434748583,7.79754272075952,7.79754272075952,44665000
2017-03-24,7.8294997215271,7.957328166502354,7.8294997215271,7.925370902875013,26218000
2017-03-27,7.8294997215271,7.925370902875013,7.797542457899759,7.8294997215271,24490000
2017-03-28,7.733628273010254,7.861456713569496,7.701671010486922,7.829499451046164,49208000
2017-03-29,7.733628273010254,7.797542188522832,7.701671010486922,7.765584925999501,25829000
2017-03-30,7.797542572021484,7.8614571002115925,7.733628653365492,7.765585307926431,21375000
2017-03-31,7.797542572021484,7.797542572021484,7.733628653365492,7.765585307926431,31785000
2017-04-05,7.8294997215271,7.861456985154439,7.765585194272419,7.797542457899759,39581000
2017-04-06,7.797542572021484,7.829499836116539,7.733628653365492,7.797542572021484,15682000
2017-04-07,7.765584468841553,7.7975417294835685,7.701670557091569,7.765584468841553,22683000
2017-04-10,7.765584468841553,7.829498990125585,7.733627817733585,7.765584468841553,17357000
2017-04-11,7.765584468841553,7.7975417294835685,7.733627817733585,7.733627817733585,16342000
2017-04-12,7.669713497161865,7.765584672062762,7.669713497161865,7.733628020118506,27827000
2017-04-13,7.733628273010254,7.765584925999501,7.6697137479635895,7.701671010486922,22528000
2017-04-14,7.669713497161865,7.733628020118506,7.669713497161865,7.733628020118506,19444000
2017-04-17,7.7016706466674805,7.70167064666748,7.6377561246400765,7.669713385653778,16921000
2017-04-18,7.733628273010254,7.861456713569496,7.6697137479635895,7.701671010486922,38341000
2017-04-19,7.637755393981934,7.733627167851562,7.60579813602539,7.70166990989502,29668000
2017-04-20,7.5738420486450195,7.637755959758615,7.57384204864502,7.605798699434796,23771000
2017-04-21,7.605800151824951,7.637757418251272,7.573843494932788,7.605800151824951,23867000
2017-04-24,7.605800151824951,7.637757418251272,7.573843494932788,7.605800151824951,18802000
2017-04-25,7.669713497161865,7.701670758640185,7.573842322260967,7.605798974205223,24341000
2017-04-26,7.733628273010254,7.733628273010253,7.637756485440257,7.6697137479635895,23498000
2017-04-27,7.733628273010254,7.765584925999501,7.6697137479635895,7.701671010486922,29960000
2017-04-28,7.7016706466674805,7.733627907681182,7.669713385653778,7.733627907681182,29028000
2017-05-02,7.7016706466674805,7.765584559160828,7.70167064666748,7.733627907681182,22665000
2017-05-03,7.7016706466674805,7.79754182017453,7.669713385653778,7.70167064666748,33825000
2017-05-04,7.797542572021484,7.797542572021484,7.701671389270438,7.765585307926431,18595000
2017-05-05,7.733628273010254,7.829499451046164,7.733628273010253,7.829499451046164,20442000
2017-05-08,7.797542572021484,7.829499836116539,7.765585307926431,7.797542572021484,23682000
2017-05-09,7.733628273010254,7.861456713569496,7.733628273010253,7.829499451046164,18904000
2017-05-10,7.8294997215271,7.861456985154439,7.765585194272419,7.797542457899759,35614000
2017-05-11,7.797542572021484,7.8614571002115925,7.797542572021484,7.8614571002115925,22755000
2017-05-12,7.861456871032715,7.861456871032716,7.7975423447058585,7.829499607869287,23849000
2017-05-15,7.8294997215271,7.861456985154439,7.797542457899759,7.861456985154439,14137000
2017-05-16,7.765584468841553,7.829498990125585,7.765584468841553,7.829498990125585,17074000
2017-05-17,7.797542572021484,7.829499836116539,7.733628653365492,7.797542572021484,25401000
2017-05-18,7.8294997215271,7.8294997215271,7.701671276551846,7.733628540179185,16586000
2017-05-19,7.797542572021484,7.8614571002115925,7.765585307926431,7.829499836116539,18647000
2017-05-22,7.8294997215271,7.861456985154439,7.797542457899759,7.8294997215271,12821000
2017-05-23,7.89341402053833,7.893414020538331,7.829499495131783,7.829499495131783,30357000
2017-05-24,7.89341402053833,7.95732793641079,7.8614567578350565,7.893414020538331,23862000
2017-05-25,7.925371170043945,7.957328434748583,7.893414514873434,7.893414514873434,20817000
2017-05-26,7.957327842712402,7.957327842712402,7.861456665265562,7.925370580385429,16641000
2017-05-31,7.957327842712402,8.02124236736635,7.893413927592536,7.989285105039376,31476000
2017-06-01,7.925371170043945,7.989285699453222,7.925371170043945,7.957328434748583,16660000
2017-06-02,7.925371170043945,7.989285699453222,7.893414514873434,7.957328434748583,15826000
2017-06-05,7.957327842712402,7.957327842712402,7.861456665265562,7.893413927592536,19736000
2017-06-06,7.957327842712402,7.957327842712402,7.893413927592536,7.957327842712402,11556000
2017-06-07,7.957327842712402,7.989285105039376,7.925370580385429,7.957327842712402,17570000
2017-06-08,7.89341402053833,7.95732793641079,7.893414020538331,7.893414020538331,17613000
2017-06-09,7.8294997215271,7.957328166502354,7.8294997215271,7.893414248781779,23332000
2017-06-12,7.765584468841553,7.829498990125585,7.765584468841553,7.7975417294835685,18772000
2017-06-13,7.797542572021484,7.829499836116539,7.733628653365492,7.797542572021484,18369000
2017-06-14,7.765584468841553,7.829498990125585,7.669713296449553,7.829498990125585,23063000
2017-06-15,7.797542572021484,7.797542572021484,7.733628653365492,7.733628653365492,15657000
2017-06-16,7.797542572021484,7.829499836116539,7.765585307926431,7.797542572021484,22311000
2017-06-19,7.8294997215271,7.8294997215271,7.765585194272419,7.797542457899759,17338000
2017-06-20,7.861456871032715,7.861456871032716,7.7975423447058585,7.829499607869287,10427000
2017-06-21,7.925371170043945,8.02124296415786,7.79754272075952,7.829499985464158,74583000
2017-06-22,7.925371170043945,7.989285699453222,7.861457250168796,7.957328434748583,18455000
2017-06-23,8.181028366088867,8.276899547011734,7.925370867737716,7.957328131223373,176244000
2017-06-26,8.50059986114502,8.596471042961882,8.212985706160325,8.212985706160325,190773000
2017-06-27,8.4047269821167,8.692341709414542,8.4047269821167,8.5645126708226,105270000
2017-06-28,9.235614776611328,9.235614776611328,8.628429143944304,8.628429143944304,517683000
2017-06-29,9.427355766296387,9.746927148204739,9.395398506198744,9.651055977445848,439469000
2017-06-30,9.427355766296387,9.45931302639403,9.267570075342212,9.299527335439853,225793000
2017-07-03,9.203656196594238,9.49127094798425,9.17169954380342,9.45931368565935,150836000
2017-07-04,9.075828552246094,9.33148606371736,9.075828552246094,9.235614268340335,99842000
2017-07-05,9.203656196594238,9.235613458919138,9.107785019153622,9.139742281478522,116182000
2017-07-06,9.235614776611328,9.235614776611328,9.107786318607875,9.235614776611328,65954000
2017-07-07,9.171698570251465,9.235612478582887,9.139741311318746,9.203655219650168,78826000
2017-07-10,9.13974380493164,9.267572266004173,9.107786537279964,9.235614998352494,136430000
2017-07-11,9.338432312011719,9.338432312011719,9.106627008245292,9.13974214187173,96229000
2017-07-12,9.4046630859375,9.437778223572021,9.33843344228717,9.371547948302977,73061000
2017-07-13,9.83515739440918,9.868271896325588,9.437777055225897,9.50400732229599,217574000
2017-07-14,9.636466979980469,9.868271645598977,9.636466979980469,9.868271645598977,85371000
2017-07-17,9.570239067077637,9.735814139627834,9.504009417028824,9.735814139627834,46541000
2017-07-18,9.570239067077637,9.570239067077637,9.504009417028824,9.537123926243842,38991000
2017-07-19,9.802042007446289,9.901386773864273,9.603351842991701,9.63646697567057,109635000
2017-07-20,9.96761703491211,10.100076933951685,9.868271636918461,9.93450190224756,152717000
2017-07-21,9.768927574157715,10.00073288788689,9.702697304058331,9.967617752837198,64896000
2017-07-24,9.802042007446289,9.835157140125157,9.702696609409685,9.802042007446289,41179000
2017-07-25,9.868271827697754,9.901386961002505,9.768927059402134,9.868271827697754,41560000
2017-07-26,10.199422836303711,10.232537972656512,10.00073328142429,10.0669629225112,202972000
2017-07-27,9.43777847290039,9.603353533828468,9.272203411972313,9.404663334391028,299371000
2017-07-28,9.205971717834473,9.404661886686586,9.172857216041317,9.338432251481638,129090000
2017-07-31,9.205971717834473,9.305317118069848,9.139742082629525,9.205971717834473,75905000
2017-08-01,9.040396690368652,9.205971725955028,9.040396690368652,9.172857224132661,57729000
2017-08-02,9.040396690368652,9.172857224132661,9.007282188546284,9.073511823809653,55684000
2017-08-03,8.874822616577148,9.00728316469636,8.874822616577148,8.974168027666558,58718000
2017-08-04,9.172856330871582,9.172856330871582,8.87482079054417,8.87482079054417,106578000
2017-08-07,9.205971717834473,9.239086851246265,9.106626949217734,9.172857216041317,52228000
2017-08-08,9.272202491760254,9.33843276220601,9.2059722213145,9.305317626983133,50372000
2017-08-09,9.205971717834473,9.272201984658055,9.205971717834473,9.272201984658055,40249000
2017-08-10,9.272202491760254,9.404662401033097,9.2059722213145,9.239087356537377,124627000
2017-08-11,9.305318832397461,9.338433971910085,9.139743766453089,9.139743766453089,81512000
2017-08-14,9.305318832397461,9.371548479803959,9.239088553372211,9.371548479803959,45620000
2017-08-15,9.338432312011719,9.371546814019517,9.205971777505967,9.371546814019517,64068000
2017-08-16,9.305318832397461,9.371548479803959,9.272203692884837,9.272203692884837,44825000
2017-08-17,9.371545791625977,9.404660921639703,9.305316163217094,9.33843129323082,29988000
2017-08-18,9.338432312011719,9.338432312011719,9.272202044758842,9.272202044758842,22950000
2017-08-21,9.371545791625977,9.470891181667154,9.305316163217094,9.33843129323082,39046753
2017-08-22,9.470892906188965,9.470892906188965,9.371547498058328,9.470892906188965,28557494
2017-08-23,9.4046630859375,9.537123004856873,9.371547948302977,9.537123004856873,30575803
2017-08-24,9.901387214660645,9.934502348813753,9.470892365526176,9.504007499679284,149395945
2017-08-25,9.868271827697754,9.934502094307256,9.735811926097384,9.934502094307256,58223121
2017-08-28,9.868271827697754,10.033846862602875,9.868271827697754,9.934502094307256,50027240
2017-08-29,9.868271827697754,10.000732360916757,9.802042192706885,9.934502094307256,43363946
2017-08-30,9.83515739440918,9.967617296930728,9.73581199380404,9.934502163395681,37189931
2017-08-31,9.96761703491211,10.166307199280784,9.868271636918461,9.90138676958301,137654222
2017-09-01,10.62991714477539,10.927952724371353,10.03384724882078,10.133192652558987,373330587
2017-09-04,10.927952766418457,11.093527808333887,10.663032952001231,10.696147455089388,220970070
2017-09-05,10.927952766418457,10.927952766418457,10.696147455089388,10.86172249700482,105413304
2017-09-06,10.62991714477539,10.861722455212549,10.563687507235244,10.795492186053744,105799739
2017-09-07,10.795492172241211,11.12664225437422,10.629917131174706,10.629917131174706,208649181
2017-09-08,10.762377738952637,10.92795278109037,10.729263235820019,10.861722511587812,67429505
2017-09-11,10.62991714477539,10.861722455212549,10.62991714477539,10.762377683093,39683117
2017-09-12,10.530572891235352,10.729263708496322,10.464343250433718,10.663033436075999,68864374
2017-09-13,10.398113250732422,10.663033715743293,10.398113250732422,10.5636883045072,49706351
2017-09-14,10.530572891235352,10.663033436075999,10.331883337211758,10.464343250433718,55352030
2017-09-15,10.298768043518066,10.530572730207181,10.298768043518066,10.530572730207181,66947676
2017-09-18,10.530572891235352,10.596803163655675,10.331883337211758,10.364997841803232,49076923
2017-09-19,10.596802711486816,10.72926325067533,10.497457938714092,10.629917214665284,59301078
2017-09-20,10.364996910095215,10.596802211110715,10.298767275246952,10.596802211110715,38000508
2017-09-21,10.497457504272461,10.53057200608047,10.331882468757872,10.364996970565882,44092594
2017-09-22,10.265652656555176,10.530572472463973,10.199422386768646,10.497457969189371,38645339
2017-09-25,10.066962242126465,10.364997185921327,10.03384710801178,10.298767549310606,42904781
2017-09-26,10.100077629089355,10.26565267218918,10.000732855876924,10.033847359201959,39562677
2017-09-27,10.100077629089355,10.232537537245483,10.100077629089355,10.133192764033053,30568758
2017-09-28,10.232537269592285,10.265652403669788,10.10007736490092,10.232537269592285,29390155
2017-09-29,10.03384780883789,10.232537995785103,10.000733304028934,10.232537995785103,49909398
2017-10-02,10.03384780883789,10.100078081693193,9.967618167601282,10.000733304028934,20630955
2017-10-03,10.464341163635254,10.663031309654755,10.100076001202595,10.133191130808939,121011084
2017-10-05,10.398113250732422,10.596803441585898,10.364998113653725,10.530573167428503,48563114
2017-10-06,10.298768043518066,10.464343090418296,10.265652907814285,10.398112819010732,38165950
2017-10-11,10.464341163635254,10.663031309654755,10.364995774816222,10.398110904422566,71759212
2017-10-12,10.530572891235352,10.663033436075999,10.497458386643878,10.563688027445513,43136440
2017-10-13,10.563688278198242,10.696148194564431,10.497458635824499,10.530573141202018,70840411
2017-10-16,10.563688278198242,10.629917920571986,10.530573141202018,10.596803415194465,42692972
2017-10-17,10.530572891235352,10.596803163655675,10.497458386643878,10.596803163655675,24207299
2017-10-18,10.563688278198242,10.696148194564431,10.530573141202018,10.596803415194465,33201648
2017-10-19,10.364996910095215,10.663032477577609,10.364996910095215,10.596802211110715,50698643
2017-10-20,10.298768043518066,10.364997683306951,10.199422636406721,10.331883179221848,43608989
2017-10-23,10.33188247680664,10.497457512450216,10.298767343354198,10.398112112092889,31161517
2017-10-24,10.298768043518066,10.398112819010732,10.265652907814285,10.364997683306951,18592033
2017-10-25,10.265652656555176,10.398112564509574,10.23253752166191,10.36499742961631,22519255
2017-10-26,10.298768043518066,10.331883179221848,9.967617949717605,10.133192996617836,86021724
2017-10-27,10.232537269592285,10.36499717428365,10.199422135514782,10.298767537747292,33936230
2017-10-30,10.464341163635254,10.497456293241598,10.298766147222096,10.298766147222096,49192225
2017-10-31,10.265652656555176,10.497457969189371,10.265652656555176,10.464342834296106,56534819
2017-11-01,10.265652656555176,10.398112564509574,10.265652656555176,10.36499742961631,26176532
2017-11-02,10.265652656555176,10.331882926341708,10.23253752166191,10.298767791448443,16684932
2017-11-03,10.232537269592285,10.331882671824795,10.232537269592285,10.331882671824795,21385155
2017-11-06,10.100077629089355,10.26565267218918,10.066962494145656,10.232537537245483,44785007
2017-11-07,10.199422836303711,10.199422836303711,10.100078058864,10.133193195216801,17279082
2017-11-08,10.166308403015137,10.199422907981965,10.133193266429615,10.199422907981965,12629656
2017-11-09,10.398113250732422,10.5636883045072,10.199423059878946,10.232538196957641,92201809
2017-11-10,10.497457504272461,10.53057200608047,10.331882468757872,10.398112103992526,37515315
2017-11-13,10.364996910095215,10.464342309795557,10.3318824084804,10.464342309795557,31238911
2017-11-14,10.431227684020996,10.497457953709866,10.331882911106357,10.398112549176563,32748470
2017-11-15,10.33188247680664,10.431227245545331,10.265652209901756,10.398112112092889,32041841
2017-11-16,10.33188247680664,10.431227245545331,10.265652209901756,10.33188247680664,24885125
2017-11-17,10.364996910095215,10.464342309795557,10.3318824084804,10.398112043328663,18470595
2017-11-20,10.530572891235352,10.596803163655675,10.364997841803232,10.364997841803232,49301271
2017-11-21,10.696146965026855,10.82860749778522,10.497457429126573,10.530571930697533,88638640
2017-11-22,10.663033485412598,10.828608535610813,10.663033485412598,10.76237826288405,70047120
2017-11-23,10.563688278198242,10.696148194564431,10.530573141202018,10.663033689186912,31456593
2017-11-24,10.563688278198242,10.663033689186912,10.563688278198242,10.596803415194465,25950090
2017-11-27,10.464341163635254,10.62991554842985,10.398110904422566,10.596801050442068,29931575
2017-11-28,10.497457504272461,10.563687139507117,10.398112103992526,10.53057200608047,22794894
2017-11-29,10.398113250732422,10.5636883045072,10.331883608193733,10.530573167428503,30762394
2017-11-30,10.13319206237793,10.3318822266635,10.13319206237793,10.265651961362103,76131735
2017-12-01,10.166308403015137,10.298768317738533,10.000733351706218,10.199422907981965,37063822
2017-12-04,10.398113250732422,10.398113250732422,10.166308554418952,10.232538196957641,29442712
2017-12-05,10.298768043518066,10.364997683306951,10.232537772110502,10.364997683306951,24366444
2017-12-06,9.934503555297852,10.26565367380778,9.868273278948376,10.232538535633042,53149345
2017-12-07,9.70269775390625,10.100078129689035,9.636468112354917,9.967618214967672,57685398
2017-12-08,9.70269775390625,9.83515830024631,9.636468112354917,9.802043163661294,36748999
2017-12-11,10.03384780883789,10.03384780883789,9.802043117081721,9.835158253509373,33189554
2017-12-12,9.901387214660645,10.033847119654432,9.835157577973076,10.033847119654432,17874261
2017-12-13,9.802042007446289,9.901386773864273,9.802042007446289,9.868271641185403,11375969
2017-12-14,9.868271827697754,10.033846862602875,9.835157326011636,9.868271827697754,41188298
2017-12-15,9.70269775390625,9.868272805212628,9.70269775390625,9.83515830024631,38377016
2017-12-18,9.603352546691895,9.802042725705805,9.603352546691895,9.768927590600375,25440191
2017-12-19,9.636466979980469,9.768926879136561,9.636466979980469,9.669582112674147,21218677
2017-12-20,9.66958236694336,9.735812002453654,9.603352099814424,9.636467233378893,17598605
2017-12-21,9.570239067077637,9.735814139627834,9.537123926243842,9.669584489579021,34815083
2017-12-22,9.537121772766113,9.603352039478938,9.470892137671921,9.603352039478938,32325564
2017-12-25,9.570239067077637,9.603354207911432,9.537123926243842,9.570239067077637,8019253
2017-12-26,9.305318832397461,9.60335382477358,9.305318832397461,9.570238685260955,29369690
2017-12-27,9.4046630859375,9.437778223572021,9.33843344228717,9.33843344228717,16454806
2017-12-28,9.470892906188965,9.537122546657372,9.371547498058328,9.404662634101875,20198244
2017-12-29,9.4046630859375,9.570238142491394,9.371547948302977,9.470893361206544,33614830
2018-01-02,9.43777847290039,9.470893611409753,9.371548195881667,9.404663334391028,16608150
2018-01-03,9.537121772766113,9.669582306191764,9.504007271028334,9.537121772766113,54796186
2018-01-04,9.504006385803223,9.603351145000627,9.437776125259235,9.53712088445664,31518466
2018-01-05,9.636466979980469,9.636466979980469,9.504007080824374,9.537121581899433,39095319
2018-01-08,9.735812187194824,9.735812187194824,9.570237147849271,9.636467416234952,48290538
2018-01-09,9.768927574157715,9.768927574157715,9.636467665577614,9.702697304058331,26322671
2018-01-10,9.4046630859375,9.73581319904529,9.33843344228717,9.702698061410768,54225915
2018-01-11,9.272202491760254,9.404662401033097,9.2059722213145,9.371547265810218,50336611
2018-01-12,9.4046630859375,9.470893361206544,9.272203167018127,9.30531830465265,49913480
2018-01-15,9.470892906188965,9.504008042232511,9.404662634101875,9.43777777014542,21464684
2018-01-16,9.470892906188965,9.470892906188965,9.371547498058328,9.470892906188965,26699657
2018-01-17,9.470892906188965,9.504008042232511,9.371547498058328,9.404662634101875,26465563
2018-01-18,9.470892906188965,9.537122546657372,9.470892906188965,9.470892906188965,40184881
2018-01-19,9.4046630859375,9.504008498841067,9.30531830465265,9.504008498841067,33002588
2018-01-22,9.272202491760254,9.437777536255973,9.239087356537377,9.371547265810218,74930371
2018-01-23,9.66958236694336,9.835157403147056,9.305317160971498,9.338432294535965,149322801
2018-01-24,9.537121772766113,9.669582306191764,9.470892137671921,9.603352039478938,69620583
2018-01-25,9.603352546691895,10.000732904719715,9.603352546691895,9.669582816902754,162032761
2018-01-26,9.66958236694336,9.702696868889188,9.504007330739663,9.66958236694336,75870231
2018-01-29,9.636466979980469,9.835157144523919,9.570236714593111,9.768926879136561,60472966
2018-01-30,9.570239067077637,9.70269899879404,9.537123926243842,9.636469348745226,33310846
2018-01-31,9.43777847290039,9.537123256809744,9.404663334391028,9.537123256809744,61565233
2018-02-01,9.537121772766113,9.636467172835351,9.437777004315508,9.437777004315508,37161440
2018-02-02,9.636466979980469,9.669582112674147,9.470891948130696,9.504007080824374,54740128
2018-02-05,9.537121772766113,9.603352039478938,9.404661870959096,9.404661870959096,37115724
2018-02-06,9.239087104797363,9.404662144781613,9.106627199133694,9.338432507759105,110514393
2018-02-07,9.4046630859375,9.470893361206544,9.33843344228717,9.371547948302977,54288824
2018-02-08,9.371545791625977,9.437776051653428,9.33843129323082,9.33843129323082,36045599
2018-02-09,9.305318832397461,9.404663619316583,9.106628626940465,9.239088553372211,82496338
2018-02-12,9.172856330871582,9.37154584893176,9.172856330871582,9.305316220117891,50923978
2018-02-21,9.338432312011719,9.371546814019517,9.239086911132405,9.30531717838528,55608851
2018-02-22,9.239087104797363,9.305317373438523,9.205971970476783,9.272202239117943,24796329
2018-02-23,9.371545791625977,9.371545791625977,9.272201033203368,9.272201033203368,26398680
2018-02-26,9.338432312011719,9.437777081272394,9.338432312011719,9.404661947645955,19235326
2018-02-27,9.371545791625977,9.437776051653428,9.371545791625977,9.371545791625977,25142905
2018-03-01,9.272202491760254,9.33843276220601,9.239087356537377,9.33843276220601,31311735
2018-03-02,9.272202491760254,9.272202491760254,9.172857717710292,9.2059722213145,24219882
2018-03-05,9.205971717834473,9.305317118069848,9.172857216041317,9.272201984658055,18923532
2018-03-06,9.371545791625977,9.404660921639703,9.239085903189642,9.272201033203368,38196016
2018-03-07,9.305318832397461,9.404663619316583,9.272203692884837,9.338433971910085,23556623
2018-03-08,10.232537269592285,10.232537269592285,9.768927287363185,9.802042421440689,192783370
2018-03-09,10.000733375549316,10.398113120666913,9.967618238884842,10.331883478956662,171989378
2018-03-12,10.100077629089355,10.232537537245483,10.066962494145656,10.133192764033053,53882965
2018-03-13,10.100077629089355,10.100077629089355,10.000732855876924,10.066962494145656,41466811
2018-03-14,10.000733375549316,10.100078153924041,9.967618238884842,10.066963017259567,29865280
2018-03-15,10.000733375549316,10.066963017259567,9.967618238884842,9.967618238884842,26807907
2018-03-16,10.066962242126465,10.066962242126465,9.934502337286377,9.967617471401061,40546513
2018-03-19,10.100077629089355,10.16630789897675,10.000732855876924,10.033847359201959,26548555
2018-03-20,10.066962242126465,10.066962242126465,10.000732605515745,10.066962242126465,22326811
2018-03-21,10.066962242126465,10.100077376241149,10.000732605515745,10.066962242126465,18505425
2018-03-22,10.100077629089355,10.16630789897675,10.033847359201959,10.133192764033053,24926924
2018-03-23,10.066962242126465,10.066962242126465,9.934502337286377,9.967617471401061,50157951
2018-03-26,10.03384780883789,10.066962945265542,9.967618167601282,9.967618167601282,27810888
2018-03-27,10.298768043518066,10.364997683306951,10.03384758950649,10.066962725210272,58111240
2018-03-28,10.199422836303711,10.265653109009312,10.133193195216801,10.166308331569601,19099923
2018-03-29,10.13319206237793,10.232536828711405,10.066961797076532,10.166307195028628,37000161
2018-03-30,10.199422836303711,10.232537972656512,10.0669629225112,10.133193195216801,29931778
2018-04-02,10.232537269592285,10.431227442438656,10.199422135514782,10.265652403669788,28643495
2018-04-03,10.199422836303711,10.232537972656512,10.133193195216801,10.166308331569601,25663884
2018-04-09,10.100077629089355,10.199422402301785,10.066962494145656,10.133192764033053,41328988
2018-04-10,10.13319206237793,10.199421696060707,10.066961797076532,10.13319206237793,43686362
2018-04-11,10.199422836303711,10.331883381714913,10.133193195216801,10.166308331569601,29420087
2018-04-12,10.232537269592285,10.265652403669788,10.166307633055927,10.199422135514782,24395100
2018-04-13,10.199422836303711,10.265653109009312,10.199422836303711,10.199422836303711,19916291
2018-04-16,10.166308403015137,10.232538044567487,10.166308403015137,10.199422907981965,16106002
2018-04-17,10.166308403015137,10.265653181153011,10.133193266429615,10.166308403015137,33941740
2018-04-18,10.33188247680664,10.33188247680664,10.166307441163063,10.232537076449313,43266308
2018-04-19,10.497457504272461,10.596802272933761,10.331882468757872,10.364996970565882,57239731
2018-04-20,10.33188247680664,10.464342378997774,10.265652209901756,10.431227245545331,34122407
2018-04-23,10.298768043518066,10.464343090418296,10.265652907814285,10.298768043518066,20121592
2018-04-24,10.166308403015137,10.364997959290884,10.066962993258569,10.298768317738533,57837166
2018-04-25,10.265652656555176,10.331882926341708,10.133192748600777,10.133192748600777,50347727
2018-04-26,10.398113250732422,10.497458661968512,10.199423059878946,10.265653334036339,79246861
2018-04-27,10.398113250732422,10.5636883045072,10.331883608193733,10.398113250732422,45414790
2018-04-30,10.596802711486816,10.663032981081074,10.398112534322706,10.398112534322706,60872336
2018-05-02,10.762377738952637,11.15975809273066,10.596802696814905,10.596802696814905,105765858
2018-05-03,10.62991714477539,10.762377683093,10.563687507235244,10.762377683093,53928795
2018-05-04,10.596802711486816,10.861722526626522,10.563687576689688,10.596802711486816,49075125
2018-05-07,10.364996910095215,10.696146979192426,10.364996910095215,10.663032477577609,41618961
2018-05-08,10.497457504272461,10.497457504272461,10.364996970565882,10.464342370845817,25284222
2018-05-09,10.729262351989746,10.961066381297702,10.43122679539778,10.497457059444574,48096224
2018-05-10,10.563688278198242,10.894839016541772,10.563688278198242,10.828608742549326,23378264
2018-05-11,10.696146965026855,10.729262729835078,10.596802197076714,10.663032463455895,31393160
2018-05-14,10.861722946166992,10.861722946166992,10.596803120794602,10.729263665099483,32914897
2018-05-15,10.894838333129883,10.961067339730509,10.729263290153668,10.828608063291933,42548647
2018-05-16,10.795492172241211,10.961067213307714,10.729263166404458,10.861722441315274,33701981
2018-05-17,10.62991714477539,10.927952724371353,10.62991714477539,10.828607952251804,26416612
2018-05-18,10.62991714477539,10.696147413934195,10.563687507235244,10.696147413934195,22129437
2018-05-21,10.62991714477539,10.696147413934195,10.596802641814646,10.62991714477539,10344761
2018-05-22,10.729262351989746,11.027296645344496,10.729262351989746,10.762376852394535,43275499
2018-05-23,10.729262351989746,10.861721616846118,10.663032087942952,10.82860711644133,21014513
2018-05-24,10.729262351989746,10.795491352799324,10.629916324300947,10.729262351989746,13951673
2018-05-25,10.762377738952637,10.795492242085256,10.69614746945008,10.729263235820019,25392359
2018-05-28,10.861722946166992,10.927953218319434,10.762378169557017,10.8948387138619,34010039
2018-05-29,10.894838333129883,10.994183106268148,10.828608063291933,10.927952836430196,33254072
2018-05-30,10.861722946166992,11.060413762624314,10.762378169557017,10.795492674014552,54574035
2018-05-31,11.027297019958496,11.027297019958496,10.861721985835283,10.961066753661758,97119929
2018-06-01,10.894838333129883,11.060413376106098,10.861722566592244,11.027297609568459,30379635
2018-06-04,10.927952766418457,10.961067269506614,10.86172249700482,10.927952766418457,33403733
2018-06-05,10.927952766418457,11.027297538920251,10.894838263330298,10.994183035832092,31280763
2018-06-06,10.861722946166992,10.961067722776969,10.82860844170946,10.927953218319434,41873811
2018-06-07,10.994183540344238,10.994183540344238,10.861722995438482,10.89483876328361,38502990
2018-06-08,10.861722946166992,10.994183490471874,10.82860844170946,10.961067722776969,29558632
2018-06-11,11.126642227172852,11.126642227172852,10.927952683673707,10.961067186511128,72224476
2018-06-12,11.159758567810059,11.259103344674417,11.09352829548803,11.159758567810059,76328073
2018-06-13,12.25255298614502,12.25255298614502,11.391563281602725,11.52402255594299,350536539
2018-06-14,11.987632751464844,12.28566705564778,11.855172218558696,12.153207785978896,181043205
2018-06-15,12.351898193359375,12.351898193359375,11.888288821961046,11.92140332590473,96066502
2018-06-19,12.053862571716309,12.252552100483314,12.053862571716309,12.219437600101218,91259275
2018-06-20,11.95451831817627,12.086978865836564,11.689598486093086,12.053864360540192,90050350
2018-06-21,11.689597129821777,11.92140242971366,11.689597129821777,11.92140242971366,49753035
2018-06-22,11.788942337036133,11.855172605651745,11.391563251817065,11.590252794426599,57142286
2018-06-25,11.788942337036133,11.822058102962592,11.524022525810985,11.755827834346977,31182075
2018-06-26,11.65648365020752,11.689598154564731,11.524023106303936,11.590253378255728,30096426
2018-06-27,11.65648365020752,11.92140347477732,11.590253378255728,11.722713922159311,52024313
2018-06-28,11.225988388061523,11.490908203443949,11.192872621615393,11.490908203443949,70476104
2018-06-29,11.225988388061523,11.225988388061523,11.225988388061523,11.225988388061523,0
2018-07-02,12.053862571716309,12.153207336099811,11.822057279329991,11.987632307714902,162084485
2018-07-03,11.888288497924805,12.02074777332648,11.755827959285812,11.921403000965894,98406139
2018-07-04,11.888288497924805,12.351897856686643,11.822058228605307,12.053863539604887,105768020
2018-07-05,11.888288497924805,11.921403000965894,11.623367420646819,11.921403000965894,56808340
2018-07-06,11.65648365020752,11.822058698468316,11.524023106303936,11.755828426516524,61037692
2018-07-09,11.689597129821777,11.722712894513336,11.590252362221614,11.656482628367474,62565827
2018-07-10,11.732138633728027,11.904670084224028,11.69763287015303,11.87016432064903,57819296
2018-07-11,11.663126945495605,11.732139795791802,11.52510256121385,11.697634028799023,30143840
2018-07-12,12.042696952819824,12.146215570012961,11.69763401796895,11.732139784929783,75250156
2018-07-13,12.008190155029297,12.146215858775303,11.939177303156294,12.11170877468347,20428290
2018-07-16,11.904671669006348,12.077203142470207,11.835658816358668,12.042697374301708,35435883
2018-07-17,11.904671669006348,11.973684521654027,11.766645963710987,11.870165900837847,33440075
2018-07-18,12.008190155029297,12.249734478429476,11.835658683502121,11.904671535375124,67247948
2018-07-19,12.14621639251709,12.249735016720185,12.077203537611451,12.14621639251709,59100677
2018-07-20,12.318747520446777,12.491278994637039,12.249734667508536,12.318747520446777,97511292
2018-07-23,12.594796180725098,12.87084624471176,12.456770490576499,12.69831479018128,104322118
2018-07-24,12.56029224395752,12.663810868476416,12.353253678608997,12.422266533725171,70162052
2018-07-25,12.56029224395752,12.73282372359259,12.387760764322447,12.525785158244068,84335840
2018-07-26,12.077201843261719,12.11170760771825,11.732138933454241,11.973683233581582,196330657
2018-07-27,11.939175605773926,12.111707052772454,11.904669842898413,12.042695527021426,56979863
2018-07-30,11.87016487121582,11.939176401566737,11.732139177892854,11.87016487121582,55988748
2018-07-31,12.111708641052246,12.111708641052244,11.83565855291662,11.87016563662773,108556048
2018-08-01,12.008190155029297,12.0772030069023,11.870165767593955,12.0772030069023,32256878
2018-08-02,11.939175605773926,12.077201289896939,11.870164080022898,12.077201289896939,30848738
2018-08-03,12.215228080749512,12.249733846751333,12.008189535806794,12.008189535806794,59478342
2018-08-06,12.3877592086792,12.456770738818243,12.249733515779988,12.28423928084951,62004305
2018-08-07,12.318747520446777,12.387760373385019,12.215228899194758,12.284240435822314,33961732
2018-08-08,12.3877592086792,12.422264973748721,12.249733515779988,12.3877592086792,49063549
2018-08-09,12.318747520446777,12.456771910012575,12.215228899194758,12.318747520446777,71095101
2018-08-10,12.3877592086792,12.456770738818243,12.249733515779988,12.28423928084951,51563981
2018-08-13,11.939175605773926,12.318745578956975,11.939175605773926,12.284238499770982,56243477
2018-08-14,12.008190155029297,12.04269723912113,11.904671535375124,11.939177303156294,28349756
2018-08-15,11.69763469696045,12.042697651840571,11.69763469696045,12.008190566566133,54972841
2018-08-16,11.835658073425293,11.870165155738437,11.525102230470582,11.55960799647313,35998118
2018-08-17,11.87016487121582,11.904670636391279,11.801152024554337,11.835657789729796,30651088
2018-08-20,12.111708641052246,12.180721492163814,11.87016563662773,11.90467140402819,38416849
2018-08-21,12.422264099121094,12.422264099121094,12.11170697011888,12.146214049069386,80748426
2018-08-22,12.077201843261719,12.353251907845593,12.077201843261719,12.353251907845593,36992562
2018-08-23,12.180721282958984,12.180721282958984,12.042696899417075,12.111708433032716,18832922
2018-08-24,11.939175605773926,12.180719894833961,11.870164080022898,12.111707052772454,26098754
2018-08-27,12.008190155029297,12.04269723912113,11.870165767593955,12.04269723912113,23307601
2018-08-28,12.077201843261719,12.215227533708925,11.973683233581582,12.008188998038115,24876881
2018-08-29,12.111708641052246,12.146215724763355,11.973684255139759,12.077202873651785,28640070
2018-08-30,11.97368335723877,12.111707732800873,11.97368335723877,12.077201967987985,25952572
2018-08-31,11.97368335723877,11.97368335723877,11.801151900553227,11.904670511302443,43748570
2018-09-03,11.801152229309082,11.93917660871626,11.766645147224345,11.870165077167965,25135814
2018-09-04,11.87016487121582,11.904670636391279,11.801152024554337,11.835657789729796,16189877
2018-09-05,11.732138633728027,11.835657240763528,11.732138633728027,11.80115147718853,33116439
2018-09-06,11.663126945495605,11.697634028799023,11.559608328206629,11.628621178502826,31933666
2018-09-07,11.249051094055176,11.628621110302822,11.145532477373319,11.559608260411375,50782783
2018-09-10,10.731456756591797,11.214544704540968,10.696950333562153,11.180038939666602,119068509
2018-09-11,10.800469398498535,10.834975822978672,10.593432167928325,10.696950783213431,68393936
2018-09-12,10.627938270568848,10.869482591418047,10.558926077580024,10.834976165845971,36269840
2018-09-13,10.76596450805664,10.76596450805664,10.489913747912285,10.627938798906785,35107587
2018-09-14,10.834976196289062,10.90398904762712,10.765964003106335,10.834976196289062,33309692
2018-09-17,10.76596450805664,10.834976704476212,10.731458080769176,10.834976704476212,17324379
2018-09-18,10.558926582336426,10.731458060289128,10.489913727893203,10.696951633067517,26015669
2018-09-19,10.76596450805664,10.800470277188747,10.593433029774678,10.662445226194249,31600089
2018-09-20,10.662444114685059,10.765963385756057,10.627937690994724,10.765963385756057,23341924
2018-09-21,10.938495635986328,10.938495635986328,10.662444884683683,10.731457737048178,45287222
2018-09-25,10.800469398498535,10.973000862743913,10.765963632173703,10.973000862743913,18291276
2018-09-26,10.973001480102539,10.973001480102539,10.765964237884083,10.765964237884083,26348243
2018-09-27,11.00750732421875,11.042013748814858,10.869482283989626,10.903988708585734,25682429
2018-09-28,11.145532608032227,11.145532608032227,10.93849537224142,10.97300113943634,28153094
2018-10-01,10.973001480102539,11.042014332945586,10.938495711836358,11.042014332945586,12157097
2018-10-02,10.76596450805664,11.007508182758174,10.76596450805664,10.938495986338605,15619834
2018-10-03,10.69694995880127,10.834974987928945,10.662443536980538,10.765962802442735,17982464
2018-10-04,10.42090129852295,10.662444967360955,10.386394872073136,10.627938540911142,48230973
2018-10-05,10.144850730895996,10.420901489395387,10.075838534887664,10.3518886352317,57497812
2018-10-08,10.213863372802734,10.24836979916749,10.110344093708465,10.110344093708465,21598076
2018-10-09,10.213863372802734,10.24836979916749,9.868800425465853,10.213863372802734,48875474
2018-10-11,9.48923110961914,9.834294059059838,9.420218256468864,9.661762584339488,120755857
2018-10-12,9.420217514038086,9.696268246727604,9.420217514038086,9.420217514038086,81810423
2018-10-15,9.213181495666504,9.420218749645668,9.213181495666504,9.35120655103774,45337262
2018-10-16,9.109662055969238,9.316699964591228,9.040649858532154,9.213181339357916,54706473
2018-10-17,9.385712623596191,9.385712623596191,9.213181146384168,9.282193342375765,50830558
2018-10-18,9.14416790008545,9.42021798852401,9.109661474491796,9.385712221085685,39445621
2018-10-19,9.17867374420166,9.28219235626929,8.971635861911116,9.040648708726392,88342012
2018-10-22,9.040648460388184,9.109660647152474,8.971635615468626,9.109660647152474,43472145
2018-10-23,8.799104690551758,9.006142579607566,8.764598266016572,9.006142579607566,47902377
2018-10-24,8.73009204864502,8.971636367967822,8.62657343073829,8.799104899353056,59429485
2018-10-25,8.488548278808594,8.557560470477824,8.177991770908772,8.21249753766573,75059655
2018-10-26,8.074472427368164,8.31601674154052,8.005460236286996,8.281510316922283,135893463
2018-10-29,8.005460739135742,8.143485788123183,7.936447885564347,7.936447885564347,60307053
2018-10-30,8.074472427368164,8.247003892304045,7.901940962432284,8.005460236286996,75673087
2018-10-31,8.143485069274902,8.177991493014622,8.039965798055746,8.177991493014622,89349728
2018-11-01,8.247003555297852,8.316016401714181,8.039965674204145,8.07447209741231,70480864
2018-11-02,8.212498664855957,8.212498664855957,8.005461403276461,8.143486463714593,71188356
2018-11-05,7.418852806091309,7.729409303552445,7.418852806091309,7.418852806091309,233448269
2018-11-06,7.522371292114258,7.729409172975856,7.418852680761099,7.625890561622698,209094828
2018-11-07,7.556879043579102,7.660398331283437,7.453360414030161,7.591385472813879,101535652
2018-11-08,7.487866401672363,7.591385025116352,7.349840692873235,7.591385025116352,153873512
2018-11-09,7.315333843231201,7.487865295588963,7.246320999025993,7.453358873486359,101968055
2018-11-12,7.384346961975098,7.384346961975098,7.2118154878254215,7.280828340747429,93870885
2018-11-13,7.211816310882568,7.315335602079843,7.1773098804834765,7.246322741281659,114461337
2018-11-14,7.4533586502075195,7.487865071276422,7.211814360880446,7.246320781949348,77930233
2018-11-15,7.729409694671631,7.763916120170118,7.4878660324928665,7.52237179983603,88328611
2018-11-16,7.591384410858154,7.798422299148982,7.5223715620427765,7.798422299148982,82071588
2018-11-19,7.660396575927734,7.660396575927734,7.487865127444274,7.556877311944511,51496509
2018-11-20,7.591384410858154,7.660397259673531,7.5223715620427765,7.591384410858154,35264856
2018-11-21,7.591384410858154,7.694903025925917,7.5223715620427765,7.556877986450465,30590619
2018-11-22,7.729409694671631,7.729409694671631,7.591384650833005,7.625891076331492,39103506
2018-11-23,7.694903373718262,7.763916225652865,7.625891179938992,7.7294097996855635,29554385
2018-11-26,7.936447620391846,7.970954046024614,7.729409724750558,7.729409724750558,42841802
2018-11-27,8.108978271484375,8.14348469363238,7.867433974603586,7.970953241047607,49125712
2018-11-28,8.108978271484375,8.177991115780388,8.005459663195614,8.108978271484375,54305180
2018-11-29,7.936447620391846,8.177991941665901,7.936447620391845,8.177991941665901,51275633
2018-11-30,7.970953941345215,8.074472558728726,7.867434665806385,7.970953941345215,108883538
2018-12-03,8.074472427368164,8.177991701222878,8.074472427368164,8.074472427368164,69038070
2018-12-04,8.143485069274902,8.212497258599049,8.074472221795466,8.108978645535185,57053658
2018-12-05,7.970953941345215,8.074472558728726,7.936447516165605,8.039966133549116,37858349
2018-12-06,7.798422336578369,7.9709538012895935,7.729409487431758,7.9709538012895935,53440490
2018-12-07,7.729409694671631,7.832928971167094,7.66039750182998,7.798422545668606,41299094
2018-12-10,7.660396575927734,7.7294087604279715,7.625890154599993,7.660396575927734,28909847
2018-12-11,7.591384410858154,7.660397259673531,7.5223715620427765,7.591384410858154,43083155
2018-12-12,7.798422336578369,7.867434527569675,7.59138444729384,7.660397296440452,39227753
2018-12-13,7.936447620391846,7.970954046024614,7.832929001648865,7.832929001648865,60620361
2018-12-14,7.832928657531738,7.9364472717269265,7.763915809298081,7.867434423493269,43971055
2018-12-17,7.867435455322266,7.970954741249502,7.832929684835238,7.867435455322266,47467219
2018-12-18,7.729409694671631,7.832928971167094,7.729409694671631,7.798422545668606,44061825
2018-12-19,7.798422336578369,7.901940952142981,7.729409487431758,7.763915912005063,47343708
2018-12-20,7.798422336578369,7.901940952142981,7.729409487431758,7.763915912005063,40497768
2018-12-21,7.867435455322266,7.901941883964678,7.763916827550414,7.798423256192827,63555203
2018-12-24,7.729409694671631,7.832928971167094,7.694903269173143,7.798422545668606,25863419
2018-12-25,7.694903373718262,7.7294097996855635,7.625891179938992,7.660397605906294,11846569
2018-12-26,7.729409694671631,7.763916120170118,7.694903269173143,7.729409694671631,12700965
2018-12-27,7.763916492462158,7.867435115766178,7.729410065309033,7.832929346768409,20757329
2018-12-28,7.763916492462158,7.798422919615284,7.729410065309033,7.763916492462158,16896997
2019-01-02,7.660396575927734,7.832928024411195,7.660396575927734,7.798421603083454,18798696
2019-01-03,7.522371292114258,7.660396984792177,7.418852680761099,7.660396984792177,49252981
2019-01-04,7.384346961975098,7.418853388436102,7.280828340747429,7.384346961975098,43041214
2019-01-07,7.591384410858154,7.625890835265842,7.453359371382703,7.5223715620427765,32910190
2019-01-08,7.556879043579102,7.660398331283437,7.522372614344323,7.660398331283437,20389466
2019-01-09,7.660396575927734,7.6949023391002305,7.625890154599993,7.660396575927734,36188175
2019-01-10,7.694903373718262,7.694903373718262,7.625891179938992,7.694903373718262,30341057
2019-01-11,7.729409694671631,7.729409694671631,7.66039750182998,7.694903269173143,23328976
2019-01-14,7.660396575927734,7.763915181755713,7.625890154599993,7.7294087604279715,25189695
2019-01-15,7.763916492462158,7.798422919615284,7.660397869158139,7.729410065309033,34809977
2019-01-16,7.798422336578369,7.832928761151676,7.694903062858451,7.763915912005063,30906563
2019-01-17,7.763916492462158,7.867435115766178,7.729410065309033,7.832929346768409,40067607
2019-01-18,7.867435455322266,7.867435455322266,7.763916827550414,7.832929684835238,30066230
2019-01-21,8.074472427368164,8.108978851986402,7.901940962432284,7.936447387050521,60585046
2019-01-22,8.074472427368164,8.108978851986402,8.039966002749926,8.074472427368164,19850996
2019-01-23,7.970953941345215,8.039966133549116,7.970953941345215,8.039966133549116,9871702
2019-01-24,8.074472427368164,8.074472427368164,8.005460236286996,8.005460236286996,13008945
2019-01-25,8.247003555297852,8.247003555297852,8.108978520620473,8.14348494382864,43611148
2019-01-28,8.17799186706543,8.247004059546104,8.108979016429434,8.247004059546104,34489190
2019-01-29,8.281510353088379,8.281510353088379,8.074472462630107,8.143485312167968,37426129
2019-01-30,7.832928657531738,7.9364472717269265,7.763915809298081,7.867434423493269,95570714
2019-02-11,7.487866401672363,7.867435126403896,7.453359974472581,7.867435126403896,82010464
2019-02-12,7.660396575927734,7.6949023391002305,7.453358706116533,7.487865127444274,70690509
2019-02-13,7.660396575927734,7.7294087604279715,7.591383733272252,7.7294087604279715,51522805
2019-02-14,7.798422336578369,7.798422336578369,7.660397296440452,7.694903062858451,26940217
2019-02-15,7.867435455322266,7.867435455322266,7.729410398908002,7.763916827550414,33217732
2019-02-18,7.901939868927002,7.970952708613177,7.901939868927002,7.93644628877009,21590780
2019-02-19,7.901939868927002,7.93644628877009,7.867433449083915,7.901939868927002,15100991
2019-02-20,7.867435455322266,7.901941883964678,7.832929684835238,7.901941883964678,21871874
2019-02-21,7.901939868927002,7.93644628877009,7.832927687396045,7.901939868927002,33906945
2019-02-22,7.936447620391846,7.936447620391845,7.798422576016096,7.901941194759076,39409802
2019-02-25,8.039966583251953,8.074473010361626,7.936447960078292,7.970954387187964,58222707
2019-02-26,8.039966583251953,8.108979437471298,8.005460814297637,8.039966583251953,31765810
2019-02-27,7.901939868927002,8.039964890144134,7.832927687396045,8.039964890144134,65102102
2019-03-04,7.901939868927002,8.005459128456264,7.798421267552957,7.832927687396045,27904777
2019-03-05,8.005460739135742,8.005460739135742,7.867435031992953,7.867435031992953,22504875
2019-03-06,8.074472427368164,8.108978851986402,7.970953811668759,7.970953811668759,20169922
2019-03-07,8.17799186706543,8.281510484864102,8.108979016429434,8.108979016429434,58798424
2019-03-08,8.005460739135742,8.17799221490888,8.005460739135742,8.17799221490888,26782759
2019-03-11,7.901939868927002,8.005459128456264,7.867433449083915,7.970952708613177,40281218
2019-03-12,8.039966583251953,8.039966583251953,7.970954387187964,7.970954387187964,15935867
2019-03-13,7.970953941345215,8.039966133549116,7.936447516165605,8.039966133549116,14050087
2019-03-14,7.901939868927002,8.005459128456264,7.901939868927002,7.970952708613177,17760239
2019-03-15,8.039966583251953,8.039966583251953,7.901941532968619,7.901941532968619,28892091
2019-03-18,8.074472427368164,8.074472427368164,7.970953811668759,7.970953811668759,22359888
2019-03-19,8.074472427368164,8.108978851986402,8.039966002749926,8.074472427368164,25848816
2019-03-20,7.970953941345215,8.074472558728726,7.970953941345215,8.039966133549116,18746543
2019-03-21,8.005460739135742,8.074472934551789,7.970954312350044,8.005460739135742,27175505
2019-03-22,8.143485069274902,8.143485069274902,8.039965798055746,8.039965798055746,27719568
2019-03-25,8.039966583251953,8.14348586458097,8.005460814297637,8.039966583251953,37537288
2019-03-26,8.039966583251953,8.108979437471298,8.039966583251953,8.039966583251953,13701719
2019-03-27,8.039966583251953,8.074473010361626,8.005460814297637,8.039966583251953,14664465
2019-03-28,8.039966583251953,8.074473010361626,8.005460814297637,8.039966583251953,19455846
2019-03-29,8.039966583251953,8.074473010361626,8.005460814297637,8.039966583251953,21571004
2019-04-01,7.970953941345215,8.108978983908335,7.970953941345215,8.074472558728726,22798711
2019-04-02,8.005460739135742,8.074472934551789,7.970954312350044,8.03996650776609,19678479
2019-04-03,7.970953941345215,8.039966133549116,7.970953941345215,8.005460366524824,21951315
2019-04-08,8.212498664855957,8.385030154942472,8.005461403276461,8.005461403276461,105510930
2019-04-09,8.488548278808594,8.488548278808594,8.247003962578003,8.281510387490275,86939518
2019-04-10,8.454042434692383,8.523055289258139,8.35052381099911,8.48854886197526,48397306
2019-04-11,8.350522994995117,8.59206664606116,8.350522994995117,8.52305445639456,89309795
2019-04-12,8.419536590576172,8.454043020249085,8.350524389385747,8.454043020249085,17252844
2019-04-15,8.316017150878906,8.488548624307285,8.316017150878906,8.45404219799054,22168344
2019-04-16,8.350522994995117,8.454041608572664,8.281510147173222,8.350522994995117,32488007
2019-04-17,8.419536590576172,8.557561651112422,8.350524389385747,8.385030160903257,59977263
2019-04-18,8.281510353088379,8.48854824354665,8.212497503550518,8.45404181877772,44463821
2019-04-19,8.350522994995117,8.350522994995117,8.281510147173222,8.31601657108417,24015462
2019-04-22,8.212498664855957,8.385030154942472,8.212498664855957,8.385030154942472,28202641
2019-04-23,8.247003555297852,8.281509978506016,8.212497132089688,8.212497132089688,27169104
2019-04-24,8.247003555297852,8.350522824922345,8.177991367036803,8.316016401714181,39688992
2019-04-25,9.040648460388184,9.040648460388184,8.695585552100928,8.695585552100928,185934503
2019-04-26,9.28219223022461,9.28219223022461,8.937129317144473,9.040648585961678,216758817
2019-04-29,9.213181495666504,9.316700122656087,9.144168638903196,9.282193694274433,71900498
2019-04-30,9.28219223022461,9.316698653163677,9.178673619562678,9.213180042501747,63103184
2019-05-02,9.351205825805664,9.385712251511176,9.21318078113895,9.21318078113895,37508456
2019-05-03,9.558243751525879,9.592749519183073,9.351205854806068,9.351205854806068,87607849
2019-05-06,9.109662055969238,9.454725017620765,9.075155628173011,9.316699964591228,94350184
2019-05-07,9.385712623596191,9.420218392514313,9.144168292237218,9.213181146384168,53939136
2019-05-08,9.28219223022461,9.351205076102746,9.178673619562678,9.213180042501747,53979097
2019-05-09,9.075154304504395,9.282192182928602,8.971635694369928,9.247685760165355,61721274
2019-05-10,9.109662055969238,9.247687108998775,9.006143430735927,9.178674911561691,34772896
2019-05-13,8.93713092803955,9.109662415677981,8.93713092803955,9.040650215515845,34652746
2019-05-14,8.971635818481445,9.040648664962646,8.695585748867206,8.833610783674326,68436279
2019-05-15,8.902623176574707,9.075154638587048,8.902623176574707,8.937129600608234,54345421
2019-05-16,8.93713092803955,8.971637357198317,8.833612298718652,8.902624498880787,32193147
2019-05-17,8.971635818481445,9.144167276529165,8.937129395240845,9.040648664962646,52327936
2019-05-20,8.799104690551758,9.040649004142752,8.799104690551758,9.006142579607566,36419272
2019-05-21,8.93713092803955,9.00614378635708,8.730093011242358,8.764599440401122,39455900
2019-05-22,8.971635818481445,9.006142241722046,8.868117206914926,8.937129395240845,25560881
2019-05-23,8.868118286132812,8.971636910297175,8.799105431252999,8.868118286132812,46770279
2019-05-24,8.93713092803955,9.040650215515845,8.902624498880787,8.93713092803955,27753770
2019-05-27,8.833611488342285,9.006142960153051,8.833611488342285,8.971636534159831,25262205
2019-05-28,8.592066764831543,8.83361107739181,8.557560340443604,8.83361107739181,86813566
2019-05-29,8.695585250854492,8.695585250854492,8.385028117630569,8.488547381423626,32266476
2019-05-30,8.799104690551758,8.833611115086944,8.661079650566322,8.764598266016572,43693334
2019-05-31,8.902623176574707,8.937129600608234,8.730091714562365,8.730091714562365,29740913
2019-06-03,9.109662055969238,9.144168483765464,8.764599094317711,8.833611949910164,41302659
2019-06-04,8.971635818481445,9.178673699769766,8.902622972000245,9.075154430047965,41757982
2019-06-05,8.902623176574707,9.109661062620576,8.902623176574707,9.075154638587048,24276407
2019-06-06,9.006142616271973,9.040649040947637,8.86811757572463,8.902623342244985,30618239
2019-06-10,9.17867374420166,9.17867374420166,9.006142285318754,9.109660897386384,28170170
2019-06-11,9.247686386108398,9.282192811207263,9.144167768967124,9.213180619164852,30040260
2019-06-12,9.351205825805664,9.351205825805664,9.21318078113895,9.282192974394643,30229283
2019-06-13,9.48923110961914,9.62725615776435,9.247686781748516,9.316699634898793,70097271
2019-06-14,9.454723358154297,9.489229779894053,9.385711172830037,9.454723358154297,28211150
2019-06-17,9.420217514038086,9.55824320946049,9.385711748337776,9.454723937893688,30522774
2019-06-18,9.14416790008545,9.42021798852401,9.14416790008545,9.42021798852401,41290425
2019-06-19,9.420217514038086,9.420217514038086,9.213180287215062,9.282192476770973,48300373
2019-06-20,9.247686386108398,9.489230703645129,9.213180619164852,9.454724278546266,38934573
2019-06-21,9.454723358154297,9.454723358154297,9.282191907610768,9.35120475109028,48460614
2019-06-24,9.48923110961914,9.523737536194279,9.316699634898793,9.351206061473931,25972285
2019-06-25,9.454723358154297,9.558242623373564,9.42021693641454,9.489229779894053,26154417
2019-06-26,9.523736000061035,9.627254604934048,9.489229579051617,9.558242421070453,59484921
2019-06-27,9.661762237548828,9.73077508822202,9.592749386875635,9.627255812212232,62428579
2019-06-28,9.627254486083984,9.730773747834274,9.558242303072356,9.730773747834274,32353347
2019-07-01,9.903306007385254,9.972318196074822,9.696268125005977,9.696268125005977,47180565
2019-07-02,9.834294319152832,9.937812943460717,9.799787891665083,9.937812943460717,17391518
2019-07-03,9.696269989013672,9.834295051081986,9.661763558957741,9.765282190970124,22614581
2019-07-04,9.765280723571777,9.799787148442535,9.661762107114814,9.730774956856331,12644573
2019-07-05,9.73077392578125,9.799786110054907,9.59274824092345,9.6962675045668,20384750
2019-07-08,9.627254486083984,9.696267327250844,9.523735882488927,9.627254486083984,25191698
2019-07-09,9.661762237548828,9.73077508822202,9.55824361969436,9.627255812212232,24138020
2019-07-10,10.110342979431152,10.144849401992898,9.730774305717736,9.730774305717736,61150881
2019-07-11,10.317381858825684,10.351888284739214,10.075838193741633,10.144850387413364,92427391
2019-07-12,10.075838088989258,10.282875326007336,10.075838088989258,10.213863133053085,62666064
2019-07-15,10.282875061035156,10.282875061035156,10.006824980020843,10.110343595862384,62793156
2019-07-16,10.060040473937988,10.311541759900786,10.024111620902463,10.311541759900786,66174379
2019-07-17,9.880396842956543,10.024111569069646,9.880396842956543,9.988182716219903,36348632
2019-07-18,9.916325569152832,9.988182588648677,9.88039671676198,9.916325569152832,19896936
2019-07-19,9.916325569152832,10.095969145821233,9.916325569152832,9.988182588648677,27177340
2019-07-22,9.772611618041992,9.952255208923015,9.736682762808606,9.88039749845624,32142568
2019-07-23,9.772611618041992,9.88039749845624,9.736682762808606,9.772611618041992,29467684
2019-07-24,9.952253341674805,9.988181504881412,9.772609784498623,9.844466796197624,36353065
2019-07-25,9.736681938171387,10.024111385123147,9.628895381600085,9.952254366028136,91752730
2019-07-26,9.485180854797363,9.73668214005937,9.485180854797363,9.73668214005937,64242723
2019-07-29,9.62889575958252,9.664824613183342,9.55703873766676,9.55703873766676,23290509
2019-07-30,9.772611618041992,9.88039749845624,9.66482505234183,9.700753907575217,40138127
2019-07-31,9.916325569152832,9.988182588648677,9.808539011980276,9.844467864371127,56482608
2019-08-01,9.62889575958252,9.808539342300746,9.55703873766676,9.808539342300746,38617392
2019-08-02,9.592967987060547,9.592967987060547,9.377395541847271,9.449252566727756,45049816
2019-08-05,9.413323402404785,9.485180419693515,9.341465699830218,9.413323402404785,40930437
2019-08-06,9.341465950012207,9.41332365451126,9.125893521800908,9.19775122629996,39315901
2019-08-07,9.413323402404785,9.485180419693515,9.341465699830218,9.3773945511175,31239517
2019-08-08,9.557038307189941,9.592967159172423,9.377394732563385,9.413323584545868,27796345
2019-08-12,9.341465950012207,9.557038378223506,9.341465950012207,9.52110952597398,22603497
2019-08-13,9.305537223815918,9.449251949474931,9.269608371079698,9.377394929288359,17761862
2019-08-14,9.413323402404785,9.521109270980798,9.3773945511175,9.3773945511175,15792014
2019-08-15,9.269607543945312,9.377394092536095,9.233679379700858,9.269607543945312,16288109
2019-08-16,9.592967987060547,9.664825011941032,9.305537831680875,9.341466686764074,39828042
2019-08-19,9.664823532104492,9.700752381686417,9.485179969480669,9.592966518226447,23032515
2019-08-20,9.700753211975098,9.700753211975098,9.59296733928972,9.628895506660935,23079133
2019-08-21,9.700753211975098,9.736682064632179,9.628895506660935,9.700753211975098,17386161
2019-08-22,9.521110534667969,9.736682985717637,9.485181678612035,9.736682985717637,26634767
2019-08-23,9.592967987060547,9.664825011941032,9.521110276894152,9.55703913197735,17781773
2019-08-26,9.341465950012207,9.449251821474927,9.341465950012207,9.41332365451126,26263686
2019-08-27,9.377394676208496,9.521109397988894,9.377394676208496,9.449251694455771,60011899
2019-08-28,9.449251174926758,9.485180024717916,9.377394160630251,9.41332301042141,18889599
2019-08-29,9.485180854797363,9.485180854797363,9.413323834212411,9.449252001861952,10676162
2019-08-30,9.664823532104492,9.664823532104492,9.485179969480669,9.557037668644522,32774513
2019-09-02,9.592967987060547,9.664825011941032,9.55703913197735,9.592967987060547,8426668
2019-09-03,9.485180854797363,9.664824434188548,9.485180854797363,9.664824434188548,13374418
2019-09-04,9.772611618041992,9.772611618041992,9.485181461460808,9.485181461460808,40434250
2019-09-05,9.772611618041992,9.844468643222854,9.700753907575217,9.808539787989465,27277402
2019-09-06,9.736681938171387,9.808538957266398,9.736681938171387,9.808538957266398,16088617
2019-09-10,9.772611618041992,9.808539787989465,9.736682762808606,9.772611618041992,21363294
2019-09-11,9.844467163085938,9.844467163085938,9.736681298877528,9.772610148708935,20063333
2019-09-12,9.844467163085938,9.95225371258016,9.80853831325453,9.916324862748752,19945952
2019-09-16,9.772611618041992,9.952255208923015,9.736682762808606,9.916326353689628,18963597
2019-09-17,9.736681938171387,9.77261079036182,9.592967214695507,9.736681938171387,22155960
2019-09-18,9.736681938171387,9.808538957266398,9.700753085980953,9.77261079036182,18441204
2019-09-19,9.772611618041992,9.844468643222854,9.772611618041992,9.772611618041992,23352200
2019-09-20,9.916325569152832,9.916325569152832,9.736681992484433,9.772610844875285,41618603
2019-09-23,9.844467163085938,9.916324862748752,9.80853831325453,9.844467163085938,25236711
2019-09-24,9.808539390563965,9.916325951896798,9.808539390563965,9.844468244341575,33083098
2019-09-25,9.772611618041992,9.844468643222854,9.700753907575217,9.808539787989465,28777541
2019-09-26,9.772611618041992,10.060041089337263,9.772611618041992,9.916326353689628,50905225
2019-09-27,9.62889575958252,9.808539342300746,9.62889575958252,9.772611173985807,21617074
2019-10-01,9.808539390563965,9.808539390563965,9.628895806961799,9.628895806961799,26138304
2019-10-02,9.700753211975098,9.77261091728926,9.664824359318017,9.700753211975098,8772321
2019-10-03,9.62889575958252,9.664824613183342,9.485181030465117,9.55703873766676,20721917
2019-10-04,9.664823532104492,9.736681231268344,9.592966518226447,9.592966518226447,11753078
2019-10-07,9.592967987060547,9.664825011941032,9.55703913197735,9.664825011941032,15828996
2019-10-08,9.592967987060547,9.700753867024229,9.55703913197735,9.592967987060547,21267479
2019-10-09,9.449251174926758,9.592966574091392,9.449251174926758,9.592966574091392,38292987
2019-10-14,9.700753211975098,9.808539084660474,9.59296733928972,9.664824359318017,45103746
2019-10-15,9.844467163085938,9.916324862748752,9.70075244904612,9.70075244904612,48290101
2019-10-16,9.880396842956543,9.916325695806286,9.772610969693183,9.916325695806286,22128160
2019-10-17,9.916325569152832,9.916325569152832,9.808539011980276,9.88039671676198,17379780
2019-10-18,10.0241117477417,10.060040601231847,9.844468165576846,9.844468165576846,44883099
2019-10-21,9.98818302154541,10.060040729441491,9.98818302154541,10.02411187549345,12903818
2019-10-22,10.060040473937988,10.16782634775869,9.988182767866938,10.131898180009037,23631388
2019-10-23,10.095970153808594,10.095970153808594,10.024112441852575,10.095970153808594,25578736
2019-10-24,10.455256462097168,10.63490004156521,10.095969303161086,10.131898156111868,119513828
2019-10-25,10.347469329833984,10.45525588271328,10.275612313200288,10.347469329833984,43635327
2019-10-28,10.239684104919434,10.419327685707493,10.167826398489858,10.383398832492706,23325010
2019-10-29,10.419327735900879,10.527113610778605,10.275613007635284,10.275613007635284,63793543
2019-10-30,10.347469329833984,10.563041750306741,10.311541164160053,10.563041750306741,61233781
2019-10-31,10.060040473937988,10.311541759900786,9.988182767866938,10.311541759900786,97117355
2019-11-01,10.419327735900879,10.455256589288746,10.131898279369688,10.167826447471677,93849456
2019-11-04,10.52711296081543,10.634899514324097,10.419327092592601,10.419327092592601,94378432
2019-11-05,10.419327735900879,10.563042464166474,10.347470029125141,10.527113610778605,51327139
2019-11-06,10.419327735900879,10.455256589288746,10.275613007635284,10.455256589288746,52059086
2019-11-07,10.239684104919434,10.45525653892228,10.203755251704646,10.419327685707493,44219482
2019-11-08,10.239684104919434,10.347469979277918,10.203755251704646,10.311541811349008,24415232
2019-11-11,10.239684104919434,10.311541811349008,10.167826398489858,10.27561295813422,31160053
2019-11-12,10.275612831115723,10.311541683886388,10.203755125574393,10.275612831115723,35026594
2019-11-13,10.203755378723145,10.347470108085409,10.203755378723145,10.275613086047219,32373797
2019-11-14,10.419327735900879,10.491185442676615,10.203755300859546,10.203755300859546,56971985
2019-11-15,10.275612831115723,10.491185262453845,10.239683978345058,10.491185262453845,39855904
2019-11-18,10.419327735900879,10.598971317554343,10.38339888251301,10.491185442676615,58847717
2019-11-19,10.455256462097168,10.49118531504795,10.31154173557991,10.383398756195604,29606445
2019-11-20,10.598970413208008,10.634899263530283,10.383397996560172,10.455255697204723,55131343
2019-11-21,10.52711296081543,10.52711296081543,10.383398241423045,10.491184794931712,42654446
2019-11-22,10.491185188293457,10.563042208040974,10.419327483260076,10.527113355524284,30220829
2019-11-25,10.778614044189453,11.137901178995767,10.527112775710702,10.527112775710702,166478115
2019-11-26,10.92232894897461,11.066043668312597,10.850471931948533,10.958257800130566,165216747
2019-11-27,10.92232894897461,11.066043668312597,10.850471931948533,11.030115502442477,41376514
2019-11-28,10.850472450256348,10.994187176459333,10.814543597384134,10.958258323587119,34136945
2019-11-29,10.742685317993164,10.886400036521955,10.670828301371685,10.850471870854133,45681866
2019-12-02,10.850472450256348,10.994187176459333,10.77861474451192,10.77861474451192,63994877
2019-12-03,11.03011703491211,11.03011703491211,10.814544583311646,10.814544583311646,51943907
2019-12-04,11.389403343200684,11.461260364641687,11.066044348215586,11.066044348215586,190321503
2019-12-05,11.892404556274414,12.000191801715234,11.533117392996376,11.533117392996376,228294147
2019-12-06,11.64090347290039,11.85647520105455,11.56904577332513,11.85647520105455,109731919
2019-12-09,11.676833152770996,11.892404908901124,11.676833152770996,11.78461903083606,68335244
2019-12-10,11.820548057556152,11.856476225161279,11.676832645992167,11.74869035177416,54921807
2019-12-11,11.676833152770996,11.856476739736703,11.604975443870352,11.78461903083606,60175139
2019-12-12,11.92833423614502,12.036120112289979,11.712761113283328,11.712761113283328,153387102
2019-12-13,11.92833423614502,12.072048280814371,11.784618820903892,11.964262404669414,77949040
2019-12-16,11.964262008666992,12.107977419151315,11.784618430847452,11.89240430342483,146831
2019-12-17,12.215763092041016,12.251691258788926,12.000191350410152,12.107977221225584,96263795
2019-12-18,12.07204818725586,12.179835433137242,12.00019185076396,12.143905894319525,73543943
2019-12-19,12.000191688537598,12.072048024058098,11.820548108592854,12.072048024058098,57550348
2019-12-20,12.000191688537598,12.072048024058098,11.892404444113355,12.036119856297848,47297813
2019-12-23,11.892404556274414,12.000191801715234,11.856476388175315,12.000191801715234,30998466
2019-12-24,11.892404556274414,12.000191801715234,11.856476388175315,11.928334094945274,25642208
2019-12-25,11.964262008666992,12.036119713909153,11.89240430342483,11.928333841331776,19272385
2019-12-26,11.892404556274414,11.964262263044375,11.784618681405355,11.964262263044375,26143849
2019-12-27,12.000191688537598,12.036119856297848,11.892404444113355,11.92833398244535,31725795
2019-12-30,11.892404556274414,12.000191801715234,11.820548220076214,11.964262263044375,46454365
2019-12-31,11.820548057556152,11.928333930943271,11.784618519379286,11.856476225161279,30478470
2020-01-02,11.892404556274414,11.964262263044375,11.784618681405355,11.820548220076214,32937461
2020-01-03,11.712760925292969,11.892404506175202,11.604975050877979,11.892404506175202,48588354
2020-01-06,11.533116340637207,11.604974040850387,11.461259325709845,11.533116340637207,44790472
2020-01-07,11.497188568115234,11.604974436826978,11.353473848070962,11.533116734161922,39718117
2020-01-08,11.317545890808105,11.425331768034777,11.245688182466393,11.389403599149816,60419690
2020-01-09,11.533116340637207,11.604974040850387,11.389402310782483,11.389402310782483,43816080
2020-01-10,11.604975700378418,11.676833410867351,11.389403939483444,11.640905240908799,32386886
2020-01-13,11.533116340637207,11.640903576242794,11.533116340637207,11.604974040850387,23989283
2020-01-14,11.676833152770996,11.78461903083606,11.533117734969709,11.56904727470593,61290528
2020-01-15,11.604975700378418,11.784619291314838,11.569047530419866,11.712761580825903,36473736
2020-01-16,11.604975700378418,11.640905240908799,11.49718981993093,11.640905240908799,27867646
2020-01-17,11.497188568115234,11.604974436826978,11.461259716782706,11.604974436826978,28648214
2020-01-20,11.533116340637207,11.604974040850387,11.389402310782483,11.389402310782483,31117744
2020-01-30,10.850472450256348,11.173830755534532,10.742685891639708,11.137901902662318,137855301
2020-01-31,10.706757545471191,10.922329987620698,10.634900521611957,10.814544109188896,68549345
2020-02-03,10.778614044189453,10.778614044189453,10.167825640904386,10.38339805884534,75514825
2020-02-04,10.92232894897461,11.892403818470402,10.92232894897461,11.892403818470402,70790085
2020-02-05,11.137901306152344,11.281616024658433,10.958257736698274,10.958257736698274,77032246
2020-02-06,11.676833152770996,11.748690861671639,11.31754597883958,11.353474833289901,157712052
2020-02-07,11.748689651489258,11.856475518451761,11.604974248491482,11.640903784526756,80109163
2020-02-10,11.784618377685547,11.892404249776689,11.49718892858526,11.604974800676402,44206055
2020-02-11,12.000191688537598,12.143905730150346,11.856476276353105,11.892404444113355,72967688
2020-02-12,12.143904685974121,12.179834221216769,11.928332956804754,11.964261121475772,79548774
2020-02-13,12.107977867126465,12.323549620257019,11.964262451324908,12.215763743691742,65415317
2020-02-14,11.856475830078125,12.000191236853205,11.856475830078125,11.928333533465665,43506095
2020-02-17,11.784618377685547,11.892404249776689,11.748690210512407,11.85647608260355,40030219
2020-02-18,11.604975700378418,11.784619291314838,11.569047530419866,11.784619291314838,44154247
2020-02-19,11.569046020507812,11.67683188688783,11.533116484666705,11.569046020507812,30092840
2020-02-20,11.712760925292969,11.856476338227457,11.569046882930234,11.676832757345222,41324196
2020-02-21,11.533116340637207,11.676831741063566,11.497188175816435,11.604974040850387,26572971
2020-02-24,11.353473663330078,11.461259530287958,11.353473663330078,11.425330679540055,42409882
2020-02-25,11.425331115722656,11.569046524200864,11.209759373577059,11.209759373577059,39151580
2020-02-26,11.209759712219238,11.317545586548205,11.209759712219238,11.209759712219238,47662845
2020-02-27,10.994187355041504,11.317545665572101,10.958258501585686,11.209759790490528,79271042
2020-03-02,10.958258628845215,11.101973359051582,10.742686190892723,10.742686190892723,89628541
2020-03-03,11.137901306152344,11.317544875606414,11.030115438594235,11.173830157100324,88570177
2020-03-04,11.353473663330078,11.49718838103586,11.13790124412849,11.13790124412849,84749276
2020-03-05,11.281617164611816,11.533117776088947,11.281617164611816,11.49718960679643,59085885
2020-03-06,11.101972579956055,11.209759134011183,11.066043728604345,11.173830282659473,69534487
2020-03-09,10.814544677734375,10.886401705371298,10.742686964811513,10.886401705371298,82969389
2020-03-10,10.742685317993164,10.958257738429268,10.634899450418029,10.742685317993164,82904523
2020-03-11,10.634900093078613,10.814543673416813,10.634900093078613,10.778614820291997,55553147
2020-03-12,10.311541557312012,10.527113300718119,9.952254404587356,10.49118513367434,138258958
2020-03-13,10.095970153808594,10.275613748412711,9.808539991270449,9.844468847248457,211904177
2020-03-16,9.98818302154541,10.131898437337572,9.880397144987178,10.060040729441491,81036386
2020-03-17,9.880396842956543,10.060040421919389,9.808539137257057,9.880396842956543,132863414
2020-03-18,9.916325569152832,10.06004029343038,9.88039671676198,9.916325569152832,90628139
2020-03-19,9.844467163085938,9.916324862748752,9.413323020966487,9.880396012917345,151597652
2020-03-20,9.952253341674805,10.347468619233776,9.916324493182412,9.916324493182412,157756287
2020-03-23,9.880396842956543,9.952254548656029,9.700753263993697,9.73668211684344,59406609
2020-03-24,9.952253341674805,10.167825062057593,9.916324493182412,10.095968050358593,100357252
2020-03-25,10.131897926330566,10.311541501724472,10.02411136992271,10.095969074194615,187932889
2020-03-26,10.131897926330566,10.203754945316614,10.02411136992271,10.167826093180663,74645046
2020-03-27,10.060040473937988,10.311541759900786,9.988182767866938,10.311541759900786,59235321
2020-03-30,10.0241117477417,10.0241117477417,9.880397019066992,9.952254726047286,38765524
2020-03-31,9.808539390563965,10.311541972878743,9.808539390563965,10.311541972878743,79000889
2020-04-01,9.916325569152832,9.952254421543685,9.808539011980276,9.952254421543685,44891990
2020-04-06,10.131897926330566,10.131897926330566,9.91632549880071,10.02411136992271,75417890
2020-04-07,10.167825698852539,10.275612251080222,10.024110981168123,10.239683400337661,66031028
2020-04-08,10.203755378723145,10.275613086047219,10.131898356684955,10.167826525061107,59324325
2020-04-09,10.203755378723145,10.347470108085409,10.131898356684955,10.275613086047219,40473210
2020-04-10,10.275612831115723,10.275612831115723,10.167826272803728,10.239683978345058,23315732
2020-04-13,10.634900093078613,10.850472526541628,10.347469953365968,10.383398806490783,94375364
2020-04-14,10.88640022277832,10.88640022277832,10.670828483939815,10.814543204927434,70873919
2020-04-15,10.850472450256348,10.922329470714905,10.706757038767494,10.886400617842693,76800916
2020-04-16,10.706757545471191,10.850472963761463,10.634900521611957,10.670829376184525,53398536
2020-04-17,10.814544677734375,11.101974158853945,10.778615821272945,10.922330561832728,102841345
2020-04-20,10.88640022277832,10.922329074346687,10.742685501790701,10.8504720564958,46983290
2020-04-21,10.634900093078613,11.030116106879827,10.634900093078613,10.850472526541628,74235734
2020-04-22,10.92232894897461,10.92232894897461,10.598970659142678,10.634899510298634,51801119
2020-04-23,11.353473663330078,11.49718838103586,11.066043542632684,11.101972393380587,157791012
2020-04-24,11.425331115722656,11.569046524200864,11.38940294888896,11.425331115722656,104062670
2020-04-27,11.604975700378418,11.712761580825903,11.425332109441996,11.604975700378418,121440284
2020-04-28,10.778614044189453,11.20975888007136,10.598970476786295,11.137901178995767,219150807
2020-04-29,10.994187355041504,11.137902083578894,10.922329648129868,10.922329648129868,96798319
2020-04-30,11.173830032348633,11.209758882895482,11.030115315447066,11.101972331254936,64768656
2020-05-04,11.03011703491211,11.101974061921643,10.814544583311646,10.850473439459378,47975074
2020-05-05,10.958258628845215,11.173831066797709,10.958258628845215,11.137902212924645,34096450
2020-05-06,10.994187355041504,11.101973230123075,10.958258501585686,10.958258501585686,34763487
2020-05-07,11.209759712219238,11.389403292958098,10.994187278275431,11.101973152604396,58025473
2020-05-08,11.245687484741211,11.389402892507983,11.137901614201983,11.389402892507983,39736136
2020-05-11,11.209759712219238,11.389403292958098,11.209759712219238,11.353474439753152,42257477
2020-05-12,11.101972579956055,11.245687300077051,11.030115562538477,11.137901431307764,40406407
2020-05-13,11.209759712219238,11.209759712219238,11.030116131480378,11.066044299399449,30545962
2020-05-14,11.03011703491211,11.173831774217108,10.922330466468912,11.101974061921643,31677085
2020-05-15,11.066044807434082,11.137902517142916,10.886401218447906,11.101973662288499,32116870
2020-05-18,10.850472450256348,11.06604419691789,10.850472450256348,11.06604419691789,41754666
2020-05-19,10.742685317993164,10.994186589382924,10.706756467039508,10.994186589382924,54397126
2020-05-20,10.670829772949219,10.88640153782825,10.670829772949219,10.88640153782825,59202595
2020-05-21,10.994187355041504,10.994187355041504,10.74268606613666,10.778614919592478,39817856
2020-05-22,10.850472450256348,10.922329470714905,10.814543597384134,10.886400617842693,33556829
2020-05-25,10.850472450256348,10.850472450256348,10.670828871181149,10.850472450256348,19221772
2020-05-26,10.92232894897461,10.958257800130566,10.850471931948533,10.886400097818653,23880256
2020-05-27,10.850472450256348,10.994187176459333,10.850472450256348,10.958258323587119,24006301
2020-05-28,11.03011703491211,11.06604520577391,10.886401610321178,10.922330466468912,45046009
2020-05-29,11.101972579956055,11.101972579956055,10.922329008483349,10.994186711186767,49643911
2020-06-01,11.245687484741211,11.353474040566288,11.137901614201983,11.20975931808537,45030896
2020-06-02,11.389403343200684,11.389403343200684,11.281616783110357,11.317545636473799,46869809
2020-06-03,11.64090347290039,11.64090347290039,11.461259223962237,11.497188073749868,64858876
2020-06-04,11.712760925292969,11.9283340446947,11.569046882930234,11.856476338227457,94715239
2020-06-05,11.856475830078125,11.856475830078125,11.6409040904872,11.712760423303045,49132614
2020-06-08,12.251691818237305,12.575050816020834,12.107977774111557,12.575050816020834,124131598
2020-06-09,12.107977867126465,12.323549620257019,11.89240474342413,12.25169191235624,82141619
2020-06-10,11.92833423614502,12.107977819910541,11.784618820903892,12.107977819910541,94791794
2020-06-11,11.533116340637207,11.8564753063107,11.425330475603255,11.820547141489925,92770897
2020-06-12,11.281617164611816,11.353474873768656,11.066044722427204,11.101973577005623,86040818
2020-06-15,11.066044807434082,11.137902517142916,10.994187783011157,11.101973662288499,81647335
2020-06-16,11.137901306152344,11.281616024658433,11.066043604256382,11.137901306152344,63149426
2020-06-17,10.994187355041504,11.173830937034712,10.88640079467405,11.137902083578894,71145221
2020-06-18,11.03011703491211,11.101974061921643,10.958259322616644,10.994188178764377,56787627
2020-06-19,11.066044807434082,11.209760226851749,11.066044807434082,11.066044807434082,57562916
2020-06-22,11.281617164611816,11.281617164611816,11.030116553134686,11.101973577005623,40713689
2020-06-23,11.101972579956055,11.31754500278047,11.101972579956055,11.31754500278047,57029420
2020-06-24,11.317545890808105,11.461260622205632,11.137902305239722,11.137902305239722,58563616
2020-06-29,11.173830032348633,11.353473599797049,11.137901181801785,11.173830032348633,40174467
2020-06-30,11.425331115722656,11.425331115722656,11.245687540410755,11.281616392530307,44717594
2020-07-01,11.569046020507812,11.640903721618375,11.461259468841968,11.49718831939725,41759557
2020-07-02,11.748689651489258,11.748689651489258,11.49718838152898,11.640903784526756,52315397
2020-07-03,11.820548057556152,11.856476225161279,11.74869035177416,11.820548057556152,51767884
2020-07-06,11.964262008666992,12.000191546573937,11.820547968754397,11.928333841331776,55080070
2020-07-07,11.92833423614502,12.2157636960555,11.856476528524455,12.143905988434936,80993675
2020-07-08,11.964262008666992,12.07204788124437,11.928333841331776,11.928333841331776,34987230
2020-07-09,11.820548057556152,12.036119804330388,11.820548057556152,11.964262098548396,40060369
2020-07-10,11.820548057556152,11.964262098548396,11.784618519379286,11.856476225161279,41687415
2020-07-13,12.251691818237305,12.251691818237305,11.96426235941404,12.000191898374304,106711949
2020-07-14,12.07204818725586,12.287621308446857,12.00019185076396,12.287621308446857,89089297
2020-07-15,12.075034141540527,12.452378958463669,12.075034141540527,12.414645052553851,93486316
2020-07-16,12.527847290039062,12.67878434205391,12.263705649692913,12.263705649692913,139039785
2020-07-17,12.376910209655762,12.678785787558333,12.188237793534618,12.641051880116624,70857217
2020-07-20,12.4901123046875,12.64105080047565,12.3014399046804,12.4901123046875,106825263
2020-07-21,12.942926406860352,13.207068055868968,12.603316949097431,12.641050853474583,210085722
2020-07-22,13.20706844329834,13.20706844329834,12.86745753611675,13.018396036965505,116464421
2020-07-23,14.5277738571167,14.5277738571167,13.848553549090772,13.961756693852413,401688025
2020-07-24,14.905119895935059,15.320198608393806,14.716447492189046,14.94285380090178,546884955
2020-07-27,16.37676429748535,16.37676429748535,15.131525351413089,15.471136234788455,488746075
2020-07-28,16.791845321655273,17.99934909335096,16.452234391052748,17.99934909335096,599722773
2020-07-29,16.905046463012695,17.09371885978618,16.112622972346536,16.754109409267603,307114701
2020-07-30,16.754112243652344,17.169191010992684,16.414501296223776,17.055987841668628,249008246
2020-07-31,16.8673152923584,16.980518460872943,16.376767269157792,16.527704347358387,137076620
2020-08-03,17.961612701416016,18.414426769404706,16.905047502413233,16.980516753654054,366890778
2020-08-04,18.527629852294922,19.470991890384404,18.33895744467703,19.01817926366644,316797374
2020-08-05,18.791772842407227,19.320056196953175,18.112552414745537,18.452163348304552,274027185
2020-08-06,20.074743270874023,20.263415667330626,19.093645945625987,19.244584438573728,366345737
2020-08-07,19.32005500793457,20.67849577965512,19.206851850200568,20.376620212545692,334380253
2020-08-10,19.093645095825195,19.772866844403772,18.829504904106955,19.055911193995758,187635317
2020-08-11,18.86724090576172,19.54646129047789,18.86724090576172,19.244585723876952,144853117
2020-08-12,18.074817657470703,18.716302707134705,17.999348404728977,18.678568800491977,207439232
2020-08-13,17.923877716064453,18.640833400489495,17.81067456574896,18.452161003478288,153054743
2020-08-14,17.772939682006836,17.9238781792992,17.433330222283303,17.584267280119477,120344792
2020-08-17,18.225753784179688,18.489895435434274,17.848408979374906,17.886144323529102,139404132
2020-08-18,18.188020706176758,18.56536552813289,17.961612949329325,18.41442702356793,139533521
2020-08-19,17.65973663330078,18.45216158959209,17.584267384207866,18.45216158959209,114113905
2020-08-20,16.452232360839844,17.43332968403688,16.0371536652855,17.206921945088574,202244929
2020-08-21,16.452232360839844,17.169188041658597,16.37676455397989,16.942781742166435,159091172
2020-08-24,17.055984497070312,17.13145374163932,16.52770122454338,16.56543656655594,120357007
2020-08-25,16.71637535095215,17.206923332372327,16.603172192079224,17.169189425900107,102738857
2020-08-26,16.8673152923584,16.8673152923584,16.339031920015355,16.60317360618688,73886072
2020-08-27,16.56543731689453,17.0937191738941,16.489968068907114,16.980516021641062,84525878
2020-08-28,16.52770233154297,16.754110080414424,16.301296022127723,16.45223308191915,69220042
2020-08-31,15.999421119689941,16.716375421898825,15.999421119689941,16.678641515266456,125541719
2020-09-01,16.52770233154297,16.565437676082983,15.923951213464841,16.11262361779628,77246352
2020-09-02,16.37676429748535,16.67863983856561,16.22582580721716,16.640904496270498,57874308
2020-09-03,16.263561248779297,16.716375322969252,16.263561248779297,16.60317216428583,87870341
2020-09-04,16.188095092773438,16.188095092773438,15.697545622511617,15.773014882510083,73445360
2020-09-07,17.772939682006836,17.772939682006836,17.433330222283303,17.4710641268783,97506968
2020-09-08,17.13145637512207,18.56536648453235,17.13145637512207,18.41442797219176,316528524
2020-09-09,17.88614273071289,18.074815116313424,16.829576219785057,17.055983946179335,206963405
2020-09-10,17.62200355529785,18.22575469745647,17.58426820925277,18.150285444822575,143782472
2020-09-11,17.35786247253418,17.735207308893617,17.206923962207878,17.659738053730468,78463966
2020-09-14,18.037080764770508,18.18801925731164,17.735205219144387,17.735205219144387,142653704
2020-09-15,19.093645095825195,19.470989871943924,18.263487739928863,18.263487739928863,379771700
2020-09-16,19.395524978637695,20.527559476858816,19.282320377250542,20.225682459101474,306889814
2020-09-17,19.433258056640625,19.621930464957526,18.980443988788817,19.09364714588771,137350124
2020-09-18,19.470991134643555,19.923805183242372,19.470991134643555,19.62192963066189,136993058
2020-09-21,18.980443954467773,19.697399680558064,18.94271004865512,19.58419652366387,120265077
2020-09-22,18.942710876464844,19.24458645452695,18.489896789643538,18.904975529546892,122720357
2020-09-23,19.621929168701172,19.69739841493356,19.093645884530606,19.546459922468784,195111094
2020-09-24,19.584196090698242,19.999274803285843,19.244585188067507,19.357788342459017,283777370
2020-09-25,18.86724090576172,19.848336857078827,18.26348977255984,19.810602951049802,209996417
2020-09-28,20.753963470458984,20.753963470458984,19.697398345308663,20.074743135680645,407009836
2020-09-29,20.753963470458984,22.112404140015663,20.753963470458984,21.433183805237324,543454402
2020-09-30,21.54638671875,21.772794454170075,20.338884554334097,20.75396324342005,426461468
2020-10-05,21.65959358215332,22.489751047557213,21.470921169205837,21.961469154978033,313485862
2020-10-06,21.395450592041016,22.112404853197717,21.35771524811307,22.036937044254202,226167129
2020-10-07,22.263341903686523,22.338811147183456,21.244510715118125,21.244510715118125,317850848
2020-10-08,24.301006317138672,24.489678721962868,22.56521932908236,22.791627078545122,644955830
2020-10-12,24.187801361083984,24.71608466247665,23.734988747840205,24.48967835585476,351806211
2020-10-13,23.810457229614258,24.074598887771394,23.35764460358057,23.92366182557891,214865396
2020-10-14,24.301006317138672,24.640617221604707,23.584050603024252,23.810456913030798,265213805
2020-10-15,23.810457229614258,24.753819266278153,23.810457229614258,23.999129636947035,228703623
2020-10-16,23.131237030029297,23.96139591660611,23.09350312405336,23.69725425640582,225685120
2020-10-19,23.39537811279297,23.848192170609234,23.20670570865754,23.20670570865754,136764453
2020-10-20,23.54631805419922,23.621785868911157,23.131237876002068,23.319910291694512,104787052
2020-10-21,23.659521102905273,24.64061852350148,23.659521102905273,23.923662771506418,352041400
2020-10-22,24.904756546020508,24.904756546020508,23.885925308519344,24.07459770659526,425690375
2020-10-23,24.716087341308594,25.65944945357228,24.45194710143984,25.508510939827552,406287172
2020-10-26,24.904756546020508,25.282101342172332,24.602879557534116,24.79155195561003,186064706
2020-10-27,25.282102584838867,25.39530718081358,24.489679049753278,24.67835145710282,183082712
2020-10-28,24.64061737060547,25.28210239932179,24.64061737060547,25.28210239932179,179961503
2020-10-29,24.86702537536621,25.05569779417944,23.96139718928018,23.9991310972603,282899784
2020-10-30,23.168973922729492,24.451946963978145,23.168973922729492,24.15006993818575,484721864
2020-11-02,22.37654685974121,23.319908881142243,22.187874455461007,23.093502571788477,297046063
2020-11-03,22.489749908447266,23.018033213725076,22.489749908447266,22.791626905438132,161516722
2020-11-04,23.885929107666016,24.112336885041817,22.60295746036205,22.79162988844702,314786322
2020-11-05,23.055768966674805,23.244441385189187,22.791628732319726,23.131238221971824,212203072
2020-11-06,23.018035888671875,23.546319255341974,22.71616029605598,23.244442223269708,149095674
2020-11-09,23.999130249023438,24.07459950177257,23.54631761144117,23.54631761144117,196779825
2020-11-10,23.39537811279297,24.3010062284255,23.28217495820295,24.150067729334676,164696992
2020-11-11,23.39537811279297,23.73498901601922,23.20670570865754,23.24443961370214,90295810
2020-11-12,23.47084617614746,24.074597263085423,23.43311083355375,23.65951857074759,111285946
2020-11-13,23.62178611755371,23.7349907197258,23.319910537159526,23.50858295483793,90087652
2020-11-16,24.301006317138672,24.338740222321025,23.96139541267264,23.999129317854994,183727124
2020-11-17,24.26327133178711,24.904756328066323,24.225534549372323,24.753817835144066,161979400
2020-11-18,24.414209365844727,24.489680059243,24.187803043475064,24.301007644116186,81701925
2020-11-19,24.225536346435547,24.451945542070234,24.074599281772848,24.414208756856112,77946276
2020-11-20,24.94249153137207,25.055696126691156,24.22553581181358,24.26327259619491,221930743
2020-11-23,27.432968139648438,27.432968139648438,26.263199736025705,26.300933643449806,209973695
2020-11-24,28.791412353515625,29.961180778074468,28.678207750304626,28.829146261615072,588392148
2020-11-25,29.0178165435791,29.5083630705637,28.79141023274679,29.0178165435791,266996255
2020-11-26,29.810239791870117,29.810239791870117,28.30086056190201,29.017816271919344,260893735
2020-11-27,29.546098709106445,30.036645217069445,29.35742631091014,29.84797281887314,190766940
2020-11-30,30.56493377685547,32.300719563709144,30.14985500505111,30.527199866493767,415847278
2020-12-01,31.357357025146484,31.62150015226131,30.71587192013423,31.31962311524802,191854318
2020-12-02,31.281888961791992,31.810172332995695,31.01774583673376,31.62149990605957,167148541
2020-12-03,32.678062438964844,33.923301557604574,31.47056010730598,31.65923252655972,420421467
2020-12-04,35.92322540283203,35.92322540283203,33.65915650234483,34.18743982157434,492765081
2020-12-07,37.73448181152344,38.94198407792719,36.564713451148705,37.583543308494846,533544921
2020-12-08,38.41370391845703,39.01745505610309,36.64018153291313,37.206198764252406,382221022
2020-12-09,37.65901565551758,37.88542198056042,37.05526161685317,37.05526161685317,320781530
2020-12-10,35.69682312011719,36.90432839743188,35.24401044044468,36.67791917868282,460429521
2020-12-11,34.79118728637695,36.489238782805785,34.11196841515273,35.81001991158156,389750744
2020-12-14,34.82892608642578,35.357206501701164,33.659154906827126,34.791189303409816,233052166
2020-12-15,33.20634460449219,35.13080263647002,33.20634460449219,34.79119171814157,275521558
2020-12-16,33.885562896728516,34.79118807899285,33.65915372225019,33.65915372225019,250162268
2020-12-17,34.75345993041992,35.017603051408614,33.88556850723264,34.225176567355255,189025002
2020-12-18,34.602516174316406,35.77228732924811,34.564782271008475,35.47041034496013,230488908
2020-12-21,35.81002426147461,36.03643057938457,33.96103405387028,34.71572369951184,251604121
2020-12-22,34.489315032958984,36.41377292251131,34.33837653832673,35.621349424332394,222176257
2020-12-23,34.79118728637695,35.357204451853235,34.48931319213691,35.055330357613194,135247241
2020-12-24,35.13079833984375,35.50814311874414,34.94212595039355,35.39494141242134,97896558
2020-12-25,35.28173828125,35.81002156926508,35.13079978768679,35.54587848580138,97430572
2020-12-28,36.677913665771484,36.86658606709523,35.47041144886445,35.545879257829,221303442
2020-12-29,35.77228546142578,37.31939844756772,35.62134697716293,37.13072606196719,250941757
2020-12-30,36.451507568359375,36.489241473057376,35.54587946104542,35.810022551756205,153106350
2020-12-31,35.5836181640625,36.8665882664732,34.6402561011649,36.82885435973981,302133547
2021-01-04,34.37611389160156,35.093069653860816,33.20634547892206,34.828929420934436,403842303
2021-01-05,34.979862213134766,34.979862213134766,33.62142149320075,33.885564583604165,202966468
2021-01-06,35.43267822265625,36.03642934266714,34.64025469770993,35.88549084293631,301970846
2021-01-07,34.866661071777344,35.923224814005486,34.715722571769774,35.73455240872413,165917770
2021-01-08,36.111900329589844,36.48924517265311,34.942131891876244,35.24400891789193,338209260
2021-01-11,37.73448181152344,37.80994962358149,35.88549162697629,36.37604104209109,443219386
2021-01-12,36.56471252441406,39.16839227920127,36.526978619341406,38.11182566369236,491506206
2021-01-13,37.73448181152344,37.96088812661008,37.055259987351015,37.31940308737918,262676340
2021-01-14,37.65901565551758,38.413705324935464,37.357138636185375,37.58354496122822,199499035
2021-01-15,36.79111862182617,39.09292136494769,36.79111862182617,38.941982866614126,330790962
2021-01-18,37.470340728759766,37.62127634940503,35.09306727773531,36.451508015929676,190288745
2021-01-19,39.99855041503906,40.67777223402924,37.73448152362175,38.18729415034023,549567983
2021-01-20,39.319332122802734,41.43246558079338,38.94198727372051,40.75324370088028,519469908
2021-01-21,40.75324630737305,41.28152970565861,39.39480533957653,39.84761803587106,348371621
2021-01-22,42.63996505737305,43.16824838607876,40.45136392941189,40.75324093979017,421387831
2021-01-25,43.16824722290039,44.22481097292992,42.26261909508046,43.47012134623206,318407166
2021-01-26,41.356990814208984,43.47012118536036,40.677771880041995,43.09277637340789,322524662
2021-01-27,41.356990814208984,42.4135574392409,40.90417819143099,41.50792931477246,227015913
2021-01-28,38.64011001586914,40.2249571030577,37.88542037836745,38.64011001586914,451427781
2021-01-29,37.73448181152344,39.696673714157654,37.73448181152344,39.47026739907101,271977993
2021-02-01,38.33823013305664,38.94198122198031,36.866584874553,37.50807274565063,242061925
2021-02-02,39.69667434692383,39.99855135779294,38.71557837996802,39.017455390837135,241259166
2021-02-03,39.243858337402344,40.45136051929596,38.941981352472794,39.99854792081393,171832168
2021-02-04,39.168392181396484,39.54573698900565,38.640108874961165,38.94198299370105,95251895
2021-02-05,39.92308044433594,39.99854825173655,39.31932646948176,39.62120345690885,144458981
2021-02-17,43.470123291015625,43.77200030676525,42.33808880032342,43.470123291015625,354720349
2021-02-18,43.922935485839844,44.828563585541026,42.79090108094146,43.47011999653307,287631020
2021-02-19,43.16824722290039,44.073875350720314,42.94184091067352,43.47012134623206,190960607
2021-02-22,42.866371154785156,43.99840561950085,42.866371154785156,43.77199930234022,182485679
2021-02-23,42.1116828918457,42.413559910562206,41.28152540874424,41.58339954854813,206213878
2021-02-24,41.281524658203125,42.79090396651832,41.20605396543983,41.80980799189596,176067024
2021-02-25,42.036216735839844,42.639967918190976,41.88527822052388,42.48902940287501,112309052
2021-02-26,40.9041748046875,41.658864366106414,40.9041748046875,40.97964260926451,175942036
2021-03-02,39.77214431762695,41.96074253053276,39.77214431762695,41.734336215944225,163514600
2021-03-03,39.168392181396484,39.772143297788666,38.18729337848272,39.243859991353354,280829307
2021-03-04,37.01752471923828,38.33823153404534,36.9797908145977,37.88541892053359,383612376
2021-03-05,35.508148193359375,36.37604246042948,34.97986485161725,35.31947577694523,347126156
2021-03-08,34.79118728637695,36.30056639431369,34.753453384460975,36.187364688565744,209424946
2021-03-09,34.979862213134766,35.24400530353818,33.885564583604165,34.33837719727804,264344665
2021-03-10,35.13079833984375,35.73454941030193,34.97985985250116,35.62134770397913,191346284
2021-03-11,36.71565246582031,37.055260503726565,35.35720879854518,35.470413397122286,240065733
2021-03-12,37.055259704589844,37.80994933506143,37.055259704589844,37.168464300725574,182568161
2021-03-15,36.33830642700195,37.01752535900845,36.30056964279678,36.97979145371572,101814598
2021-03-16,36.451507568359375,37.09299546387494,36.14963345186299,36.60244606606377,111422575
2021-03-17,36.225101470947266,36.602446277936295,35.9609612576199,36.56471237301987,113513587
2021-03-18,35.508148193359375,36.564714876843624,35.47041428585907,36.22510395151564,159629688
2021-03-19,34.75345993041992,35.130804778478584,34.33838117333794,34.791193839443245,185099020
2021-03-22,36.376041412353516,36.451509225179734,34.64025580713782,34.79119143279026,175207196
2021-03-23,36.602447509765625,37.47034174661373,36.602447509765625,36.9420584232676,175421526
2021-03-24,35.5836181640625,36.262837122001244,35.5836181640625,36.11189861615512,117428779
2021-03-25,36.71565246582031,36.79112027893003,35.28174098543546,35.470413397122286,161223209
2021-03-26,37.545806884765625,37.73447928117149,37.243929898951336,37.545806884765625,222415849
2021-03-29,37.243934631347656,38.489173757417404,37.206200723054295,38.18729673324514,156745319
2021-03-30,38.18729019165039,38.26276087422144,36.82884957340541,37.3948667375835,167739158
2021-03-31,37.88542175292969,38.640111417813095,37.58354473541128,37.809951059093784,184149925
2021-04-01,38.1118278503418,38.715579002881526,37.960889342478715,38.4891726805432,85652901
2021-04-07,38.86651611328125,38.86651611328125,38.26276498244967,38.41370348488569,103137220
2021-04-08,40.75324630737305,41.50793605380588,38.86652194129096,39.017460466360106,346491365
2021-04-09,39.99855041503906,41.65886817786091,39.99855041503906,41.50792967598393,212893788
2021-04-12,40.45136642456055,41.20605611814498,39.99855375997497,40.90418196805883,135751176
2021-04-13,41.055118560791016,43.01731052069635,40.45136453105469,40.90418005335694,425653445
2021-04-14,39.77214431762695,42.03621322133726,38.11182654579023,41.809806906748726,347497699
2021-04-15,40.07401657104492,40.30042575396356,39.09292066774278,39.24385916338443,156028137
2021-04-16,40.75324630737305,41.80981310394418,39.99855656094021,40.526839959225775,264973147
2021-04-19,41.206050872802734,41.65886635865967,40.526831962385835,41.28152155990173,146204920
2021-04-20,40.828704833984375,41.28152030608828,40.45136004668725,40.904175518791156,117014470
2021-04-21,40.30043029785156,41.13058779911262,40.14949178519155,40.60230444425891,127174848
2021-04-22,41.356990814208984,42.4135574392409,40.602301190304026,41.50792931477246,337740346
2021-04-23,43.017311096191406,43.39465593036853,41.658870268936305,42.262621427837175,437383291
2021-04-26,46.63981628417969,46.63981628417969,45.13043709777315,45.6587203887979,510615530
2021-04-27,45.658721923828125,47.31903966047709,45.35684492483289,46.790756351691634,321034099
2021-04-28,45.28137969970703,46.11153717596996,44.375751529930376,45.88513085325394,292846745
2021-04-29,42.79090118408203,44.300280394251324,42.79090118408203,43.99840340065251,455683240
2021-05-03,39.99855041503906,41.80980667973789,39.847611913162076,41.50792967598393,322671742
2021-05-04,41.206050872802734,41.58339567156068,38.48916947331046,40.0740164765289,346369551
2021-05-05,39.092926025390625,41.35699513356668,39.092926025390625,41.20605661723906,207929392
2021-05-06,38.715579986572266,39.92308520124477,38.18729663508509,39.319331154452186,171412143
2021-05-07,40.75324630737305,40.82871413045116,39.696679510801914,39.772150212792944,169832029
2021-05-10,39.6212043762207,40.904177284185565,39.6212043762207,40.904177284185565,117825384
2021-05-11,36.979793548583984,38.33823436846374,36.26283779175749,37.7344832128408,283383118
2021-05-12,34.979862213134766,37.50807412973234,33.28181059348915,36.52697821416402,354706491
2021-05-13,35.885494232177734,36.86659025472008,33.54595734158347,33.84783149064351,324988395
2021-05-14,35.31947326660156,37.470340388196746,35.20627155214649,36.828852490635064,235085819
2021-05-17,33.168609619140625,35.20627218393488,32.48938780457172,33.055405023741656,231540797
2021-05-18,36.451507568359375,36.451507568359375,34.715722042039864,34.904394444442254,279930310
2021-05-19,36.451507568359375,37.130729368572936,35.847756456454206,36.489241473057376,211703899
2021-05-20,35.09306716918945,36.22510159400201,35.05533326414485,35.84775678573116,170017389
2021-05-21,35.43267822265625,36.3760402473334,35.35720753333462,36.03642934266714,146104971
2021-05-24,36.75338363647461,36.97978993786273,34.979861371290944,35.1685337689331,159953560
2021-05-25,39.168392181396484,39.998549606571686,37.65901295095981,37.88541925974283,384540274
2021-05-26,38.715579986572266,40.375897857426544,38.56464147487412,39.47026966615033,241551225
2021-05-27,38.18729019165039,39.01745042645889,37.734477611872784,38.26276087422144,166932535
2021-05-28,39.545738220214844,39.998550851878655,38.94198420611309,39.31932902547043,216667060
2021-05-31,39.99855041503906,40.375895230275276,39.168392973084366,39.92308260355681,199540916
2021-06-01,39.39480209350586,40.75324294936895,39.39480209350586,40.14949177775343,153532972
2021-06-02,39.243858337402344,39.99854792081393,38.941981352472794,39.69667093588438,115535465
2021-06-03,41.50792694091797,41.734333239358705,39.47026449712681,39.8476092874988,379615152
2021-06-04,39.99855041503906,41.055117049265455,39.99855041503906,40.7532400455115,259766608
2021-06-07,39.47026443481445,40.45136031245028,38.86651334695489,40.375892506059934,183473659
2021-06-08,39.39480209350586,40.14949177775343,39.39480209350586,39.69667623985728,107515690
2021-06-09,38.26276397705078,39.16839208895796,37.88541917033216,39.017453590488024,210399319
2021-06-10,38.86651611328125,39.16839311815328,37.960887977577634,38.48917129664745,120939964
2021-06-11,39.092926025390625,39.77214790940854,38.941987509063004,39.394803058045866,98330893
2021-06-15,40.52683639526367,40.677774907059174,39.84761453164027,39.99855304343576,186110330
2021-06-16,39.545738220214844,40.375895671236,39.394799716689405,40.22495716771056,144817715
2021-06-17,40.22495651245117,40.22495651245117,38.71557725960938,38.94198357175316,103506215
2021-06-18,39.39480209350586,40.6023044367369,39.39480209350586,40.451365924104856,128118524
2021-06-21,38.64011001586914,39.243861150087994,38.4891715125863,38.94198414352232,122656928
2021-06-22,38.48917007446289,39.319327493131446,38.41370226509753,39.16839187440072,86612509
2021-06-23,39.99855041503906,40.14948891691604,38.71557746745343,38.86651596933041,153763312
2021-06-24,39.99855041503906,40.45136304175753,39.47026709792586,39.92308260355681,150026510
2021-06-25,39.92308044433594,40.904176335105504,39.92308044433594,40.60229934767842,122914162
2021-06-28,39.69667434692383,40.22495767648851,39.545738720401815,40.1494898632275,71762205
2021-06-29,39.99855041503906,40.526833732152255,39.92308260355681,40.2249567283983,105202254
2021-06-30,40.07401657104492,40.60229986633449,40.07401657104492,40.52683205796985,92830842
2021-07-01,39.319332122802734,40.3004310335467,39.319332122802734,40.22496033638262,93087890
2021-07-02,39.69667434692383,39.923083544531934,39.31932952279371,39.31932952279371,65650006
2021-07-05,41.055118560791016,41.65886971161476,39.84761338023094,39.99855188766502,261103676
2021-07-06,40.30043029785156,41.658871153966324,40.22495960206522,41.43246482443264,144568255
2021-07-07,40.45136642456055,40.82871127135276,40.07402157776833,40.22496009226776,105842538
2021-07-08,40.07401657104492,40.82870617034078,39.99854876268028,40.67777055361149,95910080
2021-07-09,39.39480209350586,39.84761475248933,39.16839576401412,39.6212084229976,111119847
2021-07-12,40.14948654174805,40.97964393459219,39.92308024178258,40.45136064873123,149134257
2021-07-13,40.677772521972656,41.658868472749155,40.45136332809828,40.677772521972656,261564370
2021-07-14,40.75324630737305,41.50793605380588,40.451369257234745,41.35699752873673,119707585
2021-07-15,41.583396911621094,41.73433541140788,40.90417798094918,41.05511648073597,181885879
2021-07-16,40.52683639526367,40.904181235296086,39.99855304343576,40.37589788346818,254563948
2021-07-19,39.69667434692383,40.300428368662054,39.62120653366282,40.300428368662054,142468073
2021-07-20,39.545738220214844,40.074018664185125,39.31932902547043,39.47026752899587,110876067
2021-07-21,38.33823013305664,40.0740155933043,37.88541753609196,39.99854778678095,200758258
2021-07-22,40.519989013671875,41.14337286553032,39.58491174961986,39.8186803225007,233158928
2021-07-23,41.065452575683594,42.15637361519571,41.065452575683594,41.299221157541275,207930876
2021-07-26,41.84468460083008,42.39014662558589,41.76675975584845,42.07845319071717,137614648
2021-07-27,41.37714385986328,42.31222117863741,41.37714385986328,42.234299307293256,118407516
2021-07-28,40.36414337158203,40.987527239873,39.35114421404311,40.83168350219683,199661413
2021-07-29,42.545989990234375,42.85768342231732,41.5329907947581,42.00053094288252,436442070
2021-07-30,45.039527893066406,46.67591392959238,43.48106669972481,43.48106669972481,688535227
2021-08-02,44.805763244628906,46.52007130240748,44.2603011845363,46.208377847346256,340356559
2021-08-03,46.28630065917969,46.28630065917969,44.6499145509594,44.88368314569688,261099677
2021-08-04,47.14345169067383,47.37722027810528,46.05252765262189,46.90968310324237,311304901
2021-08-05,49.40322494506836,49.7928402743748,46.909686243001325,47.53307017538582,482353715
2021-08-06,48.390220642089844,49.71491329960485,48.00060532944008,49.48114470652078,347972909
2021-08-09,48.234371185302734,49.01360171836075,47.299293951127396,48.00059964736246,208141642
2021-08-10,46.59798812866211,48.546064580299564,46.13045096928062,48.31229600060882,314701732
2021-08-11,46.6759147644043,47.53306724706106,45.818759309218656,46.52006804777701,237048006
2021-08-12,46.83176040649414,47.9226844945691,46.5979918083435,46.98760712943756,165790481
2021-08-13,44.88368225097656,47.06553035177688,44.80576037846036,46.98760550673178,223682413
2021-08-16,44.49406814575195,45.195376907465594,43.948609078340205,44.026530952962176,142031104
2021-08-17,44.49406814575195,44.49406814575195,44.49406814575195,44.49406814575195,0
2021-08-18,45.27330017089844,45.35122502043982,43.09145491673389,43.09145491673389,191337750
2021-08-19,43.24729537963867,44.72783460867379,43.24729537963867,44.57198790469189,176436947
2021-08-20,43.40314483642578,43.94860684869356,42.39014565508781,43.87068200549597,141868003
2021-08-23,45.66291046142578,45.81875717077944,44.416142731654006,44.72783615036132,162895991
2021-08-24,45.5070686340332,46.83175828780012,45.429143789822355,46.44214298433247,177396116
2021-08-25,46.75383758544922,47.22137477229214,46.130453678815684,46.2863003986063,224280323
2021-08-26,47.68891525268555,48.857761200189955,46.98760649517132,48.623992605194864,259611356
2021-08-27,48.078529357910156,48.15645123010347,47.06553015675264,47.5330673349703,169766283
2021-08-30,48.9356803894043,49.09152710169321,48.07852793060847,48.62398993735527,205005185
2021-08-31,49.16944885253906,49.16944885253906,47.92268110230365,48.623989819641565,180534243
2021-09-01,49.94867706298828,50.26037047198102,48.77983123805849,48.93567794255486,259293907
2021-09-02,49.87076187133789,52.208453834056854,49.87076187133789,50.649992525577545,419823016
2021-09-03,54.546138763427734,54.546138763427734,50.96167940512824,51.03960127149309,636849628
2021-09-06,54.468223571777344,56.10460674619647,53.22145572198459,53.84483667435194,582599522
2021-09-07,53.14352798461914,55.01368273477946,52.67599078334358,54.624067409540146,329592945
2021-09-08,51.27337646484375,52.90975955519882,50.727911471353565,52.28637268979796,370835503
2021-09-09,52.59806823730469,52.90976168253735,50.7279135109667,50.88376320611202,280162094
2021-09-10,53.14352798461914,53.766914883025265,52.36429733414051,52.52014703127107,212454512
2021-09-13,52.052608489990234,53.688991624857856,52.052608489990234,53.221454435618234,164440315
2021-09-14,51.429222106933594,52.442224314335775,51.11752866272846,52.20845274491743,157083603
2021-09-15,51.117523193359375,51.818831881519216,51.03960132690991,51.58506033711349,104901582
2021-09-16,51.58506393432617,52.59806610398151,51.27337644679322,51.58506393432617,140953678
2021-09-17,51.117523193359375,52.3642908917228,51.03960132690991,51.58506033711349,168231667
2021-09-22,50.33829879760742,50.6499922465981,49.16945282268593,49.247377671198116,165283608
2021-09-23,50.80583572387695,51.507144494049754,50.64999197275323,51.351300742926036,118279945
2021-09-24,52.20845031738281,52.286372188546466,51.27337597330351,51.42921971563083,127879293
2021-09-27,51.66299057006836,52.5980649014036,51.429219014705744,52.442221161200266,92868852
2021-09-28,50.88376235961914,51.42922142090865,50.88376235961914,51.2733776734139,80605472
2021-09-29,49.09152603149414,50.10452815302415,49.09152603149414,49.55906318563974,217250781
2021-09-30,49.87076187133789,50.18245532204537,48.70191588997841,49.32529981886432,120716424
2021-10-01,48.77983474731445,49.71491206903414,48.390219444308656,49.40322161014682,142501064
2021-10-04,47.377220153808594,49.32529666484126,47.22137343842021,49.169449949452876,131200706
2021-10-05,47.61098861694336,47.766835331926885,45.195374938549655,45.74083695472758,189918094
2021-10-06,46.6759147644043,48.07852926899213,46.36422133114972,47.92268255236484,131848168
2021-10-07,48.70191192626953,48.77983379634004,47.37721932736924,47.455144169968555,151354156
2021-10-08,47.61098861694336,48.779834520526535,47.53306674571602,48.779834520526535,115041097
2021-10-12,45.58498764038086,46.520064904432864,45.58498764038086,46.36421819833608,162345809
2021-10-13,43.9486083984375,45.896684959139,43.9486083984375,45.42914480105328,228247159
2021-10-14,44.182373046875,44.88367876260176,44.02652634142617,44.64991019069284,118769240
2021-10-15,46.05252456665039,46.90967995983304,45.19537214599641,45.3512188513504,212901390
2021-10-18,45.5070686340332,46.520067828543326,45.5070686340332,46.520067828543326,119794110
2021-10-19,46.442142486572266,46.67591404417042,45.50706814629498,46.052527187280454,103789955
2021-10-20,45.74083709716797,46.90968300439103,45.42914366623028,46.59798957345333,150190445
2021-10-21,45.195369720458984,46.052522095111456,44.72783260201736,45.27329158268975,131526430
2021-10-22,45.429141998291016,45.58498870803792,44.57198955347616,45.19537341993503,103407443
2021-10-25,46.28630065917969,46.28630065917969,44.6499145509594,45.195376587032825,122194078
2021-10-26,46.59798812866211,47.37721870931709,46.286297679917375,46.59798812866211,179013620
2021-10-27,48.234371185302734,48.234371185302734,46.442138581246425,46.75383198348107,205373116
2021-10-28,46.59798812866211,47.61098728900783,46.59798812866211,47.299296840263096,273608270
2021-10-29,45.195369720458984,46.36421548909154,45.195369720458984,46.36421548909154,228569205
2021-11-01,44.88368225097656,45.66291286625413,44.72783850594416,45.27329755861535,133814105
2021-11-02,45.974605560302734,46.9096828780689,45.2732968288459,45.35122167263491,196050588
2021-11-03,46.13045120239258,46.83175694500872,45.97460449096828,46.75383507556097,93460973
2021-11-04,45.66291046142578,46.675912585960184,45.58498859301332,46.675912585960184,76279150
2021-11-05,47.065528869628906,47.45514416499825,46.13045156623671,46.4421420190149,186857464
2021-11-08,48.70191192626953,48.70191192626953,47.14345074462891,47.299297457298735,207476998
2021-11-09,49.16944885253906,50.57206628721488,49.16944885253906,49.71491085796535,229429473
2021-11-10,49.16944885253906,49.87075756987697,48.623989819641565,49.40322040667089,126681412
2021-11-11,48.468143463134766,48.93568062976918,48.390218620343155,48.623990176189174,108353293
2021-11-12,48.77983474731445,49.71491206903414,48.70191287572484,49.325296766028345,108567895
2021-11-15,49.40322494506836,49.63699354814641,48.93568476638319,49.55906869876768,74553814
2021-11-16,49.09152603149414,49.636988026349826,49.09152603149414,49.636988026349826,74721656
2021-11-17,49.55906677246094,49.94868208662346,48.857760990485765,49.32529817846921,111469217
2021-11-18,49.16944885253906,49.792835700185556,49.09152698284765,49.55906414605372,82944078
2021-11-19,50.72791290283203,51.50714353404315,49.87076039751139,50.026604145730445,368830431
2021-11-22,50.41621780395508,51.4292199692513,50.338295932407156,51.03960466645394,151356281
2021-11-23,49.247371673583984,50.260370800641574,49.01360310157511,50.260370800641574,136256721
2021-11-24,49.16944885253906,49.40322040667089,48.70191168933298,48.8577584012446,93267750
2021-11-25,49.09152603149414,49.48114131745838,48.77983261371126,49.48114131745838,67682737
2021-11-26,48.70191192626953,50.4941446631793,48.70191192626953,50.33829497798067,181896349
2021-11-29,48.62398910522461,48.85775768339297,47.4551432418541,48.31229568598098,111274094
2021-11-30,49.63698959350586,50.805832515772956,49.63698959350586,50.10452973494153,277535104
2021-12-01,52.20845031738281,52.208450317382805,49.94868038329052,50.18245194183919,271112474
2021-12-02,51.974674224853516,53.377291563673644,51.89675236048732,52.5201391655312,309629242
2021-12-03,53.22145462036133,53.2993764946621,52.20845241927755,52.675989610140086,184103948
2021-12-06,52.442222595214844,53.14352539036436,51.97467947170481,53.14352539036436,134977704
2021-12-07,51.8188362121582,52.90976026879415,51.58506464821556,52.90976026879415,155164688
2021-12-08,51.8188362121582,53.14352588767896,51.8188362121582,53.14352588767896,145042808
2021-12-09,49.87076187133789,51.19545160552207,49.87076187133789,50.72791440198989,283828545
2021-12-10,49.481143951416016,50.02660300277859,48.85776005519529,49.0136067723827,150096505
2021-12-13,48.9356803894043,49.79283582072892,48.9356803894043,49.79283582072892,105402091
2021-12-14,48.62398910522461,48.85775768339297,47.922680398190806,48.70191097377115,103901892
2021-12-15,48.857757568359375,49.40321956448709,48.70191085910449,48.70191085910449,93198092
2021-12-16,49.09152603149414,50.338293757568216,49.013604163312785,50.02660033978533,137799524
2021-12-17,48.54607009887695,48.85776355558286,48.390223370524,48.46814822096503,87120133
2021-12-20,48.468143463134766,48.77983391671477,48.31229675008036,48.546065333397564,63987172
2021-12-21,49.01361083984375,49.32530132755573,48.62399550080693,48.77983925839835,76514949
2021-12-22,49.63698959350586,49.79283630731775,49.32529616588209,49.403221009052444,82654446
2021-12-23,49.7928352355957,50.26037239443944,49.71491039410257,50.182450525475076,70656246
2021-12-24,50.104530334472656,50.57206750897386,49.94868064626711,50.104530334472656,75313292
2021-12-27,50.104530334472656,50.41621782076831,50.02660251784102,50.338295949194396,45805295
2021-12-28,50.41621780395508,50.80583310675244,50.41621780395508,50.57206749210866,79937853
2021-12-29,50.649986267089844,50.80583000065794,50.41621472168033,50.727908133873896,52868829
2021-12-30,50.649986267089844,50.883757812499354,50.49414253352174,50.727908133873896,48028296
2022-01-03,49.40322494506836,51.03960813914379,49.24737821883997,50.80583656353667,120134207
2022-01-04,49.09152603149414,49.87075660342262,48.9356793226027,49.48114131745838,113554504
2022-01-05,49.16944885253906,49.87075756987697,48.8577584012446,49.09152698284765,83002873
2022-01-06,48.857757568359375,49.013604277614256,48.62398899074142,48.70191085910449,80543215
2022-01-07,48.77983474731445,49.63699019744453,48.70191287572484,49.63699019744453,99195601
2022-01-10,48.390220642089844,48.70191408122124,48.15645204900577,48.312298768571466,95348594
2022-01-11,48.390220642089844,48.70191408122124,48.23437689505309,48.546067361655545,44217559
2022-01-12,48.234371185302734,48.9356768815378,48.15644634847978,48.857755017243434,74002300
2022-01-13,49.325294494628906,49.55906307116172,48.39021721596895,48.39021721596895,115790076
2022-01-14,48.857757568359375,49.48114143285016,48.468142281486536,49.48114143285016,92471313
2022-01-17,50.104530334472656,50.18245220604657,49.091528168838614,49.16945004041253,154911953
2022-01-18,49.714908599853516,50.57206399017001,49.714908599853516,50.26037058050425,96924393
2022-01-19,48.9356803894043,49.48114239615109,48.9356803894043,49.09152710169321,75176729
2022-01-20,49.481143951416016,49.71491254093268,48.70191333800789,49.0136067723827,61673388
2022-01-21,48.9356803894043,49.32529568386218,48.779833677115384,48.85775851952424,84065982
2022-01-24,48.77983474731445,48.93568146302255,47.68891368241554,48.54606616001675,104842422
2022-01-25,47.92267990112305,48.46814189287735,47.92267990112305,48.156448476866686,128470767
2022-01-26,44.6499137878418,45.58499112333915,43.71483645234444,43.94860801561546,399886476
2022-02-07,42.46806716918945,44.416143644840346,41.84468329148692,44.338221774825826,303067087
2022-02-08,43.169376373291016,43.55899167278812,42.545989516072574,42.545989516072574,145754347
2022-02-09,43.63691329956055,44.26029718076279,43.40314471567581,43.870681883445286,104196446
2022-02-10,43.4810676574707,44.416144988578125,42.93560563328063,44.416144988578125,113911457
2022-02-11,43.169376373291016,43.63691354367601,42.85768294468179,43.2472982441789,84581234
2022-02-14,41.29922103881836,42.15637349400873,41.29922103881836,42.07845162445644,159459899
2022-02-15,41.68883514404297,42.312219000289275,41.29921986232294,41.29921986232294,100424261
2022-02-16,42.1563720703125,42.7797588957931,42.1563720703125,42.54598734997354,90558141
2022-02-17,42.39014434814453,42.85768150279995,42.15637279828809,42.62391292547224,67766598
2022-02-18,41.84468460083008,42.07845319071717,41.68883788339571,41.922606473282805,81812084
2022-02-21,41.922603607177734,42.390143727516694,41.2992197525878,41.53298832649294,77093640
2022-02-22,41.143375396728516,41.61091554378259,40.753760093781224,41.4550688280979,111986147
2022-02-23,41.766761779785156,41.766761779785156,41.22130270112634,41.22130270112634,56264257
2022-02-24,40.36414337158203,41.4550673704878,40.28622150274394,41.14337395007794,105770914
2022-02-25,40.5979118347168,41.532989120747956,40.51998996610118,41.29922054237235,107149479
2022-03-01,42.1563720703125,42.468065483052804,40.909604364408665,41.299219644069694,117258341
2022-03-02,41.766761779785156,42.00053335352926,41.3771464535837,41.45507130234141,57767223
2022-03-03,42.23429870605469,42.46806728928812,41.92260528005756,42.23429870605469,46574496
2022-03-04,41.61091995239258,41.9226104442562,41.45507322019618,41.53299510002979,45291882
2022-03-07,40.20829772949219,41.143375043032925,39.97452914423921,41.143375043032925,106963655
2022-03-08,38.727760314941406,39.89660618175536,38.57191360486046,39.42906605151253,178913624
2022-03-09,40.36414337158203,40.6758367919919,39.35114421404311,39.584912793086126,97926742
2022-03-10,41.143375396728516,41.922606002623105,40.98752868104383,41.6888374153605,96899292
2022-03-11,40.90960693359375,41.299222237723214,40.75376021743619,41.065453649751305,46824536
2022-03-14,40.90960693359375,41.377144109537554,40.364144913306724,41.065453649751305,59505595
2022-03-15,39.273223876953125,40.2082982295953,39.117377160669804,40.052454485840855,117655236
2022-03-16,39.58491516113281,39.97453047368831,39.03945312904933,39.896608600188785,82159391
2022-03-17,40.987525939941406,41.14337264520361,40.67583550194565,40.83168220720786,106432004
2022-03-18,41.143375396728516,41.299222112413204,40.90960680946591,41.0654535251506,66178749
2022-03-21,41.68883514404297,41.84468185123672,41.37714172965546,41.68883514404297,50926506
2022-03-22,41.68883514404297,41.68883514404297,41.221297994990415,41.68883514404297,47683407
2022-03-23,41.922603607177734,42.23429702073704,41.76675690039808,41.922603607177734,63371218
2022-03-24,41.4550666809082,41.61091338852072,41.221298105753775,41.299219973295685,49965271
2022-03-25,41.532989501953125,41.76675808247435,41.29922092143191,41.68883621314353,42172838
2022-03-28,41.766761779785156,41.92260850477155,41.14337785236862,41.45507130234141,40335325
2022-03-29,41.84468460083008,42.07845319071717,41.532991165961356,42.000531318264436,39470682
2022-03-30,42.46806716918945,42.46806716918945,42.078451874059276,42.15637374407379,67529942
2022-03-31,42.07845687866211,42.23430360975558,41.92261014756864,42.15637875794427,48328440
2022-04-01,41.2213020324707,41.3771457824001,40.90960858755393,41.3771457824001,83819843
2022-04-06,39.81868362426758,40.28622378132637,39.58491503200265,40.208298935552115,130463959
2022-04-07,38.96152877807617,39.429065934401585,38.96152877807617,39.03945064662083,113474739
2022-04-08,38.96152877807617,39.27322219731228,38.96152877807617,39.03945064662083,91544578
2022-04-11,37.55891799926758,38.961532577553704,37.4420322125233,38.961532577553704,172822222
2022-04-12,36.857608795166016,37.51995662479802,36.62384019692548,36.857608795166016,149437106
2022-04-13,37.79268264770508,37.98749029021902,37.20825972016325,37.28618158815733,91562763
2022-04-14,37.597877502441406,38.22126140538543,37.55891656585658,38.1823004688006,63462591
2022-04-15,36.66279983520508,36.97449327016529,36.62383889896727,36.93553233392749,88548089
2022-04-18,36.00045394897461,36.506952050314574,36.00045394897461,36.31214440229255,70630379
2022-04-19,36.35110855102539,36.74072384965362,36.312144643139504,36.429030421739505,69983560
2022-04-20,37.130340576171875,37.130340576171875,36.70176135317625,36.97449385622156,63624569
2022-04-21,37.4420280456543,37.71476052686259,37.13033760323887,37.32514524444678,57340757
2022-04-22,37.130340576171875,37.130340576171875,36.779686199415885,37.013454793076896,44600819
2022-04-25,35.45499038696289,36.234220944918114,35.29914368086611,36.234220944918114,109358305
2022-04-26,35.649803161621094,35.92253270717923,35.26018782652141,35.84461082917094,51558629
2022-04-27,34.59783935546875,34.59783935546875,33.93549157101704,34.28614593072338,104597756
2022-04-28,37.79268264770508,38.02645122421607,35.72772044804579,36.07837479907663,235761700
2022-04-29,37.247222900390625,38.88360897970885,37.16930102769738,38.64983741657132,187382650
2022-05-03,36.81864547729492,37.792683717435,36.701759699466585,37.169299838251106,84508425
2022-05-04,37.636837005615234,37.636837005615234,36.89656734858121,36.89656734858121,63133086
2022-05-05,38.26021957397461,38.844642498052806,38.06541193261521,38.72775969675439,103997181
2022-05-06,37.83164596557617,37.83164596557617,36.93553253706274,36.97449347351482,82849111
2022-05-09,37.32514572143555,38.18229816469266,37.32514572143555,37.792682877297835,63852606
2022-05-10,38.10437774658203,38.10437774658203,36.50695262943789,36.62383840911683,85028280
2022-05-11,37.90957260131836,38.338148867588885,37.59787914992395,37.87060869049727,78480733
2022-05-12,37.247222900390625,37.87060679952328,37.16930102769738,37.51995539987478,70288246
2022-05-13,38.0654182434082,38.260225917064396,37.63684195587042,37.792688689301215,73860423
2022-05-16,38.532955169677734,39.19530001481977,38.416069386403755,38.76672376369675,112735101
2022-05-17,39.03945541381836,39.2732269930562,38.727764929049755,38.961533535758484,89761593
2022-05-18,39.662837982177734,39.97452843279144,39.50699127060649,39.74075985169897,95535126
2022-05-19,39.58491516113281,39.58491516113281,38.416069223466316,38.416069223466316,86986838
2022-05-20,39.506988525390625,39.8966037909812,39.35114182464868,39.81867895434594,54871546
2022-05-23,39.19529724121094,40.052452655330335,39.03945053205025,39.89660594616965,51203951
2022-05-24,38.18229675292969,39.35114257189692,38.18229675292969,39.27322070631056,70613038
2022-05-25,38.45502853393555,38.53295337666853,37.90956949744871,38.22125995079421,55450045
2022-05-26,38.49399185180664,39.11737572147571,38.416067010267525,38.8836071419159,38717807
2022-05-27,39.117374420166016,39.117374420166016,38.88360584838294,38.96152771480108,44272926
2022-05-30,39.740760803222656,40.0524542338281,39.35114550123028,39.740760803222656,56426824
2022-05-31,40.05245590209961,40.13037777673216,39.50699386208483,39.66284058387891,90647218
2022-06-01,39.896610260009766,40.20830073950408,39.740763533998084,39.8186854107394,53236364
2022-06-02,39.506988525390625,39.740757090239256,39.42906368875536,39.66283522613257,49193727
2022-06-06,40.519989013671875,40.519989013671875,39.50698988283581,39.896605161813426,90265356
2022-06-07,40.286224365234375,40.44207108651281,39.896609048302764,40.208299518330676,60602619
2022-06-08,40.83168411254883,41.06545269508622,40.59791255748264,40.6758374000143,70914419
2022-06-09,40.36414337158203,40.6758367919919,40.36414337158203,40.597911950625054,39439506
2022-06-10,39.896610260009766,40.28622558877446,39.584916807986396,39.740763533998084,42745053
2022-06-13,38.96152877807617,39.27322219731228,38.883606909531515,39.03945064662083,80943487
2022-06-14,38.64983367919922,38.72775851688617,38.260218408350326,38.37710417861644,66117883
2022-06-15,38.68880081176758,39.2732237667941,38.68880081176758,38.92256939927242,59657666
2022-06-16,38.26021957397461,39.584912129724266,38.22125864020847,39.35114355459873,65327274
2022-06-17,37.130340576171875,37.55891682663856,36.779686199415885,37.44203104354358,151877009
2022-06-20,37.4420280456543,38.182297676750096,37.24722040444639,37.71476052686259,122064321
2022-06-21,38.41606903076172,38.41606903076172,37.364108881150344,37.792685128305756,130353483
2022-06-22,36.59067916870117,38.45755061945395,36.59067916870117,38.41606522024161,199757207
2022-06-23,34.8482666015625,36.632167229362366,34.06003136683388,36.549193266945494,204802598
2022-06-24,34.516380310058594,35.636505168940296,34.516380310058594,35.26313021597973,98110599
2022-06-27,35.59502029418945,35.92690668441606,35.180159932556165,35.34610154510278,89426186
2022-06-28,34.723812103271484,35.63650682687385,34.723812103271484,35.63650682687385,56708799
2022-06-29,33.935577392578125,34.47489394049674,33.76963262201346,34.22597836721636,68428072
2022-06-30,32.48356628417969,33.686658752744435,32.48356628417969,33.686658752744435,119517641
2022-07-01,31.570873260498047,33.10585851576786,31.570873260498047,32.4835679659612,135667180
2022-07-04,31.653844833374023,31.94424580188333,31.114525131704543,31.57087086727624,113656903
2022-07-05,32.27613830566406,32.815454891821695,31.52938836774308,32.69099867892384,84341341
2022-07-06,30.824125289916992,32.27613651580559,30.824125289916992,31.944246969549166,101611371
2022-07-07,33.064369201660156,33.60368893205512,30.907096610346994,31.404927772916697,169918818
2022-07-08,32.93991470336914,33.769635460808495,32.69099910916403,33.562205271448654,111431250
2022-07-11,32.0272216796875,33.18883206812536,31.819791479261717,33.064372681816415,78579255
2022-07-12,30.49223518371582,31.529386040304797,30.49223518371582,31.28047046775009,121975329
2022-07-13,31.570873260498047,32.3591085899465,31.404928480856256,32.19316381030471,113163223
2022-07-14,32.19316101074219,32.52505054116419,31.031553984531442,31.44641431499238,106195225
2022-07-15,32.317623138427734,32.69099810078511,31.94424817607036,32.35910854199335,93282900
2022-07-18,33.18882751464844,33.35477228524832,32.77396717071533,32.85693797344866,94635836
2022-07-19,33.105857849121094,33.313288028212995,32.81545369931242,32.89842767002919,50097902
2022-07-20,33.811119079589844,34.14300863108701,33.56220349853364,34.018549257992234,74999094
2022-07-21,35.512046813964844,35.512046813964844,33.85260534447926,34.0185501244545,137515298
2022-07-22,35.22164535522461,35.71947652340727,34.889755799680586,35.5120463424756,110057629
2022-07-25,33.60369110107422,34.3089524877594,33.3547755037226,34.267467082389715,102999108
2022-07-26,32.0272216796875,33.2718028822422,31.778306072203293,33.2718028822422,161723851
2022-07-27,32.73248291015625,32.77396831296878,31.695332014176227,31.81978822261382,109141607
2022-07-28,32.19316101074219,33.60368676733601,32.11019021070325,33.56220136731654,148493712
2022-07-29,33.31328582763672,33.354771227688026,32.69099533146766,32.773966131570276,109251171
2022-08-01,33.437744140625,33.437744140625,32.815453605135204,33.2303139621284,43204752
2022-08-02,32.44207763671875,32.85693798074397,32.19316206333027,32.81545257936809,71694172
2022-08-03,32.60802459716797,32.64951000132982,32.193164225282544,32.44207981538711,44604528
2022-08-04,33.18882751464844,33.35477228524832,32.6495078014821,33.022882744048545,73337609
2022-08-05,34.97273254394531,35.138674169740625,33.68666278809624,33.977066963505294,156027274
2022-08-08,34.060035705566406,34.5578700480851,34.01855030163987,34.350439863319004,70316154
2022-08-09,34.060035705566406,34.39192526724553,33.313288939488515,33.89409092472684,57553957
2022-08-10,33.437744140625,33.56220351377629,33.2303139621284,33.437744140625,59867589
2022-08-11,34.5993537902832,34.72380999608545,34.350438213545424,34.55786838834912,82326023
2022-08-12,35.138668060302734,35.387586785984325,34.68232233844161,34.7652963020465,71258030
2022-08-15,36.09285354614258,36.09285354614258,35.512048373292885,35.553533778824956,86310145
2022-08-16,35.71947479248047,36.175820535389455,35.55353002274996,36.13433513424013,54160486
2022-08-17,35.553531646728516,35.843935798305004,35.387590034551515,35.802450395260756,46303780
2022-08-18,35.26313018798828,35.26313018798828,34.88975523532409,34.93124063781271,35280239
2022-08-19,35.6779899597168,35.84393473209097,35.263129611348,35.4705597855324,34107416
2022-08-22,34.80678176879883,35.05569732983018,34.76529636948245,35.0142119305138,33625000
2022-08-23,33.85260772705078,34.225982716990124,33.85260772705078,33.97706711207511,60939728
2022-08-24,33.935577392578125,34.30894916993208,33.89408882608703,34.10151899800955,36198142
2022-08-25,34.35043716430664,34.55786733277435,34.143006995838924,34.267463197839646,36753597
2022-08-26,34.26746368408203,34.97272816595961,34.26746368408203,34.848268797059674,41925852
2022-08-29,33.14734649658203,33.230317310287155,32.608026712097754,32.898430890333,77947283
2022-08-30,33.52071762084961,33.8940894045761,33.06436870272471,33.27179887818755,36127846
2022-08-31,34.10152053833008,34.18449450992686,33.10585820023581,33.2303144099309,47051905
2022-09-01,33.56220245361328,33.76963262555758,33.188827511086906,33.35477228166899,40264410
2022-09-02,33.60369110107422,33.894092103795515,33.43774631446196,33.68666191181358,49625651
2022-09-05,33.02288055419922,33.603685630217235,32.56653483916114,33.43774087062165,88728180
2022-09-06,33.14734649658203,33.354776695978494,32.98140170403813,33.14734649658203,38130526
2022-09-07,32.52505111694336,33.02288225625615,32.48356571618949,32.85693748810749,56935811
2022-09-08,32.60802459716797,32.93991416072969,32.44207981538711,32.93991416072969,44441885
2022-09-12,33.31328582763672,33.977061723857084,33.18882646234965,33.18882646234965,68900843
2022-09-13,33.811119079589844,33.852604482243656,33.60368890118745,33.68665970649507,38459201
2022-09-14,33.31328582763672,33.5207159930264,32.69099533146766,32.73248073151897,54221462
2022-09-15,33.52071762084961,33.81111860044428,33.27179887818755,33.52071762084961,43284742
2022-09-16,33.14734649658203,33.47923291653618,33.14734649658203,33.43774750968362,58273261
2022-09-19,33.14734649658203,33.271802717139714,32.93991629718556,33.14734649658203,31821296
2022-09-20,33.31328582763672,33.562201393077714,33.10585566224703,33.354771227688026,37794410
2022-09-21,32.85694122314453,33.1473453916999,32.60802562519247,33.064371415626844,50581171
2022-09-22,32.151676177978516,32.4005917476201,32.02721681059113,32.3591063468687,55656445
2022-09-23,31.778305053710938,32.276139417857465,31.653848836524485,31.94424984175978,45731995
2022-09-26,30.575206756591797,31.40492746276941,30.492235952027357,31.36344206048719,67912112
2022-09-27,30.94858169555664,31.11452646975533,30.575206744892913,30.94858169555664,46286821
2022-09-28,30.035888671875,31.487899833974023,29.9944032716988,31.114524902121932,72870615
2022-09-29,30.326290130615234,30.90709523791135,29.994403758684022,30.865609837061598,46575551
2022-09-30,29.66251564025879,29.70400104309262,29.081710505185093,29.538056266623943,81730648
2022-10-03,29.330623626708984,29.828457914350572,29.040222666101208,29.330623626708984,57761522
2022-10-04,31.280471801757812,31.280471801757812,30.11886152678607,30.11886152678607,76720137
2022-10-05,31.778305053710938,32.35911022931511,31.73681964798212,32.19316544126626,94638164
2022-10-06,32.317623138427734,32.35910854199335,31.695332589543245,31.985733579635976,57663694
2022-10-07,31.570873260498047,32.02721903066292,31.529387856870954,32.02721903066292,46871723
2022-10-11,29.372116088867188,30.201836846573794,29.289142114016425,30.118862871723028,97394246
2022-10-12,30.450754165649414,30.49223957285786,29.164687551385548,29.206172958593992,84105734
2022-10-13,30.20183753967285,30.865613528044364,30.035892751296576,30.409267733859796,70601673
2022-10-14,32.110191345214844,32.15167674670006,31.363441457947864,31.612357031992442,116583617
2022-10-17,31.321958541870117,31.612359540443325,30.741153379590195,31.36344394664722,75058345
2022-10-18,31.736818313598633,32.193164087695585,31.529388128542436,32.06870787574193,63553154
2022-10-19,31.695329666137695,32.27613475788625,31.529384902047664,31.77830046561615,70711372
2022-10-20,32.773963928222656,32.773963928222656,31.15600811392938,31.28046747084922,115651235
2022-10-21,32.40059280395508,33.147342702358806,32.27613659764332,32.773967753156946,92001219
2022-10-24,32.69099807739258,33.85260520206571,32.69099807739258,33.64517501925264,102938085
2022-10-25,32.73248291015625,33.271799476985855,32.64950893939784,33.06436929778985,91594231
2022-10-26,31.612356185913086,32.856937187959005,31.52938538516329,32.856937187959005,103443365
2022-10-27,32.5665397644043,32.69099914420702,31.44641800671386,31.487903411603597,90613946
2022-10-28,31.778305053710938,32.19316544126626,31.695334242253303,32.110194629808625,53649029
2022-10-31,32.44207763671875,32.608022407355485,32.19316206333027,32.359106833967004,51260076
2022-11-01,32.40059280395508,32.608022979607966,32.15167722619827,32.234648030406106,34377166
2022-11-02,32.64950942993164,32.856939612244126,32.35910844074752,32.566538623060005,39919536
2022-11-03,32.359107971191406,32.48356734482625,32.02721841825405,32.23464859755656,36155621
2022-11-04,32.27613830566406,32.442079922861204,32.027219549601426,32.110193523333464,30410548
2022-11-07,33.23031234741211,33.354771714515714,32.77396660992086,32.77396660992086,75828073
2022-11-08,33.31328582763672,33.68665759323164,33.02288169701127,33.43774202779064,63627343
2022-11-09,34.39192581176758,34.39192581176758,33.811120652200024,33.85260605678339,100630117
2022-11-10,34.557865142822266,34.557865142822266,33.93557467685404,34.10151626900584,63600346
2022-11-11,36.507713317871094,37.752294453707606,36.42474250820206,37.50337885956701,191455331
2022-11-14,37.25446319580078,37.33743400531475,36.756628843316484,37.171489221153315,126709347
2022-11-15,38.66498565673828,39.079846031446344,37.17148894081594,37.337433723725866,194213856
2022-11-16,37.54486083984375,38.91390123044383,37.3789160705084,38.91390123044383,129929141
2022-11-17,37.83526611328125,37.91824008994765,36.715144331920165,37.17149012561788,94490785
2022-11-18,37.83526611328125,38.664986889143854,37.66932449021559,38.33310047787896,74623478
2022-11-21,37.87675476074219,38.16715576682766,37.71080997220752,38.04269638414327,41236956
2022-11-22,38.2501220703125,38.291610636406446,37.5448607585803,37.79377632947794,65457989
2022-11-23,38.2501220703125,38.582011608264835,38.2501220703125,38.457552240249406,45884654
2022-11-24,38.33309555053711,38.582011118273535,37.8352612499311,38.49904031740578,38914337
2022-11-25,38.00120544433594,38.29160957326465,37.91823464471809,38.20863560851368,33819940
2022-11-28,36.839599609375,37.29594535222284,36.673654839666725,37.00554121395005,78357139
2022-11-29,37.04703140258789,37.13000220850887,36.217310682844676,36.54919707166194,58090600
2022-11-30,38.00120544433594,38.00120544433594,36.6321682598427,36.7981098590784,61750227
2022-12-01,37.83526611328125,38.70647546004384,37.83526611328125,38.58201607761102,73822944
2022-12-02,37.752288818359375,37.876748179418165,37.17148374197339,37.17148374197339,54160843
2022-12-05,37.6693229675293,38.08418333869093,37.6693229675293,37.87675315311011,37425551
2022-12-06,36.92257308959961,37.669323024880846,36.92257308959961,37.50337824313685,40478376
2022-12-07,36.217308044433594,37.12999950360871,36.217308044433594,36.50770900913482,74981916
2022-12-08,35.26313018798828,36.25879567338167,35.26313018798828,36.21731027089306,76670517
2022-12-09,36.09285354614258,36.46622852619835,35.719478566086806,36.00988273507843,55417849
2022-12-12,36.09285354614258,36.21731292787236,35.677993160554735,35.9683941644128,25747200
2022-12-13,36.34177017211914,36.67365975602782,36.17582538016481,36.50771496407348,54778212
2022-12-14,36.88108444213867,36.92256984264309,36.46622410682807,36.756625075492224,49166432
2022-12-15,36.71514129638672,36.881086070865976,36.3832517474282,36.50771111957097,38456812
2022-12-16,36.75662612915039,36.75662612915039,35.63650445775586,35.80244922966367,95239295
2022-12-19,35.636505126953125,36.092850884419114,35.55353115687447,35.88542070692245,83378719
2022-12-20,34.723812103271484,35.55353285283719,34.723812103271484,35.263131856542586,80512928
2022-12-21,34.8482666015625,35.221641519605846,34.64083644321987,34.806781202920575,56823850
2022-12-22,35.553531646728516,35.760961827083136,35.26313066028539,35.387590034551515,52209660
2022-12-23,34.80678176879883,34.972726531197424,34.59935160708386,34.80678176879883,33933570
2022-12-26,34.76530075073242,34.84827155982146,34.516381993198344,34.84827155982146,23114661
2022-12-27,34.723812103271484,35.263131856542586,34.723812103271484,34.88975688621132,23355763
2022-12-28,33.85260772705078,34.433412915274914,33.72815150716009,34.433412915274914,51433985
2022-12-29,33.811119079589844,34.060034660646046,33.35477332013125,33.396258722785056,33299648
2022-12-30,33.76963424682617,34.39192479253501,33.76963424682617,34.267465417339885,31353411
2023-01-03,34.35043716430664,34.43340796564045,33.396257123301886,33.56220189110269,34737355
2023-01-04,34.060035705566406,34.51638147902513,34.060035705566406,34.22598048640597,23573244
2023-01-05,34.22597885131836,34.682324602975946,34.101519480351165,34.682324602975946,29326997
2023-01-06,35.18016052246094,35.18016052246094,34.22598040865123,34.267465812483515,54893830
2023-01-09,36.92257308959961,36.92257308959961,35.968392968421746,36.17582315431837,119293217
2023-01-10,37.337432861328125,37.337432861328125,36.67365691015342,36.92257249620226,91619765
2023-01-11,37.461891174316406,37.75229215561396,37.212972430194725,37.58634738124394,67893495
2023-01-12,37.461891174316406,37.75229215561396,37.08851622326719,37.62783278355312,58099046
2023-01-13,37.6693229675293,38.08418333869093,37.461892781948485,37.91823855719959,68861927
2023-01-16,37.25446319580078,37.79377978790856,37.00554443699188,37.54486419423316,67899354
2023-01-17,38.12567138671875,38.16715679368515,37.21297660778956,37.29595058685603,123681267
2023-01-30,40.49037170410156,40.49037170410156,39.41173536913099,39.785110337233654,259934552
2023-01-31,40.49037170410156,40.73928729445886,39.743624933029686,40.07551133179492,137164342
2023-02-01,40.863746643066406,41.071176829071824,40.6148310528866,41.071176829071824,114483826
2023-02-02,41.81792068481445,41.90089148110007,41.486031169406004,41.486031169406004,113657528
2023-02-03,41.569007873535156,41.817926628034655,41.48603706545762,41.65198184674614,62951018
2023-02-06,40.69779968261719,41.32009020732122,40.69779968261719,41.237119403414,63272202
2023-02-07,40.78077697753906,41.029692574694366,40.116997831613546,40.28294261809492,54845672
2023-02-08,41.90089797973633,42.06684276317782,41.27860741568084,41.32009282025784,91987834
2023-02-09,41.90089797973633,42.23278754661931,41.32009282025784,41.361578224834844,54489972
2023-02-10,42.149810791015625,42.481700335998404,41.65197963867473,41.90089521484518,62316230
2023-02-13,41.278602600097656,41.651977527999534,40.78077147298389,41.651977527999534,58610023
2023-02-14,41.81792068481445,42.06683623880429,41.486031169406004,41.65197592711023,38055955
2023-02-15,41.4030647277832,41.983866693135674,41.27860535513148,41.4030647277832,54088246
2023-02-16,41.569007873535156,41.900897436112196,41.237121476091566,41.817926628034655,56240350
2023-02-17,41.48603439331055,41.65197916391043,40.94671468014421,41.19563341861067,37735264
2023-02-20,41.90089797973633,42.14981357233182,41.32009282025784,41.48603760369933,46850801
2023-02-21,41.98386764526367,42.066841617290976,41.65198125255464,41.81792603147586,28793861
2023-02-22,41.11266326904297,41.3200934602744,40.98820705338423,41.07117786382339,51599954
2023-02-23,41.651981353759766,41.9008969401797,41.278606391563166,41.40306576733983,69814349
2023-02-24,41.444549560546875,42.14981088885577,41.444549560546875,42.066840084984115,63799414
2023-03-01,42.56467056274414,42.896560103228396,40.614828216515534,40.65631361779276,93569096
2023-03-02,42.066837310791016,42.48169763305694,41.90089254885803,42.39872366952391,40170733
2023-03-03,42.56467056274414,42.896560103228396,42.48169976018969,42.56467056274414,37277893
2023-03-06,43.06250762939453,43.22844924512339,42.6476472598055,43.145478437258966,53372856
2023-03-07,42.8135871887207,43.06250593277371,42.31575603088131,42.73061638412524,43382441
2023-03-08,43.22844696044922,43.22844696044922,42.398726265122875,42.64764500582739,49154325
2023-03-09,43.56033706665039,44.14114219389906,43.47736626210057,43.56033706665039,101691322
2023-03-10,43.145477294921875,43.394392877058216,42.81358774198452,43.145477294921875,45381129
2023-03-13,43.56033706665039,43.56033706665039,42.73061636061895,42.979531939401724,50745174
2023-03-14,42.066837310791016,42.97952875372281,42.066837310791016,42.73061319338988,65128554
2023-03-15,42.89656448364258,43.39439568007213,42.564674909267175,42.73061969645488,54147135
2023-03-16,43.145477294921875,43.145477294921875,42.481701354180515,42.896561712785534,38251084
2023-03-17,44.14113998413086,44.14113998413086,43.47736408556194,43.97519521820534,93086342
2023-03-20,44.14113998413086,44.556000316378075,43.72627965188364,44.307084750056376,63520680
2023-03-21,43.80925369262695,44.473029640292,43.643308914427344,44.390058833758886,45323603
2023-03-22,44.39005661010742,44.39005661010742,43.97519626795688,44.141141037843745,52511993
2023-03-23,44.224117279052734,44.224117279052734,43.64331209558595,43.975201676176574,54121683
2023-03-24,44.058170318603516,44.30708907435241,43.72628391949409,44.30708907435241,43187989
2023-03-27,43.97520065307617,44.05817146372667,43.311424672471546,43.80925586664163,33610473
2023-03-28,43.31142044067383,43.97519635642338,43.228446472996865,43.72628078365895,49512832
2023-03-29,42.730613708496094,43.47736356362985,42.39872418062929,43.228444835163195,62141441
2023-03-30,43.22844696044922,43.47736570115374,42.89656058139864,43.14547615696989,39528238
2023-03-31,43.8922233581543,43.97519415654738,43.560333834315806,43.560333834315806,38616672
2023-04-06,43.80925369262695,43.89222766429345,43.22844855149502,43.643308914427344,27062741
2023-04-07,43.47736740112305,43.97519857173079,43.47736740112305,43.80925379315042,17914131
2023-04-10,43.22844696044922,43.64330730811239,43.22844696044922,43.560336504633064,17618359
2023-04-11,42.8135871887207,43.06250593277371,42.48170080520554,42.89656115844948,42370862
2023-04-12,43.22844696044922,43.394391732541145,42.81358661278605,42.89656058139864,36090701
2023-04-13,42.8135871887207,43.31142151169341,42.73061638412524,42.97953196304494,38971908
2023-04-14,42.56467056274414,43.145475676024965,42.56467056274414,42.97953090578284,44076038
2023-04-17,43.145477294921875,43.22844810058954,42.64764613064919,42.81358774198452,30938868
2023-04-18,43.22844696044922,43.80925208020432,43.062505353490565,43.22844696044922,40526179
2023-04-19,42.4817008972168,43.477366380185416,42.4817008972168,43.477366380185416,43488184
2023-04-20,42.066837310791016,42.73061319338988,41.98386334725799,42.564668431456894,38302825
2023-04-21,41.569007873535156,42.81358898549889,41.569007873535156,42.315757806766776,40257727
2023-04-24,41.154144287109375,41.48603382375268,40.946714117990616,41.48603382375268,46150409
2023-04-25,40.241455078125,41.32009138533673,40.19996967498866,41.15414660765799,59541021
2023-04-26,40.158485412597656,40.36591559930501,39.66065106541992,39.868081252127276,67991794
2023-04-27,40.531856536865234,40.82226069246568,40.2414555463982,40.2414555463982,62993007
2023-04-28,40.73928451538086,41.48603440064578,40.73928451538086,41.029688655265325,58892831
2023-05-02,41.361576080322266,41.65198022757139,40.863744920942786,41.07117509820645,31537756
2023-05-03,41.444549560546875,41.65197973535928,40.98820380898622,41.403064158611045,28657181
2023-05-04,41.19563293457031,41.320089137207965,40.988202765041024,41.320089137207965,26487301
2023-05-05,41.154144287109375,41.44454842295556,41.07117348551515,41.2371182538368,21031387
2023-05-08,41.48603439331055,41.983865539976975,41.44454899194388,41.56900519604387,27807248
2023-05-09,41.444549560546875,41.65197973535928,41.27860478767028,41.56900576635435,21745836
2023-05-10,41.029693603515625,41.320094613289704,40.82226340649596,41.320094613289704,27619316
2023-05-11,40.822261810302734,41.278607592875666,40.73928783565907,41.278607592875666,25318853
2023-05-12,40.40739822387695,40.573342994853704,40.2414534529002,40.49036902679871,36653057
2023-05-15,39.90956497192383,40.49037010321628,39.743623361668845,40.407399298088784,45110414
2023-05-16,40.49037170410156,40.65631648605091,40.199970709540295,40.199970709540295,36777132
2023-05-17,40.863746643066406,40.9052320472408,40.365915462706795,40.57334564871221,45756475
2023-05-18,41.651981353759766,41.73495216085527,41.23712098801541,41.444551170887586,40947582
2023-05-19,41.48603439331055,41.90089473724365,41.27860422134399,41.90089473724365,54028480
2023-05-22,40.57334518432617,41.15414716638694,40.40740040439449,41.07117635898781,75372804
2023-05-23,40.57334518432617,40.82226077165699,40.49037121179362,40.53185661549319,39877300
2023-05-24,40.78077697753906,40.78077697753906,40.40740199923935,40.49037280991326,27082718
2023-05-25,40.57334518432617,40.98820555158868,40.40740040439449,40.90523157905613,43294146
2023-05-26,41.81792068481445,42.14980703508991,40.656310546017885,40.697795944160696,126838659
2023-05-29,42.4817008972168,43.80925276441941,42.39872692730831,43.39439241027693,81036102
2023-05-30,42.8135871887207,42.97953196304494,41.983866482232834,42.48170080520554,55459727
2023-05-31,42.979530334472656,42.979530334472656,42.39872522891225,42.64764396353328,102913532
2023-06-01,42.149810791015625,42.56467113967746,41.73495044235379,42.56467113967746,56041081
2023-06-02,42.647647857666016,42.647647857666016,41.98386872491156,42.31575829128879,46344413
2023-06-05,42.2327880859375,42.730619277485864,42.14981411059042,42.64764846727231,28104311
2023-06-06,41.90089797973633,42.23278754661931,41.81792717058232,42.14981357233182,34947009
2023-06-07,42.56467056274414,42.73061533298627,42.06683941715099,42.232784187393115,41388320
2023-06-08,42.730613708496094,42.8965584724295,42.39872418062929,42.48169814516255,38370270
2023-06-09,43.39439010620117,43.47736407170406,42.896558973716445,43.06250373958907,52654500
2023-06-12,43.643306732177734,43.643306732177734,43.145475587604814,43.47736512740891,43177215
2023-06-13,44.14113998413086,44.22411078452704,43.89222441780915,44.058166018601526,62367279
2023-06-14,44.39005661010742,44.473027412484235,44.22411184022056,44.39005661010742,50927695
2023-06-15,45.21977615356445,45.30274695384801,44.63897105618012,44.63897105618012,76451940
2023-06-16,45.21977615356445,45.21977615356445,44.14113992421248,45.05383138786419,83561199
2023-06-19,44.638973236083984,45.053833588027395,44.47302846227996,44.556002431748624,43027089
2023-06-20,44.55600357055664,44.804919155058066,44.39005879251123,44.473029598967244,66672660
2023-06-21,44.721946716308594,44.721946716308594,43.809252052937715,43.809252052937715,82193112
2023-06-26,44.224117279052734,44.638977672224215,44.14114646647189,44.224117279052734,89410193
2023-06-27,43.64613342285156,44.491472071088225,43.64613342285156,44.491472071088225,124170409
2023-06-28,43.69062423706055,44.0465573715725,43.69062423706055,44.0465573715725,33377861
2023-06-29,43.15673065185547,43.913084367363346,43.15673065185547,43.913084367363346,49730094
2023-06-30,43.15673065185547,43.37918802634957,42.75630669888006,43.023254869386946,43790426
2023-07-03,42.93427276611328,43.779611458010855,42.93427276611328,43.60164488164872,52501250
2023-07-04,43.42367935180664,43.42367935180664,43.112240381489734,43.15673117804498,29983726
2023-07-05,43.02325439453125,43.60164491960417,43.02325439453125,43.55715412408243,28232553
2023-07-06,42.84529113769531,43.423678267329045,42.71181535693285,42.71181535693285,40600085
2023-07-07,43.02325439453125,43.55715412408243,42.71181543144898,42.75630622697072,39653420
2023-07-10,42.80079650878906,43.37918702692003,42.711814918813566,43.24571124752671,34272882
2023-07-11,43.15673065185547,43.33469723033678,42.88978248134858,43.20122144786826,31498332
2023-07-12,42.489356994628906,43.112238299614184,42.35588121697848,42.93427172755696,62341021
2023-07-13,42.26689910888672,42.93427120007967,42.26689910888672,42.5783380603381,52464102
2023-07-14,42.93427276611328,43.42367830528658,42.53384881790599,42.578339613389,55574528
2023-07-17,43.112239837646484,43.33469721204669,42.40037691845185,42.934273259240285,47745522
2023-07-18,42.8897819519043,43.4236782863275,42.845291156440716,43.37918749086392,26231387
2023-07-19,42.26689910888672,43.15672856381065,42.22240831502652,42.97876199393987,49206010
2023-07-20,41.02113723754883,41.91096670816316,40.93215564825941,41.86647591351846,86599321
2023-07-21,40.22029113769531,40.44274849642766,39.77537642023061,40.04232457182344,96826103
2023-07-24,40.08681869506836,40.84317581425392,39.908852114411154,40.08681869506836,51546603
2023-07-25,40.62071990966797,40.8431772949467,40.2202959372802,40.44275332255892,36297797
2023-07-26,40.131309509277344,40.88766662879559,40.131309509277344,40.709700048060114,38761656
2023-07-27,41.06563186645508,41.555037401648704,40.08681740163773,40.13130819675896,61221132
2023-07-28,41.866477966308594,42.08893534486967,41.19910583062536,41.510548197268996,49489870
2023-07-31,41.82198715209961,42.26690190903684,41.51054818001563,42.133426124183586,53098015
2023-08-01,41.82198715209961,41.95546293695286,41.55503897682331,41.82198715209961,24111536
2023-08-02,41.51054763793945,42.22241056085693,41.377071854829225,41.555038434166136,34780532
2023-08-04,41.377071380615234,41.55503795791251,41.02113822602069,41.377071380615234,33157960
2023-08-07,41.288089752197266,41.599528716365924,41.19910476641327,41.19910476641327,28307075
2023-08-08,40.53173065185547,41.28808771883464,40.53173065185547,41.28808771883464,54378052
2023-08-09,40.57622528076172,40.70970106826585,40.309277100183735,40.53173448307044,26030497
2023-08-10,40.175804138183594,40.843176277393084,40.086819149630855,40.44275231498135,38550690
2023-08-11,40.35376739501953,40.75419135811189,40.30927659788266,40.35376739501953,15803575
2023-08-14,40.042327880859375,40.22029446143812,39.9533462877851,40.042327880859375,33004389
2023-08-15,40.442752838134766,40.487243635771534,40.08681966818005,40.175804657883866,18484617
2023-08-16,38.9300422668457,39.819871804373605,38.7965664784444,39.77538100638327,77053857
2023-08-17,38.79656219482422,38.885547175410146,37.728769583232484,38.35164747518435,55366447
2023-08-18,38.97453308105469,39.55292363846063,38.440636716087894,38.52961831210559,36290056
2023-08-21,38.84105682373047,39.330462342010044,38.70758104854969,39.06351418607846,22831740
2023-08-22,38.79656219482422,39.28597110197201,38.707580608668216,39.10800453523008,19710187
2023-08-23,38.61860275268555,38.79656594218703,38.21817878744671,38.752075144811656,37634066
2023-08-24,39.46393966674805,39.508433860335785,38.84106168968437,39.06351907990151,37530135
2023-08-25,38.707584381103516,39.33046572819123,38.707584381103516,39.10800834669064,37143328
2023-08-28,39.86436080932617,41.55503821235723,38.97453131182143,39.01902210781064,83882599
2023-08-29,40.30927658081055,40.75419134085135,40.086819200790146,40.48724316371292,37744602
2023-08-30,41.288089752197266,41.288089752197266,40.70969922510676,40.798680816460624,46530186
2023-08-31,40.487239837646484,41.46605087155387,40.487239837646484,41.46605087155387,64338362
2023-09-01,40.88766860961914,41.0656351989763,40.66521122153028,40.93215940835084,30045096
2023-09-04,40.932159423828125,41.065635214504056,40.70970203565515,41.02114102132517,22559935
2023-09-05,41.42156219482422,41.42156219482422,40.7541900754841,41.0656324345009,31890313
2023-09-06,41.55503845214844,41.82198662405424,41.24359608956653,41.733005031562364,38689842
2023-09-07,40.70969772338867,41.15461245260603,40.665206929352934,41.06563086453456,36498925
2023-09-08,40.66521072387695,40.88766810924342,40.22029595314401,40.30927754951847,27359189
2023-09-11,40.976646423339844,41.021137217963314,40.5317316882451,40.70969826116901,25717189
2023-09-12,41.644020080566406,41.644020080566406,40.79868137344362,41.021138749295396,36282046
2023-09-13,41.91096878051758,42.17792035044576,41.7774963899837,41.82198718682833,43371603
2023-09-14,42.133426666259766,42.311393250210365,41.99995427411951,42.17792085807011,27067874
2023-09-15,42.35588455200195,42.35588455200195,41.68851240006224,42.222412158272185,41287933
2023-09-18,41.377071380615234,41.99995270394063,41.19910480331796,41.73300453520979,42531234
2023-09-19,41.11012268066406,41.4660524362292,41.11012268066406,41.37707084594544,22089298
2023-09-20,40.84317398071289,41.1101221424997,40.709698202604464,40.97664636439127,26391390
2023-09-21,40.62071990966797,40.8431772949467,40.39826252438924,40.62071990966797,31005292
2023-09-22,40.35376739501953,40.39826158658665,40.13131001490491,40.13131001490491,30256022
2023-09-25,40.62071990966797,41.19910707473447,40.264786735449874,40.487244120728604,34914011
2023-09-26,39.81986999511719,40.57622370987808,39.81986999511719,40.53173291390923,49961526
2023-09-27,39.50843048095703,39.73088785214613,39.28597310976792,39.55292127630883,38076984
2023-09-28,40.22029113769531,40.309272723416285,39.77537642023061,39.819867213091094,28071106
2023-10-02,40.70969772338867,40.88766429396161,40.48724035877999,40.88766429396161,25354804
2023-10-03,40.2647819519043,40.84317244268704,40.2647819519043,40.66520587672082,22645603
2023-10-04,39.241477966308594,39.77537768084525,39.15249637776749,39.59741110933303,55574211
2023-10-05,40.175804138183594,40.3537673264286,39.419447010421365,39.552922796035354,45328957
2023-10-06,40.22029113769531,40.48723928928815,40.086815364683936,40.48723928928815,17740500
2023-10-11,41.73300552368164,41.73300552368164,40.79868181934845,40.976648400860974,79919349
2023-10-12,41.82198715209961,41.86647794890729,41.15461501669376,41.82198715209961,41438827
2023-10-13,41.82198715209961,41.99995373376054,41.288090801547014,41.64402057043867,42106719
2023-10-16,41.95545959472656,42.26689854200091,41.021135964043644,41.243593324791014,61976252
2023-10-17,42.8897819519043,43.06774852818874,42.22240983666024,42.26690063212382,106064588
2023-10-18,43.112239837646484,43.7351211648531,42.578340102427894,42.9787640552343,128648280
2023-10-19,43.86859130859375,43.86859130859375,42.889780269079175,43.46816737627234,101821663
2023-10-20,43.33469772338867,44.446984608514505,43.20122193940149,44.04656065098317,96533782
2023-10-23,43.24571228027344,43.77961201616666,43.15673068817298,43.29020647075382,46402001
2023-10-24,42.978763580322266,43.779611477085766,42.177919077988875,43.423678324206406,71294293
2023-10-25,43.64613342285156,43.7796091968368,42.7118131882447,43.11223711577048,54317686
2023-10-26,41.644020080566406,42.13342562855428,41.55503848799776,41.77749586384954,98752211
2023-10-27,41.4660530090332,41.777495368188745,41.24359563582073,41.777495368188745,42618202
2023-10-30,41.288089752197266,41.64401951204285,41.06563237938247,41.55503792068899,34448531
2023-10-31,41.11012268066406,41.37707084594544,41.021137695950216,41.288089255661674,44334958
2023-11-01,41.82198715209961,41.99995373376054,41.243596610309126,41.37707239516238,32799748
2023-11-02,42.93427276611328,42.97876356159629,42.35588224154385,42.62283380330212,52121795
2023-11-03,43.957576751708984,43.957576751708984,43.15672887866282,43.42367703820154,81214463
2023-11-06,43.957576751708984,44.58045465915598,43.779610180539834,44.49147307078641,60462667
2023-11-07,43.957576751708984,43.957576751708984,43.42367703820154,43.69062519774025,32520528
2023-11-08,43.15673065185547,44.18003593230039,43.023254869386946,43.77961197932498,57104782
2023-11-09,43.24571228027344,43.33469726680405,42.80079753091083,42.80079753091083,34493053
2023-11-10,43.20122146606445,43.24571226209598,42.84529170338207,42.978764091476656,22010914
2023-11-13,43.55715560913086,44.2245277480008,43.334698229507545,43.82410378579279,51951251
2023-11-14,43.20122146606445,43.51266382714546,42.8897824994136,43.37918804462072,41645659
2023-11-15,43.69062423706055,44.0465573715725,43.33469449697853,43.82410001111001,72702902
2023-11-16,43.42367935180664,43.64613672901306,43.15673117804498,43.64613672901306,30674199
2023-11-17,44.26901626586914,44.44698283929131,43.55715336661052,43.60164416135855,101492378
2023-11-20,44.7584228515625,45.55927075361693,44.402493090761745,44.669441259969844,94733226
2023-11-21,44.7584228515625,45.20333759838604,44.35799890053528,45.114356006793386,66428114
2023-11-22,44.49147415161133,44.758422317634974,43.824102039337156,44.357998371384454,62504761
2023-11-23,44.9363899230957,45.11435650266726,44.580456763952576,44.9363899230957,60047248
2023-11-24,44.7584228515625,45.55927075361693,44.7584228515625,44.93638942917794,86401652
2023-11-27,44.04656219482422,45.02537333027041,44.04656219482422,44.49147696446891,71685813
2023-11-28,43.64613342285156,44.13553893674755,43.468166855681226,44.04655735037735,80672376
2023-11-29,43.77961349487305,44.40249484390526,43.735122697320094,43.735122697320094,61999972
2023-11-30,43.512664794921875,44.31350932459164,43.512664794921875,43.86859456552058,87291668
2023-12-01,44.224525451660156,44.224525451660156,43.60164414217169,43.60164414217169,52316739
2023-12-04,44.66944122314453,44.66944122314453,44.31350806820707,44.35799886396672,43958233
2023-12-05,43.77961349487305,44.31350985436907,43.77961349487305,44.31350985436907,56578688
2023-12-06,43.512664794921875,43.957579553992936,43.512664794921875,43.86859456552058,36927692
2023-12-07,43.112239837646484,43.69062697442894,43.02325485122831,43.601645382440914,36067025
2023-12-08,43.20122146606445,43.64613621524005,43.20122146606445,43.42367884065225,33680342
2023-12-11,43.64613342285156,43.868590783207004,43.29020368294082,43.601642629666465,28661262
2023-12-12,44.40249252319336,44.40249252319336,43.77961120671626,44.002068577284504,48600982
2023-12-13,44.66944122314453,44.66944122314453,44.04655989921904,44.4914746456758,47899791
2023-12-14,44.84740447998047,44.93638606491131,44.49147135139734,44.84740447998047,51468459
2023-12-15,45.11435317993164,45.38130133241279,44.84740502745049,45.11435317993164,83947122
2023-12-18,45.02537155151367,45.02537155151367,44.40249361416256,44.669441786517346,54942293
2023-12-19,44.49147415161133,44.84740730259625,44.09105020536081,44.758422317634974,54201661
2023-12-20,44.35799789428711,44.66944024665669,44.09104973113465,44.49147367307837,55229209
2023-12-21,43.957576751708984,43.957576751708984,43.60164360937068,43.824100974724615,55517081
2023-12-22,44.49147415161133,44.49147415161133,43.86859283460275,44.00206861482962,33742229
2023-12-25,44.66944122314453,44.84740780061326,44.26901727244742,44.758422814663824,34041265
2023-12-26,45.203338623046875,45.38130520469643,44.669442272528414,44.936390447787645,55148904
2023-12-27,47.60587692260742,47.60587692260742,45.55926980855891,45.648251398305774,220103922
2023-12-28,46.71604919433594,48.76265638491605,46.71604919433594,48.317741630684274,154010012
2023-12-29,46.80502700805664,47.07197855458439,46.09316413765246,46.894011988375865,49054932
2024-01-02,46.182151794433594,46.9829962971396,45.64825206486614,46.71604812957093,64217881
2024-01-03,45.02537155151367,45.648252883294965,44.936389958872134,45.55927129065343,75978300
2024-01-04,45.203338623046875,45.292323611086765,44.669442272528414,44.936390447787645,56554331
2024-01-05,45.203338623046875,46.44910130016357,45.02537204139732,45.91520155521489,77391673
2024-01-08,44.9363899230957,45.38130467480952,44.580456763952576,45.38130467480952,63869803
2024-01-09,44.5804557800293,45.29232208260414,44.5804557800293,45.02537052192352,50477153
2024-01-10,44.5804557800293,44.93638893131671,44.5804557800293,44.847407340709914,40588805
2024-01-11,44.5804557800293,44.758422355673005,44.49147418942249,44.6694407650662,26875440
2024-01-12,44.5804557800293,44.5804557800293,44.135541038135074,44.5804557800293,30183922
2024-01-15,45.203338623046875,45.203338623046875,44.58045728448853,44.84740885417797,30013792
2024-01-16,45.203338623046875,45.203338623046875,44.49147569087886,44.936390447787645,49658808
2024-01-17,43.24571228027344,44.4914749362608,43.15673068817298,44.4914749362608,141437685
2024-01-18,42.80079650878906,43.51266280631335,42.311390975063674,43.24571124752671,91151420
2024-01-19,43.77961349487305,44.40249484390526,42.97876556119874,44.40249484390526,70235426
2024-01-22,44.7584228515625,44.7584228515625,44.2245265131463,44.4914746823544,73159697
2024-01-23,44.66944122314453,45.292322547070015,44.44698384991615,45.203337561120584,50692732
2024-01-24,45.02537155151367,45.20333813122692,44.758423379158884,45.11435653858538,60980878
2024-01-25,46.53807830810547,46.53807830810547,45.47028231785449,45.47028231785449,174170705
2024-01-26,44.31351089477539,45.47028863046281,44.31351089477539,45.203340444447306,181978031
2024-01-29,44.002071380615234,44.40249535203473,43.957580582553135,44.180037967293934,59567525
2024-01-30,44.13554000854492,44.402491562998115,44.13554000854492,44.18003419724047,38754522
2024-01-31,43.601646423339844,44.04656118276168,43.601646423339844,44.04656118276168,54713914
2024-02-01,43.64613342285156,43.735118403651704,42.978761341785244,43.20121870214068,64281001
2024-02-02,43.20122146606445,43.51266382714546,43.15673067003292,43.46816963668378,61988932
2024-02-05,42.80079650878906,42.934272288182385,42.578339139420244,42.711814918813566,59043982
2024-02-15,43.77961349487305,43.77961349487305,43.201222943393795,43.60164691023095,64345314
2024-02-16,43.468170166015625,43.824103327462524,43.468170166015625,43.824103327462524,37546293
2024-02-19,43.73512268066406,43.73512268066406,43.42368030905143,43.51266529855373,27779765
2024-02-20,43.82410430908203,44.180037478501504,43.55715612923256,43.601646926802424,33519790
2024-02-21,43.15673065185547,43.69062699286925,43.15673065185547,43.51266380881809,64118827
2024-02-22,43.24571228027344,43.46816965495474,43.06774909607252,43.24571228027344,44502835
2024-02-23,42.84529113769531,43.512663252647386,42.84529113769531,43.156730100234235,54152256
2024-02-26,42.711814880371094,42.934272249539696,42.57833910109791,42.711814880371094,42630523
2024-02-27,42.84529113769531,43.334696676440814,42.756306152376965,42.800796947821084,36863720
2024-02-29,43.468170166015625,43.51266435701913,42.845292225128844,43.06774960242561,66602301
2024-03-01,42.978763580322266,43.601644900646086,42.978763580322266,43.601644900646086,48011892
2024-03-04,43.468170166015625,43.55715515359245,43.11224039899892,43.156731195572235,52620867
2024-03-05,43.37918472290039,43.557151287829036,43.15672736534706,43.46816630814977,43833522
2024-03-06,43.77961349487305,43.77961349487305,43.11224134828788,43.201222943393795,50119208
2024-03-07,44.66944122314453,44.66944122314453,44.09105069497869,44.13554149073834,114381033
2024-03-08,46.182151794433594,47.160962873662086,45.38130389729748,46.182151794433594,284309520
2024-03-11,45.915199279785156,46.62706557110527,45.20333638289508,46.27113242544521,100314710
2024-03-12,46.71604919433594,46.71604919433594,45.64825310529365,45.915201278946675,85918981
2024-03-13,47.16096496582031,47.33893155023776,46.538083617574365,46.98299838140286,125263530
2024-03-14,46.80502700805664,47.16096014047369,46.27113070386098,47.16096014047369,75331524
2024-03-15,46.182151794433594,46.627066538524744,45.91520023243481,46.53808155304845,85406325
2024-03-18,46.09316635131836,46.27113292607389,45.381303446726314,45.826218186400105,69309594
2024-03-19,47.16096496582031,47.605879729648805,45.64825408991738,45.73723907934124,138908497
2024-03-20,47.07197952270508,48.31773872292622,46.982994540555715,47.69485742560065,128826380
2024-03-21,47.427913665771484,47.87282843448309,47.16096548343058,47.605880252142185,69351708
2024-03-22,46.62706756591797,47.42791208627,46.271134405030274,47.42791208627,91129106
2024-03-25,46.09316635131836,46.449099500829426,45.826218186400105,46.449099500829426,67294638
2024-03-26,46.004188537597656,46.36011832189659,45.20334058267193,46.0931701350648,79676002
2024-03-27,45.82621765136719,46.00418422404491,45.47028450601174,45.91519924049103,51078804
2024-03-28,46.27113342285156,46.36011501396961,45.55927051061679,45.82621867840106,80341420
2024-03-29,45.915199279785156,46.27113242544521,45.47028454492511,46.27113242544521,60111000
2024-04-01,46.004188537597656,46.71605150062588,45.91520354570015,46.62706990315874,52090342
2024-04-02,46.36011505126953,46.894014781697756,46.182151868890244,46.27113346007989,52845773
2024-04-03,45.915199279785156,46.44909899827524,45.915199279785156,46.44909899827524,41363165
2024-04-08,46.36011505126953,46.44910003688929,45.91520030646107,45.91520030646107,35041836
2024-04-09,46.62706756591797,46.805030751931625,46.3601159980371,46.62706756591797,60645946
2024-04-10,47.33892822265625,47.69485797204162,46.62706532945548,46.89401349010202,102945209
2024-04-11,46.71604919433594,47.07198235549343,46.36011603317844,46.894015774914685,56020149
2024-04-12,46.89401626586914,47.071982848311094,46.71604968342718,46.805031277433045,39562643
2024-04-15,45.915199279785156,46.360114014645205,45.73723610138517,46.27113242544521,57663496
2024-04-16,44.5804557800293,45.381303673210944,44.5804557800293,45.381303673210944,85553804
2024-04-17,44.7584228515625,45.0253710207706,44.669441259969844,44.669441259969844,50186684
2024-04-18,44.66944122314453,44.758422814663824,44.4024930541565,44.5804562371951,37669436
2024-04-19,43.69062423706055,44.00206657836599,43.33469449697853,44.00206657836599,125240375
2024-04-22,43.512664794921875,43.69062798300611,42.97876504737846,43.29020741538634,83258570
2024-04-23,43.33469772338867,44.002069854464175,43.33469772338867,43.69062748997082,48839318
2024-04-24,44.66944122314453,44.66944122314453,43.69062674428158,43.82410252599066,46851297
2024-04-25,44.04656219482422,44.26901957964656,43.468171636514,43.82410481000187,65600848
2024-04-26,44.31351089477539,44.9363922584318,44.22452929758034,44.22452929758034,44383158
2024-04-29,44.84740447998047,44.93638606491131,44.402489766466495,44.758419500619745,41636808
2024-04-30,45.11435317993164,45.47028291842987,44.66943846098642,44.84740502745049,49586424
2024-05-02,44.7584228515625,45.29232258440883,44.4914746823544,44.669441259969844,60117129
2024-05-03,45.737239837646484,45.826221434115354,45.29232506644148,45.470288259379224,58495124
2024-05-06,46.004188537597656,46.53808491126124,45.82622194823301,46.36011832189659,42853986
2024-05-07,45.915199279785156,46.360114014645205,45.73723610138517,46.27113242544521,40079427
2024-05-08,46.182151794433594,46.182151794433594,45.73723705034244,46.182151794433594,36416598
2024-05-09,46.182151794433594,46.27113338547978,45.64825206486614,46.182151794433594,29014704
2024-05-10,46.449100494384766,46.53808208645083,45.73723757456584,45.826219166631894,52178902
2024-05-13,46.62706756591797,46.62706756591797,45.82621965113576,46.3601159980371,36249820
2024-05-14,46.36011505126953,46.6270666136987,46.09316688327048,46.538081628078935,44237062
2024-05-15,46.09316635131836,46.627066075584956,46.09316635131836,46.53808109099215,44199438
2024-05-16,46.36011505126953,46.538081628078935,46.182151868890244,46.36011505126953,41857613
2024-05-17,46.98299789428711,46.98299789428711,46.0931683758558,46.53808313507145,61246860
2024-05-20,47.24994659423828,47.24994659423828,46.71605023503852,47.16096499918174,55815584
2024-05-21,47.96181106567383,47.96181106567383,47.16096316361399,47.338929741230636,101866213
2024-05-22,48.94062423706055,49.11859082226319,48.31774288606645,48.49570947126909,152843001
2024-05-23,49.83045196533203,49.83045196533203,48.673674295022856,49.29655562347554,134041206
2024-05-24,48.58469009399414,49.38553801415798,48.58469009399414,48.94062325727367,72951290
2024-05-27,50.364349365234375,51.52113045427517,48.762656911586646,48.762656911586646,139490635
2024-05-28,50.18638229370117,50.98722676133993,50.09739731212133,50.80926019261022,78617613
2024-05-29,49.74147033691406,50.98722959848135,49.652485350382726,50.72028142774766,75822062
2024-05-30,49.65248489379883,50.18638462478685,48.67367381196598,48.94062198024493,74110267
2024-05-31,48.94062423706055,50.275368534434925,48.94062423706055,49.830453768643466,166673076
2024-06-03,48.94062423706055,49.830453768643466,48.58469106665527,49.652487183440826,72529904
2024-06-04,48.31774139404297,48.673674553457246,47.96181162905887,48.49570797375011,69360942
2024-06-05,47.60587692260742,47.961810070455016,47.33892875893676,47.872825086278084,67524397
2024-06-06,48.228755950927734,48.228755950927734,47.78384123439598,48.13977097096344,41626871
2024-06-07,49.02960205078125,49.02960205078125,47.96180941078509,48.05079099930809,52887635
2024-06-11,49.02960205078125,49.47451678225632,48.76265389078221,49.38553519373332,65133110
2024-06-12,48.85164260864258,48.94062420396859,48.228761258069646,48.94062420396859,45546856
2024-06-13,50.18638229370117,50.63129701831047,49.29655284448257,49.47451601878231,98989445
2024-06-14,50.0974006652832,50.720282000313446,49.91943408464168,50.720282000313446,49230772
2024-06-17,50.453330993652344,50.54231258176177,49.207568393540434,49.74146810548697,47878261
2024-06-18,50.54231643676758,50.720283020990436,50.008420078529255,50.45333484187128,47601340
2024-06-19,50.54231643676758,50.80926461588674,50.36434985254472,50.720283020990436,53101867
2024-06-20,51.16519546508789,51.16519546508789,50.097399402582646,50.631299131050326,58585544
2024-06-21,51.343162536621094,51.610110706215494,50.809262803002156,50.987229380875135,78368326
2024-06-24,50.54231643676758,51.16519778433246,50.36434985254472,51.16519778433246,68248302
2024-06-25,50.18638229370117,50.453330449580754,49.56350100036215,50.453330449580754,69308998
2024-06-26,50.364349365234375,50.453334353699944,49.919434606197214,50.275367771199036,40739678
2024-06-27,50.18638229370117,50.18638229370117,49.385534431632436,49.919430743391615,63763167
2024-06-28,49.56350326538086,50.008418010322465,49.47451827973446,49.91943302467607,86163793
2024-07-01,50.63130187988281,50.98723165708834,49.74147234522358,49.74147234522358,145350617
2024-07-02,49.504180908203125,50.25566679785268,48.752695018553574,50.25566679785268,237140005
2024-07-03,49.504180908203125,50.06779442959845,49.41024293239232,49.87992206134422,111388367
2024-07-04,50.725345611572266,51.10109034574567,49.97385972659281,50.06779411845249,110272226
2024-07-05,50.25566482543945,50.81927832471431,50.161730436682724,50.725343935957575,55145519
2024-07-08,51.946510314941406,52.134382680915465,50.34960057921287,50.72534531116099,120367805
2024-07-09,51.946510314941406,52.88586856144438,51.66470355766398,52.416189438192895,83403492
2024-07-10,51.382896423339844,52.040447907740294,50.91321730353485,51.85257554314484,56944184
2024-07-11,51.382896423339844,51.85257554314484,50.91321730353485,51.85257554314484,60341856
2024-07-12,49.785987854003906,50.44353935365479,49.59811548505117,50.44353935365479,96626512
2024-07-15,50.1617317199707,50.349600502290414,49.785986988596626,49.87992137975648,46152642
2024-07-16,49.785987854003906,50.53747374644747,49.69205346121123,50.44353935365479,52856418
2024-07-17,49.785987854003906,50.067794615749314,49.59811548505117,49.879922246796575,73601733
2024-07-18,49.504180908203125,49.69205327645736,48.658757042742764,49.31630853994889,80358251
2024-07-19,48.75269317626953,49.22237228747303,48.564820815114686,49.034499926318176,50035050
2024-07-22,47.155784606933594,48.470883999669454,46.82700707122413,48.37694960853379,86789525
2024-07-23,48.1890754699707,48.1890754699707,47.43758961843137,47.90726872356435,53903192
2024-07-26,47.62546157836914,47.62546157836914,46.16945708132209,46.45126382536875,89137435
2024-07-29,47.155784606933594,48.28301521739814,46.920945045727116,48.001204877256505,53032472
2024-07-30,46.96791076660156,46.96791076660156,46.216424911009376,46.920943572508406,55622666
2024-07-31,47.34365463256836,47.43758901906123,46.357325657557524,46.59216520715684,48317966
2024-08-01,50.63140869140625,50.72534307857526,49.41024015800607,50.443536333701054,176556343
2024-08-02,49.69205093383789,49.69205093383789,48.84662710823313,49.50417857444047,91788925
2024-08-05,46.92094421386719,48.37694875086041,46.404297905046015,48.37694875086041,114534832
2024-08-06,48.564823150634766,48.75269552082454,46.49823424528208,48.28301638703381,90813027
2024-08-07,49.785987854003906,49.785987854003906,48.56482283086219,49.034501961560345,66218876
2024-08-08,49.598114013671875,49.69205198704517,48.47088341676329,48.84662814352192,41796886
2024-08-09,50.63140869140625,51.10108779398565,50.25566397599586,50.91321543628045,91761372
2024-08-12,51.382896423339844,51.382896423339844,50.91321730353485,51.007151694148924,60391286
2024-08-13,51.476829528808594,51.57076750044477,51.007150420729374,51.476829528808594,40170440
2024-08-14,52.3222541809082,52.41618857065687,51.85257506543034,52.1343818180436,95516407
2024-08-15,51.382896423339844,52.32225466294983,51.19502405874438,52.32225466294983,36115991
2024-08-16,52.41618728637695,52.60405964463838,52.040446153221275,52.60405964463838,67870375
2024-08-19,52.604061126708984,52.604061126708984,52.04044761941259,52.51012673661535,42620464
2024-08-20,52.604061126708984,52.97980585381811,52.22831639959986,52.88586788035718,47491724
2024-08-21,52.604061126708984,52.604061126708984,51.946509645951664,52.51012673661535,34792241
2024-08-22,52.510128021240234,52.79193478178265,52.13438328493877,52.604062413631915,29967598
2024-08-23,52.22831726074219,52.22831726074219,51.47683137750071,51.85257611080512,31061518
2024-08-26,51.758636474609375,52.416187945104404,51.570767697354135,52.416187945104404,27550397
2024-08-27,50.725345611572266,51.28895912946501,50.53747324448557,51.195024737605344,38731939
2024-08-28,51.85257339477539,51.85257339477539,50.81927722399582,50.91321519408514,29669537
2024-08-29,51.28895950317383,51.47683187162943,51.007152742174114,51.382897479085315,23179361
2024-08-30,52.13438034057617,52.13438034057617,51.28895652332807,51.28895652332807,57216020
2024-09-02,52.04044723510742,52.22831601390733,51.476830148605906,52.22831601390733,35025097
2024-09-03,51.758636474609375,52.22831558448193,51.66470208598175,51.85257444660422,27823655
2024-09-04,50.06779479980469,50.819280695010804,49.12843653495519,49.785988037023316,85540468
2024-09-05,50.63140869140625,51.28895656832367,50.349598363164866,50.63140869140625,37686250
2024-09-06,51.19502258300781,51.19502258300781,50.3495987583819,51.00715022382792,24238268
2024-09-09,50.537471771240234,50.537471771240234,49.41024118494789,49.692051519046416,46344513
2024-09-10,50.06779479980469,50.53747393222943,49.69205364388533,50.53747393222943,34164771
2024-09-11,50.725345611572266,50.725345611572266,49.97385972659281,50.06779411845249,24058349
2024-09-12,51.85257339477539,52.04044575158687,51.57076665124175,51.75863542468607,35093409
2024-09-13,51.28895950317383,51.946511001084744,51.007152742174114,51.85257660854064,28598424
2024-09-16,51.19502258300781,51.47682933009405,51.00715022382792,51.28895697091416,24412438
2024-09-18,50.537471771240234,50.9132164944601,50.06779265889903,50.819278521971505,57624338
2024-09-19,50.443538665771484,50.91321779006476,50.25566629938071,50.443538665771484,44892168
2024-09-20,50.537471771240234,51.10108885607003,49.8799202972891,50.819278521971505,71046769
2024-09-23,50.725345611572266,50.725345611572266,50.16173209367952,50.53747324448557,30850375
2024-09-24,50.63140869140625,50.81927746574427,50.349598363164866,50.72534307857526,39787466
2024-09-25,51.19502258300781,51.47682933009405,50.81927786464803,51.00715022382792,49877625
2024-09-26,51.570770263671875,51.75863905027603,51.3828978937003,51.570770263671875,47416602
2024-09-27,51.664703369140625,52.040448099717665,51.664703369140625,52.040448099717665,39870008
2024-09-30,50.537471771240234,51.85257471914251,50.537471771240234,51.47682999592264,41080330
2024-10-01,50.443538665771484,50.91321779006476,50.34960069089242,50.34960069089242,24924409
2024-10-04,49.410240173339844,49.69205050166868,49.03449904118003,49.410240173339844,62671266
2024-10-07,49.69205093383789,50.067792069265515,49.128433855645646,49.785985321853,43226644
2024-10-08,49.410240173339844,49.410240173339844,48.940561070614685,48.940561070614685,39630364
2024-10-09,48.75269317626953,49.31630667636683,48.564820815114686,49.12843431521198,42242680
2024-10-11,48.658756256103516,49.12843537746237,48.56482186517867,48.658756256103516,32068791
2024-10-14,49.316307067871094,49.41024145751061,48.84662795293899,48.9405623425785,27022971
2024-10-15,49.410240173339844,49.59811253110335,49.22237139894352,49.410240173339844,25228714
2024-10-16,48.564823150634766,48.75269552082454,48.18907841025521,48.28301638703381,58352616
2024-10-17,48.564823150634766,48.75269552082454,48.47088517385617,48.47088517385617,32312054
2024-10-18,47.437591552734375,48.56482216769064,47.437591552734375,48.376949801303375,78495841
2024-10-21,47.81333541870117,47.81333541870117,46.967911576968824,47.24971832975718,54363083
2024-10-22,47.62546157836914,47.813333935522635,47.34365483432248,47.34365483432248,50216365
2024-10-23,47.155784606933594,47.62546372934654,47.155784606933594,47.62546372934654,44712063
2024-10-24,46.87397766113281,47.06184644264652,46.827006882387074,46.92094485651124,49698655
2024-10-25,46.7800407409668,47.1557854791944,46.7800407409668,46.920945913644,41806000
2024-10-28,46.26339340209961,46.96791208334986,46.26339340209961,46.78003971834299,49172879
2024-10-29,45.46493911743164,45.9346182257383,45.23009956327831,45.887647448213855,81420494
2024-10-30,45.230098724365234,45.69977782396044,45.08919356113981,45.55887266073502,54094334
2024-11-01,43.77409362792969,44.14983836652365,42.881706144661955,42.97564053762675,140986463
2024-11-04,43.210479736328125,43.8680312315979,43.210479736328125,43.77409325606372,59867354
2024-11-05,42.59989547729492,42.88170582079571,42.3180887171615,42.74080064904531,84205496
2024-11-06,43.06957244873047,43.63318952414329,42.27111940443796,42.27111940443796,78477326
2024-11-07,44.290740966796875,45.04222681696882,43.11654320610096,43.163510399855355,92748740
2024-11-08,43.82106399536133,44.90132383775927,43.82106399536133,44.52558268606895,62605606
2024-11-11,43.72712326049805,43.82106123001816,42.92867022809634,43.63318887434507,46286282
2024-11-12,43.304412841796875,44.1028694849598,42.97563889561449,43.16351125773325,70044482
2024-11-13,43.022605895996094,43.53925220196387,42.928671507044584,43.11654386831484,52919260
2024-11-14,42.271121978759766,42.8347355051296,42.271121978759766,42.8347355051296,78360986
2024-11-15,42.271121978759766,42.64686671858459,41.895377238934934,42.271121978759766,52740993
2024-11-18,42.365055084228516,43.02260656725016,42.13021552481845,42.17718630339431,69203736
2024-11-19,42.45899200439453,43.210477859185175,42.45899200439453,42.45899200439453,60137722
2024-11-20,42.17718505859375,42.17718505859375,42.17718505859375,42.17718505859375,61462099
2024-11-21,41.7075080871582,42.036282044100304,41.7075080871582,41.84840967583308,66276938
2024-11-22,41.75447463989258,42.458993322511574,41.75447463989258,42.036281396266716,50700692
2024-11-25,42.17718505859375,42.693831357374336,42.17718505859375,42.36505383388327,76975045
2024-11-26,42.64686584472656,42.9286726021371,41.89537638047534,42.083248746538146,41939444
2024-11-27,41.7075080871582,42.17718721614256,41.2847961543988,42.13021643655022,88688066
2024-11-28,41.23782730102539,41.425696078375694,40.39240346948008,41.284794495362966,83899732
2024-11-29,40.90904998779297,41.425696294941716,40.62724323692704,41.237827516609265,66068692
2024-12-02,41.8953742980957,41.8953742980957,41.143888454563886,41.284793617949234,38672952
2024-12-03,42.083248138427734,42.412025670128585,41.613569021741334,42.365054891766114,50530088
2024-12-04,41.75447463989258,41.75447463989258,41.33176271364772,41.56660227452072,51615273
2024-12-05,40.956016540527344,41.51963361679364,40.956016540527344,41.378728451885266,57277792
2024-12-06,40.862083435058594,41.284795359680935,40.533309484445276,40.533309484445276,43696126
2024-12-09,41.37873077392578,41.37873077392578,40.86208444588122,40.86208444588122,33159157
2024-12-10,41.049957275390625,41.28479684380434,40.862084903986165,41.143891669409136,32858676
2024-12-11,40.39240264892578,40.815114556111226,40.39240264892578,40.62724219921024,44150960
2024-12-12,39.922725677490234,40.67421156180482,39.593951722904904,40.53330997413997,71174029
2024-12-13,38.9364013671875,39.546982098296915,38.137944680304855,39.45304770377776,115254375
2024-12-16,38.9364013671875,39.07730295896623,38.231882658191466,38.79549619204131,85569382
2024-12-17,39.96969223022461,40.76814888094683,39.40607872189964,39.45304591703217,102163693
2024-12-18,41.049957275390625,41.19085886641839,40.392405767158735,40.486340161177246,88411619
2024-12-19,40.39240264892578,40.9560161362616,40.110595905257874,40.39240264892578,65229584
2024-12-20,39.78181838989258,40.392402654056575,39.59394961633488,40.01665794020686,67542850
2024-12-23,40.29846954345703,40.674210685838624,40.15756437545939,40.15756437545939,35330418
2024-12-24,41.331764221191406,42.22415530173153,41.04995745453859,41.70750896564012,133324087
2024-12-25,41.37873077392578,41.98931507830315,41.37873077392578,41.80144270900493,52528974
2024-12-26,41.049957275390625,41.61357080623656,40.862084903986165,41.61357080623656,26686974
2024-12-27,40.956016540527344,41.378728451885266,40.81511495898617,40.909049346680284,22648295
2024-12-30,40.4863395690918,40.95601869905048,40.4863395690918,40.58027754510397,25586120
2024-12-31,40.43937301635742,40.81511775965126,39.64091991606732,40.1105990535009,43445308
2025-01-02,41.049957275390625,41.049957275390625,40.251500592763534,40.298471373140224,65305876
2025-01-03,40.4863395690918,41.472668608698946,40.4863395690918,41.284796240042,42345224
2025-01-06,40.768150329589844,41.096924290567415,40.721179549420974,40.956019116795645,30917178
2025-01-07,39.78181838989258,41.14388849838885,39.78181838989258,41.00298691822057,58823388
2025-01-08,40.110595703125,40.298468059079234,39.78181818436331,39.828788960877226,37912494
2025-01-09,39.077301025390625,40.3454367888556,39.077301025390625,40.1105972308103,46690991
2025-01-10,38.795494079589844,39.07730083117012,38.32581496583363,38.748526884887674,40822034
2025-01-13,38.41975402832031,39.1712399149715,38.32581605288431,38.51368842038895,48487516
2025-01-14,39.68788528442383,39.68788528442383,38.56065468984958,38.701559857934086,37074886
2025-01-15,38.9364013671875,39.92272684310845,38.9364013671875,39.50001490103734,35977056
2025-01-16,39.03033447265625,39.68788596267583,39.03033447265625,39.35911200934971,37293479
2025-01-17,38.701560974121094,39.21820729971937,38.701560974121094,38.889433342529756,44131855
2025-01-20,40.15756607055664,40.15756607055664,38.98336823223627,39.0303354290956,47283878
2025-01-21,40.345436096191406,40.67421003846341,39.82878979403517,40.15756373630717,42221204
2025-01-22,37.762203216552734,38.090977178105206,37.2925240809821,37.2925240809821,147906733
2025-02-03,38.044010162353516,39.12427361265621,37.57433102454668,37.762203396342905,112180567
2025-02-04,37.66826248168945,38.46671910372424,37.66826248168945,38.46671910372424,58040732
2025-02-05,37.66826248168945,38.18491235968668,37.66826248168945,37.95007280909418,33884048
2025-02-06,37.66826248168945,37.90310203228195,37.52736090135426,37.85613483883688,32609083
2025-02-07,37.715232849121094,37.856134427926875,37.668262072818706,37.668262072818706,23131801
2025-02-10,37.762203216552734,37.85613761031989,37.480396451883834,37.715236019669156,30946715
2025-02-11,37.9500732421875,38.04400763014963,37.71523368891497,37.85613527085816,29858425
2025-02-12,37.66826248168945,38.044007195984314,37.62129528824439,37.95007280909418,27984906
2025-02-13,38.88943099975586,39.218204937139504,37.76220044057782,37.809167634008745,63852185
2025-02-14,38.88943099975586,39.218204937139504,38.560653479005055,38.98336538661771,28541805
2025-02-17,39.45304489135742,39.64091725037066,38.93639859159642,38.98336578550793,32974664
2025-02-18,39.40607833862305,39.7348522847203,39.17123878187722,39.50001272797447,35961690
2025-02-19,39.96969223022461,40.345436958019455,39.59395108579706,39.6409182809296,54652494
2025-02-20,40.39240264892578,40.674209392593696,40.251497485408244,40.39240264892578,40006471
2025-02-21,40.956016540527344,40.956016540527344,40.58027540638368,40.721176987924856,34296687
2025-02-24,40.90904998779297,41.00298796032645,40.204531318944525,40.43937087522734,30194703
2025-02-25,40.67420959472656,40.8620819525612,40.29846846242447,40.43937004327506,35619504
2025-02-26,40.956016540527344,41.14388889928278,40.43937024147531,40.48633743532236,35139939
2025-02-27,41.049957275390625,41.472669215208796,40.768150509967654,41.33176404081359,69299467
2025-03-03,40.956016540527344,40.956016540527344,40.251497882719875,40.48633743532236,53120564
2025-03-04,40.956016540527344,41.19085609312984,40.29846865993413,40.34543585378119,44284021
2025-03-05,41.331764221191406,41.80144336006858,41.04995745453859,41.42569861561986,46383229
2025-03-06,41.331764221191406,41.75447616285435,41.23782982676295,41.61357098784422,30376684
2025-03-07,41.4726676940918,41.895376035038616,41.1438901603509,41.33176252486466,31779134
2025-03-10,42.31808853149414,42.55292809446954,41.707507817778506,41.848409405543336,58815717
2025-03-11,42.13021469116211,42.27111985736689,41.519633998798255,41.61356838735662,68052418
2025-03-12,42.083248138427734,42.224153306780565,41.42569665839332,41.98931374843737,43316994
2025-03-13,41.049957275390625,41.98931554904548,40.956019298004676,41.98931554904548,57573005
2025-03-14,42.17718505859375,42.3180866400609,40.8620821313639,40.909049325186274,68441495
2025-03-17,41.425697326660156,42.41202635430658,41.425697326660156,42.271121183680705,44201092
2025-03-18,41.80144119262695,42.27112030715085,41.47266724580713,41.51963444058607,42180476
2025-03-19,41.61356735229492,42.17718441972787,41.61356735229492,41.8014397081059,37314811
2025-03-20,42.412025451660156,42.412025451660156,41.989313532146376,41.989313532146376,43291329
2025-03-21,42.271121978759766,42.271121978759766,41.801442845662436,42.271121978759766,39145180
2025-03-24,42.13021469116211,42.55292660640922,41.89537513639896,42.27111985736689,36059208
2025-03-25,42.13021469116211,42.458992217850856,41.754473553561404,42.27111985736689,36461286
2025-03-26,41.84840774536133,42.083247299020336,41.61356819170232,42.036280104961975,28156495
2025-03-27,42.083248138427734,42.083248138427734,41.331762268402954,41.42569665839332,43278476
2025-03-28,41.84840774536133,41.89537493941968,41.425695832101674,41.89537493941968,37954776
2025-03-31,41.94234848022461,41.94234848022461,40.67421265689429,40.90905222602574,61875919
2025-04-01,43.16351318359375,45.089196918654466,42.50596167852322,44.337711020017046,143290199
2025-04-02,42.505958557128906,43.02260485054212,42.412024170460015,43.02260485054212,50515462
2025-04-07,38.278846740722656,38.278846740722656,38.278846740722656,38.278846740722656,13988062
2025-04-08,39.17123794555664,39.453044690961505,37.104649173642365,37.15161636731531,120858432
2025-04-09,37.48039627075195,38.983368063967596,37.29252390075815,38.09097699402257,84824195
2025-04-10,41.19085693359375,41.19085693359375,40.862082986588796,41.19085693359375,49531081
2025-04-11,41.425697326660156,41.613569693038876,39.54698082960768,40.11059792874383,69373050
2025-04-14,41.61356735229492,42.599892741093655,41.61356735229492,42.08324645013881,56357316
2025-04-15,41.989315032958984,42.22415459848631,41.707508270999675,41.80144266386365,31216544
2025-04-16,42.224151611328125,42.27111880443741,41.5196329645875,41.5196329645875,35850779
2025-04-17,41.425697326660156,42.130216013054834,41.378730130907314,42.130216013054834,20580050
2025-04-18,41.61356735229492,41.754472514994944,41.42569499648394,41.754472514994944,16088207
2025-04-21,41.002986907958984,41.66053478198069,41.002986907958984,41.66053478198069,14669270
2025-04-22,41.61356735229492,41.84840690121686,40.90904870552909,40.956015898640054,27738319
2025-04-23,42.365055084228516,42.552927448430026,41.89537596540839,42.22415349860286,33676880
2025-04-24,40.768150329589844,42.224154930639315,40.768150329589844,42.0362825600661,42017291
2025-04-25,41.94234848022461,41.98931567737741,41.28479696998305,41.42569856144146,54399065
2025-04-28,42.17718505859375,42.17718505859375,41.51963359497882,41.84840753510269,22973317
2025-04-29,42.224151611328125,42.36505319065596,41.9423448693053,41.989312062414584,27807473
2025-04-30,42.45899200439453,42.55292639248066,42.03628009127254,42.03628009127254,30303702
2025-05-02,42.88170623779297,43.06957502413057,42.41202710521415,42.458994301798555,31142562
2025-05-05,42.31808853149414,43.02260722042035,41.895376601464946,42.97564002449874,35331097
2025-05-06,42.64686584472656,43.022606993484835,41.89537638047534,42.27112111260095,43359102
2025-05-07,42.97563934326172,43.11654451216032,42.64686539365473,42.83473417436312,31781212
2025-05-08,42.55292892456055,42.97564086283569,42.55292892456055,42.646866901603595,20575779
2025-05-09,42.78776550292969,42.9286706669668,42.412024371109354,42.45899156466599,16829589
2025-05-12,43.6331901550293,43.6331901550293,42.83473351582483,42.97563868255716,33950716
2025-05-13,43.72712326049805,44.008930002324114,43.539250904824954,43.82106123001816,31348875
2025-05-14,44.149837493896484,44.196804689450566,43.96196512831282,44.055903102788314,27429275
2025-05-15,44.61951446533203,44.61951446533203,44.008930202459574,44.102868172406886,41621426
2025-05-16,44.90132141113281,44.90132141113281,44.431642309377516,44.71344905375726,28845625
2025-05-19,44.85435485839844,45.042227218457846,44.619515304165986,44.71344969251208,36863531
2025-05-20,44.94829177856445,45.08919695238763,44.38467825000657,45.042229755569046,28130117
2025-05-21,46.54520034790039,46.68610551807247,44.995261392844164,45.08919578404733,93231386
2025-05-22,46.45126724243164,46.780041204110255,45.934620909779206,46.45126724243164,70843171
2025-05-23,45.13616180419922,46.451264746999215,45.13616180419922,45.183128998577665,71578900
2025-05-26,44.243770599365234,45.84068028537224,44.243770599365234,44.9013220681172,78899680
2025-05-27,43.210479736328125,44.71345151120129,43.210479736328125,44.2437723836325,99624798
2025-05-28,44.19680404663086,44.57254877233317,43.351383788851564,43.58622334657369,98074934
2025-05-29,43.91499710083008,45.1831292736034,43.91499710083008,44.5255813815682,149032843
2025-06-02,44.10287094116211,44.10287094116211,43.116545486680884,43.96196576907877,77681104
2025-06-03,44.38467788696289,44.431645083397314,43.77409358321327,43.868031559449506,77951822
2025-06-04,43.16351318359375,44.38467821680049,43.02260800987599,44.243773043082726,85197919
2025-06-05,42.55292892456055,43.257447627229986,42.365056553841875,42.88170646916007,74581058
2025-06-06,42.271121978759766,42.97564067840576,42.271121978759766,42.55292874194468,55682096
2025-06-09,42.88170623779297,42.97564063096177,42.130216758972935,42.27112193209354,39208994
2025-06-10,43.58622360229492,43.68015799258798,43.0226065104347,43.06957370558123,47063212
2025-06-11,44.38467788696289,44.38467788696289,43.727126386778856,43.727126386778856,56558714
2025-06-12,44.431644439697266,44.525582414572575,44.05590329029805,44.38467724394328,32543331
2025-06-13,44.572547912597656,44.85435465975514,43.961963640950444,43.961963640950444,44771416
2025-06-16,45.089195251464844,45.089195251464844,44.47861096575434,44.47861096575434,41131108
2025-06-17,44.61951446533203,45.84067940770979,44.61951446533203,45.32403311478465,71150250
2025-06-18,45.371002197265625,45.371002197265625,44.71345071372348,44.80738868758225,41498670
2025-06-19,44.85435485839844,45.51190632692275,44.71344969251208,45.464939132749706,51252856
2025-06-20,44.76042175292969,45.04222850941204,43.96196509563447,44.43164421756084,65459193
2025-06-23,44.149837493896484,44.33770985948015,43.39835161492916,43.68015837162099,74736166
2025-06-24,45.349998474121094,45.349998474121094,42.5,42.5,132396029
2025-06-25,43.79999923706055,45.45000076293945,43.79999923706055,45.45000076293945,95756039
2025-06-26,43.25,44.349998474121094,43.150001525878906,43.79999923706055,81421425
2025-06-27,44.29999923706055,44.29999923706055,43.599998474121094,43.849998474121094,49281090
2025-06-30,44.20000076293945,44.400001525878906,43.95000076293945,44.099998474121094,27543017
2025-07-01,43.95000076293945,44.599998474121094,43.54999923706055,44.25,48470565
2025-07-02,44.45000076293945,44.45000076293945,43.79999923706055,43.849998474121094,41467173
2025-07-03,44.400001525878906,44.95000076293945,44.25,44.54999923706055,37104217
2025-07-04,43.75,44.75,43.54999923706055,44.70000076293945,44258347
2025-07-07,43.45000076293945,44.04999923706055,43.099998474121094,44.04999923706055,39017710
2025-07-08,43.70000076293945,43.79999923706055,43.150001525878906,43.599998474121094,29366672
2025-07-09,43.900001525878906,43.95000076293945,43.45000076293945,43.5,23882092
2025-07-10,43.70000076293945,44.0,43.20000076293945,43.79999923706055,31645312
2025-07-11,43.25,43.70000076293945,43.20000076293945,43.70000076293945,20013050
2025-07-14,43.150001525878906,43.349998474121094,42.79999923706055,43.25,23205753
2025-07-15,43.54999923706055,43.54999923706055,42.900001525878906,43.0,21138204
2025-07-16,43.45000076293945,43.599998474121094,43.20000076293945,43.54999923706055,28319729
2025-07-17,43.54999923706055,43.599998474121094,43.150001525878906,43.5,24082595
2025-07-18,43.45000076293945,44.04999923706055,43.349998474121094,43.75,25754314
2025-07-21,43.5,43.70000076293945,43.349998474121094,43.599998474121094,16417888
2025-07-22,43.0,43.79999923706055,43.0,43.79999923706055,26349840
2025-07-23,43.900001525878906,43.900001525878906,43.29999923706055,43.400001525878906,24567877
2025-07-24,43.5,44.0,43.45000076293945,43.95000076293945,14994808
2025-07-25,43.5,43.75,43.29999923706055,43.400001525878906,17661776
2025-07-28,43.5,43.599998474121094,43.0,43.5,35776877
2025-07-29,42.79999923706055,43.349998474121094,42.79999923706055,43.29999923706055,35741812
2025-07-30,42.54999923706055,42.900001525878906,42.099998474121094,42.79999923706055,45900200
2025-07-31,41.54999923706055,42.25,41.54999923706055,42.25,42952609
2025-08-04,41.20000076293945,41.54999923706055,40.5,40.900001525878906,35962931
2025-08-05,41.400001525878906,41.650001525878906,41.29999923706055,41.349998474121094,27774547
2025-08-06,40.70000076293945,41.0,40.349998474121094,40.95000076293945,42323182
2025-08-07,40.400001525878906,40.79999923706055,40.400001525878906,40.5,52613355
2025-08-08,40.5,40.599998474121094,40.20000076293945,40.400001525878906,34741791
2025-08-11,40.400001525878906,40.650001525878906,40.29999923706055,40.400001525878906,24697504
2025-08-12,40.650001525878906,40.849998474121094,40.349998474121094,40.599998474121094,24073607
2025-08-13,40.75,41.0,40.400001525878906,40.79999923706055,29479379
2025-08-14,40.79999923706055,41.0,40.75,40.849998474121094,25526067
2025-08-15,41.20000076293945,41.599998474121094,41.0,41.099998474121094,33021625
2025-08-18,40.400001525878906,40.900001525878906,40.20000076293945,40.900001525878906,50417766
2025-08-19,41.04999923706055,41.04999923706055,40.099998474121094,40.29999923706055,32207923
2025-08-20,41.900001525878906,42.5,41.5,41.5,109360639
2025-08-21,41.400001525878906,42.04999923706055,41.400001525878906,42.0,46125182
2025-08-22,40.599998474121094,41.20000076293945,40.599998474121094,41.150001525878906,24604317
2025-08-25,40.54999923706055,40.900001525878906,40.54999923706055,40.849998474121094,21425973
2025-08-26,41.79999923706055,41.79999923706055,40.349998474121094,40.5,64111108
2025-08-27,40.95000076293945,41.29999923706055,40.900001525878906,41.20000076293945,30264987
2025-08-28,40.599998474121094,41.20000076293945,40.599998474121094,40.95000076293945,23816343
2025-08-29,40.5,40.900001525878906,40.45000076293945,40.849998474121094,23815284
2025-09-01,40.75,40.79999923706055,40.400001525878906,40.599998474121094,20806971
2025-09-02,40.900001525878906,41.0,40.650001525878906,40.900001525878906,20379773
2025-09-03,40.900001525878906,40.95000076293945,40.70000076293945,40.95000076293945,11803934
2025-09-04,42.0,42.70000076293945,41.150001525878906,41.150001525878906,67960253
2025-09-05,41.20000076293945,41.900001525878906,41.04999923706055,41.849998474121094,36383751
2025-09-08,41.599998474121094,41.650001525878906,41.25,41.599998474121094,16875937
2025-09-09,41.45000076293945,41.75,41.400001525878906,41.599998474121094,17589011
2025-09-10,41.25,41.5,41.099998474121094,41.45000076293945,22594413
2025-09-11,40.900001525878906,41.400001525878906,40.900001525878906,41.25,22260883
2025-09-12,41.150001525878906,41.29999923706055,40.900001525878906,41.0,25369434
2025-09-15,41.099998474121094,41.45000076293945,41.099998474121094,41.20000076293945,27414854
2025-09-16,41.04999923706055,41.5,41.04999923706055,41.20000076293945,20338285
2025-09-17,41.45000076293945,41.5,41.099998474121094,41.099998474121094,21981283
2025-09-18,41.79999923706055,42.099998474121094,41.650001525878906,41.70000076293945,38555370
2025-09-19,43.25,43.400001525878906,42.20000076293945,42.45000076293945,107771839
2025-09-22,43.04999923706055,43.95000076293945,43.0,43.900001525878906,64904449
2025-09-23,43.900001525878906,44.45000076293945,43.349998474121094,43.54999923706055,84234256
2025-09-24,44.849998474121094,45.29999923706055,44.099998474121094,44.400001525878906,86102820
2025-09-25,44.29999923706055,45.25,44.04999923706055,44.849998474121094,58873725
2025-09-26,44.849998474121094,45.29999923706055,44.150001525878906,44.849998474121094,47396933
2025-09-30,45.54999923706055,47.29999923706055,45.25,45.54999923706055,132135580
2025-10-01,44.25,45.900001525878906,44.0,45.79999923706055,80189193
2025-10-02,43.79999923706055,44.54999923706055,43.349998474121094,44.45000076293945,61988144
2025-10-03,43.849998474121094,43.849998474121094,43.20000076293945,43.349998474121094,40817851
2025-10-07,44.29999923706055,44.349998474121094,43.5,43.849998474121094,29753422
2025-10-08,44.95000076293945,44.95000076293945,44.29999923706055,44.5,39893979
2025-10-09,45.650001525878906,46.29999923706055,45.5,45.599998474121094,71854411
2025-10-13,45.45000076293945,45.5,44.25,44.5,59392456
2025-10-14,44.849998474121094,46.349998474121094,44.849998474121094,46.0,46400125
2025-10-15,44.5,45.099998474121094,44.29999923706055,45.0,35642582
2025-10-16,44.900001525878906,45.29999923706055,44.650001525878906,44.900001525878906,31492824
2025-10-17,45.75,45.900001525878906,45.099998474121094,45.29999923706055,45710984
2025-10-20,46.099998474121094,46.25,45.849998474121094,46.04999923706055,32982073
2025-10-21,45.45000076293945,46.29999923706055,45.45000076293945,46.20000076293945,25934845
2025-10-22,45.5,45.70000076293945,45.099998474121094,45.400001525878906,23685066
2025-10-23,45.400001525878906,45.5,45.04999923706055,45.5,15560798
2025-10-27,45.599998474121094,46.45000076293945,45.599998474121094,46.04999923706055,44433603
2025-10-28,46.0,46.25,45.79999923706055,46.0,44730201
2025-10-29,45.599998474121094,46.25,45.599998474121094,46.25,28686171
2025-10-30,45.849998474121094,46.20000076293945,44.79999923706055,45.599998474121094,55662596
2025-10-31,46.400001525878906,46.849998474121094,46.0,46.20000076293945,50233207
2025-11-03,47.599998474121094,48.5,46.79999923706055,47.0,96165770
2025-11-04,47.400001525878906,48.75,47.150001525878906,48.75,65151205
2025-11-05,47.099998474121094,47.099998474121094,45.75,47.099998474121094,48037302
2025-11-06,45.79999923706055,47.75,45.79999923706055,47.75,60365518
2025-11-07,45.0,45.599998474121094,44.900001525878906,45.5,33263691
2025-11-10,45.20000076293945,45.650001525878906,45.04999923706055,45.5,22981297
2025-11-11,45.25,46.0,45.20000076293945,45.599998474121094,28811087
2025-11-12,45.0,45.54999923706055,44.900001525878906,45.20000076293945,32938632
2025-11-13,44.45000076293945,45.150001525878906,44.45000076293945,45.0,39585981
2025-11-14,44.150001525878906,44.849998474121094,44.150001525878906,44.349998474121094,32870053
2025-11-17,43.849998474121094,44.349998474121094,43.79999923706055,44.04999923706055,24761430
2025-11-18,44.20000076293945,44.400001525878906,43.79999923706055,44.29999923706055,36974090
2025-11-19,44.349998474121094,45.20000076293945,44.0,44.29999923706055,36173559
2025-11-20,44.650001525878906,45.0,44.25,44.900001525878906,33997431
2025-11-21,45.0,45.0,44.20000076293945,44.20000076293945,35889116
2025-11-24,46.54999923706055,46.54999923706055,45.0,45.45000076293945,96809729
2025-11-25,45.099998474121094,46.099998474121094,45.04999923706055,46.04999923706055,48603850
2025-11-26,45.45000076293945,45.849998474121094,44.849998474121094,45.5,37353483
2025-11-27,45.95000076293945,45.95000076293945,45.20000076293945,45.29999923706055,31875985
2025-11-28,45.79999923706055,46.0,45.20000076293945,45.5,24598918
2025-12-01,46.5,46.599998474121094,45.79999923706055,45.79999923706055,40046416
2025-12-02,47.20000076293945,47.599998474121094,46.5,46.54999923706055,45599924
2025-12-03,47.5,48.29999923706055,47.349998474121094,47.650001525878906,48477991
2025-12-04,48.0,48.25,47.849998474121094,48.0,45884116
2025-12-05,48.900001525878906,49.29999923706055,48.0,48.04999923706055,82641984
2025-12-08,49.29999923706055,50.0,48.45000076293945,49.75,66401289
2025-12-09,49.599998474121094,49.900001525878906,48.70000076293945,49.70000076293945,43073174
2025-12-10,49.349998474121094,49.75,49.0,49.75,42078886
2025-12-11,48.650001525878906,49.599998474121094,48.0,49.54999923706055,41866258
2025-12-12,48.79999923706055,48.900001525878906,48.29999923706055,48.650001525878906,41253059
2025-12-15,48.849998474121094,48.849998474121094,48.20000076293945,48.400001525878906,43233765
2025-12-16,49.20000076293945,49.20000076293945,47.900001525878906,48.75,82993384
2025-12-17,50.400001525878906,50.900001525878906,49.29999923706055,49.45000076293945,121255998
2025-12-18,50.29999923706055,50.70000076293945,49.70000076293945,50.20000076293945,62599569
2025-12-19,50.70000076293945,50.70000076293945,50.099998474121094,50.29999923706055,68014965
2025-12-22,50.900001525878906,51.099998474121094,50.400001525878906,51.0,65719784
2025-12-23,50.0,51.0,49.650001525878906,51.0,45790969
2025-12-24,49.650001525878906,50.0,49.29999923706055,49.900001525878906,47697812
2025-12-26,49.95000076293945,50.099998474121094,49.54999923706055,49.849998474121094,40760795
2025-12-29,49.650001525878906,49.95000076293945,49.400001525878906,49.95000076293945,21458772
2025-12-30,49.5,50.0,49.349998474121094,49.5,26366450
2025-12-31,49.25,49.70000076293945,49.04999923706055,49.599998474121094,25770824
2026-01-02,48.70000076293945,49.400001525878906,48.400001525878906,49.349998474121094,29250355
2026-01-05,48.5,49.0,48.099998474121094,48.5,44471888
2026-01-06,49.20000076293945,49.20000076293945,48.349998474121094,48.849998474121094,48390300
2026-01-07,54.099998474121094,54.099998474121094,50.70000076293945,50.79999923706055,230965277
2026-01-08,52.79999923706055,58.400001525878906,52.099998474121094,57.0,644884888
2026-01-09,55.099998474121094,56.5,53.599998474121094,54.400001525878906,306881896
2026-01-12,55.29999923706055,57.400001525878906,54.79999923706055,57.0,187151237
2026-01-13,54.900001525878906,56.599998474121094,53.79999923706055,55.5,128953631
2026-01-14,54.0,55.400001525878906,53.70000076293945,55.099998474121094,154811585
2026-01-15,54.70000076293945,55.0,53.70000076293945,54.70000076293945,98309216
2026-01-16,58.5,59.0,53.79999923706055,54.79999923706055,304570619
2026-01-19,62.5,63.5,58.79999923706055,60.29999923706055,338651958
2026-01-20,67.80000305175781,68.69999694824219,61.0,62.400001525878906,469623641
2026-01-21,68.4000015258789,71.9000015258789,67.0999984741211,70.9000015258789,438361845
2026-01-22,67.5999984741211,71.9000015258789,67.5,71.5,268253929
2026-01-23,64.80000305175781,69.4000015258789,62.900001525878906,68.0,268830260
2026-01-26,69.30000305175781,69.5,65.30000305175781,66.0,223044536
2026-01-27,76.19999694824219,76.19999694824219,69.5999984741211,71.0999984741211,499434330
2026-01-28,75.9000015258789,79.69999694824219,75.30000305175781,79.5999984741211,525499756
2026-01-29,68.4000015258789,71.9000015258789,68.4000015258789,70.30000305175781,277417422
2026-01-30,62.400001525878906,65.4000015258789,61.599998474121094,65.0,369865203
2026-02-02,60.70000076293945,62.400001525878906,58.79999923706055,62.29999923706055,192416866
2026-02-03,60.79999923706055,62.599998474121094,58.79999923706055,62.5,183445997
2026-02-04,61.79999923706055,61.900001525878906,59.79999923706055,60.599998474121094,102061867
2026-02-05,61.5,61.79999923706055,60.099998474121094,61.79999923706055,92170463
2026-02-06,61.900001525878906,62.599998474121094,59.900001525878906,61.099998474121094,120535637
2026-02-09,62.400001525878906,64.30000305175781,61.79999923706055,63.599998474121094,139921949
2026-02-10,62.400001525878906,63.599998474121094,61.79999923706055,62.79999923706055,91242137
2026-02-11,62.79999923706055,63.400001525878906,62.099998474121094,62.900001525878906,87219731
2026-02-23,63.900001525878906,65.19999694824219,63.099998474121094,65.19999694824219,140691976
2026-02-24,67.5,69.5,64.0,64.30000305175781,182119009
2026-02-25,65.5,69.30000305175781,65.30000305175781,69.30000305175781,148725670
2026-02-26,65.4000015258789,67.4000015258789,65.0,66.0,174910983
2026-03-02,64.5,65.5999984741211,63.5,64.0999984741211,96568472
2026-03-03,62.599998474121094,65.0999984741211,62.099998474121094,64.5,114479134
2026-03-04,60.0,62.0,60.0,61.0,114266906
2026-03-05,62.099998474121094,64.0,61.29999923706055,62.5,75570495
2026-03-06,62.0,62.29999923706055,61.0,62.099998474121094,54687401
2026-03-09,59.70000076293945,59.70000076293945,57.20000076293945,58.29999923706055,111723835
2026-03-10,60.400001525878906,61.20000076293945,59.0,60.79999923706055,75467464
2026-03-11,62.20000076293945,62.79999923706055,61.29999923706055,62.20000076293945,55747854
2026-03-12,60.599998474121094,62.20000076293945,60.20000076293945,62.20000076293945,64444916
2026-03-13,59.5,60.20000076293945,59.0,59.79999923706055,64162838
2026-03-16,60.5,61.0,60.099998474121094,60.5,58677753
2026-03-17,60.70000076293945,61.5,60.20000076293945,60.900001525878906,46464259
2026-03-18,61.099998474121094,61.5,60.400001525878906,61.29999923706055,65532503
2026-03-19,58.70000076293945,60.400001525878906,58.599998474121094,60.400001525878906,84931746
2026-03-20,57.79999923706055,59.0,57.70000076293945,58.5,80718669
2026-03-23,56.70000076293945,57.0,55.70000076293945,56.0,62921550
2026-03-24,56.5,57.5,55.70000076293945,57.5,52694700
2026-03-25,59.099998474121094,59.400001525878906,57.599998474121094,58.0,53911720
2026-03-26,58.20000076293945,59.5,58.099998474121094,59.400001525878906,34931899
2026-03-27,57.79999923706055,58.5,57.099998474121094,57.099998474121094,41464196
2026-03-30,57.0,57.5,55.79999923706055,56.29999923706055,60495316
2026-03-31,56.5,56.900001525878906,55.79999923706055,55.900001525878906,71434250
2026-04-01,57.400001525878906,58.5,56.79999923706055,57.5,61710505
2026-04-02,53.599998474121094,57.79999923706055,52.79999923706055,57.5,112129472
2026-04-07,58.29999923706055,58.900001525878906,54.70000076293945,54.70000076293945,163823438
2026-04-08,60.29999923706055,61.70000076293945,59.5,59.79999923706055,161175374
2026-04-09,60.0,60.599998474121094,58.79999923706055,60.599998474121094,76399426
2026-04-10,62.0,63.5,59.29999923706055,59.70000076293945,150810786
2026-04-13,60.099998474121094,61.5,58.599998474121094,61.5,123412684
2026-04-14,59.70000076293945,60.400001525878906,59.099998474121094,60.099998474121094,72941136
2026-04-15,62.099998474121094,63.400001525878906,60.099998474121094,60.099998474121094,143871383
2026-04-16,68.30000305175781,68.30000305175781,65.5999984741211,66.5,280417097
2026-04-17,73.0,74.80000305175781,67.5999984741211,68.30000305175781,494806022
2026-04-20,76.9000015258789,80.19999694824219,76.30000305175781,78.0,348790257
2026-04-21,76.19999694824219,78.5,74.0,78.0,315361026
2026-04-22,78.5999984741211,79.80000305175781,75.80000305175781,76.5,231383599
2026-04-23,73.5999984741211,79.5,71.5999984741211,79.5,230028648
2026-04-24,74.5,78.30000305175781,73.30000305175781,77.0,178977116
2026-04-27,72.69999694824219,76.4000015258789,70.69999694824219,76.0,185496761
2026-04-28,75.0999984741211,77.69999694824219,71.30000305175781,72.30000305175781,162722456
2026-04-29,74.5,75.30000305175781,72.4000015258789,75.30000305175781,119808582
2026-04-30,77.30000305175781,80.9000015258789,76.30000305175781,80.5,331616948
2026-05-04,81.19999694824219,82.4000015258789,79.4000015258789,80.0,240260266
2026-05-05,83.0999984741211,85.19999694824219,80.0999984741211,80.80000305175781,171549816
2026-05-06,91.4000015258789,91.4000015258789,87.80000305175781,88.5,253983202
2026-05-07,96.5,98.80000305175781,93.0,97.4000015258789,323781992
2026-05-08,91.30000305175781,98.80000305175781,89.9000015258789,96.5,216239801
2026-05-11,95.0,96.30000305175781,92.0,94.69999694824219,177668192
2026-05-12,104.5,104.5,94.30000305175781,96.69999694824219,379946290
2026-05-13,98.4000015258789,102.0,94.5,102.0,349701662
2026-05-14,108.0,108.0,98.80000305175781,102.0,330599652
2026-05-15,110.0,118.0,108.0,112.0,408587830
