Date,Close,High,Low,Open,Volume
2001-07-23,26.364343643188477,26.364343643188477,26.364343643188477,26.364343643188477,463095
2001-07-24,28.050851821899414,28.140195494541537,27.343235501920883,27.87573378270457,238341541
2001-07-25,30.00572395324707,30.005723953247074,28.05085165635424,28.05085165635424,94092605
2001-07-26,32.046382904052734,32.046382904052734,30.802698527662468,31.07073242229211,64114300
2001-07-27,31.9570369720459,33.37941421314338,31.778346796233865,32.846915768406674,60369077
2001-07-30,31.9570369720459,31.9570369720459,31.9570369720459,31.9570369720459,0
2001-07-31,34.17636489868164,34.17636489868164,31.77833791403259,31.957028039899857,77956786
2001-08-01,32.757568359375,34.53375089278297,32.40018527270357,34.44440720274815,61392002
2001-08-02,33.733219146728516,33.91190930487274,32.66822236255564,32.66822236255564,61392002
2001-08-03,34.355045318603516,34.887543464063604,33.73320352320617,34.087008817772826,52895123
2001-08-06,35.4200553894043,35.4200553894043,33.733216646836055,33.99767839435213,48605439
2001-08-07,34.798213958740234,35.50940252538935,34.3550620232507,35.15202220085045,38953644
2001-08-08,35.4200553894043,35.4200553894043,34.35505868415592,34.79821057657389,35422904
2001-08-09,34.8875617980957,35.95255864869061,34.79821532569583,35.241370054104344,32073649
2001-08-10,34.533748626708984,34.97690329204086,34.265714798681955,34.88755683235816,24187224
2001-08-13,34.265716552734375,35.066248771244474,33.997679935476086,34.79821215398618,23774757
2001-08-14,34.798213958740234,34.798213958740234,33.29006521449137,34.44440849214084,27965449
2001-08-15,34.8875617980957,35.241370054104344,34.44440984519812,34.53375354208707,18742625
2001-08-16,33.82255554199219,34.88755209642869,33.82255554199219,34.619515529276654,26464060
2001-08-17,34.08701705932617,34.08701705932617,33.111366957960186,33.91190179780415,31694177
2001-08-20,35.68452453613281,36.306366702392104,33.73322364144482,33.73322364144482,70796311
2001-08-21,36.21701431274414,36.57439459093556,35.330710556706904,35.95255257382123,44513739
2001-08-22,34.798213958740234,36.217019009609785,34.798213958740234,35.86321076749957,43045344
2001-08-23,34.6195182800293,35.420053188007444,34.08701996050049,35.066245002274734,41609948
2001-08-24,33.733219146728516,34.35506123013168,33.55452621307354,34.35506123013168,35785877
2001-08-27,34.265716552734375,34.35506024148002,33.73321817597189,34.17637008847805,22405355
2001-08-28,33.465179443359375,34.53374821158288,33.29006138367014,34.53374821158288,24649193
2001-08-29,33.9976806640625,34.70886920906806,33.02203035388521,33.290064201376914,77016358
2001-08-30,34.84463119506836,34.84463119506836,34.84463119506836,34.84463119506836,6212299
2001-08-31,35.9647216796875,36.587395949663765,35.5925517473025,35.9647216796875,46870035
2001-09-03,35.34204864501953,36.33689558313399,35.0951267233978,36.215221656017405,14385935
2001-09-04,36.336910247802734,36.336910247802734,35.7142357537319,35.964734623049885,19445003
2001-09-05,34.969879150390625,36.46214691493347,34.969879150390625,36.46214691493347,14478530
2001-09-06,33.72453308105469,34.844630887136226,33.35236035439916,34.844630887136226,14284920
2001-09-07,34.59414291381836,34.59414291381836,32.72970170092948,32.72970170092948,8535596
2001-09-10,34.71937561035156,34.844629167640264,33.72453141683277,34.22195490319851,7862178
2001-09-11,32.357513427734375,34.71937444369752,32.357513427734375,34.71937444369752,23317168
2001-09-12,32.357513427734375,32.357513427734375,32.357513427734375,32.357513427734375,0
2001-09-13,30.117326736450195,30.117326736450195,30.117326736450195,30.117326736450195,1346838
2001-09-14,28.12405776977539,29.2441527895973,28.12405776977539,28.12405776977539,32500935
2001-09-17,28.12405776977539,28.12405776977539,28.12405776977539,28.12405776977539,0
2001-09-18,28.12405776977539,28.12405776977539,28.12405776977539,28.12405776977539,0
2001-09-19,29.24415397644043,29.244153976440433,27.25446264377197,27.25446264377197,20640323
2001-09-20,28.249305725097656,28.871980015270832,28.249305725097656,28.249305725097656,11818520
2001-09-21,27.37971305847168,27.626635005966435,27.37971305847168,27.37971305847168,12534029
2001-09-24,28.997230529785156,29.244152467914287,27.626633958101994,27.75188474019309,19083039
2001-09-25,29.616329193115234,30.9869231709294,29.61632919311523,30.489502380565234,34066637
2001-09-26,31.609590530395508,31.60959053039551,29.86682138926273,30.614743611839152,26524331
2001-09-27,32.107017517089844,32.23227109216073,30.489501608704032,31.11217318233348,16069484
2001-09-28,31.359088897705078,32.60443457597843,30.86166821906987,32.357512659921106,20463550
2001-10-01,31.359088897705078,31.359088897705078,31.359088897705078,31.359088897705078,0
2001-10-02,29.494659423828125,31.359100388278087,29.24416056946268,31.359100388278087,13493653
2001-10-03,28.87198257446289,29.494654140616433,28.374559023450328,28.374559023450328,8990156
2001-10-04,29.74156951904297,30.861667167466603,29.61632153162808,30.861667167466603,17492086
2001-10-05,29.8668212890625,30.238993975836685,28.997227923891465,29.8668212890625,10177060
2001-10-08,29.616329193115234,29.741577212930693,29.244156422566526,29.244156422566526,7845341
2001-10-09,30.48949432373047,30.61474231044921,29.866820119665913,29.866820119665913,7550722
2001-10-10,30.48949432373047,30.489494323730472,30.489494323730472,30.489494323730472,0
2001-10-11,31.85651397705078,32.35751430692001,31.11216856525851,31.237419342528984,26566419
2001-10-12,31.609590530395508,32.479183898483946,31.11216707111733,32.357512752971935,24680844
2001-10-15,32.107017517089844,32.479190278216755,30.861674369830943,31.11217318233348,19714371
2001-10-16,32.107017517089844,32.23227109216073,31.609596739318203,31.981769500445115,7045655
2001-10-17,31.112163543701172,32.10700757025217,30.736414051749037,32.10700757025217,32930241
2001-10-18,31.734848022460938,31.9817699915215,30.61475009543471,30.73642404592738,12988589
2001-10-19,31.981761932373047,32.60443335865532,31.23741658625896,31.73484002553483,20766591
2001-10-22,33.97503662109375,33.97503662109375,32.35751798945026,32.47918915465254,28494086
2001-10-23,33.97503662109375,34.347209369345954,33.227114277479636,34.347209369345954,20581399
2001-10-24,34.71937561035156,34.96987716650359,33.72453141683277,33.97503297298479,23275079
2001-10-25,35.9647216796875,35.9647216796875,34.47245398653924,34.84462947734966,29159087
2001-10-26,38.45542526245117,38.45542526245117,36.71265559026818,36.71265559026818,61053947
2001-10-29,37.95441436767578,38.45541750428659,37.45699363638977,38.33016672013389,18089746
2001-10-30,36.21522521972656,37.45699420165732,36.08997721289655,37.08482146969469,21599946
2001-10-31,36.95957946777344,37.45700310400078,35.964732195318746,35.964732195318746,18603229
2001-11-01,39.32501220703125,39.45026299514966,38.07966635751074,38.33016793374755,32888152
2001-11-02,40.81727600097656,41.0677775526305,39.32500834788764,40.0729305977628,46482820
2001-11-05,41.3147087097168,42.9322247208358,40.81728512113924,41.19303475336455,35447148
2001-11-06,40.692039489746094,41.93738565361127,40.44511747740766,41.812134833877614,23232991
2001-11-07,41.067779541015625,41.690451045211795,39.947681756089,41.193027543694114,20951779
2001-11-08,40.07293701171875,40.9425333299445,39.947686215844506,40.9425333299445,13089601
2001-11-09,40.57036209106445,41.69045726385423,39.199765317126776,39.82243969341523,28283641
2001-11-12,41.19302749633789,41.690450997283726,40.69202714856158,40.69202714856158,19133546
2001-11-13,41.067779541015625,41.690451045211795,40.69202719534184,41.067779541015625,17441579
2001-11-14,42.43479537963867,42.93221608899282,41.81212111244158,41.937371891071834,33317455
2001-11-15,44.428070068359375,44.80024283414462,42.56004976566364,42.56004976566364,32736630
2001-11-16,43.43320846557617,44.30280166987847,43.05745622258218,44.30280166987847,21743049
2001-11-19,44.80024337768555,45.422914966663306,43.80539623919399,44.05231821054951,24790275
2001-11-20,43.80539321899414,45.920335369892754,43.55489441758788,45.42291183494227,21515770
2001-11-21,45.422908782958984,45.54815956485294,43.182718771482975,43.182718771482975,20606653
2001-11-22,47.41259002685547,48.53268486240809,44.549728946148306,45.42290188147735,40986027
2001-11-23,49.280616760253906,50.27546375238031,47.663098270759214,47.663098270759214,31154093
2001-11-26,52.01823425292969,52.6409057982957,50.02854567373012,50.52596920813649,40363113
2001-11-27,52.14347839355469,52.3904003029666,50.4007065251243,52.3904003029666,32004286
2001-11-28,50.40071487426758,52.018233463911635,50.028544914891874,52.018233463911635,16843919
2001-11-29,51.27031326293945,51.27031326293945,49.15537117349416,49.65279469399114,17643605
2001-11-30,50.40071487426758,51.2703139189305,50.028544914891874,51.2703139189305,15623343
2001-12-03,53.88625717163086,53.88625717163086,51.27031728853447,51.27031728853447,27736488
2001-12-04,54.1331672668457,54.881092255389106,52.88781882783334,53.51049582655201,18594810
2001-12-05,57.865623474121094,57.865623474121094,55.62543362938539,55.875935174528145,42736921
2001-12-06,61.848602294921875,61.848602294921875,60.60325903614102,61.848602294921875,24756605
2001-12-07,64.33929443359375,65.95681326761925,62.346025957193,63.34444722956532,40464128
2001-12-10,61.22591781616211,64.3392808681452,61.104243882177165,63.46610780785765,27113575
2001-12-11,65.33411407470703,65.45936204985074,60.85372947840335,61.22590489542271,29352695
2001-12-12,66.82638549804688,68.4439038144,65.33412072801698,65.33412072801698,33233278
2001-12-13,64.71144104003906,68.19697906160009,62.22432948809941,68.19697906160009,42837932
2001-12-14,63.46611022949219,64.4609572617244,62.471263197259965,62.72176476839422,32492516
2001-12-17,63.963523864746094,64.71144327803478,62.224331640080266,62.84342899918795,18392784
2001-12-18,62.59652328491211,65.33413716347432,62.34602168767432,65.2088835856423,23973754
2001-12-19,62.59652328491211,64.5862119982864,62.59652328491211,62.84344525562447,18948355
2001-12-20,63.34442901611328,64.46094985874694,62.346008030817394,62.843431489807216,18864178
2001-12-21,59.483154296875,62.721765512424604,59.236226790538296,62.34601593047878,43275654
2001-12-24,60.35634231567383,60.979013999400856,59.36149502580065,60.35634231567383,18897848
2001-12-25,64.4609603881836,64.4609603881836,61.225923121873926,61.47642470515791,24916540
2001-12-26,65.33411407470703,67.82122547709805,65.33411407470703,66.57945680932058,35775439
2001-12-27,65.95679473876953,69.68925496029692,64.71144627019704,65.70629319474905,40506216
2001-12-28,68.94134521484375,68.94134521484375,66.08205735947911,67.20215252477286,35118856
2001-12-31,73.1748046875,73.1748046875,69.4387695315764,70.80936631103368,37921967
2002-01-01,73.1748046875,73.1748046875,73.1748046875,73.1748046875,0
2002-01-02,74.29489135742188,74.54181330470827,71.05985421782377,73.0495483008582,37004432
2002-01-03,70.93462371826172,73.9191600210257,70.31195203629314,73.42173637749384,27290347
2002-01-04,71.80419921875,73.1747958323463,71.55727727306994,71.80419921875,22786850
2002-01-07,72.55213165283203,73.42172521077529,71.05986094919609,72.17995610434113,21330578
2002-01-08,75.28975677490234,75.9124284551596,73.04956613005835,73.04956613005835,30808967
2002-01-09,74.16966247558594,75.91242950230513,73.5469852283123,75.78718146248494,22626912
2002-01-10,75.28975677490234,75.28975677490234,72.42688889137399,73.04956613005835,26019267
2002-01-11,71.4320297241211,75.16448482568951,70.18668110925262,75.16448482568951,32004286
2002-01-14,73.30004119873047,73.79746469833553,69.68926019011558,69.68926019011558,27719653
2002-01-15,76.53507995605469,76.78200189850348,73.30004287983628,73.30004287983628,41937235
2002-01-16,81.38761901855469,81.88504242840679,78.65000601009883,80.8901956087026,44555154
2002-01-17,80.63971710205078,80.63971710205078,77.77685529706453,79.64487555688783,31061500
2002-01-18,84.87315368652344,86.24017032542186,79.77009773792986,80.89019249410357,34866323
2002-01-21,88.35514068603516,89.85099106546025,85.24535671538436,85.24535671538436,30135546
2002-01-22,93.33293151855469,93.45817395803992,87.1133592901774,88.35512262525101,35329299
2002-01-23,87.11335754394531,94.08084911105855,86.8628559947203,92.09116077904103,45775727
2002-01-24,87.98294830322266,88.97779521868195,84.62266358188596,87.11335493784136,35649174
2002-01-25,88.48038482666016,92.9607651167172,88.35513125808623,91.84067004420294,46735351
2002-01-28,86.11494445800781,88.85255824055616,85.99327606939464,87.48554116248192,24899705
2002-01-29,86.49069213867188,87.48553921756404,85.24534903532249,85.49227099188538,22130264
2002-01-30,84.87315368652344,86.36541830019699,84.62265217854886,85.24532354402328,21372667
2002-01-31,81.51290893554688,84.9948690375129,80.01706386943341,84.873200620706,60220588
2002-02-01,80.89020538330078,82.75464570998192,80.89020538330078,82.63297178264459,31036247
2002-02-04,82.01029968261719,83.9999935470417,80.89020475664285,80.89020475664285,25564707
2002-02-05,84.87315368652344,84.87315368652344,82.01028725027729,82.01028725027729,29487379
2002-02-06,88.35514068603516,88.85256427029591,86.61237388622753,87.11337709713109,37703106
2002-02-07,88.35514068603516,88.35514068603516,88.35514068603516,88.35514068603516,0
2002-02-08,88.35514068603516,88.35514068603516,88.35514068603516,88.35514068603516,0
2002-02-11,88.35514068603516,88.35514068603516,88.35514068603516,88.35514068603516,0
2002-02-12,88.35514068603516,88.35514068603516,88.35514068603516,88.35514068603516,0
2002-02-13,88.35514068603516,88.35514068603516,88.35514068603516,88.35514068603516,0
2002-02-14,88.35514068603516,88.35514068603516,88.35514068603516,88.35514068603516,0
2002-02-15,88.35514068603516,88.35514068603516,88.35514068603516,88.35514068603516,0
2002-02-18,85.99327850341797,90.4700794678209,85.99327850341797,90.4700794678209,26103444
2002-02-19,85.24534606933594,87.85771168790153,85.24534606933594,86.49068912935545,22652166
2002-02-20,85.24534606933594,86.86286464362361,85.24534606933594,85.24534606933594,30590106
2002-02-21,81.75982666015625,86.36546152300518,81.63457862269897,86.24021348554791,38940514
2002-02-22,81.26239013671875,81.51288615478408,78.39952291742813,79.02220001163998,27315601
2002-02-25,78.6500244140625,81.88506158936332,78.524776405157,81.88506158936332,19318738
2002-02-26,80.76496124267578,82.75464965903731,80.26753774897904,80.89020924338502,31953782
2002-02-27,84.7479248046875,84.99484675923655,81.01546959297492,81.01546959297492,35447148
2002-02-28,84.7479248046875,84.7479248046875,84.7479248046875,84.7479248046875,0
2002-03-01,84.49742126464844,86.1149398445185,82.87990268477836,84.37575288255348,27812246
2002-03-04,88.60563659667969,88.97781213350756,86.6123683195304,88.10821304438902,51878596
2002-03-05,90.22313690185547,92.09115678326013,89.22829555822489,89.85096699921813,46508071
2002-03-06,90.22313690185547,90.22313690185547,88.23344865616934,88.23344865616934,29007569
2002-03-07,88.35514068603516,91.59017823862507,87.73246907826173,90.59533662852999,30716371
2002-03-08,87.11335754394531,89.60046934857351,87.11335754394531,88.97779788056293,17744616
2002-03-11,90.5953140258789,90.8458100104079,87.85770074055769,87.85770074055769,27113575
2002-03-12,90.22313690185547,91.09273025552058,89.10304200983445,90.8458083428487,13931375
2002-03-13,91.0927505493164,93.83036995270261,89.60048542220873,89.97265540775872,41171218
2002-03-14,92.58858489990234,92.58858489990234,90.47006337338775,90.59531692808982,23931665
2002-03-15,90.97106170654297,94.8287642673766,90.84580815840684,93.70867493605465,39967480
2002-03-18,90.5953140258789,91.9659049229893,90.34839210867453,91.71540893846029,17677274
2002-03-19,87.48553466796875,88.97780520870299,87.23503309811264,88.97780520870299,30413333
2002-03-20,88.60563659667969,88.97781213350756,85.61752121494908,86.9881179243449,30329153
2002-03-21,87.73245239257812,90.09789590870601,87.73245239257812,88.60562543973606,22172353
2002-03-22,89.10305786132812,89.85098298376816,88.35513273888807,89.22831143200125,22997292
2002-03-25,88.48038482666016,89.60047989917442,88.35513125808623,89.47523188902636,16296763
2002-03-26,94.57827758789062,94.57827758789062,89.35355215296431,89.35355215296431,73301773
2002-03-27,91.59017181396484,96.69322383191768,91.59017181396484,96.44630742885529,45295917
2002-03-28,96.07057189941406,96.32106796556278,91.84068685538446,92.21285688611833,37492661
2002-03-29,94.45301055908203,95.57311095767534,92.96074583350492,95.57311095767534,25522619
2002-04-01,94.20610809326172,95.20095509580851,93.21126109071491,94.33135053745316,11380798
2002-04-02,95.6983642578125,97.44114182503377,95.07569833331448,95.07569833331448,29579975
2002-04-03,92.71027374267578,96.56798847444873,92.0911817594616,96.07056488851389,37947221
2002-04-04,88.73088073730469,92.7102576157175,88.35512561401183,92.7102576157175,43713379
2002-04-05,88.73088073730469,88.73088073730469,88.73088073730469,88.73088073730469,0
2002-04-08,87.23504638671875,89.60049037693297,87.1133779886038,88.73089678145159,20034244
2002-04-09,87.98294830322266,89.1030432103349,87.11335493784136,88.73087330268325,17643605
2002-04-10,88.35514068603516,89.1030658757477,87.48554709945275,87.48554709945275,12761309
2002-04-11,89.10305786132812,90.2231529526148,88.97780984908096,89.22831143200125,18131834
2002-04-12,90.97106170654297,91.3432316084247,87.73244540133669,88.73087192704917,20253108
2002-04-15,88.35514068603516,91.9659278675895,88.35514068603516,90.97108625749443,28797123
2002-04-16,88.97781372070312,90.2231568784246,88.60563817723636,88.97781372070312,13695679
2002-04-17,90.47006225585938,91.34323526842256,89.72571686384605,90.84581179847362,29116999
2002-04-18,87.98294830322266,90.34839166752512,87.48552484549302,90.34839166752512,29184341
2002-04-19,86.98810577392578,88.8525461487762,85.86801081033549,87.9829527395478,32181059
2002-04-22,81.88507843017578,86.11495796948131,81.13715317386938,85.86803596868685,56491524
2002-04-23,82.13555908203125,83.62782402815876,79.7701155094995,81.26238601405255,32829226
2002-04-24,82.38246154785156,83.13038087794806,81.01544492751053,81.88503816390485,19537599
2002-04-25,80.1423110961914,82.13557966950125,80.1423110961914,81.26240638265969,20084751
2002-04-26,79.0221939086914,79.51961183860296,77.77684537487282,79.0221939086914,26010848
2002-04-29,78.5247802734375,79.89537697859461,77.52993317193283,78.39952669993595,18081327
2002-04-30,81.26239013671875,81.38763814575141,78.77527250295195,79.77011955645867,31751756
2002-05-01,81.26239013671875,81.26239013671875,81.26239013671875,81.26239013671875,0
2002-05-02,76.28458404541016,82.38248870260175,75.78716605592975,82.01031316905417,33309039
2002-05-03,78.02738189697266,78.39955199429818,75.91243899653533,75.91243899653533,45312751
2002-05-06,72.6773681640625,76.90725207608271,72.6773681640625,76.53507658652426,35312464
2002-05-07,74.79231262207031,75.53665806766213,72.55212259156475,72.67737059530988,35413475
2002-05-08,70.31192016601562,75.91239425499143,69.56399522619505,75.91239425499143,52324737
2002-05-09,69.81449890136719,72.79903394338876,67.82123110060385,72.79903394338876,63141548
2002-05-10,73.30004119873047,73.42171513331931,68.56915963028302,69.81450819231247,50270808
2002-05-13,70.18668365478516,72.42687383389574,69.68926567446024,72.17995187767795,25556291
2002-05-14,68.07172393798828,71.18151238080476,67.82122797846213,70.68408897029586,40329444
2002-05-15,69.43876647949219,70.31193964285265,68.44391936778388,68.44391936778388,49799414
2002-05-16,66.45421600341797,68.44390422829828,64.58619614154684,68.44390422829828,70380814
2002-05-17,65.95679473876953,67.82123503665075,65.70629319474905,65.95679473876953,47745482
2002-05-20,65.2088851928711,66.32898037578455,63.09394284953696,64.83671519357996,36120569
2002-05-21,65.08362579345703,66.32896878117153,64.8367038598218,65.20887379405589,28426744
2002-05-22,66.20374298095703,66.70116664101863,65.45939730445879,65.95682096452038,30522764
2002-05-23,64.83670043945312,66.20371728808895,63.71660551142652,66.20371728808895,21541023
2002-05-24,67.82124328613281,67.94649129416513,65.20887766419828,65.4593792386887,45127560
2002-05-27,66.70115661621094,67.57432983126328,66.2037330309093,66.95165266376043,16322017
2002-05-28,65.83155059814453,67.69957078882355,65.3341326231879,66.82639766490958,20202601
2002-05-29,64.96194458007812,65.58104193699012,64.7114430485289,65.45936801758984,9074333
2002-05-30,62.34601593017578,65.83154909361939,62.09909398226604,65.70630108577997,42299196
2002-05-31,60.97898864746094,62.224331497165224,60.85373510231737,61.60166007231308,20463550
2002-06-03,60.35634231567383,62.471279375783475,59.73366507351966,59.73366507351966,28595097
2002-06-04,62.47124481201172,62.47124481201172,59.85888555231829,59.85888555231829,30101876
2002-06-05,62.47124481201172,63.34441764864215,61.84857347279312,63.093916151230324,19335573
2002-06-06,61.47642135620117,62.84343833160314,61.47642135620117,62.47126282406464,11650166
2002-06-07,57.368202209472656,60.978988310328795,57.246528290593,60.35631688891919,39159375
2002-06-10,57.99089050292969,58.9857376631402,56.99604334271917,57.86563692203694,25084897
2002-06-11,54.00794219970703,58.7388253087691,54.00794219970703,58.24140164717776,32273655
2002-06-12,52.14347839355469,53.51049518019963,51.27030542573357,52.887818189002274,34226575
2002-06-13,55.62544631958008,55.75069989993894,52.390414366231596,52.8878323857902,52324737
2002-06-14,55.62544631958008,55.62544631958008,54.1331811440515,54.8811063243278,19722787
2002-06-17,55.50376510620117,56.87078194409831,55.50376510620117,56.24811048798066,20749753
2002-06-18,56.00118637084961,57.12128124610522,55.75068483624319,56.8707797114988,23594955
2002-06-19,54.3836784362793,55.87594349354157,53.51050530327202,55.62544191110323,20783426
2002-06-20,55.75070571899414,55.75070571899414,53.01309149946207,53.886264792809484,19259812
2002-06-21,57.74396514892578,59.36148381710446,54.50534818616491,54.75584977487296,52711955
2002-06-24,58.36661911010742,58.61354099793353,56.99602281764267,57.74394773176863,34184483
2002-06-25,57.74396514892578,58.98573421325543,56.996040009205174,58.738812250950915,28704528
2002-06-26,53.76100540161133,56.24812328291354,53.76100540161133,55.875947728151324,33569989
2002-06-27,53.01308822631836,54.75585507843969,53.01308822631836,53.76100788005521,20236270
2002-06-28,53.26359558105469,54.505359341094476,53.13834198185353,54.505359341094476,22963623
2002-07-01,49.652793884277344,53.013078974833405,49.652793884277344,53.013078974833405,19714371
2002-07-02,48.41102600097656,49.65279499669745,47.5378528943585,47.5378528943585,17138538
2002-07-03,50.27545928955078,50.89813073164605,45.54815502121577,47.66309403982296,32374669
2002-07-04,51.27031326293945,52.01823279835114,49.40587274683462,50.525967795285936,30733206
2002-07-05,50.40071487426758,51.2703139189305,48.532694708077955,50.7728903920691,35657590
2002-07-08,53.88625717163086,53.88625717163086,51.14864333928182,51.27031728853447,41768878
2002-07-09,56.24811553955078,56.373363543806825,53.51050199212403,54.25842150841904,53528475
2002-07-10,54.505332946777344,56.126430788109616,54.133163073388474,55.00633598411578,22433305
2002-07-11,50.772891998291016,53.013082194725705,50.772891998291016,53.013082194725705,48376814
2002-07-12,52.39041519165039,53.01308680137813,50.89814443418446,50.89814443418446,53520059
2002-07-15,52.39041519165039,53.76100643501162,51.0233980165167,52.39041519165039,39218301
2002-07-16,51.27031326293945,53.63575136729945,51.27031326293945,53.01307983934511,27635473
2002-07-17,48.532691955566406,51.02338907484426,47.91002045495969,50.77288751250579,41979323
2002-07-18,48.03528594970703,49.65280484948672,47.66311036054627,48.90845922959209,29680989
2002-07-19,46.915184020996094,47.537855588029394,46.04558771209634,46.789930447252054,24950212
2002-07-22,46.915184020996094,47.78835717709138,45.54816416038098,45.66983810771643,34740058
2002-07-23,48.1605224609375,48.1605224609375,46.91517944825238,47.16567545447283,30733206
2002-07-24,45.66983413696289,47.2909295136767,45.548160200206354,47.04042794639452,29159087
2002-07-25,46.04558181762695,48.03527299056747,46.04558181762695,47.53784950252917,40775585
2002-07-26,43.3079719543457,44.302816233343336,42.932219587832336,43.5548939057754,33772015
2002-07-29,46.292510986328125,46.292510986328125,43.55489711955221,43.80539593649838,53511641
2002-07-30,49.52753829956055,49.52753829956055,48.41102294105802,48.41102294105802,63806550
2002-07-31,49.77804183959961,50.5259669204876,49.030116758711614,49.52754027059629,43065212
2002-08-01,49.652793884277344,50.15021739666259,48.78319486492173,49.52754032043681,24217868
2002-08-02,52.01823425292969,52.01823425292969,48.65794901361254,48.78319702457218,36027973
2002-08-05,48.41102600097656,50.27546652844788,48.41102600097656,49.52754143005074,28973896
2002-08-06,48.1605224609375,49.03011590586639,46.045583224110715,46.045583224110715,38443866
2002-08-07,50.64763641357422,51.27031350286824,50.028544508906656,50.2754664572187,38494373
2002-08-08,52.14347839355469,53.88624470356017,50.4007065251243,51.02338351632166,67367258
2002-08-09,54.1331672668457,54.50533716906493,53.13832036590781,54.133167266845696,50775872
2002-08-12,53.01308822631836,54.383685064946384,52.887834640619424,54.007935424702836,21995580
2002-08-13,52.76615524291992,53.13832517884799,52.39040568098764,52.887823618084646,18830506
2002-08-14,56.37335968017578,56.37335968017578,52.6408993729928,52.76615292709001,58132987
2002-08-15,56.37335968017578,57.99087809692163,56.37335968017578,57.61870261890232,70439737
2002-08-16,56.62385940551758,57.74395431248254,55.62543286445732,56.49860585545605,39942226
2002-08-19,52.76615524291992,56.6238637150841,52.766155242919915,56.6238637150841,46937377
2002-08-20,52.268733978271484,53.13832744683703,51.646062455003914,52.76615749502442,37038101
2002-08-21,53.01308822631836,53.138336253590666,52.268742640905124,52.390416599853815,29655736
2002-08-22,54.7558479309082,56.001196579702864,53.510504840539454,54.13317638572383,43957494
2002-08-23,54.7558479309082,56.373366544615116,54.7558479309082,55.75069499943074,38039813
2002-08-26,54.881099700927734,55.7506931715908,53.88625266502222,54.38367618297497,26776864
2002-08-27,54.3836784362793,56.248119020098116,53.26358334714762,55.12802393096644,35304045
2002-08-28,54.00794219970703,54.13319024269103,52.26874919773697,54.13319024269103,53107588
2002-08-29,53.66698455810547,55.06827849592834,52.43860096938615,55.06827849592834,59572768
2002-08-30,52.4385986328125,53.490468477507676,51.912666508095256,53.490468477507676,14267227
2002-09-02,51.91265869140625,52.08556900676944,50.334851364309664,52.08556900676944,11913694
2002-09-03,52.964542388916016,53.839898644082034,52.08558278544881,52.61511831840531,20859701
2002-09-04,53.14105987548828,54.36583469295835,52.26210020954628,52.26210020954628,21190398
2002-09-05,54.01640319824219,55.417696995819426,53.83988951875356,54.01640319824219,32038989
2002-09-06,54.01640319824219,54.01640319824219,54.01640319824219,54.01640319824219,0
2002-09-09,57.69795227050781,57.697952270507805,54.5423424950003,55.417704312636815,37403158
2002-09-10,60.50413513183594,61.0300672233208,56.99910178853656,58.22388189723979,44218962
2002-09-11,60.50413513183594,61.0300672233208,59.2793550231327,60.15471112322675,23939051
2002-09-12,62.25846862792969,62.61149608597458,59.97821473596834,59.97821473596834,42797391
2002-09-13,59.97819137573242,62.085534066607586,59.27934902449217,61.383088368069124,32773396
2002-09-16,57.348548889160156,59.97822159597135,56.999124739851545,59.97822159597135,21211872
2002-09-17,61.03007125854492,61.03007125854492,57.874461715210174,57.874461715210174,35676661
2002-09-18,58.57691955566406,59.80529763280946,58.57691955566407,58.75342766958291,18875518
2002-09-19,59.97819137573242,61.383088368069124,59.45225933746808,59.80528106275652,28903808
2002-09-20,59.62879943847656,59.62879943847656,57.348550804805576,58.2239072866114,17703044
2002-09-23,58.22388458251953,59.978200211279336,58.050974244071746,59.978200211279336,14967275
2002-09-24,55.94723129272461,59.62877267168004,55.244779936853064,58.223881150457494,37111114
2002-09-25,52.08557891845703,55.068278229623495,52.08557891845703,54.192922039446586,31360417
2002-09-26,52.26210403442383,53.66699602522246,51.736166178632985,52.964550029823144,44824524
2002-09-27,52.4385986328125,53.83989250819612,52.26209053878371,53.490468477507676,24278340
2002-09-30,52.964542388916016,52.964542388916016,49.98184285630488,51.3867346444274,15332330
2002-10-01,52.615116119384766,52.96454017529148,51.55964285062456,51.736156552653206,14116911
2002-10-02,53.14105987548828,54.891772510257674,53.14105987548828,53.83990247092077,33220053
2002-10-03,51.73615646362305,53.14105378587235,51.73615646362305,52.26209422065335,13421157
2002-10-04,49.63241958618164,52.085583625396744,49.106487393044986,51.21022176085304,25498054
2002-10-07,46.30028533935547,48.404024821250005,46.30028533935547,47.878092748406445,25326262
2002-10-08,47.352169036865234,47.87810685998368,45.59785303412828,46.30029898589014,31411953
2002-10-09,45.24842071533203,47.878098162707715,45.24842071533203,47.17564674328758,25021334
2002-10-10,45.24842071533203,45.24842071533203,45.24842071533203,45.24842071533203,0
2002-10-11,42.968162536621094,46.12377456384857,42.44222766502153,46.12377456384857,30157880
2002-10-14,42.61513900756836,43.84352245236405,42.089204123407214,43.494098447046156,19622806
2002-10-15,45.59785079956055,45.59785079956055,44.02004300278903,44.02004300278903,11419795
2002-10-16,48.75345993041992,48.75345993041992,48.75345993041992,48.75345993041992,7790712
2002-10-17,52.08557891845703,52.08557891845703,50.860798683711714,52.08557891845703,78547065
2002-10-18,55.068275451660156,55.244783543796174,51.55963857662026,54.19291930564128,81514752
2002-10-21,56.646080017089844,56.82259371262862,54.0164081098814,54.19292180542018,56845586
2002-10-22,55.068275451660156,57.697947237568656,54.71885142471873,57.34852880588787,47680545
2002-10-23,58.75341033935547,58.75341033935546,54.54232838027645,54.54232838027645,72676113
2002-10-24,60.6806640625,61.909047940896514,59.10286165070645,60.85717780128006,91521568
2002-10-25,58.75341033935547,59.80527999231679,57.697937339160426,58.926320649236494,46881718
2002-10-28,56.99910354614258,60.15471297813813,56.99910354614258,59.62877527517528,43037898
2002-10-29,56.47317123413086,56.99910898729994,55.59421167536484,56.120149428533914,37158356
2002-10-30,56.120155334472656,57.69795756950157,55.59421752595526,56.64608754772841,40950639
2002-10-31,56.99910354614258,58.576911059770616,56.822589862563646,57.172013881947564,47577471
2002-11-01,55.94723129272461,57.525033142202574,55.770717616852565,57.17201138571876,32515709
2002-11-04,54.192928314208984,57.69795682878224,53.14105830593961,57.69795682878224,49492939
2002-11-05,55.068275451660156,55.068275451660156,53.666981591303205,54.54233773732207,48045602
2002-11-06,58.40040588378906,58.57691959308199,54.542344503220825,55.59421446711929,65783007
2002-11-07,56.822593688964844,59.279360842890384,56.82259368896484,58.75342310451118,42312083
2002-11-08,56.646080017089844,58.22388763762362,56.29666156929129,56.29666156929129,37553476
2002-11-11,53.66698455810547,56.29666208464766,53.66698455810547,56.29666208464766,36561384
2002-11-12,54.192928314208984,54.542346803974105,52.61512050417413,52.61512050417413,29346168
2002-11-13,52.4385986328125,54.365824632913366,51.73615281880577,54.1929198867751,43690705
2002-11-14,52.26210403442383,54.01642014614268,52.26210403442383,53.31397415074336,33061145
2002-11-15,52.615116119384766,53.66698603999439,52.43860241735612,53.66698603999439,41431654
2002-11-18,52.26210403442383,53.14106376469376,51.03372018323367,52.61512590890292,24617626
2002-11-19,51.91265869140625,52.96452837771736,51.55963136598396,52.262082669480584,23019971
2002-11-20,50.334869384765625,52.26210137990753,50.334869384765625,51.91267727673539,25064283
2002-11-21,49.981842041015625,51.55964416450625,49.80893168273133,51.21022009969525,32283791
2002-11-22,52.78803253173828,53.31397035003546,51.736162490405675,51.91267621269278,55222163
2002-11-25,51.73615646362305,52.61511602884205,51.03371060012894,52.61511602884205,22581904
2002-11-26,49.981842041015625,52.26209564237067,49.981842041015625,51.73615787103296,28336898
2002-11-27,48.92997741699219,49.28299927319175,48.40403958843449,49.106491142722895,22053647
2002-11-28,49.981842041015625,50.15835015228108,48.92997209360146,49.63241797620462,34456945
2002-11-29,51.21022033691406,51.386734044258425,50.50777445105699,50.68428815840135,34834887
2002-12-02,51.73615646362305,51.73615646362305,50.507772843098635,51.21021870659274,15839113
2002-12-03,52.4385986328125,53.490468477507676,51.73615281880577,51.73615281880577,42470989
2002-12-04,51.21022033691406,52.61511770388949,51.21022033691406,52.08558217711767,16066737
2002-12-05,51.91265869140625,52.43859073693188,51.38672105062077,51.38672105062077,20288497
2002-12-06,52.78803253173828,53.49047847706082,52.085586586415744,52.43860843572821,34633032
2002-12-09,52.615116119384766,54.54234225857537,52.615116119384766,54.19292379792976,33318832
2002-12-10,51.38673782348633,52.08558600774223,50.684291885968,51.91267563594031,21753013
2002-12-11,51.03369903564453,52.085568716085255,50.68427505952029,51.386720763836784,20790986
2002-12-12,49.282989501953125,51.38672920855597,48.75345402501278,51.21021551782227,24518845
2002-12-13,49.10648727416992,49.98184354133317,48.7534598505196,49.10648727416992,30849339
2002-12-16,49.455894470214844,49.63240814176616,48.75344872679815,48.75344872679815,12300222
2002-12-17,49.63241958618164,50.86080327996884,49.63241958618164,50.50777585546392,24359940
2002-12-18,50.50777053833008,50.86079792567053,49.98183840056018,50.3348601926398,23621239
2002-12-19,51.91265869140625,53.1410420404285,50.50776167967285,50.50776167967285,47362732
2002-12-20,53.83988952636719,54.192916885394354,51.386725942152594,52.61510940810537,58967204
2002-12-23,52.615116119384766,54.365828556546724,52.615116119384766,54.19292379792976,25901763
2002-12-24,51.91265869140625,53.83988440131731,51.91265869140625,52.78801471500621,21156040
2002-12-25,51.03369903564453,52.085568716085255,51.03369903564453,51.73614473996102,13597244
2002-12-26,52.964542388916016,52.964542388916016,51.3867346444274,51.73615871493811,16599288
2002-12-27,51.38673782348633,52.61512157345864,51.033715978095955,52.61512157345864,20722268
2002-12-30,49.981842041015625,50.860801630145495,49.80893168273133,50.860801630145495,12600856
2002-12-31,49.981842041015625,50.507774217092084,49.80893168273133,49.80893168273133,12819890
2003-01-01,49.981842041015625,49.981842041015625,49.981842041015625,49.981842041015625,0
2003-01-02,50.334869384765625,51.033717591109905,49.981847528217344,50.15835565886056,11707544
2003-01-03,51.73615646362305,52.08558051892846,50.684286544823536,51.559642761898154,27383458
2003-01-06,51.55965042114258,52.26210198424775,51.21022631392982,52.08558825630154,23303426
2003-01-07,51.21022033691406,53.14105547766347,51.21022033691406,52.08558217711767,31506438
2003-01-08,51.21022033691406,51.73615811068805,50.33486409197173,51.21022033691406,23947641
2003-01-09,51.03369903564453,52.262082377811296,51.03369903564453,51.21020710211074,25399275
2003-01-10,51.38673782348633,52.788031945260556,51.38673782348633,52.262099728068264,31145678
2003-01-13,54.192928314208984,54.542346803974105,51.73616086419266,51.73616086419266,62570518
2003-01-14,52.964542388916016,54.365830828737344,52.78802867951007,54.365830828737344,31407659
2003-01-15,52.08557891845703,53.66698429857715,52.08557891845703,53.14105215296864,20778101
2003-01-16,50.860801696777344,52.08558200408037,50.68428799001939,51.7361579388116,25059988
2003-01-17,50.15834045410156,51.210210198135364,50.15834045410156,50.8607917961461,18617832
2003-01-20,50.50777053833008,50.50777053833008,49.63241436119967,49.98183840056018,11235119
2003-01-21,50.68428421020508,51.55964038695906,50.15834647740051,50.8607979037994,19670049
2003-01-22,49.63241958618164,51.21022176085304,49.28299551003602,50.86080327996884,17303631
2003-01-23,49.80893325805664,50.684289526629314,49.80893325805664,49.80893325805664,15585722
2003-01-24,49.80893325805664,51.03371360249168,49.80893325805664,50.86080323873868,19558385
2003-01-27,49.63241958618164,49.8089332984341,48.92997368079253,49.63241958618164,16277181
2003-01-28,49.282989501953125,49.9818375690479,49.282989501953125,49.63241353550051,13330968
2003-01-29,49.282989501953125,49.282989501953125,49.282989501953125,49.282989501953125,0
2003-01-30,49.282989501953125,49.282989501953125,49.282989501953125,49.282989501953125,0
2003-01-31,49.282989501953125,49.282989501953125,49.282989501953125,49.282989501953125,0
2003-02-03,49.282989501953125,49.282989501953125,49.282989501953125,49.282989501953125,0
2003-02-04,49.282989501953125,49.282989501953125,49.282989501953125,49.282989501953125,0
2003-02-05,49.282989501953125,49.282989501953125,49.282989501953125,49.282989501953125,0
2003-02-06,45.9472770690918,49.455912080923596,45.9472770690918,49.283001695329204,19090255
2003-02-07,45.77436447143555,46.12378857454982,44.196559377358014,45.947274848673985,20279908
2003-02-10,45.77436447143555,46.12378857454982,45.07191851183146,45.42133981731481,9195104
2003-02-11,45.77436447143555,46.476813228670565,45.597853543190645,46.476813228670565,11389732
2003-02-12,44.8953971862793,45.77435672297319,44.8953971862793,45.24842178064174,8563771
2003-02-13,44.8953971862793,45.42133212861075,44.722486838310296,44.722486838310296,12630919
2003-02-14,45.77436447143555,46.30029950279473,45.07191851183146,45.42133981731481,18746674
2003-02-17,47.00272750854492,47.35215147818807,46.300281817257336,47.35215147818807,14576452
2003-02-18,45.24842071533203,46.8262255051792,45.24842071533203,46.8262255051792,12858542
2003-02-19,44.8953971862793,45.947267070942196,44.722486838310296,45.947267070942196,12184264
2003-02-20,45.59785079956055,45.947272084019154,44.895402084591986,44.895402084591986,10814233
2003-02-21,45.421329498291016,46.123778095940565,45.421329498291016,45.947264410165914,5621853
2003-02-24,45.77436447143555,46.12378857454982,45.24842944007637,45.597853543190645,8422045
2003-02-25,44.72248458862305,45.4213298437693,44.72248458862305,45.4213298437693,7700523
2003-02-26,45.071903228759766,45.421324415760665,44.72247924412888,45.071903228759766,7077782
2003-02-27,44.8953971862793,45.07191088227575,44.5459759399443,44.8953971862793,4977638
2003-02-28,44.8953971862793,44.8953971862793,44.8953971862793,44.8953971862793,0
2003-03-03,47.701576232910156,47.878089894267326,45.59783687642507,45.94725805418918,27950368
2003-03-04,47.352169036865234,47.52868276077044,46.649720287472476,47.00274493765199,14692410
2003-03-05,46.123783111572266,47.002739895316154,45.947269406603006,46.826228987977494,8087053
2003-03-06,45.77436447143555,46.64972080827807,45.77436447143555,46.476813228670565,7331173
2003-03-07,45.77436447143555,47.00274546239881,45.07191851183146,45.42133981731481,7975388
2003-03-10,46.64970016479492,46.82621381255972,45.774344215316006,45.94725451603796,7949620
2003-03-11,46.64970016479492,47.17563496341678,45.94725451603796,45.94725451603796,6171584
2003-03-12,47.87809753417969,48.05460562844245,47.002735782352936,47.35215981350458,12901490
2003-03-13,46.82622528076172,48.05460602898304,46.30029035333323,47.70158424225433,13550001
2003-03-14,46.82622528076172,48.05460602898304,46.82622528076172,48.05460602898304,18441745
2003-03-17,46.30028533935547,47.175641408423125,46.30028533935547,46.47679901123508,5604674
2003-03-18,47.87809753417969,48.75345369074573,47.528673503028045,47.70158384465621,24351350
2003-03-19,47.17565155029297,47.878103041290025,47.002741188776035,47.17565155029297,9212283
2003-03-20,48.22751235961914,48.58053971223743,47.52866994489394,47.87809394988668,25691319
2003-03-21,48.05461120605469,48.40403527776335,47.52867901959628,48.05461120605469,7825072
2003-03-24,48.05461120605469,48.58054898777445,47.87810309130494,48.22752156775225,9212283
2003-03-25,47.352169036865234,47.70159313607847,47.175655312960025,47.352169036865234,7511552
2003-03-26,46.82622528076172,47.70158424225433,46.82622528076172,47.3521602081902,8018335
2003-03-27,47.352169036865234,47.52868276077044,46.649720287472476,46.826234011377686,6059920
2003-03-28,47.52867889404297,47.52867889404297,47.00274111371254,47.352165184498155,5939668
2003-03-31,45.9472770690918,47.35217185382292,45.9472770690918,47.35217185382292,7387005
2003-04-01,46.123783111572266,46.300294018910925,45.5978481425057,45.77435904984436,6618240
2003-04-02,46.123783111572266,46.300294018910925,45.42133443753644,46.300294018910925,5458653
2003-04-03,46.82622528076172,47.52867389918493,46.82622528076172,47.3521602081902,14271522
2003-04-04,47.17565155029297,47.352165260119676,46.476809002867036,46.64971656675329,8967481
2003-04-07,49.63241958618164,49.8089332984341,47.175652198607246,47.3521659108597,33361779
2003-04-08,49.455894470214844,49.808921813317475,48.92996239834946,49.455894470214844,15276498
2003-04-09,50.15834045410156,50.50776445135099,48.92996263293036,49.282984382465315,16887038
2003-04-10,49.10648727416992,50.33486536972208,49.10648727416992,50.158351657896915,11570111
2003-04-11,49.455894470214844,49.98183213734037,48.75344872679815,49.10647606990077,14335945
2003-04-14,48.75345993041992,49.80893325948868,48.75345993041992,49.632419547374234,6717019
2003-04-15,48.92997741699219,49.45590965028802,48.75346369126147,48.92997741699219,5617558
2003-04-16,50.15834045410156,50.8607917961461,49.455894707317185,49.455894707317185,20593426
2003-04-17,50.50777053833008,50.50777053833008,49.63241436119967,50.15834649896957,10943075
2003-04-18,51.55965042114258,52.26210198424775,51.38674004187603,51.55965042114258,25197420
2003-04-21,52.4385986328125,52.4385986328125,51.21021509882783,51.559639129516285,16831206
2003-04-22,51.21022033691406,52.262095884462035,51.21022033691406,52.262095884462035,15701682
2003-04-23,52.08557891845703,53.313962501236006,51.91266857018966,52.26209261475806,20709383
2003-04-24,50.68428421020508,51.73615408055338,50.68428421020508,51.73615408055338,17488305
2003-04-25,48.75345993041992,50.68428952808652,48.40403585454751,49.98184362324665,18566293
2003-04-28,47.52867889404297,47.87810296482858,45.59784932448474,47.175651474953334,14430429
2003-04-29,49.981842041015625,49.981842041015625,48.054610257452744,48.22752061573704,23642712
2003-04-30,49.981842041015625,51.73615787103296,49.80893168273133,51.73615787103296,19932030
2003-05-01,49.981842041015625,49.981842041015625,49.981842041015625,49.981842041015625,0
2003-05-02,50.50777053833008,50.50777053833008,49.63241436119967,49.98183840056018,9547275
2003-05-05,50.15834045410156,50.68427812374854,49.8089220521123,50.33485412649912,7103550
2003-05-06,50.68428421020508,50.8607979037994,50.15834647740051,50.15834647740051,7971093
2003-05-07,50.860801696777344,51.21022016678487,50.50777428326144,51.21022016678487,7932441
2003-05-08,50.15834045410156,50.8607917961461,49.455894707317185,50.8607917961461,9542980
2003-05-09,50.50777053833008,50.6842842320003,50.15834649896957,50.15834649896957,4853091
2003-05-12,50.50777053833008,51.2102163697702,50.3348601926398,50.50777053833008,8611013
2003-05-13,51.21022033691406,51.55964440334369,51.03371222483098,51.21022033691406,10917306
2003-05-14,50.860801696777344,51.21022016678487,50.860801696777344,51.21022016678487,4578223
2003-05-15,50.50777053833008,50.86079792567053,50.3348601926398,50.6842842320003,4530981
2003-05-16,50.50777053833008,51.2102163697702,50.50777053833008,50.86079792567053,6884516
2003-05-19,50.334869384765625,50.334869384765625,49.981847528217344,50.15835565886056,3075055
2003-05-20,50.50777053833008,50.6842842320003,49.63241436119967,49.63241436119967,3865293
2003-05-21,50.15834045410156,50.50776445135099,50.15834045410156,50.15834045410156,4333423
2003-05-22,50.860801696777344,51.03371205528817,49.98184210649597,50.15835021799266,7683344
2003-05-23,51.73615646362305,52.26209422065335,51.03371060012894,51.21021870659274,21967752
2003-05-26,52.08557891845703,52.6151144120992,51.91266857018966,52.08557891845703,15027402
2003-05-27,51.73615646362305,52.26209422065335,51.559642761898154,52.26209422065335,9903740
2003-05-28,52.08557891845703,53.49047060227612,51.91266857018966,52.6151144120992,25051397
2003-05-29,52.08557891845703,52.438600715798174,51.5596411775876,52.08557891845703,15216372
2003-05-30,54.01640319824219,54.19291687773081,51.912663625661295,52.08557395745947,47474398
2003-06-02,57.69795227050781,57.697952270507805,54.71885619779408,54.71885619779408,64842451
2003-06-03,59.279361724853516,59.27936172485352,57.52504038341061,57.69795073343185,49767804
2003-06-04,59.279361724853516,59.27936172485352,59.27936172485352,59.27936172485352,0
2003-06-05,58.22388458251953,59.27935775709076,57.348528442054146,59.27935775709076,38236344
2003-06-06,57.348548889160156,57.874481192417356,56.646097241429175,57.874481192417356,20666436
2003-06-09,55.77073287963867,56.99911665642145,53.49047905025171,56.99911665642145,67329123
2003-06-10,55.77073287963867,56.47317883248845,54.19293059836329,54.718862827034485,33683888
2003-06-11,57.5250358581543,58.926329693180314,56.12014427060206,56.12014427060206,59697315
2003-06-12,57.87446212768555,58.92633198296055,57.69794843662067,58.92633198296055,28195170
2003-06-13,58.92633056640625,60.15471408321652,55.94723476326185,56.64607721960732,52752670
2003-06-16,58.92633056640625,60.85715988740214,58.92633056640625,59.97820039639492,38622874
2003-06-17,59.102848052978516,60.1547179505924,58.926334354808766,59.628780204154964,34697453
2003-06-18,59.62879943847656,61.03009383637038,59.452291278631975,59.452291278631975,33318832
2003-06-19,61.73252868652344,62.08555050528309,59.80529689767883,59.978207256437,32047579
2003-06-20,59.279361724853516,61.38310151914814,58.92633432867062,61.20658782105669,32872175
2003-06-23,59.279361724853516,59.805293875796686,58.40040217772745,59.27936172485352,17849067
2003-06-24,59.279361724853516,59.978204225817926,58.92633432867062,58.92633432867062,13434041
2003-06-25,59.97819137573242,61.0300610475209,59.45225933746808,59.80528106275652,24527437
2003-06-26,60.50413513183594,61.20658090145681,60.331224801362765,60.50413513183594,23470923
2003-06-27,60.15471649169922,62.08554589000191,59.97820279781034,61.38310005769167,34340987
2003-06-30,60.85716247558594,60.85716247558594,59.452270807466306,60.15471664152612,13184945
2003-07-01,62.78440475463867,62.78440475463867,60.504150924842634,60.68065905379108,26618989
2003-07-02,61.73252868652344,63.48684452134861,61.73252868652344,62.96090674856953,26683412
2003-07-03,62.25846862792969,63.663366167444025,62.08555824760887,62.784406466295394,28311130
2003-07-04,63.310325622558594,63.663353007629404,62.258455758520554,62.61148314359136,13588654
2003-07-07,67.6943359375,67.6943359375,63.836273944855215,64.71523928246768,41569087
2003-07-08,68.2238540649414,69.44863427017134,67.52140823995977,69.09921023402354,33353189
2003-07-09,66.46953582763672,69.09920758189946,65.94359811962782,67.69431598585788,23243300
2003-07-10,66.46953582763672,67.34489196312146,66.11650845709177,66.46953582763672,20808165
2003-07-11,66.46953582763672,68.22385144641473,66.11650845709177,66.11650845709177,25850224
2003-07-14,67.87081909179688,68.57326478032427,66.99545749749815,67.16836780800979,23264773
2003-07-15,67.52141571044922,68.7497993995329,67.34490199887264,68.22386161314864,20370097
2003-07-16,67.6943359375,68.39678194255364,67.34491181177734,67.8708496747966,15658734
2003-07-17,65.06464385986328,67.52141106915718,64.88813575568093,67.16838367027044,21061556
2003-07-18,65.06464385986328,65.76708971427793,64.538711704892,65.76708971427793,17028766
2003-07-21,64.53870391845703,65.94359545778964,64.53870391845703,65.41766336627076,13962298
2003-07-22,64.53870391845703,65.24114968812333,64.0127662316778,64.53870391845703,12660982
2003-07-23,66.99546813964844,68.22385164933169,64.88813073931824,64.88813073931824,31506438
2003-07-24,71.55597686767578,71.55597686767578,67.87083182775048,67.87083182775048,44974840
2003-07-25,73.13378143310547,75.23752105478256,71.5559739192174,71.5559739192174,50313240
2003-07-28,72.43134307861328,76.1128908765787,72.25483495850766,75.06102087648308,35290131
2003-07-29,72.60784149169922,73.30668391377777,71.55597171328775,72.43132781353276,20430223
2003-07-30,71.90540313720703,73.1337867204621,71.72888944083758,72.43133528301938,18338672
2003-07-31,72.08191680908203,72.78076495249935,71.72889498432119,72.25483276604095,12330285
2003-08-01,73.65971374511719,74.1856514496249,72.7807542676752,73.30668637692237,21078735
2003-08-04,74.8880844116211,75.93995404514828,74.18563873863378,74.18563873863378,19515438
2003-08-05,71.02644348144531,75.2375263700736,71.02644348144531,74.8881023259464,29672572
2003-08-06,70.1511001586914,70.67703803730718,69.44865413280695,69.44865413280695,20580541
2003-08-07,68.74979400634766,71.02644414599754,67.16838301816708,70.15108235347475,25274725
2003-08-08,67.6943359375,69.9745899363492,67.16839807448073,68.92271980557291,18115343
2003-08-11,67.16838073730469,68.04734584804295,66.46953826150342,67.69431846457147,10857180
2003-08-12,69.09921264648438,69.44863669483162,67.87083464568204,68.22385644684094,12854248
2003-08-13,53.783599853515625,54.432012317632044,51.96376905521778,52.22260025292554,26683412
2003-08-14,53.39400863647461,53.783595466365924,52.74292728577313,53.783595466365924,22165312
2003-08-15,54.04240798950195,55.47265705913586,54.04240798950195,54.43199472525792,26868085
2003-08-18,54.17317581176758,55.472669552363605,53.26326329940711,55.472669552363605,51794937
2003-08-19,75.79824829101562,75.79824829101562,75.79824829101562,75.79824829101562,10019953
2003-08-20,76.0369873046875,77.48772651364649,75.79825705681085,76.27938567408451,33865652
2003-08-21,77.24530029296875,77.96883277689844,75.3134330206113,76.03696550454097,16130428
2003-08-22,80.62423706054688,81.83257191682729,77.9688371551488,77.9688371551488,28445638
2003-08-25,83.0372543334961,83.0372543334961,79.90072511395408,82.07132324665545,13707918
2003-08-26,80.62423706054688,82.55610444138613,80.62423706054688,82.55610444138613,14539772
2003-08-27,80.38186645507812,82.55613875791794,80.38186645507812,81.59020181363347,14565693
2003-08-28,78.93479919433594,81.59019425274492,78.69239509782825,81.10906559098831,12529654
2003-08-29,82.0713119506836,82.0713119506836,79.65831577415732,80.1431124593122,12553219
2003-09-01,83.0372543334961,84.00318542033675,81.5901889116952,83.27965841413555,14146231
2003-09-02,85.45391845703125,85.45391845703125,82.55611970244357,83.2796523607523,16493333
2003-09-03,84.48799896240234,87.38212999032267,84.48799896240234,86.41986696381777,18331423
2003-09-04,84.48799896240234,85.45393011076024,83.279663717967,84.48799896240234,13323803
2003-09-05,84.72671508789062,87.14339104074415,84.72671508789062,85.45392159898879,13606586
2003-09-08,88.83287811279297,89.07160842124937,84.96914147987303,84.96914147987303,20954238
2003-09-09,92.4542007446289,94.86720324767006,90.03753011952799,90.52233833901201,33005519
2003-09-10,92.4542007446289,93.6588679351196,90.76473674405408,92.21180233958684,15187816
2003-09-11,92.4542007446289,92.4542007446289,92.4542007446289,92.4542007446289,0
2003-09-12,91.245849609375,93.42011561176481,91.00344555682277,92.21178058429379,10660928
2003-09-15,90.76473999023438,91.72700310539817,90.52234157652298,91.24587440016634,7609225
2003-09-16,92.69291687011719,92.69291687011719,90.03751636760774,90.03751636760774,10538388
2003-09-17,92.93533325195312,94.62479721825342,92.93533325195312,94.62479721825342,12091339
2003-09-18,92.93533325195312,93.42013575690191,91.72699796391643,92.93533325195312,7599799
2003-09-19,95.10960388183594,95.83314240126013,93.65887013024195,94.14367265638855,16926933
2003-09-22,91.96940612792969,94.86720551016481,91.96940612792969,94.14367269514284,8530627
2003-09-23,91.245849609375,92.45417893214743,90.76471533016348,91.48824795722864,12468384
2003-09-24,91.0034408569336,92.21177582199994,89.313971637504,91.48824323230176,13832814
2003-09-25,89.79878997802734,90.2799185826663,89.31398184256645,89.31398184256645,7649287
2003-09-26,89.79878997802734,90.76472101342824,89.79878997802734,89.79878997802734,7050728
2003-09-29,91.0034408569336,91.48824323230176,89.55637567753723,90.27990826723541,7309947
2003-09-30,89.556396484375,91.969398854121,89.556396484375,91.969398854121,7274598
2003-10-01,89.556396484375,90.03752514582165,88.10933096877868,89.556396484375,7093145
2003-10-02,92.21177673339844,92.21177673339844,90.27990915953981,90.76471153969965,10592589
2003-10-03,91.96940612792969,92.69293323825158,91.48827172373078,92.69293323825158,8132375
2003-10-06,92.4542007446289,93.17773354239529,91.72699982480276,92.93533513735322,10488902
2003-10-07,93.17769622802734,94.6247612440618,92.21176541203998,92.69289390738942,13451056
2003-10-08,91.72698974609375,93.65885764414227,91.24586111093447,93.17772330428367,10295665
2003-10-09,91.72698974609375,91.96939382920107,90.52232839266787,91.72698974609375,8679088
2003-10-10,91.72698974609375,91.72698974609375,91.72698974609375,91.72698974609375,0
2003-10-13,90.52230072021484,92.45416232299854,90.52230072021484,92.21176401869111,8631958
2003-10-14,88.34805297851562,91.4882559343252,87.86692436205186,91.4882559343252,15131261
2003-10-15,86.41983032226562,89.31395441839298,85.69262404706454,88.83282596148626,15828793
2003-10-16,87.38211822509766,88.10931900601962,85.21152024640912,85.69264884253208,12918480
2003-10-17,88.5904541015625,88.83285818278631,87.14339438097242,87.62452301239328,11617678
2003-10-20,89.79878997802734,89.79878997802734,87.62451813479615,88.59044917019705,7430130
2003-10-21,89.79878997802734,91.0034512550357,88.8328532379275,90.2799185826663,10201405
2003-10-22,90.2799072265625,90.76470959634226,89.07157227542484,89.79877868244361,9225804
2003-10-23,90.76473999023438,90.76473999023438,89.31400051605652,89.55640463446807,10724554
2003-10-24,89.556396484375,92.45419563742479,89.556396484375,90.76473173017658,9583994
2003-10-27,88.34805297851562,90.27992080149632,88.34805297851562,89.55638811134449,5021759
2003-10-28,88.10933685302734,89.55640246526376,87.86693844518724,88.83286965914554,9713605
2003-10-29,88.5904541015625,89.79879497665479,88.5904541015625,89.79879497665479,7590373
2003-10-30,87.62451171875,89.79878340277658,86.90097909935913,89.07157695753172,8997220
2003-10-31,84.48799896240234,87.62452838170049,83.76446620542225,87.62452838170049,18856929
2003-11-03,82.31372833251953,84.24559636837913,82.07132993681986,84.24559636837913,11957018
2003-11-04,80.38186645507812,84.24560282281564,80.14313616300666,83.03726746426028,16703064
2003-11-05,82.0713119506836,82.55611434053695,79.90071411673476,80.38184268077512,15824080
2003-11-06,81.3477783203125,82.55611330634515,80.62424571806001,82.07131092256499,11834479
2003-11-07,81.83258819580078,82.31371679786092,80.38184903271483,82.07131843612866,11462148
2003-11-10,81.59020233154297,82.07133674563957,80.86666950163679,81.59020233154297,8186574
2003-11-11,80.86665344238281,81.1090575147537,80.1431207561625,81.1090575147537,8648454
2003-11-12,80.38186645507812,80.86666898832007,78.93480650915147,80.86666898832007,9390760
2003-11-13,80.38186645507812,81.59020181363347,80.38186645507812,81.34780339936258,5872465
2003-11-14,82.55609893798828,83.03722741226417,80.38182768388175,80.62423168593219,13922362
2003-11-17,80.86665344238281,82.07132044715158,80.86665344238281,82.07132044715158,5231488
2003-11-18,81.10907745361328,82.07134062256212,80.38187076243209,80.62427489439264,6164674
2003-11-19,80.86665344238281,81.59018612860311,80.38185100234007,80.86665344238281,5926665
2003-11-20,80.38186645507812,82.07133622467599,80.14313616300666,80.86666898832007,7906147
2003-11-21,79.90072631835938,79.90072631835938,78.69239113266511,79.65832793876532,6336701
2003-11-24,78.6924057006836,80.14313953454062,78.6924057006836,79.90074111007229,4420844
2003-11-25,78.45367431640625,79.90074000794921,78.21127589528149,79.65834158682443,7276955
2003-11-26,78.93479919433594,79.65833195260022,78.4536648278797,78.4536648278797,3652616
2003-11-27,77.48771667480469,79.41591042998947,77.48771667480469,78.93478187380612,4592871
2003-11-28,72.90045928955078,78.21126040632866,72.65805521173138,77.72645795538905,17796492
2003-12-01,71.93452453613281,72.65805725900276,70.48746479509227,72.17692862078238,12468384
2003-12-02,75.79824829101562,76.7641849447744,72.41564735170873,72.41564735170873,18036858
2003-12-03,74.34752655029297,76.52179283359051,74.10879629279057,76.2793887497205,11184076
2003-12-04,78.45367431640625,78.69240461522787,74.58993783942063,75.3134706851921,18357346
2003-12-05,80.62423706054688,80.86663537405879,77.7264388416369,78.69236967970762,15428183
2003-12-08,78.45367431640625,79.65834158682443,78.45367431640625,79.41593746099936,5815908
2003-12-09,78.45367431640625,79.41593746099936,77.72647334833162,79.41593746099936,4809670
2003-12-10,77.24530029296875,78.21123678149621,76.27936380444129,77.24530029296875,5969082
2003-12-11,76.27938842773438,77.7264595674116,75.79825979309221,77.24532522807012,7420703
2003-12-12,76.27938842773438,77.4877293109169,76.27938842773438,77.24532522807012,5865395
2003-12-15,79.90072631835938,79.90072631835938,77.00292160475807,77.48772977334487,7844877
2003-12-16,77.96885681152344,78.69238951848881,77.48772818387916,77.72645843690158,5420011
2003-12-17,75.55585479736328,78.45365353516733,74.34751972471244,77.96885111663464,10550172
2003-12-18,75.31346130371094,76.03699405935498,74.5899285480669,74.83233264369672,6211805
2003-12-19,74.83231353759766,76.27937297472462,74.83231353759766,75.79824443755157,3881199
2003-12-22,75.79824829101562,76.03697851128398,74.34751495452782,74.8323173419553,4081504
2003-12-23,76.0369873046875,76.27938567408451,75.55585868741385,75.79825705681085,3023423
2003-12-24,76.0369873046875,77.24532243955038,76.0369873046875,76.0369873046875,3970748
2003-12-25,75.55585479736328,76.2793817467826,75.31345073574752,76.03698338986565,2281117
2003-12-26,75.79824829101562,76.03697851128398,75.55584994965112,75.55584994965112,2071386
2003-12-29,75.31346130371094,76.03699405935498,75.07106291278072,75.798263790271,1776820
2003-12-30,77.24530029296875,77.24530029296875,76.03696550454097,76.03696550454097,7719981
2003-12-31,77.00292205810547,78.45366133663423,77.00292205810547,77.48773022954651,4703627
2004-01-01,77.00292205810547,77.00292205810547,77.00292205810547,77.00292205810547,0
2004-01-02,78.93479919433594,78.93479919433594,77.48773367780736,77.7264639477559,6909337
2004-01-05,79.41592407226562,79.90072653748261,78.69239134847456,79.65832815722379,6716101
2004-01-06,77.96885681152344,80.38185330704141,77.48772818387916,80.14312305401899,8648454
2004-01-07,78.93479919433594,79.65833195260022,76.76420091954307,78.21126643607165,10298023
2004-01-08,79.41592407226562,81.10906172649068,78.93479543343273,79.41592407226562,11504564
2004-01-09,79.6583251953125,80.62425626344647,79.6583251953125,80.14312193780408,10778755
2004-01-12,79.6583251953125,80.38185218750152,79.17719086967013,79.6583251953125,5078314
2004-01-13,81.59020233154297,82.55613928195889,80.14313667173063,80.14313667173063,15576644
2004-01-14,83.76448059082031,84.48801347205722,81.34780968691963,81.83261225763307,17735223
2004-01-15,83.52206420898438,84.72671987017097,83.27966012336982,84.48799531564983,11224138
2004-01-16,84.48799896240234,84.96912762330498,84.24559486632491,84.24559486632491,12847786
2004-01-19,84.48799896240234,84.48799896240234,84.48799896240234,84.48799896240234,0
2004-01-20,84.48799896240234,84.48799896240234,84.48799896240234,84.48799896240234,0
2004-01-21,84.48799896240234,84.48799896240234,84.48799896240234,84.48799896240234,0
2004-01-22,84.48799896240234,84.48799896240234,84.48799896240234,84.48799896240234,0
2004-01-23,84.48799896240234,84.48799896240234,84.48799896240234,84.48799896240234,0
2004-01-26,84.48799896240234,84.48799896240234,84.48799896240234,84.48799896240234,0
2004-01-27,83.52206420898438,85.45392642231528,83.52206420898438,85.45392642231528,9237585
2004-01-28,83.52206420898438,83.52206420898438,81.34779220533954,83.52206420898438,11273625
2004-01-29,87.62451171875,87.86691576873113,82.55611526185851,82.55611526185851,35555281
2004-01-30,89.79878997802734,90.76472101342824,87.62451813479615,89.07158347953495,26355399
2004-02-02,88.34805297851562,90.03751672780825,88.34805297851562,89.79879218503257,12331706
2004-02-03,88.83287811279297,89.79881512337322,87.86694680691325,88.34807554627724,10415850
2004-02-04,90.03751373291016,91.00345046462031,88.59044840073993,89.0715827058989,13198907
2004-02-05,89.31400299072266,90.27993995954124,89.07160457029501,89.31400299072266,5754638
2004-02-06,88.10933685302734,90.27993527138196,87.62453433264713,89.31399835272364,8844046
2004-02-09,88.10933685302734,89.31399835272364,87.62453433264713,88.34806713876533,7079006
2004-02-10,86.6585922241211,88.59045440916735,86.6585922241211,88.10932577607592,5735786
2004-02-11,86.17743682861328,87.38210358719698,85.45390429025372,86.65857104883742,7583304
2004-02-12,88.83287811279297,89.31400685215695,86.419881056969,86.419881056969,22156068
2004-02-13,88.83287811279297,89.79881512337322,88.34807554627724,89.31400685215695,5384664
2004-02-16,87.86692810058594,88.83285920082487,87.14339537964946,88.83285920082487,4484470
2004-02-17,87.86692810058594,88.83285920082487,87.86692810058594,87.86692810058594,5674516
2004-02-18,89.79878997802734,90.52232265039675,88.8328532379275,88.8328532379275,12140827
2004-02-19,91.72698974609375,92.69292084276836,90.52232839266787,90.52232839266787,19043095
2004-02-20,90.76473999023438,92.4542040512325,90.76473999023438,91.72700310539817,7307590
2004-02-23,91.245849609375,92.21178058429379,90.27991292975761,91.48824795722864,7003597
2004-02-24,90.52230072021484,91.72696170537871,90.52230072021484,91.24583321729928,4592871
2004-02-25,90.03751373291016,91.24585453024535,90.03751373291016,90.52232186416023,4731906
2004-02-26,90.03751373291016,91.24585453024535,90.03751373291016,91.24585453024535,5507203
2004-02-27,91.245849609375,92.45417893214743,90.52231698230985,90.52231698230985,7253390
2004-03-01,92.93533325195312,94.14366853998982,91.72699796391643,91.72699796391643,11601183
2004-03-02,94.1436767578125,95.59074245030301,93.42014391156725,94.38240705679044,27095349
2004-03-03,92.4542007446289,94.14367044990368,92.4542007446289,94.14367044990368,12098410
2004-03-04,93.9012451171875,94.8671818063809,92.4541798487114,92.4541798487114,6833928
2004-03-05,92.21177673339844,94.86717690410646,91.7269743532386,94.14364430725706,7248677
2004-03-08,90.76473999023438,93.4201409932874,90.76473999023438,92.93533846116446,6909337
2004-03-09,89.07157897949219,90.7647164278454,88.83284874994578,90.03750996609267,10484188
2004-03-10,86.6585922241211,89.07158874695807,86.41986196839586,89.07158874695807,12277505
2004-03-11,87.14339447021484,87.62452310212842,85.93505929858438,85.93505929858438,6678396
2004-03-12,85.93505859375,86.9009896759859,85.69265451426612,85.93505859375,6998884
2004-03-15,82.79853820800781,86.41987025257298,82.79853820800781,86.17746614727072,12065418
2004-03-16,82.55609893798828,83.52203541636504,82.07129663858483,82.79850294003872,9598133
2004-03-17,81.83258819580078,83.76445596094688,81.83258819580078,83.52205759921462,6218874
2004-03-18,84.72671508789062,84.72671508789062,81.83259005294377,81.83259005294377,10175483
2004-03-19,85.2115249633789,85.45392333553815,83.76445956414945,84.72671680966208,8047539
2004-03-22,79.41592407226562,79.41592407226562,79.41592407226562,79.41592407226562,1567090
2004-03-23,76.27938842773438,79.17719312404229,73.86639189712004,73.86639189712004,19620444
2004-03-24,76.52178192138672,78.21125120542021,75.5558509594172,77.24531453875218,8973655
2004-03-25,76.0369873046875,77.96885513092015,76.0369873046875,77.24532243955038,8031043
2004-03-26,77.96885681152344,78.93479359780989,76.76419547691378,77.48772818387916,12975037
2004-03-29,83.27964782714844,83.27964782714844,80.86664592056229,82.07131281327882,9965752
2004-03-30,84.00318145751953,84.24558552672367,82.55612180868235,83.27965448545044,7755330
2004-03-31,81.83258819580078,84.72671316506715,81.34778576763733,84.4879886294382,6463952
2004-04-01,82.55609893798828,83.27963141431461,81.59016245961153,81.83256646166197,5860682
2004-04-02,81.10907745361328,83.52208017782804,80.86667332165274,83.03727191390695,8342106
2004-04-05,81.10907745361328,82.3137390498222,79.65834360304781,82.07134062256212,7983914
2004-04-06,81.59020233154297,82.31373516144913,80.86666950163679,82.07133674563957,9492090
2004-04-07,82.31372833251953,82.5561324329189,80.86666279275896,82.07132993681986,4640001
2004-04-08,82.79853820800781,84.00319396703475,82.07133159680087,82.3137299974033,8269052
2004-04-09,81.59020233154297,82.79854340246865,81.59020233154297,82.79854340246865,4465618
2004-04-12,82.31372833251953,83.76446769889822,81.83259966303862,82.5561324329189,8408087
2004-04-13,83.27964782714844,84.00317474137074,82.07131281327882,82.79851925805126,9857353
2004-04-14,83.52206420898438,83.76446258989957,82.313723312005,82.79853148323411,8865254
2004-04-15,83.52206420898438,85.93506076715035,83.52206420898438,84.0031871444207,19410713
2004-04-16,84.00318145751953,84.4879895959278,83.03725041624631,83.52205855465458,6899911
2004-04-19,83.52206420898438,85.6926566815358,83.03725603775526,84.48799531564983,8695585
2004-04-20,81.83258819580078,84.00318049657584,81.34778576763733,84.00318049657584,8768637
2004-04-21,81.3477783203125,82.55611330634515,81.3477783203125,81.83258070409268,4095643
2004-04-22,82.0713119506836,84.00317385847104,81.59017768194477,82.55611434053695,10470049
2004-04-23,82.31372833251953,83.2796652027992,81.10906689315833,83.2796652027992,8285549
2004-04-26,82.31372833251953,83.03726110239981,81.59019556263924,82.31372833251953,4965202
2004-04-27,77.7264633178711,81.59019359154895,77.00292486077063,81.59019359154895,13045733
2004-04-28,76.76419067382812,78.21125599721692,75.31345152437054,77.2453192713685,8049895
2004-04-29,77.96885681152344,78.93479359780989,74.8323276090401,74.8323276090401,10224971
2004-04-30,76.52178192138672,77.24531453875218,72.90045071341419,76.76418597068928,12671046
2004-05-03,74.83231353759766,76.52177700846413,74.1087809666851,76.52177700846413,7123781
2004-05-04,77.24530029296875,77.24530029296875,75.07103472071098,75.55583702520907,6511083
2004-05-05,71.93452453613281,77.0029217179025,71.93452453613281,76.76419716433169,10908364
2004-05-06,70.96858978271484,74.1087927189934,70.7261914152335,73.62399027933166,7491400
2004-05-07,70.0026626586914,71.93452487338904,69.76025857290534,70.96859376604021,11113382
2004-05-10,67.10853576660156,68.79799970123915,67.10853576660156,68.79799970123915,8111165
2004-05-11,67.83206176757812,68.07078631272255,66.62372662275963,67.58965769148482,8264339
2004-05-12,70.72618865966797,71.2109910804413,68.55559068728164,69.03671928200767,7889652
2004-05-13,70.24504852294922,71.21098516287904,69.52151592561195,70.24504852294922,4225252
2004-05-14,69.52154541015625,70.72621277784394,68.31320991986922,70.72621277784394,4083860
2004-05-17,68.7979965209961,69.52152925707819,67.58966131146141,67.58966131146141,6664257
2004-05-18,69.76025390625,70.96858901855255,69.03672122838903,69.76025390625,7107285
2004-05-19,74.58992004394531,74.58992004394531,70.96858855675292,71.45339098803983,10630292
2004-05-20,74.34752655029297,76.03699037054983,73.14285948837747,74.34752655029297,9690039
2004-05-21,76.27938842773438,77.00292114522333,74.10879597996683,74.58992461460899,9727744
2004-05-24,76.27938842773438,77.24532522807012,75.55586141494473,75.79825979309221,3812860
2004-05-25,76.52178192138672,77.7264488115136,75.79824930402124,75.79824930402124,3046988
2004-05-26,76.27938842773438,78.69239066304803,76.27938842773438,78.45366040655334,6598276
2004-05-27,75.31346130371094,76.76420064154486,75.07106291278072,76.27939245028521,2351813
2004-05-28,77.24530029296875,77.24530029296875,75.3134330206113,76.03696550454097,3650260
2004-05-31,74.83231353759766,76.76418104220365,74.83231353759766,76.76418104220365,2573326
2004-06-01,75.55585479736328,75.79825315428023,74.34751972471244,75.07105237883057,3200162
2004-06-02,73.86637878417969,75.31344396227104,73.86637878417969,74.58991137322536,2149151
2004-06-03,70.0026626586914,74.5899255190482,69.76025857290534,73.62399441169937,8365670
2004-06-04,70.48744201660156,70.96857049934204,69.5215055212309,70.48744201660156,6864562
2004-06-07,72.41566467285156,72.41566467285156,70.96859911133552,71.45340161472318,4048513
2004-06-08,70.0026626586914,72.4156592185645,69.27912993242926,72.4156592185645,12272792
2004-06-09,69.52154541015625,70.00267987365162,68.79801250596391,68.79801250596391,3782225
2004-06-10,67.58965301513672,69.03671830968018,67.3472489558147,68.79798807635373,7324085
2004-06-11,63.725929260253906,67.10853670831207,63.48719898323888,66.62373420564604,9093837
2004-06-14,63.725929260253906,64.934264542601,63.00239648057285,63.725929260253906,5271550
2004-06-15,63.96833038330078,64.4531328633772,63.002393544945114,63.002393544945114,5620316
2004-06-16,60.34697723388672,64.69184641351715,59.623444674872886,64.69184641351715,10335727
2004-06-17,64.45310974121094,64.45310974121094,60.346971177851906,60.346971177851906,12004148
2004-06-18,61.55532455444336,63.4871865329189,61.31292049829772,63.4871865329189,5149010
2004-06-21,60.34697723388672,63.00237726573638,59.86584870462599,63.00237726573638,6793867
2004-06-22,60.34697723388672,60.34697723388672,60.34697723388672,60.34697723388672,0
2004-06-23,62.521270751953125,62.76000104022238,60.58940259885282,60.58940259885282,6027995
2004-06-24,63.725929260253906,63.725929260253906,62.03646530190867,63.24480058425576,5285690
2004-06-25,64.21072387695312,64.6918581985611,63.24479281691867,63.24479281691867,4293591
2004-06-28,63.487178802490234,64.21071135218111,62.759978131997265,64.21071135218111,2660517
2004-06-29,63.725929260253906,63.725929260253906,63.00239648057285,63.48719898323888,2575684
2004-06-30,64.69186401367188,65.415396769531,63.24479850195363,64.69186401367188,5481281
2004-07-01,64.69186401367188,65.415396769531,64.45313374451692,65.17666650037603,3183667
2004-07-02,63.725929260253906,63.96833336393682,63.24480058425576,63.96833336393682,2233986
2004-07-05,62.521270751953125,63.24480356574298,61.555339527753,62.76000104022238,2066673
2004-07-06,63.487178802490234,63.487178802490234,62.5212479308677,62.5212479308677,1684915
2004-07-07,63.487178802490234,64.45311537881075,62.5212479308677,62.5212479308677,3004570
2004-07-08,63.00239944458008,64.21073478377444,62.760001034193095,63.4872019700541,2578039
2004-07-09,63.24479675292969,63.725925399781396,61.797731281229794,62.75999427963265,3431103
2004-07-12,63.24479675292969,63.96832948877964,62.52126401707974,63.48719513722848,2891458
2004-07-13,60.34697723388672,62.52124873647565,60.10825273437909,62.52124873647565,5302185
2004-07-14,59.62345504760742,60.83179587634337,59.38105668038215,60.346987732494746,4397279
2004-07-15,58.41510772705078,59.62344259879884,58.41510772705078,58.65751174836343,4121565
2004-07-16,55.03617477416992,58.89990955163264,54.79745028505524,57.933978709615864,4981697
2004-07-19,52.14207077026367,55.036196307999184,51.899666656219054,53.589136391481446,7613938
2004-07-20,52.14207077026367,53.589136391481446,51.414864132829855,52.14207077026367,7703486
2004-07-21,55.75971221923828,55.75971221923828,53.34671610938562,54.07024870070993,9918623
2004-07-22,57.93400192260742,58.65753474002711,54.31266971334956,54.55506812497589,11396165
2004-07-23,57.93400192260742,59.381067557446805,57.69160351098108,57.69160351098108,8306757
2004-07-26,56.96805953979492,57.45286197282831,55.75971872630321,56.72565547092874,4029660
2004-07-27,56.48691940307617,57.21045200422233,55.03618037502248,55.75971297616865,5818264
2004-07-28,55.75971221923828,57.69158548304298,55.278583668492004,56.96805289171867,10300379
2004-07-29,57.09125900268555,57.67892854920286,56.207858366779604,56.503589456168235,12662194
2004-07-30,57.678932189941406,58.85806987884459,57.38699371438535,58.270400295233124,5182138
2004-08-02,57.09125900268555,57.67892854920286,56.503589456168235,57.67892854920286,4114283
2004-08-03,57.09125900268555,57.67892854920286,56.503589456168235,57.09125900268555,4212283
2004-08-04,55.915924072265625,56.7955321413933,55.03252337059565,56.7955321413933,5837720
2004-08-05,59.741477966308594,59.741477966308594,55.32446807198212,55.91593036131401,9032838
2004-08-06,60.6248664855957,63.85895114607851,58.56233415671174,58.85806524146675,13500257
2004-08-09,61.80022048950195,61.80022048950195,59.44574347447131,59.741474602485724,5351102
2004-08-10,60.32914352416992,63.27129012825879,60.033412399594674,62.09595089538022,7057643
2004-08-11,60.03342056274414,61.212552588668466,59.445750866395436,60.916821423880656,6638611
2004-08-12,60.32914352416992,60.62487464874517,58.8580731667161,60.033412399594674,2740602
2004-08-13,60.32914352416992,61.212544265184455,59.74147390773064,60.033412399594674,2617258
2004-08-16,60.03342056274414,60.32915172753195,59.74148203118325,60.32915172753195,1652472
2004-08-17,60.03342056274414,61.212552588668466,60.03342056274414,60.32915172753195,2754119
2004-08-18,62.095951080322266,62.09595108032226,58.858073342014684,60.32914370384983,6930920
2004-08-19,66.21343994140625,66.21343994140625,62.68362354980425,63.27129319472516,13349878
2004-08-20,67.3925552368164,68.27595580268961,66.21342360499904,66.80488573688737,11111100
2004-08-23,67.3925552368164,68.27595580268961,66.80488573688737,67.98022473674544,5079069
2004-08-24,67.3925552368164,67.3925552368164,67.3925552368164,67.3925552368164,0
2004-08-25,67.3925552368164,67.3925552368164,67.3925552368164,67.3925552368164,0
2004-08-26,68.56790161132812,69.45130227221334,67.68450095044292,67.68450095044292,11754855
2004-08-27,70.03897857666016,71.21811034964212,67.98023287527764,68.56790244556196,10345691
2004-08-30,69.15557861328125,70.33471039833924,68.56790314779752,70.0389792939617,6153683
2004-08-31,70.63044738769531,72.39345626349916,68.56790886092388,69.15558437537314,11082375
2004-09-01,72.10150909423828,72.68917864881611,70.92237735277064,72.10150909423828,6957954
2004-09-02,73.27685546875,73.27685546875,71.51005399752724,72.10151624306016,5462619
2004-09-03,68.8636245727539,73.27684061256635,68.56789350994411,73.27684061256635,8056223
2004-09-06,67.68451690673828,68.56791777588094,66.50917750338893,67.98024807420627,5273379
2004-09-07,71.21810913085938,71.21810913085938,68.2759628081938,68.2759628081938,6876852
2004-09-08,70.334716796875,71.51005605640454,70.038985665594,71.21811755792076,3712147
2004-09-09,70.334716796875,70.63044792815599,69.74704716711022,70.334716796875,2357052
2004-09-10,70.63044738769531,71.51005550921313,70.03898512965917,71.21811701296326,2395914
2004-09-13,71.8057861328125,72.10151725974902,70.63044689054945,72.10151725974902,4519798
2004-09-14,71.8057861328125,72.39345575394402,71.21811651168098,72.10151725974902,3157944
2004-09-15,71.8057861328125,72.98491800781704,71.21811651168098,71.8057861328125,3524597
2004-09-16,72.98491668701172,73.27685517592353,71.5100537117612,71.80578483334587,5229448
2004-09-17,70.92239379882812,73.27686519542526,70.92239379882812,72.98492666659527,5607928
2004-09-20,70.334716796875,71.51005605640454,68.86364051688311,71.21811755792076,5212551
2004-09-21,70.334716796875,70.92238642663976,68.86364051688311,70.334716796875,5903616
2004-09-22,69.15557861328125,70.63044150271679,68.86363425217506,70.0389792939617,2840290
2004-09-23,68.56790161132812,69.74703925914484,68.27596314594453,68.27596314594453,2782843
2004-09-24,65.33002471923828,68.27596371330564,65.33002471923828,67.68450151288909,6647059
2004-09-27,62.68361282348633,64.74235254486884,62.387881735183385,64.15468300050898,4791830
2004-09-28,62.68361282348633,62.68361282348633,62.68361282348633,62.68361282348633,0
2004-09-29,64.15469360351562,65.33003288648659,62.09595354188001,62.38789204618632,7454710
2004-09-30,67.0968246459961,67.39255571403439,65.03807917650643,65.62574868059686,8904425
2004-10-01,67.0968246459961,67.68449415008652,65.62574868059686,67.39255571403439,6816023
2004-10-04,70.334716796875,70.334716796875,68.27597088711833,68.27597088711833,7726742
2004-10-05,68.56790161132812,70.33470882227924,68.27596314594453,70.33470882227924,6603129
2004-10-06,69.7470474243164,70.33471705624832,68.56790963845998,68.86364077083155,4923623
2004-10-07,69.7470474243164,70.92238668818024,69.45131040276347,70.63044818861988,4590762
2004-10-08,68.56790161132812,69.45130227221334,68.56790161132812,69.15557706364324,2934912
2004-10-11,68.27595520019531,68.56789363160401,67.68449307352628,68.56789363160401,2990669
2004-10-12,66.21343994140625,68.27597264797197,65.92150143539331,68.27597264797197,3387735
2004-10-13,65.92150115966797,67.09684044459377,65.62576413281545,66.21343966445984,3526286
2004-10-14,64.74235534667969,65.62575601757281,64.45041687798876,65.33002491647171,3882802
2004-10-15,64.74235534667969,65.92149300785468,64.45041687798876,64.74235534667969,4751279
2004-10-18,64.74235534667969,65.92149300785468,64.15468577688766,65.33002491647171,2811568
2004-10-19,65.6257553100586,66.50916186060843,64.74235464868944,65.9214922971521,4555280
2004-10-20,64.4504165649414,66.21343115493497,64.4504165649414,65.62575569881663,2546293
2004-10-21,64.15469360351562,65.03809438218028,63.56702396203015,64.15469360351562,3139358
2004-10-22,64.74235534667969,65.62575601757281,64.45041687798876,64.74235534667969,3046427
2004-10-25,64.74235534667969,64.74235534667969,64.74235534667969,64.74235534667969,0
2004-10-26,65.0380859375,65.92149249064279,63.858954174757095,64.45041637231876,5482894
2004-10-27,63.27129364013672,64.7423640792424,61.800223201031024,64.7423640792424,6625095
2004-10-28,63.858951568603516,64.74235219651305,63.858951568603516,64.74235219651305,4085559
2004-10-29,65.92150115966797,66.21343966445984,64.1546937102186,64.1546937102186,4573866
2004-11-01,65.0380859375,66.2134309570432,65.0380859375,66.2134309570432,2493914
2004-11-02,66.21343994140625,66.21343994140625,65.03809476238291,65.92150143539331,2863946
2004-11-03,68.8636245727539,68.8636245727539,65.92148447233228,66.21342290322299,7708156
2004-11-04,68.8636245727539,69.15556889282462,67.9802240162436,68.8636245727539,5019932
2004-11-05,68.56790161132812,71.21810948316445,68.27596314594453,69.74703925914484,10291622
2004-11-08,67.3925552368164,68.56789423667449,65.62574821588994,68.56789423667449,4239316
2004-11-09,68.8636245727539,68.8636245727539,66.50915396603278,67.9802240162436,4183559
2004-11-10,67.68451690673828,69.74705570167367,67.68451690673828,69.74705570167367,2845359
2004-11-11,67.3925552368164,67.98022473674544,67.09682417087224,67.3925552368164,1843400
2004-11-12,68.56790161132812,68.86363270907893,67.39256248505932,67.68450095044292,3553321
2004-11-15,69.15557861328125,69.74704082203634,68.86363425217506,69.15557861328125,3876042
2004-11-16,69.4513168334961,69.74705388243233,68.86364714714985,69.1555915629237,3293115
2004-11-17,71.8057861328125,72.10151725974902,69.15558388860839,69.45130912636363,10416656
2004-11-18,71.21810913085938,72.68917934760184,70.33470847434421,72.68917934760184,7966672
2004-11-19,70.63044738769531,71.80578663823121,70.63044738769531,71.21811701296326,3088669
2004-11-22,67.68451690673828,70.33472540334836,67.68451690673828,70.03899423588037,5952615
2004-11-23,67.98023986816406,68.56790949889987,67.09683910565862,67.98023986816406,4467418
2004-11-24,66.21343994140625,67.980241509064,65.03809476238291,67.980241509064,8956803
2004-11-25,64.4504165649414,65.92149268766204,64.4504165649414,65.92149268766204,6256752
2004-11-26,63.567020416259766,65.33002924237553,63.27128929557649,63.85895890428174,6587922
2004-11-29,62.38788604736328,63.858956326064636,62.095947571127915,63.27128674108573,4259592
2004-11-30,60.91682052612305,61.80022726342245,60.32915083843509,61.50449021381101,7689571
2004-12-01,61.504486083984375,62.09595425431014,59.741477139300834,60.03341564695657,5991477
2004-12-02,61.504486083984375,62.68362390253799,60.624877928100794,62.68362390253799,5339275
2004-12-03,61.504486083984375,62.09595425431014,60.624877928100794,61.504486083984375,3365770
2004-12-06,62.38788604736328,62.387886047363274,60.91680987948101,61.50447946445991,3517839
2004-12-07,61.504486083984375,62.97556241019373,61.21254757632864,62.09595425431014,5428826
2004-12-08,61.504486083984375,61.800223113738035,60.624877928100794,61.21254757632864,2916325
2004-12-09,62.38788604736328,62.975555632342186,61.50447946445991,61.50447946445991,5052036
2004-12-10,61.504486083984375,62.68362390253799,61.504486083984375,62.38789276196588,2772706
2004-12-13,61.504486083984375,63.27129355076584,60.329146787528686,61.504486083984375,6184097
2004-12-14,61.80022048950195,62.09595161751636,61.212544977047145,61.80022048950195,3578665
2004-12-15,62.095951080322266,62.68362069851182,61.50448294022895,62.09595108032226,6658888
2004-12-16,63.27129364013672,63.56702478112655,62.09595434202085,62.38789285008895,5295344
2004-12-17,62.97555923461914,64.15469110453287,62.97555923461913,63.56702148593857,3700320
2004-12-20,63.858951568603516,63.858951568603516,61.80021185829837,62.09594294501009,3090358
2004-12-21,63.27129364013672,63.85896328919465,63.27129364013672,63.56702478112655,1938020
2004-12-22,62.38788604736328,64.15468743480818,62.387886047363274,63.27128674108573,2847050
2004-12-23,62.095951080322266,62.97555919124534,61.212544447495425,62.38788957305579,3065014
2004-12-24,62.38788604736328,62.68361715610682,61.80021646238437,62.095947571127915,1659230
2004-12-27,61.212547302246094,62.387892482620664,61.212547302246094,62.387892482620664,1290887
2004-12-28,62.095951080322266,62.09595108032226,61.212544447495425,61.212544447495425,1878883
2004-12-29,62.38788604736328,63.27128674108573,62.387886047363274,62.68361715610682,3134289
2004-12-30,63.567020416259766,63.85895890428174,62.387888566187954,62.68361968687123,4705659
2004-12-31,63.567020416259766,64.15469002496502,62.97555817489321,63.567020416259766,2221881
2005-01-03,63.27129364013672,64.15469443018448,63.27129364013672,64.15469443018448,1865367
2005-01-04,61.80022048950195,62.975559736048965,61.80022048950195,62.68362124078987,2569948
2005-01-05,60.03342056274414,61.50449112022935,59.74148203118325,61.212552588668466,5580894
2005-01-06,58.56233596801758,60.03340617289104,58.27039750643358,59.74146771130705,5601170
2005-01-07,58.858070373535156,59.1500088515449,56.207862387079146,58.562339262994186,6826161
2005-01-10,57.678932189941406,58.56233877078918,56.79553149827453,58.56233877078918,6461198
2005-01-11,58.56233596801758,58.85806706191941,57.09125987396349,57.386990967865316,4470798
2005-01-12,56.50358200073242,58.27038892860129,56.50358200073242,57.67892093868547,4023042
2005-01-13,55.915924072265625,57.38699436420149,55.62019296086153,56.7955321413933,4954036
2005-01-14,54.14912033081055,55.62019055922679,53.85338334299517,55.62019055922679,9100424
2005-01-17,55.03252029418945,55.32445875673141,53.8533826578501,54.7367891993172,7069471
2005-01-18,52.96998596191406,54.73679328763121,52.67804747756709,54.73679328763121,8500599
2005-01-19,51.498905181884766,53.85337574148845,51.2069667568363,52.96997520265667,11055342
2005-01-20,52.38230514526367,53.26570567439074,50.9112351406524,50.9112351406524,21220242
2005-01-21,52.96998596191406,53.8533866801821,52.67804747756709,52.96998596191406,13848323
2005-01-24,51.79465866088867,53.26572931849287,51.49892747597381,53.26572931849287,6981609
2005-01-25,52.38230514526367,52.96997462074787,51.4989046161366,51.4989046161366,5395033
2005-01-26,52.38230514526367,53.561436728033605,52.38230514526367,52.96997462074787,7758846
2005-01-27,50.91123962402344,52.67804083786651,50.32357009678759,52.67804083786651,10246002
2005-01-28,51.498905181884766,52.678036777608206,50.61550464305298,50.91123569994464,15250729
2005-01-31,55.03252029418945,55.032520294189446,51.794642890735204,51.794642890735204,22191788
2005-02-01,55.03252029418945,56.20785940901788,54.44485073677524,55.62018985160366,20437936
2005-02-02,56.207855224609375,56.79552473827438,55.032516197279364,55.32445463808789,14483630
2005-02-03,56.50358200073242,56.79552041934092,55.91591253175589,56.79552041934092,11553787
2005-02-04,56.50358200073242,56.50358200073242,56.50358200073242,56.50358200073242,0
2005-02-07,56.50358200073242,56.50358200073242,56.50358200073242,56.50358200073242,0
2005-02-08,56.50358200073242,56.50358200073242,56.50358200073242,56.50358200073242,0
2005-02-09,56.50358200073242,56.50358200073242,56.50358200073242,56.50358200073242,0
2005-02-10,56.50358200073242,56.50358200073242,56.50358200073242,56.50358200073242,0
2005-02-11,56.50358200073242,56.50358200073242,56.50358200073242,56.50358200073242,0
2005-02-14,57.386993408203125,59.15000803881205,57.09126230172556,57.97466887786001,15512624
2005-02-15,59.44573974609375,59.44573974609375,56.79553176926709,57.678932465149,14338321
2005-02-16,62.095951080322266,62.97555919124534,58.56234221655865,60.0334125783938,19015256
2005-02-17,60.91682052612305,62.683628111539896,60.916820526123054,61.80022726342245,8585082
2005-02-18,62.68361282348633,62.97555127954324,60.62486721292332,60.91680566898023,9615765
2005-02-21,62.68361282348633,64.45041408881193,62.68361282348633,63.56701345614913,9957072
2005-02-22,60.91682052612305,62.97556663879836,60.916820526123054,62.683628111539896,4829003
2005-02-23,63.27129364013672,63.85896328919465,59.741477223685834,59.741477223685834,11035066
2005-02-24,67.68451690673828,67.68451690673828,62.97556813763619,63.27129930510418,28647919
2005-02-25,68.56790161132812,70.33470882227924,67.39256248505932,69.15557706364324,25518697
2005-02-28,68.56790161132812,68.56790161132812,68.56790161132812,68.56790161132812,0
2005-03-01,71.21810913085938,71.65791314294273,67.83236616376199,68.56790127213323,20385558
2005-03-02,69.7470474243164,71.51005632011216,69.7470474243164,71.2181178205518,10409897
2005-03-03,69.01148986816406,70.92236976331594,68.12808931467467,70.03896920982655,12227955
2005-03-04,67.68451690673828,69.59919011793968,67.68451690673828,68.56791777588094,7422606
2005-03-07,66.5091552734375,68.42002932350695,66.5091552734375,67.9802253525659,9397801
2005-03-08,67.3925552368164,68.86362530261864,66.6570202039153,67.24468970384433,10193623
2005-03-09,68.56790161132812,68.71577304938423,67.09683138730851,67.39256248505932,8514117
2005-03-10,67.3925552368164,68.86362530261864,66.80488573688737,68.56789423667449,6902196
2005-03-11,68.42002868652344,69.4512947851098,67.684493653807,67.98022471967691,10871171
2005-03-14,67.68451690673828,68.86364894334893,67.2447127887976,67.2447127887976,8438082
2005-03-15,65.4778823852539,68.27594935146314,64.74234153267217,67.6844872754606,12070818
2005-03-16,65.77362823486328,66.21343225930401,65.18595276894314,65.47789713026613,7476674
2005-03-17,65.1859359741211,65.6257398852486,64.89021083489683,65.0380704599193,3877733
2005-03-18,65.6257553100586,65.9214922971521,64.45041618314592,65.18595129555867,5177069
2005-03-21,69.15557861328125,69.74704082203634,65.77362818601958,65.92149373820835,15916448
2005-03-22,66.36129760742188,69.15557845185822,66.21343205557825,69.15557845185822,10001003
2005-03-23,66.94895935058594,67.24469041967822,65.33001784539758,65.62574891448986,5342655
2005-03-24,66.80488586425781,68.1280903996108,66.6570203310038,67.2446898320533,6584542
2005-03-25,67.68451690673828,67.83238249047227,66.21344633592093,67.09684720506361,4264661
2005-03-28,67.24469757080078,68.27596379029389,67.24469757080078,68.27596379029389,3609079
2005-03-29,65.1859359741211,67.39254668189365,64.74233943151573,67.24468116769187,7383745
2005-03-30,64.594482421875,65.77361994843695,63.7148744838101,64.74234795554489,6114821
2005-03-31,65.92150115966797,66.50917080213087,65.47790445316141,65.92150115966797,7082988
2005-04-01,67.68451690673828,67.68451690673828,65.92150780171426,66.36131191965494,7892328
2005-04-04,67.0968246459961,68.2759562861631,66.50915514190567,67.0968246459961,7054264
2005-04-05,67.0968246459961,67.0968246459961,67.0968246459961,67.0968246459961,0
2005-04-06,66.80488586425781,68.42002883415228,66.80488586425781,67.09682429879929,4996276
2005-04-07,66.5091552734375,67.54042138162484,66.21342420481436,67.09682477869012,4545142
2005-04-08,68.56790161132812,69.30344261251864,66.94896583843311,67.24469693618391,9803315
2005-04-11,68.56790161132812,70.03897772452844,67.98023204819373,68.56790161132812,6912334
2005-04-12,69.7470474243164,70.18685149006255,67.98024000652806,68.56790963845998,7676053
2005-04-13,70.03897857666016,70.18684412733457,69.15557790502703,69.89489976921833,6787301
2005-04-14,74.1602554321289,74.60005944408537,68.86363234855318,68.86363234855318,29381223
2005-04-15,74.1602554321289,74.45598652833145,72.68917932663021,73.57258587207116,19454564
2005-04-18,71.21810913085938,73.27684890782912,70.03897737805634,72.68917934760184,12893675
2005-04-19,72.10150909423828,73.12898854585208,71.21810844621555,72.10150909423828,14786076
2005-04-20,70.18685150146484,72.68918822859601,69.89490711267567,72.3934570961764,11185444
2005-04-21,70.7745132446289,71.36597544354093,68.86363310615133,69.01149865587934,8978769
2005-04-22,71.21810913085938,72.9849104438897,71.07024358271543,71.5100475947988,15075006
2005-04-25,71.51005554199219,71.657921106569,70.63044742007116,71.2181170456085,4367729
2005-04-26,69.59918212890625,71.6579221650831,68.56790990522344,71.51005659832204,7159022
2005-04-27,69.89490509033203,70.48258059453696,69.01150435144541,69.59917985565035,7174229
2005-04-28,69.3034439086914,69.89490022607424,67.68450221633685,69.1555783570505,7794328
2005-04-29,69.59918212890625,70.1868517631245,68.71578136116591,69.30345099538415,4976001
2005-05-02,69.59918212890625,69.59918212890625,69.59918212890625,69.59918212890625,0
2005-05-03,72.10150909423828,72.98490974226101,71.0702428994931,71.0702428994931,15647795
2005-05-04,73.12899017333984,73.27684983417231,71.36597558118982,72.54131471650267,10786688
2005-05-05,76.51472473144531,77.10239427941966,74.16025390727857,74.16025390727857,28495850
2005-05-06,80.04454803466797,81.07582020355535,76.51473189490373,80.04454803466797,28656366
2005-05-09,79.60474395751953,80.19241356026859,78.28153919317843,80.04454800142561,13834806
2005-05-10,78.573486328125,80.04455681325415,77.98581666068141,80.04455681325415,8520875
2005-05-11,78.86920166015625,80.34027185024375,77.39813147006873,77.39813147006873,15426451
2005-05-12,79.16495513916016,79.16495513916016,77.54601305658596,78.28155424882343,9652937
2005-05-13,79.16495513916016,80.92796428648134,78.57349279003414,79.16495513916016,11942405
2005-05-16,79.4568862915039,80.19242152616013,78.57348548331652,79.4568862915039,9210250
2005-05-17,79.30901336669922,80.9279492594812,78.86920931987143,80.04454853317756,9215319
2005-05-18,78.573486328125,79.01708305348797,77.6900796212577,78.573486328125,11481132
2005-05-19,80.34027099609375,80.34027099609375,79.4568703649773,79.90046699665523,10612655
2005-05-20,80.19241333007812,81.2236796063959,79.90047484585303,80.34027888849666,13027157
2005-05-23,76.95454406738281,80.19241592699662,76.95454406738281,80.04455036378967,13468154
2005-05-24,75.48345184326172,77.10238743058675,75.33558631133535,76.51471793481377,15201729
2005-05-25,75.48345184326172,76.8104489986665,74.45597838364213,75.9270484390408,16088792
2005-05-26,75.19153594970703,76.21900971730781,74.45600070153391,75.63134004538318,11834268
2005-05-27,77.98580169677734,78.57347125145898,75.63132495655755,75.63132495655755,16098929
2005-05-30,79.01707458496094,79.16494014423468,77.83794274340494,78.57347790713972,7272228
2005-05-31,79.75259399414062,79.75259399414062,77.98579289714252,78.7213279155776,10457208
2005-06-01,78.86920166015625,80.04454075931437,78.57347056922686,79.60473675520001,7529054
2005-06-02,79.4568862915039,79.90048301209741,78.72135105684768,79.75261743856625,7576365
2005-06-03,79.4568862915039,80.3402870996913,78.86921663037884,79.4568862915039,9642800
2005-06-06,79.4568862915039,79.4568862915039,78.57348548331652,79.30902071797274,3392804
2005-06-07,78.72134399414062,79.45687916280625,78.57347843387564,79.45687916280625,3732423
2005-06-08,82.25492858886719,82.25492858886719,78.72132646019924,78.72132646019924,15125695
2005-06-09,80.92794799804688,83.2824249097888,80.92794799804688,82.25494538314227,10095623
2005-06-10,84.90135192871094,85.04921157138381,81.95920593019555,82.39900989382362,15215246
2005-06-13,85.04922485351562,85.04922485351562,83.57815456911099,84.90136518775152,6336165
2005-06-14,82.1070785522461,87.10796453275194,82.1070785522461,85.0492189156443,17301956
2005-06-15,84.60563659667969,84.60563659667969,82.8426276597023,83.57816287500115,13643877
2005-06-16,84.75348663330078,84.9013580650212,83.57814755739034,84.60562109076079,8037637
2005-06-17,83.8700942993164,86.08048634707474,83.43028440213595,85.34495713471344,11124617
2005-06-20,82.69474792480469,83.87009290397287,82.69474792480469,83.13455192548753,5597790
2005-06-21,82.1070785522461,83.13455210008061,81.6634819183815,82.69474809847412,5454170
2005-06-22,83.72601318359375,83.87009198325345,82.39901593161262,82.69474701698809,8127188
2005-06-23,83.13453674316406,84.16580273275743,82.9904638574143,84.16580273275743,6511888
2005-06-24,81.81134796142578,82.84261414780121,81.81134796142578,82.54688305675647,8581702
2005-06-27,80.92794799804688,81.5156234847209,80.3402784005539,81.0758194447484,10012832
2005-06-28,81.51560974121094,81.81134080639171,80.92793435361882,80.92793435361882,6489922
2005-06-29,80.92794799804688,82.69475531229581,80.63600951559485,82.39902419725485,10215589
2005-06-30,80.78009796142578,81.51563320413992,80.63601913013413,81.0758291117279,3631045
2005-07-01,83.28241729736328,83.7260139293778,80.9279406008322,80.9279406008322,7431054
2005-07-04,83.8700942993164,84.4615505972199,83.28241885536492,83.726015495678,7975119
2005-07-05,85.19709014892578,85.48902860522364,83.87009288271335,83.87009288271335,10739378
2005-07-06,84.16584014892578,85.78478218507553,84.01797456588443,85.34497806919504,5834340
2005-07-07,84.46154022216797,84.90135006532324,83.87008399691753,83.87008399691753,5226069
2005-07-08,85.48902893066406,86.3724295674189,84.7534879495651,84.7534879495651,10093934
2005-07-11,87.84352111816406,88.72692785897777,86.66818173811247,86.66818173811247,15490658
2005-07-12,88.287109375,88.72691933113316,87.69565299781692,87.99137824181777,14061218
2005-07-13,90.05011749267578,92.11265000648787,89.1705035347646,89.1705035347646,17820678
2005-07-14,91.8169174194336,92.11264852595073,90.49371270506569,91.22924783887892,10686999
2005-07-15,90.05011749267578,91.96478445085263,90.05011749267578,91.8169188952174,11013100
2005-07-18,90.05011749267578,90.05011749267578,90.05011749267578,90.05011749267578,0
2005-07-19,92.40458679199219,93.28798747707552,88.87477079494907,89.75817736921327,12352988
2005-07-20,90.64158630371094,93.14013629014141,90.64158630371094,92.70032633462674,12260058
2005-07-21,92.99604797363281,95.49459770499189,91.22924662303596,91.22924662303596,19388667
2005-07-22,89.90604400634766,93.87567022677418,89.75818433113432,92.7003250879662,12305678
2005-07-25,96.08609008789062,96.08609008789062,91.08140967767571,91.08140967767571,21277689
2005-07-26,92.99604797363281,99.17606595747353,92.84818831152569,97.84907451749213,30957662
2005-07-27,91.96481323242188,94.3192908510088,91.96481323242188,92.99607981207603,14955041
2005-07-28,97.55713653564453,97.99694055928055,92.99604843910252,92.99604843910252,24023362
2005-07-29,99.02821350097656,102.26608514263702,98.1448069247538,98.88033616936126,29933737
2005-08-01,99.468017578125,101.08696536983398,99.17607906938153,99.76376049816211,13493498
2005-08-02,96.08609008789062,101.23484935139601,94.6150193778506,100.93911815593991,19059187
2005-08-03,102.70588684082031,102.70588684082031,97.4092636928001,98.14480469908916,19076083
2005-08-04,109.7693099975586,109.7693099975586,108.29823978110286,109.7693099975586,26086417
2005-08-05,109.7693099975586,109.7693099975586,109.7693099975586,109.7693099975586,0
2005-08-08,109.7693099975586,110.35697955767134,105.06035647359988,108.88590934121562,25422388
2005-08-09,108.73805236816406,109.47358753439609,103.58929442617759,109.47358753439609,27426305
2005-08-10,101.88760375976562,108.52670402669337,101.88760375976562,107.86201030261313,25912999
2005-08-11,101.88760375976562,104.21205745625215,96.57787886553783,101.88760375976562,20150055
2005-08-12,96.577880859375,102.55228752556333,96.577880859375,101.88760586322134,14648238
2005-08-15,92.26325225830078,96.90828382556006,90.93387677195024,96.57788712214702,16247117
2005-08-16,94.58772277832031,94.58772277832031,92.09612006548389,92.26326258520766,10915661
2005-08-17,97.74011993408203,98.56806187818576,93.58873927999801,93.58873927999801,14061749
2005-08-18,95.4156494140625,98.23765427090987,95.4156494140625,97.74010908486089,11268949
2005-08-19,93.92300415039062,95.58278201919086,92.59362895133097,95.58278201919086,10830480
2005-08-22,95.9131851196289,97.4058206241985,95.5827884653357,95.9131851196289,8544572
2005-08-23,98.23765563964844,99.730285180862,95.91318989873334,96.57787757620964,11788410
2005-08-24,98.23765563964844,99.39988247237582,97.57296796217214,97.57296796217214,9387998
2005-08-25,99.73027801513672,101.55719843180442,97.07541579422025,98.23764858117016,14818599
2005-08-26,97.9033432006836,102.55226158934809,97.9033432006836,101.55718349668078,12658368
2005-08-29,97.2425765991211,99.23275156551256,96.90828555339857,97.90337605545974,7625741
2005-08-30,94.58772277832031,98.90236416282953,93.58874992129985,98.90236416282953,10865390
2005-08-31,91.9328384399414,97.24256314832483,91.59855347818876,95.41564867767497,16713514
2005-09-01,91.9328384399414,91.9328384399414,91.9328384399414,91.9328384399414,0
2005-09-02,96.08032989501953,96.24359011478268,93.588727771865,94.25341543212777,14486255
2005-09-05,94.09015655517578,97.57296682782444,93.92301407262386,97.57296682782444,10087595
2005-09-06,98.23765563964844,98.23765563964844,93.58873019554842,95.24850222125704,14354994
2005-09-07,100.89252471923828,101.72046059996308,96.90828065156839,98.2376621321091,21554834
2005-09-08,102.3851547241211,102.55229118252778,100.22783131743374,101.55721280271395,13856479
2005-09-09,103.04985809326172,103.71455199462778,101.88763093503154,102.55231276093387,11874987
2005-09-12,104.21204376220703,105.37039423541107,103.38021369843774,104.54245246941686,12913909
2005-09-13,102.88268280029297,104.54245466491335,102.71553429429024,104.21204595076462,9632368
2005-09-14,102.05474090576172,104.04490940690413,101.55719576161131,102.71553418242112,10393406
2005-09-15,100.89252471923828,102.38515435909872,100.55823369042491,101.88760913323505,8378401
2005-09-16,99.73027801513672,101.39004992158898,99.23273285790462,100.89251080208663,8002768
2005-09-19,102.05474090576172,102.88268268824181,100.22781449939873,100.22781449939873,8948132
2005-09-20,106.03508758544922,107.86200812081842,102.05475021989477,102.05475021989477,19753477
2005-09-21,105.53755187988281,108.19241420810512,105.53755187988281,106.20223349873638,16621352
2005-09-22,105.2071533203125,106.86692545439345,104.87286832949574,105.5375620881024,9160385
2005-09-23,101.22290802001953,105.20713948511367,99.56313006647606,104.87285453825685,17274867
2005-09-26,99.5631332397461,102.55228051776322,98.902339920925,102.21799556025209,10260748
2005-09-27,101.88760375976562,101.88760375976562,97.40582677805848,99.56313798781858,10908678
2005-09-28,101.55722045898438,104.0449347092564,101.22292940377743,101.8876171776622,14470895
2005-09-29,101.05777740478516,102.05342338720752,99.89619042529239,100.89183640771476,12562851
2005-09-30,103.87876892089844,104.87441496697636,101.8874889042052,101.8874889042052,16914603
2005-10-03,106.86566925048828,107.86131505681539,104.2106258424091,104.54250777785147,17004022
2005-10-04,106.53379821777344,107.86132609540283,105.04034143090134,107.52944412599548,14848415
2005-10-05,108.85696411132812,111.51200759863121,106.20192062402504,106.69973146658305,24982632
2005-10-06,107.19754791259766,108.19319368852219,106.53378406198131,107.19754791259766,10385783
2005-10-07,105.87003326416016,107.52943083056036,105.20626940741629,107.03160793800245,9603660
2005-10-10,91.66238403320312,91.66238403320312,91.66238403320312,91.66238403320312,0
2005-10-11,105.20626831054688,107.03160682210225,105.04032734809098,106.36785504773806,8244483
2005-10-12,104.21063232421875,106.03598308268697,103.71280939009105,104.54251428030388,7822422
2005-10-13,102.21932220458984,105.04031832398564,100.06210195345137,103.87873168658737,13567927
2005-10-14,101.22372436523438,103.87877459541316,101.22372436523438,103.54689256192435,6563395
2005-10-17,94.25420379638672,102.21934055091137,94.25420379638672,101.88747067040619,17203130
2005-10-18,95.58171081542969,95.91359272012059,92.92666161563183,95.2498289107388,16264821
2005-10-19,93.92229461669922,93.92229461669922,91.76506856593255,93.59041275693073,11355091
2005-10-20,95.91360473632812,96.9092505751369,93.25855520390148,94.58608298897984,12415011
2005-10-21,95.24987030029297,96.90928054482191,93.25858404459015,93.59046609349595,11697270
2005-10-24,93.5904312133789,96.41142153999435,93.5904312133789,96.2454805773858,5480822
2005-10-25,93.92229461669922,96.5773434571186,93.92229461669922,95.7476388076974,6972340
2005-10-26,92.09696960449219,94.58607803337328,87.94845756893362,93.59043224672894,15023677
2005-10-27,91.76510620117188,93.59045114079113,89.27599726978889,91.26728320734908,9651350
2005-10-28,89.93976593017578,91.76511096454566,89.11006089740252,90.10570693673043,8672504
2005-10-31,96.07953643798828,96.07953643798828,91.59914267115761,92.26290649964497,11006951
2005-11-01,96.90926361083984,99.23242547176584,96.90926361083984,97.90490354584658,16372124
2005-11-02,103.0490493774414,103.0490493774414,98.40271992961668,99.23241881349624,19466041
2005-11-03,101.05777740478516,106.53380615718442,101.05777740478516,105.87005424436471,19615074
2005-11-04,104.54249572753906,105.87002331628824,102.5512043444153,104.54249572753906,14593271
2005-11-07,105.20626831054688,105.20626831054688,102.55121291125272,104.54250446072334,9586968
2005-11-08,102.38526916503906,105.53814736597711,102.21932820709495,105.53814736597711,9439128
2005-11-09,105.37220764160156,105.87003052126178,101.55557763966567,102.21932940375348,12376858
2005-11-10,105.37220764160156,107.19754612489655,104.87438476194134,106.20191244103526,12965835
2005-11-11,105.87003326416016,108.69101757986212,105.53815133578823,107.19754890218842,11700847
2005-11-14,106.36787414550781,108.19321298479278,105.87005116875876,105.87005116875876,9100526
2005-11-15,104.37657165527344,106.36786336036306,103.7128077535769,106.36786336036306,7476667
2005-11-16,105.20626831054688,106.53378393473459,104.37656349826744,104.37656349826744,8307672
2005-11-17,103.2149887084961,105.20628048846423,101.05776802232471,105.20628048846423,17399853
2005-11-18,107.19754791259766,108.85695753913855,104.54250458559162,104.54250458559162,22971288
2005-11-21,109.85258483886719,111.18010024136463,107.03158894821328,107.86129362193502,18345316
2005-11-22,106.53379821777344,109.52073594243957,106.53379821777344,109.52073594243957,9690695
2005-11-23,108.85696411132812,108.85696411132812,107.03161341192843,107.52943632994653,9098141
2005-11-24,108.02726745605469,109.02291336774171,106.69973957380533,108.85697238246054,7588739
2005-11-25,112.17577362060547,113.33736045138393,108.52508422790491,109.0229071553814,17869604
2005-11-28,117.81773376464844,118.14961565726105,113.33734028983635,115.16267862374754,20210012
2005-11-29,115.16268920898438,117.15398074769062,115.16268920898438,116.1583349783375,9437936
2005-11-30,116.32427978515625,118.64745332377592,115.49457494993494,115.82645688402347,13384319
2005-12-01,115.99240112304688,117.1539879251234,114.66488542470515,115.82646015132165,9269827
2005-12-02,119.47715759277344,120.63874447397895,117.48587787188198,118.81340573611685,14842454
2005-12-05,124.7872314453125,125.61693619071852,120.14089694649724,121.13654264098444,15857068
2005-12-06,123.79161834716797,123.79161834716798,121.46845652376331,121.46845652376331,8566393
2005-12-07,115.16268920898438,123.7915950591262,115.16268920898438,122.79596136523236,19783182
2005-12-08,114.16705322265625,114.9967459383313,111.67793884925399,114.49893513910989,12592658
2005-12-09,115.8264389038086,116.82208455151599,114.16704156642074,114.16704156642074,12676116
2005-12-12,112.50764465332031,113.8351723310869,108.19319177603809,112.83952657276195,11693693
2005-12-13,113.00550079345703,115.99242687211635,111.51203171639602,112.50767776777003,10931838
2005-12-14,115.16268920898438,115.49457113210208,112.67358686106087,114.83080728586667,9740770
2005-12-15,114.66488647460938,116.49022510484006,114.66488647460938,116.49022510484006,5529705
2005-12-16,117.98368072509766,122.13219251876487,116.15833022268221,116.15833022268221,17823106
2005-12-19,119.1452865600586,120.30687354785691,117.31994765469464,118.81341663900676,10357169
2005-12-20,117.81773376464844,118.81337944248628,117.48585187203582,118.81337944248628,5399748
2005-12-21,117.81773376464844,118.14961565726105,115.82644240897275,117.98367471095474,8438821
2005-12-22,101.4320297241211,103.73077496774664,101.4320297241211,102.58140838366467,10822323
2005-12-23,120.3068618774414,120.3068618774414,116.15834939890894,118.1496411848257,11940491
2005-12-26,107.75354766845703,109.04658782538671,106.02949815103716,106.02949815103716,20094076
2005-12-27,123.79161834716797,126.44667423158653,122.13222049486795,124.78726430382493,14359588
2005-12-28,125.45099639892578,125.45099639892578,121.13654375847199,122.13218946214405,9733616
2005-12-29,130.92706298828125,133.74804766132306,124.9531995963245,125.45102255194264,25277120
2005-12-30,128.43797302246094,133.91401451668779,128.43797302246094,130.92708828141102,19505386
2006-01-02,132.25457763671875,132.42051862047217,126.11478538876439,126.11478538876439,16450813
2006-01-03,132.75234985351562,137.56462446777857,131.42482249083446,132.2545270925102,19948907
2006-01-04,128.7698211669922,134.7436841407914,128.10605727263004,134.41180219361033,20680955
2006-01-05,130.42922973632812,134.07991904720774,128.6038790431583,130.09734779211544,18491964
2006-01-06,122.79597473144531,133.74804316007294,122.79597473144531,131.42486944537396,33435760
2006-01-09,121.13655090332031,124.45535803585118,119.47714129932528,123.45971227345414,19402851
2006-01-10,118.48152923583984,122.13221895543825,117.98370626378623,121.13657301133102,13417702
2006-01-11,119.9749526977539,120.30683458678858,117.15396871641715,118.1496143835212,17780184
2006-01-12,116.15837097167969,120.9706482725805,115.6605479327455,120.30688422066825,15235900
2006-01-13,115.16268920898438,118.3155674786026,115.16268920898438,116.82209882457292,10451357
2006-01-16,115.16268920898438,117.48586267080833,114.3329964766494,115.32863017054324,13579850
2006-01-17,116.32427978515625,119.80902801762606,116.15833881811199,116.82210268628904,20952790
2006-01-18,111.3460693359375,114.8308177714171,108.3591438305922,114.49894789345464,25206777
2006-01-19,108.02726745605469,111.67795705677939,106.86568055908651,110.84825213037355,20028788
2006-01-20,107.86133575439453,110.51639174741379,107.86133575439452,109.18886375090416,12539006
2006-01-23,108.52507019042969,109.3547749622367,105.5381450873832,105.87002699610599,11446895
2006-01-24,109.18885040283203,111.0141890994275,109.02290942355421,109.52073236138767,8735694
2006-01-25,106.03597259521484,109.18883879072933,105.53814971032425,109.18883879072933,13117252
2006-02-03,109.18885040283203,111.0141890994275,108.69102746499856,109.85261431994331,13492815
2006-02-06,111.18010711669922,111.18010711669922,104.70843441237862,106.20190291743326,10326170
2006-02-07,111.51200103759766,113.50329259250839,109.85260348396477,110.84823718596074,11663887
2006-02-08,111.18010711669922,113.33733940177815,111.18010711669922,112.83951656675993,8870420
2006-02-09,110.0185317993164,113.50327954434968,110.0185317993164,113.17139765668385,7830768
2006-02-10,106.36787414550781,110.84825678532617,105.70411017650908,110.68231579307648,10619466
2006-02-13,108.85696411132812,108.85696411132812,104.21062895195266,106.20192062402504,9654927
2006-02-14,110.35043334960938,111.18012614115354,108.02725972199731,108.52508264219989,8362516
2006-02-15,114.16705322265625,115.82645072946539,108.69101367663032,109.52071846776441,26501572
2006-02-16,114.49894714355469,116.65616775121435,114.49894714355469,115.82646287309129,12140791
2006-02-17,112.83955383300781,115.4945977544983,112.50767183338874,115.16271575487923,8553278
2006-02-20,112.83955383300781,113.50331783224595,111.346084834722,112.17578983376968,5601241
2006-02-21,111.8438949584961,114.33300966908811,111.8438949584961,113.3373637848513,7301404
2006-02-22,108.85696411132812,113.3373582980309,108.52508216598274,113.0054763526855,10733923
2006-02-23,105.87003326416016,109.35478143660599,105.87003326416016,109.18884047242003,11682963
2006-02-24,108.85696411132812,108.85696411132812,105.70409770600695,105.70409770600695,6842384
2006-02-27,111.3460693359375,112.17577421949464,107.36349797032364,107.86132090045791,8364901
2006-03-01,115.99240112304688,116.65616500994774,110.18449126358428,111.18012501847556,18911640
2006-03-02,113.17139434814453,118.14961044213706,113.17139434814452,117.81772856417372,11629311
2006-03-03,113.3373794555664,116.65618745310698,112.83955644461597,113.83520246651685,11344361
2006-03-06,116.32427978515625,117.48586655446609,113.83517735495201,113.83517735495201,13483276
2006-03-07,113.5033187866211,115.66053972682163,113.5033187866211,115.49459872561681,8536587
2006-03-08,111.18010711669922,114.49892601682065,110.18447352212088,113.33733940177815,12163444
2006-03-09,111.8438949584961,113.3373637848513,111.51201299708383,112.17577691990837,7089182
2006-03-10,110.68230438232422,112.50765510888684,109.68667060693215,111.84389120831861,9809921
2006-03-13,113.83514404296875,113.83514404296875,110.68226659176553,112.17573485812494,7874882
2006-03-14,111.3460693359375,113.83518398660893,110.35043555112934,113.17142007976321,7173833
2006-03-15,117.15397644042969,117.15397644042969,112.50764176306734,112.83952367398314,17354547
2006-03-16,118.81339263916016,123.62565646562767,116.82210106231055,117.48586492126041,29894746
2006-03-17,122.29816436767578,122.63004636104367,119.80904941741656,120.14093141078446,15916681
2006-03-20,122.46411895751953,126.1148092143205,122.46411895751953,123.79163500287967,17526233
2006-03-21,117.48587036132812,124.12348510725602,116.15834258195852,123.1278392727288,14304744
2006-03-22,117.65179443359375,118.6474401251009,115.49456210199494,116.15832589633304,9384284
2006-03-23,118.14964294433594,120.47280465370841,117.65181999044306,118.81340688285978,12385204
2006-03-24,118.48152923583984,121.13657301133102,117.48588329173262,119.80904508585473,12735729
2006-03-27,119.47715759277344,120.47280349094959,118.81340573611685,120.47280349094959,6966379
2006-03-28,119.64309692382812,121.13656575047125,118.81340409559819,120.14091986604251,8264751
2006-03-29,123.95755767822266,124.78726263098079,120.47280895209991,120.47280895209991,15737842
2006-03-30,122.46411895751953,125.78292718411467,122.1322369273137,125.119163123703,15108328
2006-03-31,124.62129211425781,125.78287877290774,123.45970545560787,124.4553511630221,14054369
2006-04-03,124.62129211425781,125.78287877290774,124.4553511630221,125.45099687043633,7402747
2006-04-04,124.7872314453125,128.43792024964057,124.7872314453125,125.45099524163732,14187903
2006-04-06,126.11475372314453,126.77851749149653,124.95316712852852,126.44663560732053,11903531
2006-04-07,124.455322265625,126.44661321809374,123.9574995275078,126.11473139268229,7817653
2006-04-10,123.79161834716797,126.11479224603421,123.2937953688395,124.45538231827261,5619124
2006-04-11,125.119140625,125.28508161026369,123.12784880183558,124.7872586544726,6361903
2006-04-12,126.77853393554688,126.77853393554688,124.7872423722066,125.11912429942998,6744619
2006-04-13,123.45973205566406,127.77418564190582,123.45973205566405,127.77418564190582,7544626
2006-04-14,125.45099639892578,125.7828783001498,123.45970499158165,123.79158689280567,5933881
2006-04-17,121.13655090332031,125.28506283784868,121.13655090332031,125.28506283784868,7213177
2006-04-18,121.63436889648438,122.79595557260103,119.80901840544391,120.14090031290581,5130298
2006-04-19,121.46842956542969,123.791590873239,119.47713809405694,122.96189816895924,9647774
2006-04-20,122.79597473144531,123.79160853371283,121.13656493523176,122.79597473144531,11166714
2006-04-21,128.93576049804688,131.0929931272425,123.12783857182639,123.79160245773274,24480690
2006-04-24,129.43356323242188,131.4248425042195,128.60385850439866,128.7697994500033,16181363
2006-04-25,128.10609436035156,132.08866680405035,127.77421231708803,131.42490271752325,14031716
2006-04-26,122.1322250366211,127.44231285200227,121.46846104083295,126.11479693588798,25070859
2006-04-27,121.9662857055664,124.28944764713222,121.80034470435011,123.12786063861822,11892801
2006-04-28,123.62567138671875,123.79161237148459,121.96627361452137,123.12784843242125,6097221
2006-05-02,122.79597473144531,125.45101832992638,122.29815179258125,124.78725441144097,8130026
2006-05-03,124.95317077636719,126.94446213955625,123.45970225397538,123.6256432009078,9451051
2006-05-04,125.78289031982422,128.10605177493264,125.61694935335507,125.61694935335507,10026913
2006-05-05,126.77853393554688,129.10169535065106,126.28071104471181,127.77416764175756,19704493
2006-05-08,135.57342529296875,135.57342529296875,127.60826850432655,129.10173766634634,30098622
2006-05-09,133.748046875,138.22844137376146,133.748046875,136.56903153145686,24367425
2006-05-10,133.9139862060547,136.73497082768634,132.42051736641753,135.7393249345949,14384626
2006-05-11,137.56466674804688,138.72625354740464,132.75239065473897,132.75239065473897,11367014
2006-05-12,132.75234985351562,135.40740457887796,132.75234985351562,132.91829077385077,10584891
2006-05-15,129.43356323242188,131.4248425042195,129.43356323242188,131.4248425042195,8770270
2006-05-16,129.59951782226562,132.58644308215466,129.59951782226562,131.09298648993985,7104681
2006-05-17,129.1016845703125,131.09297596737457,128.27197982153666,131.09297596737457,7101105
2006-05-18,108.75926971435547,111.48902427786201,108.75926971435547,110.05231007859952,14565176
2006-05-19,107.32254791259766,109.47761905883085,107.17887408775674,108.32824053556372,13752710
2006-05-22,119.47715759277344,124.78725697425206,119.47715759277344,124.45537500819334,9855227
2006-05-23,114.83081817626953,118.31557869949553,114.498948297137,117.8177557676061,11914261
2006-05-24,119.47715759277344,120.97062644003766,115.49458607552968,116.9880549227939,11488624
2006-05-25,117.81773376464844,121.13654061531638,116.49020619419798,120.47277683009115,9719309
2006-05-26,116.15837097167969,121.13658928555857,115.49460691976743,119.47717915577793,8418553
2006-05-29,101.4320297241211,102.58140838366467,99.85164765214297,102.00672509162366,5184635
2006-05-30,117.15397644042969,118.48150408409289,115.32862593039279,117.8177402622613,4488861
2006-06-01,122.96195220947266,125.45105556716503,120.14095471856189,121.46848294957873,12497277
2006-06-02,124.28943634033203,126.44666915989697,123.45973140973014,124.78725929869317,11712769
2006-06-05,119.1452865600586,126.44667840790032,118.14965264597915,126.11479641138651,11910685
2006-06-06,124.28943634033203,124.28943634033203,119.4771598183021,121.1365696795059,7682928
2006-06-07,116.490234375,122.46409781173945,115.82647042919994,120.8046879472393,12554505
2006-06-08,108.52507019042969,115.32862516832968,108.35912923606828,115.16268421396828,16527118
2006-06-09,110.51637268066406,111.84388837268304,104.87439174433845,109.52072685505485,14347666
2006-06-12,108.85696411132812,110.84824370794043,107.36349535727383,109.02290508400083,6403632
2006-06-13,102.21932220458984,105.53814116858491,101.55557048724916,105.53814116858491,13619194
2006-06-14,100.39401245117188,101.55559941949548,98.56866753867995,99.89618946474748,20868140
2006-06-15,100.2280502319336,103.54685736319475,99.73022735092555,101.2236899562201,13669269
2006-06-16,102.21932220458984,105.37220022038515,101.38962953904941,102.88308599738886,16906257
2006-06-19,99.3983383178711,103.21496805704388,99.06646245867582,101.72151159634221,7969070
2006-06-20,94.91796112060547,100.55994226386993,92.92667543407983,99.56429640174201,14117559
2006-06-21,92.92667388916016,97.24112714452563,91.59915213279005,95.747664413893,13590580
2006-06-22,99.3983383178711,99.3983383178711,95.58170857869833,96.9092361663961,9113641
2006-06-23,101.38965606689453,102.8831129159858,98.56866524713674,99.56430515910783,10075795
2006-06-26,101.55559539794922,102.5512292559097,99.89618550891295,99.89618550891295,7418246
2006-06-27,99.5643081665039,101.38965912942636,99.0664912143469,100.89183613953841,13100561
2006-06-28,97.24112701416016,98.40271383244057,95.08390038936948,97.90489091032039,10113948
2006-06-29,98.23675537109375,100.22804066737199,98.23675537109375,99.23239500036836,11288324
2006-06-30,99.5643081665039,101.22371209506612,99.5643081665039,101.22371209506612,10190252
2006-07-03,99.06646728515625,101.38963463908202,98.90052632860944,99.8961660301608,5869499
2006-07-04,101.72150421142578,103.5468424365335,99.56427203803058,99.8961539108606,9405745
2006-07-05,99.89619445800781,102.05342750700841,99.89619445800781,101.55560449570058,4623587
2006-07-06,100.2280502319336,100.72587311294166,98.56864666630302,99.56428639058953,6462053
2006-07-07,102.05341339111328,102.71716523891872,99.73023965968177,100.22806260213137,9143447
2006-07-10,103.0490493774414,103.21499036176341,100.89182865671629,101.22370458762983,6559818
2006-07-11,100.55992126464844,103.21496426709517,100.55992126464844,102.71714143998805,6778002
2006-07-12,99.89619445800781,102.88312045039244,99.89619445800781,101.22371645043084,6917496
2006-07-13,99.3983383178711,100.72586590556888,99.06646245867582,99.3983383178711,4769043
2006-07-14,95.58171081542969,97.7389371581912,95.58171081542969,96.90923843419327,8424514
2006-07-17,92.09696960449219,95.58171778228787,90.93538285340712,94.91795392452498,8046567
2006-07-18,93.42450714111328,94.42015309676867,92.59480821579788,92.59480821579788,3539822
2006-07-19,92.26292419433594,94.91796794202527,92.26292419433594,94.58609200186208,4418518
2006-07-20,95.91360473632812,96.24548668259771,94.75202396211463,95.58172279005854,5802733
2006-07-21,94.91796112060547,94.91796112060547,93.92232129620776,94.58608520429303,4445940
2006-07-24,94.91796112060547,94.91796112060547,92.92667543407983,94.08826227322908,2465595
2006-07-25,96.90926361083984,98.23678553675911,96.57738161992731,96.57738161992731,5825386
2006-07-26,82.46739959716797,84.62247123610504,82.46739959716797,83.90414421178329,5457293
2006-07-27,85.91551971435547,86.49017273197607,82.46737821262595,82.46737821262595,9358507
2006-07-28,99.5643081665039,101.8874821193143,98.40272722782963,98.90055021771758,8593815
2006-07-31,99.06646728515625,101.72151655217563,98.90052632860944,101.55557559562882,7111835
2006-08-01,97.90489196777344,99.73023666419921,96.57737019884475,98.56865587110288,11045103
2006-08-02,99.44271850585938,100.38441364145004,97.55933446438615,98.31268683503383,10944953
2006-08-03,97.93600463867188,100.76108373219192,97.93600463867188,99.25437903545317,8900768
2006-08-04,100.9494400024414,102.83282424028727,97.93601774623752,97.93601774623752,11479303
2006-08-07,103.58616638183594,104.151182219937,100.19607135322956,100.94942995716973,9608537
2006-08-08,105.46955871582031,106.22291742342726,104.33953311382787,106.22291742342726,6346078
2006-08-09,107.3529281616211,107.3529281616211,104.9045284172509,105.46953799237532,7540507
2006-08-10,107.3529281616211,108.85963282136841,106.97625511153815,106.97625511153815,6892351
2006-08-11,107.16460418701172,108.29463592901816,106.22290899210353,107.72961382830646,4834075
2006-08-14,107.5412826538086,109.04798756528422,107.35294609730134,107.72961921031585,4103544
2006-08-15,108.67130279541016,108.67130279541016,106.9762615092495,107.72960765446922,4474229
2006-08-16,110.7430191040039,111.87305067400895,109.98966057086217,110.55468258557224,8682909
2006-08-17,113.00310516357422,116.01651498849795,111.6847368077429,112.06140992100396,15294537
2006-08-18,113.37977600097656,116.01651265971232,113.37977600097656,115.26316644831203,6503240
2006-08-21,106.7879409790039,113.75645616385336,106.59959195505175,113.37978303478532,7587
2006-08-22,110.3663558959961,111.49638756663795,107.35293395447908,107.35293395447908,5419
2006-08-23,111.11972045898438,111.30805702541235,107.35295175217013,109.98968860099828,6074026
2006-08-24,111.30805206298828,113.75645223623194,110.36636927283126,110.55470583086267,5619883
2006-08-25,109.23634338378906,113.00311212675857,109.23634338378906,112.43808996263303,4461222
2006-08-28,109.23634338378906,109.23634338378906,107.54128935083084,109.23634338378906,3796808
2006-08-29,109.23634338378906,110.93138495732892,109.23634338378906,110.93138495732892,3087955
2006-08-30,112.81478118896484,113.19145434423555,110.3663807608672,110.74305391613791,5945045
2006-08-31,113.00310516357422,115.63984187523688,113.00310516357422,114.88648318929714,9009155
2006-09-01,119.0299301147461,119.7832762959643,114.1331300991603,114.1331300991603,14703826
2006-09-04,117.3079833984375,119.10167834470785,114.97616626292813,115.15553201973027,14119998
2006-09-05,121.10163879394531,123.73838768064273,120.53662918499204,123.55003868490871,6295136
2006-09-06,121.10163879394531,123.36170214859095,119.78327058030474,120.53662918499204,7049512
2006-09-07,124.30341339111328,124.30341339111328,120.348308237871,120.348308237871,11130296
2006-09-08,120.1778793334961,120.1778793334961,117.48734327838253,118.74292843202429,10925444
2006-09-11,123.17337036132812,127.69349724489678,122.79669727416966,126.37512898042537,9439453
2006-09-12,120.91328430175781,123.7383693052421,120.53661128505901,123.17334732077947,6367756
2006-09-13,119.40660858154297,123.55005014304885,118.27657679942001,123.55005014304885,7153564
2006-09-14,116.76986694335938,120.53663523709137,115.82817175507216,120.53663523709137,6641976
2006-09-15,119.78325653076172,119.7832565307617,116.58151087006443,116.58151087006443,6037174
2006-09-18,123.55004119873047,124.68007289904557,121.28999025751678,122.04333641811583,10479972
2006-09-19,120.91328430175781,123.17334732077947,120.91328430175781,122.79667430408067,6559601
2006-09-20,122.0433578491211,122.42004345498374,119.78329405162013,120.91332595037062,7542675
2006-09-21,119.97161865234375,124.30339633254944,119.97161865234376,123.55003773366245,7091783
2006-09-22,120.15995025634766,121.47831840573741,119.78326474265369,119.9716137292085,5404192
2006-09-25,118.65325164794922,120.53664213226101,117.33488329269802,119.78328344665277,4629223
2006-09-26,117.52323150634766,119.97164436257752,117.52323150634766,119.59495875270125,5282799
2006-09-27,119.78325653076172,120.34827853285904,118.46488847175434,119.40658350230669,6031755
2006-09-28,117.33487701416016,120.34829913592858,116.7698673747506,120.34829913592858,5765122
2006-09-29,118.27655792236328,119.2182530004065,117.71154835118661,117.71154835118661,3207181
2006-10-02,120.15995025634766,120.15995025634766,117.7115504847073,118.65323312040309,5515831
2006-10-03,119.97161865234375,120.53662825694687,119.02992351858907,119.78326965805988,4428706
2006-10-04,121.66667938232422,122.60837466667341,120.53664753298881,120.53664753298881,8773955
2006-10-05,125.62175750732422,126.75178911271973,123.36169429653317,124.30338937759869,14320135
2006-10-09,119.63975524902344,119.63975524902344,119.63975524902344,119.63975524902344,0
2006-10-11,129.2001953125,130.33022697443778,126.37512238736363,126.94013198862446,13608030
2006-10-12,125.99846649169922,129.57689849895675,125.99846649169922,129.20021292069643,10472384
2006-10-13,125.24510192871094,128.44686066717077,124.86842882750997,128.44686066717077,8032585
2006-10-16,126.94012451171875,127.50514653911529,125.43341987102022,126.94012451171874,6930286
2006-10-17,120.91328430175781,126.18676883261315,120.91328430175781,124.3033788302903,7048428
2006-10-18,117.14656829833984,119.78330549416442,116.01653629164076,119.40663231173804,8809723
2006-10-19,116.58152770996094,118.84159112598091,115.63983254338319,116.76986425139317,5222102
2006-10-20,117.52323150634766,118.4649268419101,117.33489493111894,118.27659026668137,3307981
2006-10-23,120.15995025634766,120.15995025634766,117.52320149815249,119.02991863409706,4081867
2006-10-24,122.98504638671875,124.30341478592631,120.53664615113073,120.53664615113073,9772202
2006-10-25,122.42001342773438,125.05674972493912,122.42001342773439,123.92671810336343,4821068
2006-10-26,118.02544403076172,118.92231026950091,118.0254440307617,118.38420049379127,6538195
2006-10-27,123.73841094970703,124.68009380837972,122.79671563161575,124.30342066491065,2279385
2006-10-30,122.79670715332031,123.17338027078262,121.85501190024681,122.42003403585801,3280884
2006-10-31,122.23168182373047,124.3034088344733,121.28999905468139,124.3034088344733,3893273
2006-11-01,122.98504638671875,123.92674166027216,122.42003669823752,122.42003669823752,3466227
2006-11-02,122.98504638671875,123.73840509744508,121.47834142468413,122.23168767599243,3180084
2006-11-03,123.55004119873047,124.68007289904557,122.98503157828118,122.98503157828118,6798054
2006-11-06,119.97161865234375,121.66665992556925,119.78326965805988,120.53662825694687,5402025
2006-11-07,120.5366439819336,121.47833923854009,120.53664398193358,120.91331710080907,3685169
2006-11-08,120.5366439819336,122.23168547629105,119.78328528476483,120.53664398193358,6256117
2006-11-09,118.65325164794922,122.04334704405987,118.65325164794922,121.85501048751222,5033508
2006-11-10,118.65325164794922,119.59494689010512,117.8999054217586,119.40661033355745,3497659
2006-11-13,116.39319610595703,119.59494236495702,116.20484709711839,119.59494236495702,4214099
2006-11-14,116.76986694335938,117.1465400349075,115.82817175507216,116.39319385181125,4838410
2006-11-15,119.40660858154297,119.59494513532722,118.27657679942001,118.27657679942001,5046514
2006-11-16,121.47833251953125,123.36171046915617,120.9133104130518,121.28999597051047,6560685
2006-11-17,121.66667938232422,123.36172092661825,121.66667938232422,123.36172092661825,4573945
2006-11-20,123.36170959472656,124.11506824488674,122.42002685629764,123.55004614241236,5720683
2006-11-21,124.68003845214844,125.62173335214008,122.60832462346254,123.36167057592539,6271291
2006-11-22,123.17337036132812,125.05676071595398,123.17337036132814,125.05676071595398,2349837
2006-11-23,122.0433578491211,123.92674850017814,121.66668470267717,123.5500628943155,3324239
2006-11-24,122.0433578491211,122.6083800282057,120.5366528039267,122.42004345498374,2747619
2006-11-27,125.62175750732422,127.69348419378525,123.92671632893868,125.4334209829942,8242857
2006-11-28,124.11507415771484,125.05676940042306,123.17337891500664,125.05676940042306,3400110
2006-11-29,123.17337036132812,125.43343380311245,122.4200241870112,125.43343380311245,4764707
2006-11-30,124.68003845214844,124.68003845214844,122.79666111157825,124.11502898780131,2925374
2006-12-01,125.43345642089844,127.31684711513167,124.68009765132135,124.68009765132135,7033254
2006-12-04,127.12846374511719,127.50514925788534,123.9267178727895,125.99844458505963,4750617
2006-12-05,130.7069091796875,132.02528992696318,127.50516296320927,128.07017260397004,13161474
2006-12-06,132.02529907226562,132.96698187209662,129.9535719938018,131.8369500528816,7872172
2006-12-07,128.25852966308594,131.4602888510337,127.69351993196402,131.4602888510337,5282799
2006-12-08,126.56349182128906,128.07019694240196,125.43345986559956,128.07019694240196,3032677
2006-12-11,126.18682098388672,126.56349415625935,124.68010337555705,126.18682098388672,2308650
2006-12-12,122.79670715332031,125.81011701185422,120.53664352971101,125.81011701185422,4885017
2006-12-13,122.79670715332031,123.36171682951377,118.08824334737056,122.23168501770911,5850748
2006-12-14,124.86843872070312,125.99847057325447,121.47834316304916,123.36172127768923,5953716
2006-12-15,126.37510681152344,126.56344332206442,125.24507528886302,126.18677030098246,3882434
2006-12-18,126.56349182128906,128.82355573266807,125.81013303102294,125.81013303102294,4646565
2006-12-19,124.68003845214844,128.446818052115,124.68003845214844,126.56342825213173,3634227
2006-12-20,126.56349182128906,126.75182840400076,125.24512328288786,125.62179644831126,3451052
2006-12-21,124.86843872070312,126.56348026982101,124.49175313024055,126.18680713877664,2257708
2006-12-22,125.8100814819336,125.99843044689102,124.491713483717,124.491713483717,1631229
2006-12-25,124.68003845214844,125.81006984025579,124.68003845214844,125.81006984025579,1546687
2006-12-26,126.56349182128906,127.31685061155518,125.43345986559956,125.43345986559956,3096626
2006-12-27,126.37510681152344,129.2001793884672,125.9984337904415,126.94011634314637,3831492
2006-12-28,128.07015991210938,128.446845428037,126.94012828315797,128.07015991210938,2931877
2006-12-29,126.94012451171875,128.4468416118326,126.56345146639795,128.07015610709647,3354588
2007-01-02,135.7920684814453,135.7920684814453,127.31683601513858,127.31683601513858,12744183
2007-01-03,140.87716674804688,142.94889326976633,136.54537719525433,136.733713704608,18152712
2007-01-04,142.76055908203125,144.64394928939802,140.87718133408026,141.25385439178729,9593363
2007-01-05,140.5005340576172,144.2673027041208,140.12384847137417,143.51394399105286,6591034
2007-01-08,135.22702026367188,139.37047364701772,135.22702026367188,139.37047364701772,7234855
2007-01-09,135.03868103027344,137.11040768039183,134.85034450924726,135.60369059335196,5153818
2007-01-10,135.9804229736328,135.9804229736328,131.83696824495334,133.34368585142926,6104375
2007-01-11,133.7203369140625,140.12384207486335,131.46027333744632,137.11043227898676,12409266
2007-01-12,133.7203369140625,136.73374670993908,133.3436638044323,134.8503687023706,7382261
2007-01-15,137.4871063232422,138.42880156313674,133.34366471089075,135.0387061751669,5455134
2007-01-16,138.240478515625,141.63057423486822,138.240478515625,138.240478515625,7872172
2007-01-17,139.74717712402344,140.3121868214554,136.3570815611769,137.48711341545908,4478564
2007-01-18,143.70225524902344,143.89059177927052,139.5588142053397,140.87718237648522,8454212
2007-01-19,142.57225036621094,145.39733622837963,142.38391380061668,142.76058693180522,5616632
2007-01-22,143.1372528076172,143.70226242657927,142.1955576499306,143.3255893472712,4696423
2007-01-23,140.31219482421875,143.51395400386826,140.12385824766622,142.7605952382393,5894103
2007-01-24,142.0072479248047,144.07897517102592,142.0072479248047,142.76059422567144,5681664
2007-01-25,141.25387573242188,143.32560278163868,139.74717081454497,142.7605806502988,3665659
2007-01-26,139.37051391601562,141.44222874686363,138.8054917189341,139.37051391601562,4914282
2007-01-29,136.35708618164062,139.37050871497576,135.41539086125974,139.37050871497576,6410027
2007-01-30,138.6171112060547,139.37046974358566,136.3570480528769,138.24043816699677,7529668
2007-01-31,135.22702026367188,138.61711508838698,133.34364255621827,138.61711508838698,6256117
2007-02-01,135.22702026367188,136.73372492151785,132.77862052239135,136.35705187191024,2938380
2007-02-02,135.7920684814453,138.42880525595535,135.60371946090783,136.35707816480408,4926204
2007-02-05,135.22702026367188,135.79204229749882,134.28532518023732,135.79204229749882,3305813
2007-02-06,136.35708618164062,136.54542275383307,134.8503811446824,136.35708618164062,3701427
2007-02-07,140.1238250732422,141.25385672444034,137.4870887069185,138.24044729418927,7494984
2007-02-08,140.1238250732422,141.25385672444034,138.61712035811667,140.50051059658557,3485736
2007-02-09,137.11041259765625,140.5005074759539,137.11041259765625,140.12382196097704,4315983
2007-02-12,133.90869140625,136.5454284456933,132.59032288652836,135.98041870556364,5985149
2007-02-13,133.1553192138672,135.2270463044949,132.7786460917232,133.90867791757304,3109632
2007-02-14,136.73373413085938,136.92208312776444,133.72032461220712,134.09699768718457,5982981
2007-02-26,138.240478515625,140.12385672003649,138.240478515625,138.99382481362207,6195420
2007-02-27,132.73377990722656,133.63060847260274,131.2987794461452,132.19565784917435,4596652
2007-03-01,135.60369873046875,138.42878409363087,134.0969940124319,137.48708897257683,9612873
2007-03-02,133.53199768066406,135.41537565045297,132.77863901709816,134.85036599734147,5315315
2007-03-05,122.98504638671875,130.33024709348285,122.6083732610646,130.33024709348285,8647142
2007-03-06,125.24510192871094,125.99846059053007,122.79670185207023,123.92673361509034,5692503
2007-03-07,125.05677795410156,127.69351484649894,125.05677795410158,127.69351484649894,4822152
2007-03-08,129.2001953125,129.3885318462536,125.24509072542587,125.24509072542587,5997071
2007-03-09,128.07015991210938,130.70689622652407,127.69348685559748,130.33022317001218,3199594
2007-03-12,127.31683349609375,129.2002115294437,127.31683349609375,128.82353841465724,2631644
2007-03-13,133.7203369140625,133.7203369140625,127.31683175326164,127.31683175326164,7901437
2007-03-14,131.46026611328125,132.59029783949046,130.33023438707204,130.33023438707204,5482231
2007-03-15,135.60369873046875,137.1104159079216,133.53198441544907,133.72032094777668,6212762
2007-03-16,133.7203369140625,137.86377849824717,133.7203369140625,136.92209572417167,4226022
2007-03-19,133.34365844726562,135.2270363791682,132.9669728933515,134.8503632846711,1505500
2007-03-20,133.1553192138672,135.60371942663886,132.7786460917232,134.47370006020694,2816987
2007-03-21,136.35708618164062,136.92210835763663,133.34367610772415,134.47370800029748,3205013
2007-03-22,140.5005340576172,142.38391215115996,139.3705022177243,140.5005340576172,11241935
2007-03-23,141.44219970703125,141.63054870700077,138.6171266799033,140.5005170042663,5016166
2007-03-26,140.68887329101562,141.63056858536748,139.74717799666377,141.44221955896248,3609298
2007-03-27,141.25387573242188,143.89061245356092,141.25387573242188,141.25387573242188,6997486
2007-03-28,137.86378479003906,142.38391214955982,137.86378479003906,141.25388030967963,4591287
2007-03-29,141.25387573242188,142.00723442106917,136.16873884745124,136.16873884745124,4823236
2007-03-30,143.1372528076172,143.89059896623328,140.68885287328195,142.38389418958462,4860088
2007-04-02,141.63055419921875,145.02063697946792,141.63055419921875,144.83230043161151,3326407
2007-04-03,145.39732360839844,145.39732360839844,141.44220623653635,141.63055524520078,6141226
2007-04-04,145.02066040039062,146.71571452368448,144.26731408729916,145.77401917290112,4895856
2007-04-09,145.96231079101562,146.15064731127597,143.8905841493213,145.02061573029866,3171413
2007-04-10,147.6574249267578,147.6574249267578,145.397360838253,146.90406607744944,2754122
2007-04-11,148.22238159179688,148.78739118169642,146.5273403626824,148.78739118169642,4568526
2007-04-12,149.72911071777344,150.67080598065016,146.90403738856116,147.2807105099447,5415031
2007-04-13,146.52732849121094,150.2940961636097,146.52732849121094,149.91741067477946,2753038
2007-04-16,146.9040069580078,151.42413331595642,146.3389849335566,148.78738463420953,5411779
2007-04-17,144.64395141601562,148.03404636346897,142.38388811771338,146.90401471431787,4880682
2007-04-18,147.6574249267578,148.22243471917386,143.89064313963627,144.64400198894464,3273297
2007-04-19,143.89059448242188,147.65737499579063,143.89059448242188,146.90401640123366,4466642
2007-04-20,146.15069580078125,146.52738142569297,144.64399067939243,145.0206638448848,1799229
2007-04-23,150.67080688476562,151.42416559147117,147.28071139371752,148.5990797858888,6114129
2007-04-24,154.06089782714844,154.8142440521934,149.91744375173073,150.6708024361933,6539008
2007-04-25,154.2492218017578,155.7559265883679,153.1191900969461,153.6841997196437,4507829
2007-04-26,152.9308624267578,156.32095773783445,152.9308624267578,156.32095773783445,3246200
2007-04-27,152.9308624267578,155.19092596747558,152.74252587493422,153.307535530405,3358923
2007-04-30,157.45103454589844,157.45103454589844,152.93090617151358,152.93090617151358,7739940
2007-05-02,162.34779357910156,162.7244666917645,155.94427590732604,157.82766638947592,7258700
2007-05-03,162.53614807128906,163.85451657050882,158.76937915074413,163.47784341628002,6161820
2007-05-04,173.64805603027344,173.8363925398988,166.86786692727335,166.86786692727335,11800129
2007-05-07,177.03817749023438,180.80494563350535,175.15478718889068,176.28481887781362,7313977
2007-05-08,178.16822814941406,178.73323782432607,173.45976435414298,173.45976435414298,3909531
2007-05-09,171.7646942138672,178.54488442997376,170.63467497059932,178.16821134888445,7186080
2007-05-10,177.03817749023438,177.79153610265513,173.2714093469634,173.2714093469634,5439960
2007-05-11,177.7915496826172,178.92156899843613,174.58979090954475,176.28483234269055,3525840
2007-05-14,188.15017700195312,188.33851357185569,177.60321695264273,179.10993443070026,9926112
2007-05-15,180.99330139160156,187.02013355271325,179.67493302442878,186.45512387796109,6816479
2007-05-16,177.2264862060547,182.31162177819445,175.90811818584862,180.99325375798838,7875424
2007-05-17,175.53146362304688,181.55829483165687,175.53146362304688,178.35653646915864,6251781
2007-05-18,177.60321044921875,178.9215788496796,176.6615276341882,178.16823259765513,6726518
2007-05-21,178.92156982421875,181.9349920585626,178.92156982421875,178.92156982421875,6236607
2007-05-22,185.7017364501953,186.4550950260418,180.05157827988623,181.74663196068684,7281461
2007-05-23,183.06503295898438,189.84521152005394,182.68835983320776,187.7734968688644,6850080
2007-05-24,195.11866760253906,195.8720261977742,186.0784142973818,187.20844596052646,14584600
2007-05-25,198.50877380371094,199.63880553067958,191.35191035271518,193.2352882580517,8065102
2007-05-28,192.8585968017578,200.39213262447257,192.1052382357201,199.63878651785046,6209510
2007-05-29,195.11866760253906,198.88543565988255,192.1052456810146,194.74199453462955,7066854
2007-05-30,195.495361328125,197.75542489323155,193.98865643785976,195.11868822041305,4720268
2007-05-31,197.0020751953125,200.392170697451,195.49537023639024,197.7554339044826,6988815
2007-06-01,200.01547241210938,201.8988627184091,197.75540902831625,198.13208210580962,8449877
2007-06-04,201.52218627929688,203.405576670623,200.01548144188615,201.52218627929688,5844245
2007-06-05,195.87203979492188,200.76883985533865,195.1186811473897,200.76883985533865,9629131
2007-06-06,195.11866760253906,200.01546732302722,191.7285726131051,197.7554039967379,7694417
2007-06-07,197.75538635253906,198.13205938684095,192.85858706895482,195.118650193596,8565851
2007-06-08,195.11866760253906,196.62537233359325,193.9886359393944,193.9886359393944,5472476
2007-06-11,196.2487030029297,197.75540776267667,195.11867131826537,197.00204915309502,5854000
2007-06-12,190.22189331054688,196.248725499835,188.7151883780793,195.87205238157253,9021078
2007-06-13,184.5717315673828,192.10526858007168,183.25336321313313,189.09185875876315,9099117
2007-06-14,190.5985565185547,192.85862002945197,187.58514681030306,187.58514681030306,10933031
2007-06-15,197.75538635253906,198.88541791485966,191.72855550663422,192.1052285409361,11426193
2007-06-20,193.2353057861328,197.75543310402125,187.77349565986592,197.75543310402125,17431936
2007-06-21,186.64344787597656,190.97522580248784,185.32507959752385,190.97522580248784,17486129
2007-06-22,190.22189331054688,190.59856642880933,183.8183880029963,184.94840735778365,7622881
2007-06-25,183.67486572265625,185.8273048739692,180.4462194551044,180.4462194551044,10488426
2007-06-26,191.72857666015625,195.11867172114913,190.97521804901905,194.74199864528873,4474229
2007-06-27,190.22189331054688,192.85863005721959,187.9618296821366,191.72859824301446,4170744
2007-06-28,190.5985565185547,193.61197868622344,189.84519786178322,192.85862002945197,4017918
2007-06-29,192.8585968017578,195.8720186064931,190.59853356306027,192.8585968017578,8151811
2007-07-02,193.2353057861328,194.36533761560491,192.1052739566607,193.98866449225355,2928625
2007-07-03,194.7419891357422,199.638788720475,194.7419891357422,195.495335250676,6145562
2007-07-04,206.795654296875,208.30235900603472,196.62536947636104,196.62536947636104,12895925
2007-07-05,216.96595764160156,220.3560406064747,209.05574744434062,209.05574744434062,11644052
2007-07-06,222.99273681640625,224.1227558334606,213.57581199897422,218.8492839162174,10883173
2007-07-09,234.2931365966797,234.2931365966797,223.36951463095497,225.25288054308697,7996818
2007-07-10,220.98385620117188,224.57124627010953,217.3964412134004,223.8537582887885,6543885
2007-07-11,225.25282287597656,231.27966700838235,224.87614978998246,229.77294974557253,7476558
2007-07-12,216.96595764160156,229.01962195502387,216.96595764160156,226.00621210637715,11852155
2007-07-13,221.8627166748047,224.49945291621034,218.47263434123477,220.7326975365583,8216844
2007-07-16,213.19920349121094,221.48611276715738,212.82253032754764,221.48611276715738,6604040
2007-07-17,220.35604858398438,220.35604858398438,209.4324281426109,213.57588240877698,6026336
2007-07-18,216.58926391601562,225.62951752057387,216.58926391601562,220.35601963869286,5929871
2007-07-19,225.6295623779297,225.6295623779297,218.8493708265428,218.8493708265428,5785716
2007-07-20,230.90296936035156,231.65631545220342,227.13618906343066,227.13618906343066,4599958
2007-07-23,233.16305541992188,235.7997919188063,227.88958242215304,230.52631892103747,5534257
2007-07-24,236.55311584472656,236.55311584472656,227.88956099685828,234.293052641189,10840901
2007-07-25,242.4256591796875,246.87755971675867,236.75962944956828,240.80681175599662,10269958
2007-07-26,235.9501953125,250.92474449491058,235.54547707787052,246.87756214861562,7671759
2007-07-27,226.23703002929688,233.1172159438622,226.23703002929688,228.66533993992675,8240534
2007-07-30,224.6180877685547,231.49827157000806,222.59449679786894,222.99921499200607,7909179
2007-07-31,239.99734497070312,239.9973449707031,227.45110690489085,230.68885234093975,10359765
2007-08-01,230.2841796875,248.9011686275152,230.2841796875,242.02098371460932,11876155
2007-08-02,238.7832489013672,245.66343413879667,230.6889088281178,245.66343413879667,10256539
2007-08-03,242.83041381835938,250.1153430621738,239.9974112779825,248.9011881882047,14316419
2007-08-06,232.71246337890625,236.35492770881737,231.90302686114822,233.11718163778525,5809561
2007-08-07,222.59451293945312,237.16434348605299,221.38035826899647,236.35490703908187,11490090
2007-08-08,234.73602294921875,237.9737685826763,225.02281154772484,225.02281154772484,9252149
2007-08-09,231.90301513671875,235.14076104405865,226.6417035361724,234.73604280564115,11073057
2007-08-10,221.7851104736328,225.42757504308867,218.547389688556,218.547389688556,8481051
2007-08-13,214.50018310546875,225.02283186543565,214.50018310546875,222.5945224210861,6942983
2007-08-14,207.21519470214844,214.50010772568714,204.3821807620943,214.50010772568714,7486984
2007-08-15,196.69264221191406,204.78699524199408,193.0501903605712,202.76340379711354,13636159
2007-08-16,197.50204467773438,201.14449589996084,192.24072057921177,193.05015701735985,15654228
2007-08-17,201.9539337158203,205.59638496289523,199.52563713425033,202.3586519376553,15634616
2007-08-20,205.19166564941406,215.3095950139097,205.19166564941406,215.3095950139097,14048031
2007-08-21,197.29971313476562,206.81056711297515,195.47848089447126,205.1917067599329,8567761
2007-08-22,204.38226318359375,204.38226318359375,198.3115020073871,198.3115020073871,7362081
2007-08-23,214.50018310546875,218.14264727199304,211.26243717966935,212.47659190184413,8865052
2007-08-24,212.88131713867188,218.14265444100377,212.47659888464634,216.52378142490164,7852404
2007-08-27,214.50018310546875,220.9756494581864,213.28602838329397,220.9756494581864,8100147
2007-08-28,218.54734802246094,219.3567844391319,214.09544773077056,214.09544773077056,5882852
2007-08-29,217.7379150390625,217.7379150390625,213.28601467717496,213.28601467717496,5882852
2007-08-30,226.23703002929688,228.26062162148844,218.14268915941662,221.38041020803712,8256018
2007-08-31,226.64169311523438,230.6888753133206,225.02282023599986,228.6652842142775,9831248
2007-09-03,225.0228271484375,231.49829336541444,225.0228271484375,227.85585477412516,5625819
2007-09-04,228.26058959960938,232.307746717345,226.64171655296215,227.45115307628575,8124921
2007-09-05,233.11717224121094,237.97379115199672,231.49829927094902,232.30773575607998,10766475
2007-09-06,242.83041381835938,242.83041381835938,231.093608868876,234.3313551994602,9511247
2007-09-07,238.7832489013672,244.44927930297675,237.56909406554726,243.23512446715682,7296016
2007-09-10,242.83041381835938,247.28231502291263,238.78325640401343,239.5926929866595,11280541
2007-09-11,242.83041381835938,252.54365281011192,241.6162844432746,250.52006135349683,13110739
2007-09-12,238.7832489013672,246.47287069600998,238.78324890136722,246.47287069600998,7772920
2007-09-13,239.1879425048828,242.0209701628687,236.75963308375202,242.0209701628687,6426853
2007-09-14,241.21151733398438,244.04451930099978,240.8067991245709,240.8067991245709,7421952
2007-09-17,230.68890380859375,242.83040090484118,229.47474899919243,242.42568263504074,7727501
2007-09-18,230.68890380859375,230.68890380859375,230.68890380859375,230.68890380859375,0
2007-09-19,226.64169311523438,237.56905955118745,224.61810201619124,237.56905955118745,11901962
2007-09-20,223.80868530273438,234.3313344463293,222.59453053629474,230.6888956458924,9699118
2007-09-21,231.90301513671875,232.71245161355372,225.02283058250248,225.42754882091995,6532143
2007-09-26,234.73602294921875,235.54545935758313,228.6652753853646,231.4982773157612,6455756
2007-09-27,237.97386169433594,241.61632695715736,236.75970660672877,238.78329841940734,6773692
2007-09-28,237.97386169433594,240.80689023208592,237.5691433318002,239.99745350701448,5032269
2007-10-01,239.1879425048828,245.663408795684,238.78322426802768,242.8303811376981,4839236
2007-10-02,246.87757873535156,248.9011700444562,241.61626683056195,242.8303961171423,11861704
2007-10-03,250.92478942871094,252.94838096422856,248.09176127898624,249.71063450740036,12623512
2007-10-04,244.44920349121094,250.51997578756377,244.44920349121094,248.90110317520302,7898856
2007-10-05,235.14076232910156,248.90115701161557,235.14076232910156,246.0681293272107,12427382
2007-10-08,238.7832489013672,240.4021220157938,236.759657508334,237.56909406554726,6522853
2007-10-09,240.40213012695312,240.80684841921493,232.71248257397843,240.80684841921493,6078981
2007-10-11,242.4256591796875,245.66340502483018,239.59265706406813,240.4020935253538,9451376
2007-10-12,230.68890380859375,239.997398515121,230.68890380859375,238.78324370571968,8451115
2007-10-15,232.30770874023438,233.92658152223214,227.8558340886188,232.71242693573382,4243622
2007-10-16,244.04454040527344,244.8539768940982,235.1407645270825,238.3785104823815,12732932
2007-10-17,247.68702697753906,250.9247732252904,244.0445624488188,244.8539990107566,13099384
2007-10-18,247.68702697753906,252.13892806819717,247.68702697753906,250.9247732252904,6822208
2007-10-19,245.6634063720703,251.32946163214314,244.44925167348327,248.90115223496906,7001822
2007-10-22,238.7832489013672,239.99740373718714,235.1407843939074,235.1407843939074,7253693
2007-10-23,250.92478942871094,252.94838096422856,242.0210121713186,242.83042328664038,13325449
2007-10-24,247.68702697753906,265.0898620614353,247.68702697753906,254.97193053609598,18415525
2007-10-25,259.01904296875,259.01904296875,250.11526870552655,254.1624249166954,11276412
2007-10-26,258.2095947265625,262.66149440243663,254.16241320304056,262.66149440243663,9322343
2007-10-29,258.2095947265625,262.66149440243663,258.2095947265625,261.85205809773225,6180143
2007-10-30,259.01904296875,265.49450820594615,259.01904296875,262.2567883367864,7655243
2007-10-31,256.18609619140625,263.4710255563092,252.1389387097893,263.4710255563092,10104797
2007-11-01,257.8049621582031,261.8521450252759,255.37665243795948,259.01911701832495,8254986
2007-11-02,239.99734497070312,239.9973449707031,239.9973449707031,239.9973449707031,2894458
2007-11-05,223.4039306640625,223.4039306640625,223.4039306640625,223.4039306640625,3638717
2007-11-06,211.2624053955078,216.928459913206,208.02467270626175,208.02467270626175,48500754
2007-11-07,210.85772705078125,214.50017838775295,204.7869663228682,211.6671507649881,24729862
2007-11-08,205.19166564941406,208.83411665078953,202.76335648220433,206.40580748357982,17838491
2007-11-09,202.35865783691406,209.23885505924375,200.73978490237994,206.40582742380903,18994623
2007-11-12,202.76339721679688,203.5728337684803,197.5020723802963,197.906790656138,13735256
2007-11-13,202.76339721679688,206.81056722577233,202.35867894095517,202.76339721679688,9282085
2007-11-14,213.28602600097656,214.50018070958973,207.61998344355555,210.45301109698627,12560544
2007-11-15,205.59640502929688,212.0718844612296,205.59640502929688,211.6671661998937,10126474
2007-11-16,202.35865783691406,203.57281253781466,200.3350666687464,200.3350666687464,9572150
2007-11-19,200.73980712890625,205.59641372080665,200.73980712890625,203.5728350780225,4561558
2007-11-20,202.35865783691406,202.35865783691406,192.64544572858995,197.502051782752,12040285
2007-11-21,192.24075317382812,200.3350934288328,192.24075317382812,200.3350934288328,14349451
2007-11-22,182.5275115966797,191.4312870528611,182.1227933714496,190.21713237717088,21968565
2007-11-23,176.86143493652344,185.36049052128868,176.4567167896834,183.33689978708858,14525968
2007-11-26,182.93222045898438,185.36051693663848,176.86146014068999,180.90862943640644,16762876
2007-11-27,178.6826934814453,180.09920730958208,170.79071336642127,170.79071336642127,13289320
2007-11-28,174.4331512451172,182.9322208066581,174.4331512451172,179.28975695909512,8990988
2007-11-29,163.91050720214844,173.42135974769778,163.10107077283536,172.00484599639987,38139957
2007-11-30,169.98126220703125,171.80248136498705,164.7199383351069,165.5293747383936,20623530
2007-12-03,172.4095916748047,175.44497876824656,171.1954495868697,172.81430995393026,10470217
2007-12-04,174.0284423828125,174.83787883683786,171.8024921342427,172.40956947476172,7440532
2007-12-05,178.0756072998047,179.49212105772872,172.00484680099862,172.00484680099862,10801572
2007-12-06,173.0166473388672,180.9086400400574,172.00485176827357,180.9086400400574,9930345
2007-12-07,173.42140197753906,176.05207101340076,172.00488788130585,174.63555691716755,8024792
2007-12-10,171.80250549316406,173.42137852709422,170.7907225963988,172.8143011393704,6090336
2007-12-11,166.7435302734375,171.19543085674607,164.31523361380047,170.18363526963049,11246477
2007-12-12,159.8633270263672,165.12465071272206,158.64917246426094,162.2916234011408,13069448
2007-12-13,155.81617736816406,162.69637522649643,155.81617736816406,157.83976872339167,16849586
2007-12-14,149.94776916503906,159.458635403179,145.69824023917795,159.0539171483883,22585857
2007-12-17,149.74539184570312,153.18549659349995,149.74539184570312,150.55482825694943,12642093
2007-12-18,153.7925567626953,157.03028929741564,144.88876998069784,150.55481147853695,15871003
2007-12-19,163.10107421875,164.5175879999753,156.62559539687447,157.83975006649612,13912805
2007-12-20,158.2445068359375,164.31526891336182,157.030351870564,163.91055059157065,8766987
2007-12-21,163.50579833984375,165.12467129106767,158.64919223561242,161.48220715081382,7802856
2007-12-24,173.21896362304688,174.02839987938142,169.98123134714567,170.79066760348022,8680277
2007-12-25,171.19546508789062,173.62376223307436,170.3860284563484,172.81432560153215,5015753
2007-12-26,159.2562713623047,159.2562713623047,159.2562713623047,159.2562713623047,2486715
2007-12-27,162.0892791748047,165.1246658584857,159.25626435280913,159.25626435280913,14871775
2007-12-28,162.898681640625,166.74349122176136,157.03028135918663,162.0892453605042,15677970
2007-12-31,170.38600158691406,170.38600158691406,161.68457191947127,163.70816317921168,12163124
2008-01-02,165.93409729003906,173.62371782396949,165.93409729003906,170.385984875384,13483385
2008-01-03,157.83975219726562,160.67276704852068,156.6255975112534,158.44682954027175,15271260
2008-01-04,148.53126525878906,157.43504119961727,147.1147513933807,155.61380908694937,21960307
2008-01-07,138.21095275878906,140.03218474041873,138.21095275878906,139.2227483041389,15401325
2008-01-08,130.9260711669922,135.58031866684794,129.71191631934934,132.74729068901462,25242895
2008-01-09,136.59210205078125,136.99682029681787,129.50954549458118,129.50954549458118,17927266
2008-01-10,138.81800842285156,144.68640892065153,138.41329026786966,138.81800842285156,17810620
2008-01-11,140.84165954589844,143.87703425942885,140.03222288910544,142.86525118788092,9960280
2008-01-14,135.37794494628906,144.88879806302012,133.9614311099213,144.0793615850957,14884162
2008-01-15,136.38975524902344,141.85343931465866,134.36616383603192,135.78267782512597,12834093
2008-01-16,129.9142608642578,135.17558519680506,129.9142608642578,132.34257028671365,15201066
2008-01-17,131.12840270996094,135.1755719341965,130.318966315226,134.36613553946157,13212933
2008-01-18,131.93785095214844,131.93785095214844,126.27180842965666,129.50954154989182,14937840
2008-01-21,133.15199279785156,136.59209778164353,131.12841438035542,131.5331326137427,13169578
2008-01-22,123.84351348876953,126.87888784659461,123.84351348876953,123.84351348876953,12455253
2008-01-23,118.98693084716797,127.4859909615292,118.58221248463225,126.27184862336644,16780425
2008-01-24,119.79631805419922,124.65292364769607,117.97508617559822,122.22461447622808,14569323
2008-01-25,128.09304809570312,128.09304809570312,126.27182850391972,126.27182850391972,4855752
2008-01-28,135.17559814453125,136.99683038581895,132.54492935156014,136.59211210997722,24143538
2008-01-29,135.98500061035156,137.40151422073566,133.15197338958333,137.40151422073566,9201569
2008-01-30,136.38975524902344,137.60391009681834,132.94964984693786,134.36616383603192,9760022
2008-01-31,126.8788833618164,126.8788833618164,126.8788833618164,126.8788833618164,3369297
2008-02-01,119.79631805419922,122.42697357385042,118.17744527322056,118.17744527322056,28705097
2008-02-12,111.4996337890625,117.36803623845748,111.4996337890625,117.36803623845748,21274886
2008-02-13,115.34445190429688,117.57038963875785,113.7255788250951,115.34445190429688,12114608
2008-02-14,123.2364273071289,123.23642730712892,123.23642730712892,123.23642730712892,4226074
2008-02-15,131.73548889160156,131.73548889160156,125.8670873833873,126.47416472038601,20397465
2008-02-18,135.98500061035156,136.79443695914247,133.96140973837427,134.3661279127697,16937328
2008-02-19,135.17559814453125,137.40154866166066,133.1520067653227,137.1991895237398,8774213
2008-02-20,133.15199279785156,136.3897386649499,133.15199279785156,134.1637883813198,9378085
2008-02-21,139.62750244140625,139.62750244140625,134.77089532380643,134.77089532380643,11979381
2008-02-22,139.42510986328125,139.42510986328125,136.99681326120984,138.00859607489957,7388919
2008-02-25,138.0085906982422,143.4722865262836,138.0085906982422,141.65105458360313,10076926
2008-02-26,139.62750244140625,141.04401656929377,138.8180657968991,140.84165740816698,9282085
2008-02-27,144.07937622070312,145.90060848103417,141.24636100962996,141.65107928970352,14708678
2008-02-29,144.07937622070312,145.09117192088706,142.0557975697771,142.0557975697771,7034854
2008-03-03,137.4015655517578,140.43694024425264,134.36617810981977,139.2227852674774,8392277
2008-03-04,144.8887939453125,144.8887939453125,138.61567416911936,139.62746973776987,8234341
2008-03-05,142.86520385742188,148.93596402271646,141.65104927447516,146.507654856823,12508931
2008-03-06,152.17369079589844,152.37604988503506,144.48405815814536,144.8887763364186,13588675
2008-03-07,152.983154296875,156.2208875481067,149.74540829620244,150.5548447963706,14525968
2008-03-10,148.9359893798828,154.6020323155366,148.9359893798828,151.76900447298908,12269447
2008-03-11,153.38787841796875,153.5902375507562,145.6982441214871,145.6982441214871,10954347
2008-03-12,153.7925567626953,159.8633164210542,153.7925567626953,159.8633164210542,11454993
2008-03-13,149.13833618164062,157.43503439286948,148.9359770667599,154.19730130421826,10442346
2008-03-14,149.3406982421875,152.17372614825732,149.1383518554812,151.36428960366592,7481823
2008-03-17,141.6510467529297,145.90057496815785,140.8416103787074,145.69821587460228,11278477
2008-03-18,144.8887939453125,144.8887939453125,141.65106087507093,142.46049732999137,7721307
2008-03-19,151.36427307128906,152.57842775556318,147.92418088195257,148.12653999599823,9423505
2008-03-20,153.38787841796875,153.79259668354365,147.72183544936158,152.98316015239385,12079511
2008-03-21,160.67276000976562,160.67276000976562,155.20907691150387,156.22087243885596,15779132
2008-03-24,164.71995544433594,171.8024992098699,163.10108246961244,171.8024992098699,15227905
2008-03-25,165.93409729003906,169.17183023862455,165.73173818391248,166.33880275285256,10309184
2008-03-26,159.8633270263672,167.55294708749568,159.8633270263672,165.93408708745955,11586090
2008-03-27,162.69638061523438,163.70817632636033,159.4586470890733,160.26808365797407,8410857
2008-03-28,163.50579833984375,165.12467129106767,161.07748891300784,161.88692538861983,10540410
2008-03-31,161.8869171142578,164.517585525538,161.27983978857776,163.50578998273792,7266080
2008-04-01,161.8869171142578,167.1482411873784,161.8869171142578,163.91050819985796,8096018
2008-04-02,168.76712036132812,169.17183859356922,163.91051432387528,165.93410548508075,13937579
2008-04-03,167.14828491210938,169.17187652706585,166.13650185407428,167.95772155809198,7217564
2008-04-07,162.898681640625,164.92227234092695,160.47037280026262,163.91047699077598,13313062
2008-04-08,164.92234802246094,164.92234802246094,159.66102253673338,159.86338169962457,10189442
2008-04-09,164.3152313232422,165.93410424006,162.29164017721993,165.52938601085555,5764142
2008-04-10,166.7435302734375,167.14824850828373,164.31523361380047,164.7199518486467,4434590
2008-04-11,167.95770263671875,171.39780799459766,167.95770263671875,169.1718574689113,11452929
2008-04-14,168.36239624023438,171.19542376683054,167.95767802214922,168.36239624023438,6777821
2008-04-15,175.44496154785156,179.89684943182647,171.60015102297876,172.00485651293965,16330359
2008-04-16,170.1836395263672,178.88505629432564,169.98128040388255,177.26619606388914,17091135
2008-04-17,159.8633270263672,173.623707148588,158.44681337057656,172.00483439911304,33692979
2008-04-18,150.5548553466797,154.60203813113148,149.7454187897893,150.95957362512488,29611421
2008-04-21,156.62559509277344,156.62559509277344,152.57842561799913,152.57842561799913,15450873
2008-04-22,158.2445068359375,159.86338012310213,155.2091194225038,157.43507019235517,10762346
2008-04-23,160.67276000976562,163.50578748635152,158.24446349356018,159.86333633732355,11921575
2008-04-24,157.83975219726562,163.10107642054516,157.83975219726562,161.8869217345329,9569053
2008-04-25,158.2445068359375,160.2680984448933,158.2445068359375,159.86338012310213,5940658
2008-04-28,161.0774688720703,161.2798279657962,156.22086337208816,158.2444543093469,9732151
2008-04-29,161.8869171142578,164.11286730841798,160.6727624628977,161.07748068001774,11560284
2008-04-30,159.8633270263672,163.9104961506158,159.45860883899843,162.69634158850957,7395113
2008-05-02,168.969482421875,169.17184154152181,166.3388138664664,166.74353210576004,17187135
2008-05-05,166.7435302734375,169.77891703478426,165.52938831833916,169.37419879993803,9393569
2008-05-06,166.7435302734375,167.75532586055309,164.7199518486467,166.7435302734375,5940658
2008-05-07,168.5647430419922,171.39777036174277,168.16002485345638,168.16002485345638,11716155
2008-05-08,167.7552947998047,170.3859628392236,167.1482175599388,167.1482175599388,7664533
2008-05-09,162.29161071777344,168.96944753803453,162.29161071777344,167.9576521486862,8587374
2008-05-12,161.0774688720703,163.50577799678084,159.25624977797628,162.6963416218773,7254726
2008-05-13,165.93409729003906,167.75531649573855,161.88691516750762,161.88691516750762,8685439
2008-05-14,164.71995544433594,168.767125131704,164.71995544433594,167.5529704006614,7426081
2008-05-15,167.14828491210938,167.35064407360503,164.71998772360476,165.731783531083,7299113
2008-05-16,168.76712036132812,171.1954297547747,167.95768389684594,169.17183859356922,11004928
2008-05-19,169.17185974121094,169.98129630687825,167.75534575129316,169.57657802404458,4529558
2008-05-20,165.93409729003906,172.40956318721004,165.93409729003906,169.98126666313084,11980414
2008-05-21,165.12464904785156,167.35058630649777,164.7199308645634,165.12464904785156,6234852
2008-05-22,162.898681640625,163.7081179207458,161.4821681504136,161.886886290474,7177306
2008-05-23,153.7925567626953,161.68453539395526,153.7925567626953,160.268034581574,14525968
2008-05-26,149.13833618164062,153.3878648446954,147.3171041477142,150.95955546612686,11304283
2008-05-27,155.0067138671875,155.0067138671875,150.5548264094039,150.95954461006053,6222465
2008-05-28,151.9713134765625,154.60198131976853,151.76895441170052,154.1972631900445,5742464
2008-05-29,153.7925567626953,155.20905757507657,152.37604320087604,154.6019930837349,4091880
2008-05-30,153.7925567626953,155.41141665533647,148.1265152648562,154.6019930837349,9859119
2008-06-02,148.9359893798828,152.3760818678207,146.50767980055636,151.97136360459962,11779123
2008-06-03,146.10293579101562,147.31709036672004,144.88878121531124,145.69821759911417,7753307
2008-06-04,147.72183227539062,148.73362791758828,145.69824099099532,146.10295924787437,7397178
2008-06-05,149.74539184570312,149.74539184570312,145.69822253891098,147.72181356702677,6827370
2008-06-06,150.9595489501953,153.38785822394973,150.75718984404912,150.9595489501953,7691372
2008-06-09,149.74539184570312,150.15011005132627,146.10294074453415,146.91237715578046,5022979
2008-06-10,145.69821166992188,150.75717611337654,145.69821166992188,148.53123889794205,7353823
2008-06-11,142.66285705566406,146.91238571278421,142.05577971186972,145.69823102519555,8225050
2008-06-12,133.15199279785156,140.0321900159952,132.74727456446425,139.62747178260793,16223004
2008-06-13,131.93785095214844,136.79445700722133,131.93785095214844,136.79445700722133,7504533
2008-06-16,129.9142608642578,135.17558519680506,126.67651496765002,133.55671224850116,8199244
2008-06-17,137.1991729736328,137.1991729736328,127.89066650158473,131.53313054477576,7407500
2008-06-18,138.0085906982422,140.03218174566493,135.58029419077445,136.38973060974357,7895759
2008-06-19,133.96142578125,136.38973511843085,133.96142578125,134.77086222697696,6637434
2008-06-20,134.97323608398438,139.22276513886402,134.77087695044528,135.58031348460165,7883372
2008-06-23,135.78265380859375,135.98501291410068,129.71189339282571,131.533125342388,7097822
2008-06-24,129.10479736328125,137.19914766088738,129.10479736328125,135.98499320383078,7341435
2008-06-25,134.77085876464844,134.77085876464844,127.89066190216495,129.9142529644953,8592535
2008-06-26,139.829833984375,141.65106607479976,135.58030518949116,135.58030518949116,13033319
2008-06-27,140.2345428466797,141.0439792771713,134.770859690301,135.7826552284155,16591521
2008-06-30,141.6510467529297,143.2699195013743,136.7944412570348,141.6510467529297,9408021
2008-07-01,136.79443359375,141.6510388175757,136.79443359375,141.04396157091773,7250597
2008-07-02,130.31895446777344,138.8180103409527,130.31895446777344,134.7708414846501,12948674
2008-07-03,133.75904846191406,135.78263930077082,126.27178785702054,126.67649327535364,10722088
2008-07-04,130.7237091064453,134.97323822885457,129.5095542859165,134.97323822885457,9181956
2008-07-07,128.90248107910156,130.31899508257703,126.27182496494626,127.89068536233337,9548408
2008-07-08,120.20106506347656,127.28360967917416,119.99870591734565,126.87889138691234,13295513
2008-07-09,123.03406524658203,126.47417030823118,121.41519227639421,121.41519227639421,9664021
2008-07-10,122.02227020263672,124.24822054690479,121.41519283601815,123.03406581366765,7833824
2008-07-11,124.24823760986328,125.2600333598437,121.61756865991417,121.81992780991025,6050078
2008-07-14,124.24823760986328,127.48597126035823,122.22464610990242,122.62936440989459,10206990
2008-07-15,116.55858612060547,123.23642437349528,116.55858612060547,122.22462876708158,15496293
2008-07-16,117.64191436767578,122.01521045496142,115.89258502042526,118.7352349793921,20743323
2008-07-17,125.73250579833984,125.73250579833984,122.01519173603832,125.07651080386525,11869972
2008-07-18,132.948486328125,134.47913247433394,129.66849717379893,130.76183143871444,21738790
2008-07-21,141.47640991210938,142.13240495576147,136.44711912424967,136.88444460654463,14398499
2008-07-22,142.13238525390625,143.44437515934737,138.1964155375829,139.94574450511598,10179518
2008-07-23,142.56976318359375,145.1937437098297,139.72711306669774,144.31907898761068,11721776
2008-07-24,143.00709533691406,145.63107598447874,140.16444508857842,142.56976977579387,10013947
2008-07-25,141.9137725830078,141.9137725830078,138.19645762520767,140.38311268035943,8280568
2008-07-28,142.1975555419922,142.1975555419922,142.1975555419922,142.1975555419922,0
2008-07-29,139.94577026367188,139.94577026367188,137.7591154719864,138.19644097415554,7767504
2008-07-30,139.28977966308594,141.69509046288545,138.19644541192406,141.69509046288545,12207245
2008-07-31,139.94577026367188,143.00707605969563,138.19644097415554,140.383095765841,12536342
2008-08-01,142.13238525390625,142.13238525390625,136.00976114837525,138.41508506862888,7788966
2008-08-04,141.03907775878906,143.0070627966614,139.94575728455507,142.13239823302303,4345714
2008-08-05,143.00709533691406,143.66309049880525,140.38311468934938,143.00709533691406,10424808
2008-08-06,151.75367736816406,151.75367736816406,146.50571692631704,147.3803815467647,13014657
2008-08-07,152.495361328125,153.80998380255588,150.30434205796294,151.8380569111181,12896816
2008-08-08,157.43894958496094,160.71893793162715,151.09765605926796,152.1909900549624,15647432
2008-08-11,161.812255859375,162.90557619825017,158.96960660979926,160.93759140402472,15337754
2008-08-12,163.99896240234375,166.1856174168424,160.06297792007766,162.90562807488377,15038296
2008-08-13,161.15623474121094,163.3428887040623,158.3135859535456,163.12421921565274,12075402
2008-08-14,159.6256103515625,160.93760028679327,157.87629498472737,159.6256103515625,6651436
2008-08-15,155.6896514892578,162.6869407292715,155.6896514892578,160.5002861367149,8956136
2008-08-18,153.94033813476562,159.1883124227947,153.94033813476562,156.56433209899018,8055719
2008-08-19,154.81500244140625,155.6896670941811,150.87903196454948,150.87903196454948,7898325
2008-08-20,158.09498596191406,158.3136555464483,151.09769566102543,154.815010396004,7401613
2008-08-21,154.81500244140625,158.5323169853843,154.81500244140625,157.43898275931076,5249197
2008-08-22,156.56430053710938,157.87629043452688,153.50298168285698,155.90829194798332,7793055
2008-08-25,159.6256103515625,159.84427988757352,157.43895591270532,159.6256103515625,6533901
2008-08-26,158.09498596191406,159.62564577281233,157.00166532008427,157.00166532008427,4613488
2008-08-27,165.31094360351562,165.31094360351562,158.75097892031536,158.75097892031536,14649921
2008-08-28,162.24960327148438,165.31092246018468,161.37495233792896,164.43625788621048,9225955
2008-08-29,160.28160095214844,165.3109046604499,159.62560600240627,163.7802452309124,7833936
2008-09-01,153.94033813476562,159.40696835616504,151.75368331812183,158.7509732752139,10113085
2008-09-02,153.2843475341797,156.78299261498802,150.00437203355327,154.81500731461216,11451958
2008-09-03,148.69236755371094,150.4416831059103,146.2870433239653,148.69236755371094,15005591
2008-09-04,148.69236755371094,150.8790222242745,147.38037747945666,148.69236755371094,8771147
2008-09-05,149.12965393066406,155.25227721867168,143.00703064265645,146.06834910686803,27262917
2008-09-08,158.31362915039062,159.1882937022717,153.94032003140364,156.5643136870469,14095975
2008-09-09,150.8790283203125,155.68966333375107,148.69237356140047,154.81499870210232,13233373
2008-09-10,153.065673828125,153.50299929730812,150.44168009176968,150.87901920137168,13190448
2008-09-11,146.72438049316406,152.1910102767417,146.72438049316406,150.87902021991658,12943114
2008-09-12,146.068359375,150.00432884245888,140.8203864446383,148.6923390199726,14284031
2008-09-15,140.60174560546875,146.0683749973006,140.60174560546875,142.132391468464,8424675
2008-09-16,137.97775268554688,140.82040216507758,135.57244228927814,137.32175770107193,13562470
2008-09-17,141.2577362060547,146.9430213217582,139.94574628393715,143.4443769826389,8150769
2008-09-18,142.35105895996094,142.35105895996094,134.69777519348,135.79110924035885,12932894
2008-09-19,152.19100952148438,152.19100952148438,148.0363698153495,149.5670294208558,16211598
2008-09-22,152.19100952148438,155.68965420246212,150.8790194711701,155.68965420246212,8845756
2008-09-23,153.2843475341797,153.5030171143616,151.97235733392912,152.19102691411103,9316916
2008-09-24,152.19100952148438,154.81498962211296,152.19100952148438,153.28433001660667,9554029
2008-09-25,153.2843475341797,153.5030171143616,150.22304161373518,150.44169755349665,5660057
2008-09-26,147.81773376464844,153.9403599340143,147.81773376464844,153.9403599340143,9876994
2008-09-29,148.1133575439453,148.1133575439453,148.1133575439453,148.1133575439453,0
2008-09-30,142.13238525390625,142.5697243159982,137.54042058486235,137.54042058486235,8454314
2008-10-01,142.13238525390625,146.06836861064698,141.2577344105571,146.06836861064698,3919523
2008-10-02,135.57241821289062,142.7883617606311,132.2924438730086,132.5110997353903,11292519
2008-10-03,139.72711181640625,144.97507282191896,126.38852607350019,144.97507282191896,9649079
2008-10-06,130.10581970214844,134.69778483454212,130.10581970214844,130.10581970214844,7827804
2008-10-07,130.76181030273438,139.07108935515313,124.85784169158511,139.07108935515313,6275325
2008-10-08,122.01518249511719,128.79381511186025,121.79652660713124,121.79652660713124,7088869
2008-10-09,123.32717895507812,130.54312293412096,120.70318568591884,130.54312293412096,7099089
2008-10-13,120.92188262939453,123.32720692826422,119.17256702692346,119.17256702692346,8036300
2008-10-14,129.2311248779297,129.2311248779297,129.2311248779297,129.2311248779297,4678899
2008-10-15,133.82310485839844,138.19641357469703,127.7004808398307,138.19641357469703,7710269
2008-10-16,129.2311248779297,143.0070306906765,129.2311248779297,143.0070306906765,7941250
2008-10-17,129.2311248779297,138.1963971313112,129.01245537600812,138.1963971313112,5573184
2008-10-20,133.16712951660156,138.19643391659437,125.29518903705026,138.19643391659437,6340736
2008-10-21,134.4791259765625,142.35108046999878,134.04180047597933,142.35108046999878,8587180
2008-10-22,133.3857879638672,143.88172136923322,132.0737979932487,143.88172136923322,4770882
2008-10-23,131.19915771484375,131.19915771484375,128.79384687095558,128.79384687095558,6669833
2008-10-24,126.607177734375,140.3830870635706,126.607177734375,140.3830870635706,5310519
2008-10-27,117.8605728149414,135.35378279279266,117.8605728149414,135.35378279279266,7183919
2008-10-28,120.26586151123047,125.95115985796437,109.769929249664,125.95115985796437,11495905
2008-10-29,121.577880859375,128.5751707327747,120.26589071316504,128.5751707327747,13964132
2008-10-30,129.01248168945312,129.66847668859927,113.26858806952723,113.26858806952723,12889968
2008-10-31,129.4498291015625,132.5111347475059,120.04721532231956,120.04721532231956,11721776
2008-11-03,129.4498291015625,130.32448006302107,120.48455444346807,120.48455444346807,9497817
2008-11-04,126.38849639892578,138.41508906674719,125.51383188989458,138.41508906674719,6125085
2008-11-05,122.45249938964844,135.13508421414264,121.1405097375166,135.13508421414264,11862818
2008-11-06,113.92460632324219,116.32993090470436,113.92460632324219,113.92460632324219,8333714
2008-11-07,108.8952865600586,121.79653754691948,106.05263699715903,121.79653754691948,16092019
2008-11-10,109.5512924194336,111.956609944802,101.4606752048981,101.4606752048981,7403657
2008-11-11,103.64732360839844,108.45795836337149,101.8980012592983,101.8980012592983,8739464
2008-11-12,104.08464050292969,106.0526252969543,96.43135721033373,96.43135721033373,7936140
2008-11-13,96.86869049072266,111.30059277749787,96.86869049072266,111.30059277749787,9722666
2008-11-14,96.65003967285156,99.93002182031618,90.09008219813218,90.09008219813218,7164500
2008-11-17,95.55670928955078,103.20998653996838,90.09007293895368,103.20998653996838,5784746
2008-11-18,88.99678039550781,102.11669811049737,88.99678039550781,102.11669811049737,7642815120
2008-11-19,88.77809143066406,89.65275605846695,82.87412906372886,82.87412906372886,9511104240
2008-11-20,82.65547180175781,85.71678456179175,82.65547180175781,82.65547180175781,7369930440
2008-11-21,87.9034194946289,88.3407449180306,78.71947647985404,88.3407449180306,9632727000
2008-11-24,83.74879455566406,86.15411207662572,81.78080253290642,81.78080253290642,7998485
2008-11-25,89.43408203125,89.43408203125,85.93543733493873,89.43408203125,8268303
2008-11-26,92.05806732177734,95.556711955692,89.21541770419552,95.556711955692,8895836
2008-11-27,97.3060302734375,98.39935070891792,94.02604850636904,98.39935070891792,8630105760
2008-11-28,97.08737182617188,98.39936195486139,96.21271401378215,97.30604139442669,4403970
2008-12-01,98.1806869506836,103.86598589224167,96.21270200331764,103.86598589224167,8887659
2008-12-02,91.4020767211914,104.95931680731594,91.4020767211914,104.95931680731594,10300119
2008-12-03,85.060791015625,97.74337463099762,85.060791015625,97.74337463099762,13968220
2008-12-04,85.2794418334961,90.96474113849357,85.2794418334961,90.96474113849357,8683251840
2008-12-05,79.37547302246094,91.18339609460745,79.37547302246094,91.18339609460745,6877307
2008-12-08,83.96745300292969,84.84211759494652,77.40749584364158,79.37548094536515,21424002
2008-12-09,84.40478515625,87.46609758271464,78.28216030332074,78.28216030332074,15977551320
2008-12-10,90.30875396728516,90.30875396728516,78.50082886102773,90.30875396728516,13215999240
2008-12-11,91.83940124511719,96.43137335343593,90.30874842248402,96.43137335343593,16288251480
2008-12-12,91.62074279785156,98.18070033702396,87.46610279570204,98.18070033702396,14291185320
2008-12-15,97.96204376220703,97.96204376220703,95.33805648899012,97.96204376220703,9101266
2008-12-16,99.05534362792969,104.74064251060271,95.1193737739643,104.74064251060271,9952625
2008-12-17,100.148681640625,105.83398113525534,92.27673426516039,92.27673426516039,20551180
2008-12-18,103.64732360839844,103.64732360839844,93.15138951379754,93.15138951379754,8100689
2008-12-19,102.7726821899414,110.86329337365748,102.7726821899414,110.86329337365748,5930898120
2008-12-22,103.64732360839844,109.76994842014423,101.67933852323932,109.76994842014423,11295586
2008-12-23,96.43136596679688,103.64731768700779,96.43136596679688,103.64731768700779,6434763
2008-12-24,96.43136596679688,102.99132269609852,92.05806375399881,102.99132269609852,6224223600
2008-12-25,94.02605438232422,96.43137176707258,89.87141464319437,89.87141464319437,2987422920
2008-12-26,95.55670928955078,100.58600654784911,93.15138520316256,100.58600654784911,4614510600
2008-12-29,93.5887451171875,94.02607751844556,88.996778774717,88.996778774717,3909303000
2008-12-30,97.08737182617188,99.05535701920614,87.24743904079065,87.24743904079065,7081715160
2008-12-31,96.43136596679688,103.86598723078359,95.5567082523209,103.86598723078359,4066697160
2009-01-02,96.43136596679688,96.43136596679688,96.43136596679688,96.43136596679688,0
2009-01-05,102.99131774902344,102.99131774902344,89.87140492062079,96.43136133482211,11260836720
2009-01-06,105.833984375,105.833984375,102.55400222302869,102.7726717919527,9183029
2009-01-07,112.61262512207031,113.04995751937724,109.33264919279621,113.04995751937724,12996260
2009-01-08,106.2713394165039,110.86330586286427,104.95934218304676,104.95934218304676,13176139
2009-01-09,108.45796203613281,110.64461675160805,98.83669220037729,98.83669220037729,9799319
2009-01-12,109.76994323730469,115.01791685702908,107.5832955193302,115.01791685702908,6566607
2009-01-13,115.45523071289062,117.4232155074782,108.02061012187897,117.4232155074782,9333269
2009-01-14,108.45796203613281,123.32720591711282,108.45796203613281,123.32720591711282,13004436
2009-01-15,102.7726821899414,115.89259166459905,101.89801746617123,115.89259166459905,9882104
2009-01-16,105.17799377441406,109.76995943385094,103.647334007795,109.76995943385094,6388772
2009-01-19,109.3326187133789,109.3326187133789,103.86598914175181,103.86598914175181,8110909440
2009-01-20,106.7086410522461,116.98591289600306,105.39665093353109,116.98591289600306,7019370
2009-01-21,104.95931243896484,114.14325636949991,104.30331741824226,114.14325636949991,7252395
2009-02-02,110.20728302001953,112.17526814638481,105.61531090495758,112.17526814638481,12135702
2009-02-03,109.3326187133789,117.86056739251804,108.67662371040039,117.86056739251804,11702358
2009-02-04,107.58330535888672,111.95660801502657,101.67934302198252,101.67934302198252,7786922
2009-02-05,107.58330535888672,115.01792737655524,107.58330535888672,115.01792737655524,7330070
2009-02-06,111.73792266845703,115.01790411228897,108.89527344784436,115.01790411228897,11325225
2009-02-09,119.39119720458984,119.39119720458984,104.08463783234005,104.08463783234005,17824377
2009-02-10,120.26586151123047,127.70047508135049,117.86055137402246,127.70047508135049,8073093
2009-02-11,123.76451110839844,128.57514523739977,117.20454803771452,128.57514523739977,8762970
2009-02-12,119.1725845336914,123.76455060011699,115.23659997919079,115.23659997919079,9944449
2009-02-13,127.26318359375,127.48185317009204,110.86328591797177,110.86328591797177,12657965
2009-02-16,126.82585144042969,128.13784154894103,125.07652220213492,127.26317692979364,9209602
2009-02-17,120.70320892333984,135.57245241615902,118.07922878943619,118.07922878943619,10210179
2009-02-18,123.54585266113281,123.54585266113281,112.39393080928005,112.39393080928005,8770125
2009-02-19,125.95118713378906,132.07381220217306,120.48455712128839,132.07381220217306,9295453
2009-02-20,122.88983154296875,134.69775270749616,122.88983154296875,134.69775270749616,6644282
2009-02-23,127.48182678222656,131.41779649914326,121.79652809751305,122.88984847207301,6834381
2009-02-24,127.70051574707031,129.0125059925121,118.73523997627076,118.73523997627076,9394591
2009-02-25,127.26318359375,136.44712847465306,127.26318359375,136.44712847465306,8095578
2009-02-26,127.70051574707031,130.32449623795392,118.51658402897775,118.51658402897775,4581805
2009-02-27,132.948486328125,132.948486328125,118.95390594823384,118.95390594823384,10666009
2009-03-02,127.26318359375,142.13241469576425,126.60718850514408,142.13241469576425,10043587
2009-03-03,128.79383850097656,129.0124944286707,118.51657340592246,118.51657340592246,9461024
2009-03-04,131.4178009033203,133.38578582773133,119.82854725484351,119.82854725484351,15820157
2009-03-05,130.32447814941406,140.60175637962934,129.44982720079835,140.60175637962934,15776209
2009-03-06,130.32447814941406,132.7298023591548,121.35920362296038,121.35920362296038,9366996
2009-03-09,127.70051574707031,139.28978564917438,126.8258646770564,139.28978564917438,8229466
2009-03-10,128.13783264160156,136.44711184484393,125.95117806594538,136.44711184484393,6827227
2009-03-11,130.76181030273438,137.10310436490948,129.23115076351655,137.10310436490948,8136460
2009-03-12,132.51112365722656,139.72708214805803,131.41780322669723,139.72708214805803,7841090
2009-03-13,133.82310485839844,141.69505781965248,123.32718576394929,141.69505781965248,15299938
2009-03-16,133.6044464111328,143.00704496657045,132.72978195654744,143.00704496657045,5811319
2009-03-17,135.7910919189453,142.78836618048103,132.51110383711938,142.78836618048103,7742975
2009-03-18,134.04180908203125,137.10312870392278,126.38852366772315,126.38852366772315,8380728
2009-03-19,134.6977996826172,136.66578495629327,124.85785967381648,124.85785967381648,9326115
2009-03-20,131.63648986816406,144.1004098692319,131.63648986816406,144.1004098692319,6083182
2009-03-23,134.6977996826172,140.82042508086064,131.8551497405005,140.82042508086064,6546166
2009-03-24,140.38307189941406,142.56972631934798,134.69777313566942,134.69777313566942,18989503
2009-03-25,148.4737091064453,149.56704334376283,130.76182813801873,130.76182813801873,14210444
2009-03-26,145.84970092773438,158.75094425499492,145.41237550051824,158.75094425499492,8886637
2009-03-27,141.695068359375,148.47368782556072,141.2577429113824,145.8497078567686,12603797
2009-03-30,137.10308837890625,141.69505282072566,137.10308837890625,141.69505282072566,8003595
2009-03-31,139.5084228515625,141.03908247905272,137.1031122715799,137.1031122715799,8220267
2009-04-02,139.5084228515625,141.03908247905272,128.35649362330375,128.35649362330375,8604554
2009-04-03,140.16441345214844,141.03907801739052,129.88714914191442,129.88714914191442,11649211
2009-04-06,132.7298126220703,141.25776233361304,130.5431578006168,130.5431578006168,15139478
2009-04-07,133.16712951660156,141.91374823666195,130.1058238769158,141.91374823666195,12795940
2009-04-08,128.3565216064453,132.7298318840134,123.98322496929927,123.98322496929927,18271009
2009-04-09,137.32179260253906,137.32179260253906,119.39124028246901,119.39124028246901,16713420
2009-04-10,135.1351318359375,139.94576680249983,127.91917256588422,127.91917256588422,13292652
2009-04-13,136.44711303710938,137.32176396267965,125.73250961489619,125.73250961489619,8797720
2009-04-14,141.47640991210938,145.84971929673625,135.57245451924044,145.84971929673625,19797936
2009-04-15,138.63375854492188,143.0070678780906,131.63648270843868,131.63648270843868,12917563
2009-04-16,141.2577362060547,148.2550248842933,129.01247419892835,148.2550248842933,13756658
2009-04-17,136.0098114013672,144.3190929662245,131.4178450356806,131.4178450356806,16608150
2009-04-20,139.72711181640625,140.82043247908106,126.60719566220354,126.60719566220354,9925030
2009-04-21,139.07110595703125,140.16442653532218,130.10583083761782,139.7271010320898,13348864
2009-04-22,136.88446044921875,148.69238624199647,136.88446044921875,148.69238624199647,9717556
2009-04-23,136.0098114013672,137.32180179156336,127.48187386509214,127.48187386509214,8499284
2009-04-24,137.75912475585938,141.4764258758634,126.60719411500563,126.60719411500563,14506835
2009-04-27,139.07110595703125,141.9137558290916,137.75911580691414,137.75911580691414,18373213
2009-04-28,143.44436645507812,145.6310207115986,129.44980376609684,129.44980376609684,19944088
2009-04-29,140.82041931152344,145.19372883413388,133.6044736036779,133.6044736036779,11428451
2009-04-30,150.6603546142578,150.6603546142578,130.98048960541627,130.98048960541627,8162011
2009-05-04,161.15623474121094,161.15623474121094,140.16437306633543,140.16437306633543,4222047
2009-05-05,172.3081817626953,172.3081817626953,150.00432767341775,150.00432767341775,37313658
2009-05-06,177.1188507080078,177.1188507080078,169.68423575227212,172.3082158966001,26258251
2009-05-07,174.2761993408203,175.80685895720296,164.8735993666166,164.8735993666166,13192492
2009-05-08,174.93218994140625,186.30278835758395,169.9028857465262,186.30278835758395,14492527
2009-05-11,175.15086364746094,187.17744372171762,162.68694446041158,187.17744372171762,12963555
2009-05-12,166.4042510986328,172.08955064733073,162.90560627177405,162.90560627177405,17671071
2009-05-13,166.62290954589844,168.37222502240414,164.65492451967256,166.40423999617826,12810249
2009-05-14,166.62290954589844,169.24688958086628,155.03365529784483,155.03365529784483,10750838
2009-05-15,167.49758911132812,170.55889487959584,155.0336691881059,155.0336691881059,9188139
2009-05-18,171.65223693847656,173.62022223105564,167.4975967740028,167.4975967740028,10072204
2009-05-19,173.62017822265625,178.21214274139192,171.6521934289124,171.6521934289124,15556470
2009-05-20,176.24417114257812,179.3054901445393,172.7455267005159,173.62019122113594,14064292
2009-05-21,176.24417114257812,178.43082562391925,174.93218118185703,176.24417114257812,10591400
2009-05-22,182.14813232421875,186.30277158054497,175.80683867397073,176.24416409658812,17905118
2009-05-25,175.36952209472656,185.42813086827837,169.46556675057852,169.46556675057852,18910806
2009-05-26,172.7455291748047,178.2121586362488,170.5588746621434,175.36950913383095,13973330
2009-05-27,174.93218994140625,181.27348416270394,172.74553535057063,172.74553535057063,16489593
2009-06-01,177.99356079101562,187.1774936432125,174.93224074666827,174.93224074666827,11630815
2009-06-02,177.99356079101562,181.9295320133857,175.8069055651136,177.99356079101562,12022256
2009-06-03,178.4308319091797,190.23875561202382,178.2121623612175,190.23875561202382,9452847
2009-06-04,175.36952209472656,190.89476073374036,174.05753201824922,190.89476073374036,12561893
2009-06-05,177.99356079101562,187.61483287264647,177.1188959725703,187.61483287264647,9445693
2009-06-08,173.62017822265625,181.49211739763166,165.74822540726387,165.74822540726387,10259237
2009-06-09,167.06027221679688,185.646819791775,164.4362915973499,185.646819791775,13191470
2009-06-10,170.12158203125,178.6495321834959,167.06026239492968,167.06026239492968,7811451
2009-06-11,170.12158203125,172.3082369657044,167.49760156607303,169.68425650052743,9300564
2009-06-12,166.1855926513672,171.43355299176014,165.74825352938828,169.68423742510222,7825760
2009-06-15,161.15623474121094,162.68689387924837,155.47093716588031,161.81222956602488,14427116
2009-06-16,153.5030059814453,158.53231047793219,153.06568049321928,155.25232157476887,14820602
2009-06-17,154.37771606445312,158.31368753893776,154.37771606445312,155.689706555948,8928541
2009-06-18,160.93760681152344,161.3749459012761,156.78296730138277,158.31362683468055,13769944
2009-06-19,165.7482452392578,166.18558433936258,159.6256206015579,161.81227518082613,8616819
2009-06-22,166.62290954589844,167.49757410436058,163.12426495246848,166.18558408687664,7576382
2009-06-23,163.99896240234375,165.31095268295869,163.99896240234375,165.31095268295869,4848557
2009-06-24,169.02822875976562,173.18286824120767,164.87358927832358,164.87358927832358,9524390
2009-06-25,171.21485900878906,173.1828574961416,170.1215386406308,171.43352853858764,6214003
2009-06-26,170.5588836669922,172.30821282564628,169.24689361821106,172.08954327070978,5684586
2009-06-29,166.4042510986328,171.43355559482094,166.4042510986328,171.43355559482094,6697428
2009-06-30,171.4335174560547,171.8708428469631,168.8095378297715,170.1215276429131,7477244
2009-07-01,174.49484252929688,175.36949334327187,170.77752882844396,172.52684409681086,7539589
2009-07-02,177.3375244140625,179.74284888123927,176.2442037910679,177.11886847371585,9932184
2009-07-03,178.4308319091797,180.18014737162179,177.1188419022435,177.1188419022435,6923298
2009-07-06,181.49215698242188,182.366821628329,178.21218161079508,180.61750597693467,6053542
2009-07-07,190.6760711669922,193.30005104461878,183.46012650351906,183.67878239970946,16623480
2009-07-08,194.612060546875,195.70538098235542,188.4894224588466,190.67607697022558,12229730
2009-07-09,190.6760711669922,195.9240445626631,190.6760711669922,194.61205462384982,9777856
2009-07-10,186.0841522216797,191.98810840073796,185.4281570906732,190.676118138725,8274435
2009-07-13,188.05210876464844,188.92677335194392,183.67879946858997,187.6147832912102,7083759
2009-07-14,192.86273193359375,194.61206100296388,187.1774329187681,189.80141288240512,9195293
2009-07-15,195.04942321777344,198.54806837560557,192.86276828907577,194.6120976882022,10130460
2009-07-16,195.7053680419922,199.42268182958333,194.61204767880392,196.79868840518046,12865439
2009-07-17,201.53810119628906,204.47861660628436,199.04997927176186,199.7285554181149,13119240
2009-07-20,200.40713500976562,206.28816593085995,200.40713500976562,205.8357724376145,10068420
2009-07-21,204.47865295410156,205.38342600401975,198.1452416046743,201.76433380434705,8561880
2009-07-22,204.47865295410156,207.19295802200446,203.34768312124092,205.38342600401975,7425600
2009-07-23,202.66905212402344,205.83574990265288,202.66905212402344,205.83574990265288,4704240
2009-07-24,199.27615356445312,205.60956352210414,198.14519806197328,204.4786080196243,8029440
2009-07-27,203.5738525390625,205.38339839565327,199.95476082588098,199.95476082588098,6258720
2009-07-28,209.45486450195312,210.81201682087902,204.9309999691178,205.83577287568488,9569640
2009-07-29,216.01449584960938,216.01449584960938,211.71681349947553,212.62158650763251,13571100
2009-07-30,218.9550018310547,219.40739538487352,210.1334683501,215.78830328172788,17189040
2009-07-31,213.3001708984375,218.72879471469003,212.16920114920336,218.5026120303237,8487420
2009-08-03,214.88352966308594,215.56210591009076,210.35966454663506,214.43113611051524,7205280
2009-08-04,204.9309844970703,219.1811531791683,202.8952420905282,218.05018361088398,12488880
2009-08-05,214.43109130859375,219.1811522088813,209.45484776112932,213.97871193239166,19757400
2009-08-06,213.97874450683594,218.05021583985675,211.26442559087192,215.78829045081196,11641260
2009-08-07,213.97874450683594,213.97874450683594,213.97874450683594,213.97874450683594,0
2009-08-10,223.93125915527344,225.2884116447939,213.97875593200214,216.24068144182004,12974400
2009-08-11,226.19317626953125,227.09794925624638,222.12170487023846,225.06220651567466,8749560
2009-08-12,225.74081420898438,227.0979667526917,220.7645553577369,226.19319369626956,7311360
2009-08-13,225.74081420898438,225.9669969117011,223.02649503971804,225.28842063984746,5932320
2009-08-14,218.72879028320312,230.26464206249108,218.72879028320312,226.1931707623278,6203640
2009-08-17,217.59783935546875,221.44311397734953,217.14544582239415,220.76453775958828,5266260
2009-08-18,213.97874450683594,216.69306342279995,210.35965261888393,214.4311239519047,7258320
2009-08-19,213.5263671875,216.69307987075052,213.07398770809363,216.69307987075052,5506980
2009-08-20,215.7882843017578,216.46686049094967,209.9072531104951,213.97873840934622,6482100
2009-08-21,208.55010986328125,219.18118892620865,208.09771632944572,218.05021917347045,7854000
2009-08-24,208.77630615234375,212.6215807718914,206.74056341844462,210.81203480439228,10062300
2009-08-25,211.716796875,213.52634274922434,209.00247806366346,209.68106832788501,7194060
2009-08-26,206.7405242919922,213.0739339796165,204.25240257803034,213.0739339796165,9115740
2009-08-27,209.22866821289062,210.58583461663702,204.0262275092032,205.3833939129496,6045540
2009-08-28,214.43109130859375,214.88348476664413,208.32387819785166,210.35962059538178,7510260
2009-08-31,216.24063110351562,218.05017672286922,214.88347892992437,215.56205501672,6107760
2009-09-01,231.16943359375,231.16943359375,216.6930790779383,216.6930790779383,14920560
2009-09-02,228.00274658203125,232.07421841594967,228.00274658203125,229.8122927486288,8948460
2009-09-03,233.8837432861328,234.33613682751533,228.90749882203033,230.26465128247614,11766720
2009-09-04,239.31239318847656,240.66954571639008,235.24092152288452,237.50284709669086,10905840
2009-09-07,234.3361358642578,237.9552278530379,232.07419633034482,237.05044077399208,10002120
2009-09-08,229.81222534179688,235.24086224930167,228.90745252387939,233.43131661346675,11968680
2009-09-09,223.93125915527344,232.07420225609874,223.93125915527344,228.45512425676037,13390560
2009-09-10,226.19317626953125,232.0741936422543,224.38363029610096,231.62181418982206,8231400
2009-09-11,222.5740966796875,224.60983953328096,220.76455060579366,220.76455060579366,5694660
2009-09-14,227.0979461669922,227.5503396951211,223.02647482308433,223.9312477974917,6229140
2009-09-15,228.90745544433594,228.90745544433594,226.1931369559536,227.55030324106886,4561440
2009-09-16,230.71702575683594,231.62179868297744,227.55032755626553,229.81225283069443,5918040
2009-09-17,231.62179565429688,233.8837208991489,230.71702273998616,233.4313414829183,6019020
2009-09-18,232.9789276123047,233.43132107082587,230.2646091067225,232.52654823563182,4866420
2009-09-21,227.55032348632812,232.0741739542729,226.1931570804651,230.71702163025935,3468000
2009-09-22,226.64556884765625,230.2646466973982,226.64556884765625,230.2646466973982,2973300
2009-09-23,229.35986328125,231.62178845580445,227.55031750886678,228.90746979722965,5497800
2009-09-24,229.35986328125,230.2646220855925,227.55031750886678,228.00269691103804,2843760
2009-09-25,230.26467895507812,231.16945206472556,227.09798011223847,228.45514681763586,4394160
2009-09-28,229.81222534179688,233.88369598150146,229.35984597376213,231.6217709776318,3703620
2009-09-29,234.3361358642578,234.3361358642578,231.1694233331498,231.1694233331498,5191800
2009-09-30,242.4790496826172,242.4790496826172,234.78848716952476,235.24088065480328,10939500
2009-10-01,242.4790496826172,244.28859546003295,238.40759280620543,244.28859546003295,5866020
2009-10-02,237.0504150390625,239.764747817822,235.24088332297165,237.0504150390625,4093260
2009-10-05,238.86000061035156,238.86000061035156,235.2409224936962,237.05045451109805,2952900
2009-10-06,239.7648162841797,240.66957535966014,236.59811727443818,239.7648162841797,5671200
2009-10-07,232.07415771484375,238.8599470237736,229.35985325675057,238.8599470237736,11960520
2009-10-08,221.89549255371094,232.07417737959418,221.89549255371094,230.71702503554963,13772040
2009-10-09,228.00274658203125,228.00274658203125,221.2169554982165,221.6693349989398,10609020
2009-10-12,227.0979461669922,229.81226509021423,223.9312477974917,229.35988564393577,3346620
2009-10-13,227.0979461669922,229.81226509021423,223.9312477974917,225.51459698224193,4614480
2009-10-14,229.81222534179688,230.71699815971434,227.5503003379272,228.90745252387939,5773200
2009-10-15,231.62179565429688,232.5265685686076,229.81224982567542,232.5265685686076,6011880
2009-10-16,238.40762329101562,238.85998867043912,231.16942517396637,232.07419817836617,9153480
2009-10-19,234.3361358642578,239.76477384742796,233.43136286706277,239.76477384742796,5104080
2009-10-20,235.24090576171875,237.05043765041407,234.78851222815695,235.24090576171875,3867840
2009-10-21,233.4313507080078,234.3361236580747,227.55033357349808,234.3361236580747,13626180
2009-10-22,223.2526397705078,229.35986742399803,223.02645710626138,226.19315522420501,12610260
2009-10-23,215.1097412109375,222.57410860427044,215.1097412109375,221.66933551884958,15013380
2009-10-26,211.26441955566406,218.5026031247943,209.00248014938583,215.3358907723748,10486620
2009-10-27,212.8477783203125,214.88352106169114,211.2644291133961,211.2644291133961,9301380
2009-10-28,212.62155151367188,217.14541580990414,211.49059600100034,212.62155151367188,8902560
2009-10-29,213.3001708984375,213.97874711523775,209.0024886677179,210.35965518316897,10284660
2009-10-30,210.359619140625,215.56205938113678,210.359619140625,214.65728655314132,6903360
2009-11-02,220.08592224121094,220.76449833779924,210.35961791728496,210.35961791728496,10816080
2009-11-03,219.4073944091797,222.12171347446846,219.4073944091797,220.3121674309426,7621440
2009-11-04,221.443115234375,222.5740849916308,220.5383422449405,221.6693120021963,3353760
2009-11-05,217.1454315185547,221.44309939041335,215.56208242079353,221.44309939041335,5137740
2009-11-06,216.01449584960938,219.18119433723328,215.3359055321034,217.5978450934213,3883140
2009-11-09,219.4073944091797,219.4073944091797,216.9192721197944,218.9550008573726,2645880
2009-11-10,227.55032348632812,227.55032348632812,221.66929253067087,222.5740654406297,9984780
2009-11-11,232.9789276123047,234.33609390601993,226.1931383892734,228.4550775181827,9248340
2009-11-12,230.26467895507812,232.97899828402038,229.3599199272833,232.97899828402038,5898660
2009-11-13,229.81222534179688,232.0741503456665,227.5503003379272,228.45507315584467,5196900
2009-11-16,235.24090576171875,235.24090576171875,230.2646473017921,231.62181382062687,6209760
2009-11-17,228.45510864257812,237.50282414531816,228.45510864257812,236.14567174855475,6505560
2009-11-18,230.26467895507812,232.52661877012295,228.9075263315333,228.9075263315333,4339080
2009-11-19,235.24090576171875,237.95522471753767,230.2646473017921,230.2646473017921,9232020
2009-11-20,239.31239318847656,246.0981839917472,231.16943577544086,234.7885279590123,17592960
2009-11-23,237.5028076171875,240.66950571049432,235.6932618261981,239.3123534081769,8661840
2009-11-24,232.9789276123047,238.85994400014192,232.07415477711064,238.40757870531735,7359300
2009-11-25,231.16943359375,235.24091930276848,230.26466055639605,230.71705411599874,6168960
2009-11-26,233.8837432861328,235.69328928796114,231.62181782477282,231.62181782477282,4195260
2009-11-27,228.00274658203125,232.07421841594967,228.00274658203125,229.3599132479055,6027180
2009-11-30,229.35986328125,232.0741678579757,229.35986328125,230.71701556961284,3469020
2009-12-01,230.71702575683594,231.62179868297744,227.09793405226992,228.45510048240703,3949440
2009-12-02,230.71702575683594,235.2408903875435,230.26463225284033,232.97895103126487,4902120
2009-12-03,228.90745544433594,232.97892613598532,228.45507607052966,231.16938047706378,3410880
2009-12-04,227.55032348632812,232.97894686423177,227.55032348632812,232.97894686423177,4429860
2009-12-07,239.31239318847656,239.76478675234878,230.71705629342023,231.16943577544086,10603920
2009-12-08,240.21717834472656,240.669543741183,236.14569263069814,238.85999766424845,6709560
2009-12-09,238.86000061035156,240.21718130756912,237.50284807683724,237.50284807683724,4958220
2009-12-10,234.3361358642578,240.66953276277218,231.62181687267272,238.85998676838213,6055740
2009-12-11,235.24090576171875,236.14567874699173,232.07419327233805,236.14567874699173,4029000
2009-12-14,237.5028076171875,237.9552011058595,234.7884889307034,235.24088241937537,2797860
2009-12-15,236.59805297851562,241.57429695062189,236.59805297851562,239.76475112770154,3995340
2009-12-16,237.5028076171875,238.85995991950494,235.6932618261981,237.9552011058595,3396600
2009-12-17,238.86000061035156,240.21718130756912,237.05045451109805,238.86000061035156,4994940
2009-12-18,239.31239318847656,239.76478675234878,237.05045353281864,238.85999962460434,3995340
2009-12-21,238.86000061035156,240.66954670960504,237.05045451109805,240.66954670960504,4086120
2009-12-22,242.4790496826172,244.28859546003295,239.31235161306415,239.76474509834267,6451500
2009-12-23,244.28863525390625,244.74102881287828,241.1219366685077,242.47908918172095,3542460
2009-12-24,246.55050659179688,247.45529345911947,243.3838088835579,246.0981131581356,3947400
2009-12-25,246.55050659179688,248.36005216274702,245.64574788816932,248.36005216274702,2035920
2009-12-28,246.55050659179688,247.0029000254582,244.74096102084673,245.64574788816932,2445960
2009-12-29,245.19337463378906,246.55052688277078,244.28858769200298,245.64576810468208,2250120
2009-12-30,251.07444763183594,251.52681301536595,244.7410224616924,245.19341600892454,7350120
2009-12-31,252.43154907226562,252.43154907226562,250.16960995713447,251.0743968686655,3039600
2010-01-04,256.5030517578125,256.5030517578125,251.9792008786431,252.4315944156705,4473720
2010-01-05,256.9554748535156,259.6698082242197,253.33638246838,257.8602620316519,5757900
2010-01-06,260.1221008300781,260.1221008300781,254.24109847335998,256.9554029205073,5451900
2010-01-07,253.78872680664062,260.12212316970255,253.33633330536497,260.12212316970255,4554300
2010-01-08,248.81243896484375,253.33628868979804,246.55050002051945,253.33628868979804,7581660
2010-01-11,252.43154907226562,252.88391436433471,247.0029120941687,248.81245775353435,3232380
2010-01-12,252.43154907226562,252.88391436433471,251.0743968686655,251.9791556165001,2768280
2010-01-13,247.4553680419922,251.07446027468433,245.64582192564612,251.07446027468433,5869080
2010-01-14,259.2173767089844,261.47931615967536,247.90770761923022,248.81249466498684,7071660
2010-01-15,264.1936340332031,266.9079671409888,259.2173895265817,260.57454199862354,7899900
2010-01-18,265.0984191894531,266.9079651935399,261.931692559525,263.2888731853664,3129360
2010-01-19,257.8601989746094,266.00314076804005,257.4078054961694,266.00314076804005,3589380
2010-01-20,260.57452392578125,262.8364633314361,258.76497803399735,260.12213041191023,4033080
2010-01-21,248.81243896484375,255.59822763412234,247.90765212163632,255.14583421251862,7060440
2010-01-22,236.59805297851562,243.38384277354226,232.07417433936521,240.66950995731221,12157380
2010-01-25,237.95523071289062,239.76477672902863,234.33613868061465,234.33613868061465,4003500
2010-01-26,233.4313507080078,238.8599743265591,230.71703185780714,237.95521545834228,6191400
2010-01-27,236.14564514160156,241.1218888115188,234.7884788159023,237.05040391626957,5194860
2010-01-28,236.59805297851562,239.3123576310467,234.33611365894043,238.407598801436,5024520
2010-01-29,235.24090576171875,235.24090576171875,226.19317590898908,231.16942028706507,7769340
2010-02-01,228.45510864257812,237.50282414531816,228.45510864257812,237.50282414531816,3831120
2010-02-02,225.2884063720703,232.97896982368005,223.93125391431306,232.97896982368005,7111440
2010-02-03,230.26467895507812,231.16945206472556,226.19320700259104,228.9075263315333,5626320
2010-02-04,232.9789276123047,232.9789276123047,229.35985035337674,230.7170025652437,3196680
2010-02-05,231.16943359375,231.16943359375,226.19318892922902,228.4551285635396,6535140
2010-02-08,228.90745544433594,232.07415330652455,228.45507607052966,232.07415330652455,2867220
2010-02-09,231.62179565429688,236.14566022585046,228.9074769113647,228.9074769113647,4499220
2010-02-10,234.3361358642578,237.502834313515,232.97896932753986,237.502834313515,3344580
2010-02-22,239.31239318847656,242.0267264080067,238.85999962460434,239.76478675234878,5473320
2010-02-23,241.5742645263672,241.5742645263672,236.5980212221755,240.2171123822595,4087140
2010-02-24,238.86000061035156,240.21718130756912,237.50284807683724,239.76478774182993,3353760
2010-02-25,229.35986328125,236.5980463707828,228.00269691103804,236.5980463707828,9456420
2010-02-26,228.45510864257812,229.35988160103716,224.3836232885874,229.35988160103716,9937860
2010-03-01,234.3361358642578,237.05044077399208,225.28840589230754,228.45511842341554,7923360
2010-03-02,233.4313507080078,236.598063074167,232.97895719204934,236.598063074167,3777060
2010-03-03,237.5028076171875,237.5028076171875,233.88371603520872,236.14565531487008,4537980
2010-03-04,232.52658081054688,237.95521858221534,232.52658081054688,237.95521858221534,2937600
2010-03-05,230.26467895507812,235.69331761296263,229.8122994411807,233.88377139366779,6063900
2010-03-08,238.86000061035156,238.86000061035156,232.97898282870352,233.4313763944427,7593900
2010-03-09,240.66954040527344,242.02672106693973,237.50284185545723,238.85999435342097,4328880
2010-03-10,243.38388061523438,243.38388061523438,240.66954737697571,242.0267280779567,4581840
2010-03-11,247.0029296875,247.0029296875,242.93144462300268,245.64577738723372,5335620
2010-03-12,243.38388061523438,247.00297282377701,242.47909348124702,247.00297282377701,3330300
2010-03-15,239.7648162841797,243.83630253310827,238.86002904499261,242.47912167432764,3939240
2010-03-16,240.66954040527344,242.47908645712593,240.21717501508724,242.02672106693973,3311940
2010-03-17,247.4553680419922,247.90773344830103,242.93148866927524,243.38388223928763,5627340
2010-03-18,244.74099731445312,247.455330155245,244.2886038137046,247.0029366544965,5307060
2010-03-19,243.83628845214844,247.0029872790207,243.38389485867955,246.09820009208292,4196280
2010-03-22,239.7648162841797,243.83630253310827,238.86002904499261,243.38390891351472,3078360
2010-03-23,234.7884979248047,242.02669544788694,233.43134557049848,240.6695149298812,9111660
2010-03-24,235.24090576171875,237.50283118397587,235.24090576171875,236.59807228055354,3226260
2010-03-25,242.02670288085938,243.3838552768456,235.24089865537766,236.5980651332141,5136720
2010-03-26,253.33631896972656,253.33631896972656,241.12189227236146,241.12189227236146,12110460
2010-03-29,252.43154907226562,254.24109473163125,249.71721650136894,253.33630782010022,5936400
2010-03-30,248.81243896484375,251.52674316707746,247.45528686372688,251.52674316707746,3957600
2010-03-31,249.264892578125,252.4315909666465,247.90771198558627,248.81249904727878,5877240
2010-04-01,256.05072021484375,256.5030856479378,251.07447514116726,251.07447514116726,6416820
2010-04-02,253.33631896972656,257.86019739909,252.43156018207247,257.86019739909,2535720
2010-04-06,257.8601989746094,260.12211003941366,255.59825974610723,257.4078054961694,3971880
2010-04-07,256.5030517578125,260.1221437266286,255.59829284745922,257.4078388318673,3256860
2010-04-08,248.81243896484375,255.14583421251862,247.90765212163632,251.97913658868117,5008200
2010-04-09,251.9792022705078,251.9792022705078,247.4553513663499,249.71726273657802,3070200
2010-04-12,248.81243896484375,254.24107553300547,247.00289344212317,253.78868211140176,3139560
2010-04-13,246.0981903076172,248.81252359680803,244.28864416939123,248.81252359680803,3835200
2010-04-14,249.264892578125,251.07443853780887,247.0029530875949,248.81249904727878,3118140
2010-04-15,250.62200927734375,252.8839202817062,249.26485704198686,252.8839202817062,2958000
2010-04-16,247.0029296875,250.16962777602086,246.55053619951175,250.16962777602086,1874760
2010-04-19,240.21717834472656,246.55057553214593,239.76478478456718,244.28863589505204,4602240
2010-04-20,237.5028076171875,242.93144499015568,237.5028076171875,242.02668617651022,8552700
2010-04-21,248.81243896484375,248.81243896484375,239.31231792963715,240.21710477284458,7845840
2010-04-22,253.33631896972656,254.69347123305653,247.45531644073077,248.36007522838486,8928060
2010-04-23,254.69346618652344,258.31255759282595,252.43155518035718,255.5982531199476,5958840
2010-04-26,261.93170166015625,261.93170166015625,257.8602441322775,257.8602441322775,6658560
2010-04-27,260.57452392578125,261.93167630369413,259.2173715478683,261.93167630369413,4508400
2010-04-28,257.4078674316406,257.860261018932,254.69353407159682,254.69353407159682,3180360
2010-04-29,248.81243896484375,256.9553797352392,248.36004554324003,254.6934407909149,6692220
2010-04-30,241.5742645263672,247.00290126649313,239.7647189463252,246.55050783055884,11397480
2010-05-03,243.38388061523438,246.55057925678335,241.57433451096304,241.57433451096304,5283600
2010-05-04,244.28863525390625,245.64581593082235,240.21717771426648,244.74102881287828,3649560
2010-05-05,242.02670288085938,243.3838552768456,236.14567161331854,239.76476344508208,7049220
2010-05-06,237.0504150390625,241.57429361576214,235.24088332297165,241.12190012535248,4947000
2010-05-07,239.31239318847656,241.1219392802623,230.71705629342023,230.71705629342023,5917020
2010-05-10,241.12191772460938,241.12191772460938,237.9552193880045,240.66952420117994,3116100
2010-05-11,237.0504150390625,243.3838394137023,237.0504150390625,242.47905243288292,3463920
2010-05-12,236.14564514160156,239.76473656766817,236.14564514160156,237.95519085463488,2187900
2010-05-13,238.40762329101562,241.12192822236406,234.78851719156555,237.95522974789026,4347240
2010-05-14,237.5028076171875,241.57429268783827,237.05041412851554,237.9552011058595,3016140
2010-05-17,235.24090576171875,238.85998362095998,234.3361327764458,236.14567874699173,3037560
2010-05-18,233.4313507080078,236.1456695582085,233.4313507080078,234.3361236580747,3428220
2010-05-19,232.9789276123047,233.88370044749874,227.09791122446745,232.07415477711064,6257700
2010-05-20,227.55032348632812,233.8837197741906,227.55032348632812,231.62179454021822,4249320
2010-05-21,223.0264892578125,226.6455813896769,222.57409570040375,223.0264892578125,8536380
2010-05-24,225.74081420898438,226.6455872654065,224.38364758342533,224.38364758342533,3645480
2010-05-25,222.34786987304688,225.06218861733282,218.50259554669563,223.9312330352675,4968420
2010-05-26,228.45510864257812,228.90748808088253,222.57407737166935,223.93124385028298,4842960
2010-05-27,231.16943359375,231.62182715335268,226.19318892922902,226.6455824888317,4007580
2010-05-28,232.52658081054688,235.69327913642834,232.52658081054688,233.43135377249163,4363560
2010-05-31,236.59805297851562,236.59805297851562,231.62179492455988,234.78849307374577,2490840
2010-06-01,233.4313507080078,235.69327604225,232.52657775794094,234.7885030921831,2370480
2010-06-02,233.4313507080078,234.7885030921831,230.71703185780714,230.71703185780714,3397620
2010-06-03,242.02670288085938,242.02670288085938,238.85997640529098,238.85997640529098,5715060
2010-06-04,238.40762329101562,242.4790806880383,237.50283620476492,241.12192822236406,3738300
2010-06-07,235.24090576171875,236.59807228055354,226.19317590898908,232.07419327233805,5101020
2010-06-08,232.9789276123047,234.33609390601993,231.16938194191655,234.33609390601993,2201160
2010-06-09,233.4313507080078,235.2408966081416,231.62180480787404,232.07418424198244,4513500
2010-06-10,232.9789276123047,232.9789276123047,229.35985035337674,232.9789276123047,2990640
2010-06-11,235.69329833984375,238.85999692373605,234.33614582727603,235.24091886293832,4818480
2010-06-14,233.8837432861328,237.5028352897895,230.71704482385866,236.14568282934368,6008820
2010-06-15,233.4313507080078,234.3361236580747,229.81225890774024,231.16941129191554,10201020
2010-06-17,226.64556884765625,232.52658619556885,226.64556884765625,231.16941968029636,11479080
2010-06-18,224.3836212158203,228.45510653220026,223.9312417816948,226.1931671160225,11977860
2010-06-21,229.35986328125,230.2646220855925,226.19315113865486,226.19315113865486,6656520
2010-06-22,229.35986328125,229.35986328125,225.51457499447343,227.55031750886678,4472700
2010-06-23,228.90745544433594,229.35984889999042,226.1931369559536,226.1931369559536,4238100
2010-06-24,225.74081420898438,228.4551333782507,225.51461742441592,226.6455872654065,5302980
2010-06-25,218.05023193359375,222.57409712742881,217.8240492352906,221.6693240886618,9354420
2010-06-28,210.359619140625,218.0501811376622,208.776270212095,217.59780176458858,11980920
2010-06-29,209.0024871826172,212.62157908896992,209.0024871826172,210.35965368842471,13275300
2010-06-30,204.7047882080078,209.9072285187348,204.7047882080078,204.93098493852162,10292820
2010-07-01,199.9547882080078,205.3834265211865,199.9547882080078,204.7048361706504,5321340
2010-07-02,192.4904022216797,197.69284362201546,191.81182596986446,195.88329756260725,17362440
2010-07-05,199.04998779296875,199.5023672159538,194.0737296490347,194.0737296490347,7123680
2010-07-06,204.9309844970703,205.60956060530157,197.24042241280333,198.1451952510611,10524360
2010-07-07,202.66905212402344,208.09767487569565,202.4428554021648,206.28814334637013,9479880
2010-07-08,205.38339233398438,209.45486335022366,204.9309988422637,206.7405446454477,8432340
2010-07-09,213.3001708984375,213.97874711523775,204.93101728506585,205.38341081749974,10722240
2010-07-12,211.716796875,215.78828213292974,210.3596445102567,214.43111568633654,7627560
2010-07-13,209.22866821289062,214.88350241177665,207.64531914339435,214.88350241177665,7686720
2010-07-14,214.88352966308594,217.14545518038574,212.1692105932154,212.1692105932154,8422140
2010-07-15,209.45486450195312,213.97872903478844,209.0024710077449,212.62156263401315,8031480
2010-07-16,212.16917419433594,212.3953709318159,209.90723498323396,211.2644013262649,8648580
2010-07-19,209.90724182128906,212.16918110607725,208.5500895158956,210.35963531098642,5231580
2010-07-20,211.716796875,213.0739633215932,211.49061420210938,212.62156981211217,5297880
2010-07-21,209.0024871826172,213.97874559477745,207.64533475866017,213.52635206555811,6089400
2010-07-22,204.9309844970703,210.81200090482173,204.4786051188656,209.00245522830616,6315840
2010-07-23,212.62155151367188,213.52632437291834,207.1929143581932,208.09768721743964,5981280
2010-07-26,217.1454315185547,217.3716282701919,213.9787333230324,214.8835062477316,7296060
2010-07-27,218.50259399414062,220.76451922404885,213.9787294524747,218.27639724659497,14807340
2010-07-28,215.31622314453125,226.5204610004684,215.31622314453125,224.08475711874294,20485000
2010-07-29,208.00906372070312,211.4190483718622,207.03478239180055,207.52192305625184,13756000
2010-07-30,211.175537109375,212.88052991187286,208.9834035061635,209.47054430687717,8073000
2010-08-02,209.71409606933594,210.44480720546602,201.18913281448488,204.5991181164253,18290000
2010-08-03,213.36766052246094,217.99549790822206,211.90623819011532,211.90623819011532,12152000
2010-08-04,213.6111602783203,216.77757428472643,212.1497384292098,216.77757428472643,9547000
2010-08-05,213.36766052246094,216.29050518715218,213.12409013373667,215.3162236322551,6881000
2010-08-06,216.53402709960938,217.75187877058582,213.85475342346123,214.3418940918518,8662000
2010-08-09,225.546142578125,227.49470536497705,217.26475073400377,217.26475073400377,11686000
2010-08-10,220.6747283935547,226.0332758821399,220.1875877127742,226.0332758821399,9273000
2010-08-11,221.64901733398438,224.81543186732702,220.1875952416724,220.67473593910972,8329000
2010-08-12,223.59762573242188,224.08476652922454,220.43121055320458,224.08476652922454,6118000
2010-08-13,224.08470153808594,226.03326416015625,222.866849899292,223.59756088256836,7057000
2010-08-16,224.08470153808594,225.78969383239746,221.16185760498047,223.59756088256836,4735000
2010-08-17,222.1361541748047,226.52042037562322,222.1361541748047,224.8154279641938,5378000
2010-08-18,222.62330627441406,225.54615055810442,221.64902484651728,224.08472841625922,9330000
2010-08-19,223.11045837402344,224.81545095985112,222.13617689640762,222.62331763521553,4850000
2010-08-20,220.6747283935547,224.8154241801887,220.6747283935547,222.62329111667657,4193000
2010-08-23,218.23902893066406,221.6490137577057,217.26474755150932,219.21331030981884,5737000
2010-08-24,217.75189208984375,222.13615837353186,217.75189208984375,220.67473627896916,4394000
2010-08-25,209.95767211914062,217.2647836778114,209.95767211914062,217.2647836778114,10350000
2010-08-26,213.36766052246094,216.0469347984279,210.93195663521823,210.93195663521823,4654000
2010-08-27,212.6368865966797,216.29044134919997,210.9318943788369,214.82901944819184,4907000
2010-08-30,212.14976501464844,212.63690569206437,208.49620993402877,211.90619467594047,6796000
2010-08-31,212.6368865966797,215.07258976502652,208.49619121049005,209.71404279466347,6175000
2010-09-01,213.12411499023438,214.58553749302453,210.9319812360491,212.63697415597096,6681000
2010-09-02,216.7776336669922,217.02120404189893,215.07264104264507,216.7776336669922,5883000
2010-09-03,231.39183044433594,231.87897114000822,220.18759444387337,220.18759444387337,20499000
2010-09-06,232.3661346435547,235.77611984796744,231.39185315657963,234.07112724576106,10131000
2010-09-07,229.9304656982422,235.28901468697242,229.9304656982422,234.07116264407918,7445000
2010-09-08,227.49473571777344,233.58399523912712,227.49473571777344,230.4175802880232,6694000
2010-09-09,224.81546020507812,231.1482900700099,224.81546020507812,228.95615665522584,6864000
2010-09-10,231.39183044433594,231.87897114000822,224.08472000925164,227.00756418328535,8185000
2010-09-13,233.82752990722656,235.28895196914672,229.93040440877277,233.5839595635732,9083000
2010-09-14,236.26324462890625,242.8396442216696,236.0196742736187,236.0196742736187,14883000
2010-09-15,232.85324096679688,240.64749171045534,232.12252995957888,239.67321036749803,13665000
2010-09-16,231.39183044433594,233.58396357486123,229.19969731381065,232.8532525313528,8142000
2010-09-17,233.09681701660156,237.96822385080432,231.3918246246306,233.82752804173197,12103000
2010-09-20,230.66111755371094,232.60968032079614,230.4175472078253,231.87896928313918,6039000
2010-09-21,229.9304656982422,235.28901468697242,229.9304656982422,231.63545855829273,8613000
2010-09-23,226.52044677734375,229.93043199764784,226.03330603158602,229.93043199764784,10906000
2010-09-24,217.26475524902344,225.78971761866,216.77761454218708,224.08472514473272,16983000
2010-09-27,220.1876220703125,221.6490443406907,217.5083479079525,219.21334055672705,8366000
2010-09-28,221.4054718017578,225.54616819408992,221.16190142573828,221.16190142573828,8039000
2010-09-29,218.72621154785156,223.3540489859464,218.2390707648942,223.11047859446774,8730000
2010-09-30,213.85475158691406,220.18758022160625,213.36761092270694,219.70043955739916,9330000
2010-10-01,218.72621154785156,218.72621154785156,209.71410706314052,212.8805221523633,13519000
2010-10-04,208.49624633789062,218.72620234979647,206.0605425255321,218.72620234979647,14210000
2010-10-05,202.40696716308594,207.03480395742847,200.7019746599071,206.06052252704055,14606000
2010-10-06,200.94554138183594,206.54765950520834,200.94554138183594,206.54765950520834,11775000
2010-10-07,201.9197998046875,204.11193273380957,200.70194817739747,200.94551850285546,9262000
2010-10-08,199.72772216796875,202.65056688262194,195.58702548887672,201.91985570395866,19491000
2010-10-11,199.72772216796875,201.91985570395866,198.99701098930547,199.72772216796875,6431000
2010-10-12,195.3434295654297,201.18911823072932,195.3434295654297,199.72769606440443,9605000
2010-10-13,197.2919921875,198.26627363040123,195.3434293016975,195.3434293016975,9171000
2010-10-14,196.80487060546875,200.70199675607208,196.80487060546875,199.24057444959584,8909000
2010-10-15,189.98487854003906,196.31770782470704,189.98487854003906,195.34342639629656,13179000
2010-10-18,183.16493225097656,191.20275507581994,183.16493225097656,189.98490313266186,13515000
2010-10-19,185.35704040527344,189.01059573520655,181.21634436468256,183.16490720731355,10475000
2010-10-20,191.20272827148438,191.93343933494228,184.3827583458773,185.1134694093352,11696000
2010-10-21,188.52345275878906,192.42057839721366,188.036312053986,191.93343769241056,9394000
2010-10-22,188.52345275878906,191.20272663520598,186.33131958717524,191.20272663520598,7115000
2010-10-25,192.4205780029297,193.15128905863702,189.49773378010036,189.98487448390526,6555000
2010-10-26,191.4462890625,193.15128145873092,189.98486700858777,192.9077111164122,4251000
2010-10-27,186.5748748779297,190.95914086722829,186.33130454519087,190.47200020175066,8070000
2010-10-28,190.47206115722656,190.95920197860053,187.54921622898266,187.54921622898266,8551000
2010-10-29,187.5491943359375,190.47203892299106,187.30562395368304,189.74132777622768,7773000
2010-11-01,191.6898651123047,194.36913895758468,185.11346567389018,185.11346567389018,14480000
2010-11-02,188.76702880859375,190.4720213268649,185.1134734122984,189.01059916834677,15110000
2010-11-03,191.4462890625,193.3948518010496,187.54916358540075,189.98486700858777,12761000
2010-11-04,195.83058166503906,198.75342616750234,192.90773716257578,193.39487791298635,12531000
2010-11-05,192.90771484375,198.7534031723485,192.90771484375,198.7534031723485,14783000
2010-11-08,187.5491943359375,191.44632045200893,187.5491943359375,190.47203892299106,10535000
2010-11-09,186.331298828125,190.4719943576389,186.08772850285948,187.54915045445262,5944000
2010-11-10,185.60061645507812,187.54917935749364,185.3570460922762,187.3056089946917,6441000
2010-11-11,186.0877685546875,188.52347233158133,185.60062779930874,185.60062779930874,6418000
2010-11-12,184.1392059326172,185.8441985801414,183.40849479796395,185.60062820192368,6472000
2010-11-15,185.1134796142578,187.0620425575658,184.13919814260382,184.13919814260382,4345000
2010-11-16,187.5491943359375,191.44632045200893,186.0877720424107,186.0877720424107,8713000
2010-11-17,186.5748748779297,188.5234375398402,185.60059354697444,186.5748748779297,5527000
2010-11-18,185.35704040527344,188.5234550245488,185.11347004994457,187.5491736032333,5974000
2010-11-19,186.331298828125,189.01057240604575,185.60058785232843,186.08772850285948,8332000
2010-11-22,192.90771484375,192.90771484375,185.84417478002683,187.06202651515153,11640000
2010-11-23,194.36917114257812,199.72771972044367,193.88203036277216,193.88203036277216,24076000
2010-11-24,194.85629272460938,197.291996383667,194.36915199279787,194.36915199279787,11953000
2010-11-25,193.3948974609375,196.80488305848553,192.42061586163805,196.3177422588358,9656000
2010-11-26,193.88201904296875,197.77914505388267,193.88201904296875,195.83058204842573,9955000
2010-11-29,192.4205780029297,196.5612739852712,192.4205780029297,195.34342222575899,7542000
2010-11-30,190.22845458984375,195.58700260645907,190.22845458984375,192.9077285981514,9676000
2010-12-01,190.7156219482422,192.66418513545284,189.9849107530382,190.7156219482422,6326000
2010-12-02,192.4205780029297,195.83056292956388,191.9334372991248,192.4205780029297,10327000
2010-12-03,205.8169403076172,205.8169403076172,195.83055622168547,195.83055622168547,32478000
2010-12-06,206.3040771484375,211.175483928802,206.06050680941928,209.47049155567444,20834000
2010-12-07,204.3555450439453,205.57339692144203,202.16341166445127,204.11197466844598,9521000
2010-12-08,206.5476531982422,210.68834907603713,204.59909043222103,204.59909043222103,12823000
2010-12-09,207.5219268798828,210.20120058373107,207.27835654316934,209.4704895735906,9378000
2010-12-10,203.62481689453125,208.98336470754523,202.65053547398324,207.52194257672323,9511000
2010-12-13,208.49624633789062,209.2269574815982,203.8684090944094,205.08626100058868,8236000
2010-12-14,209.95767211914062,212.6369463573199,208.00910903682842,209.95767211914062,13701000
2010-12-15,208.00906372070312,211.66261870408783,206.06050106289794,210.93190770741091,7851000
2010-12-16,205.32980346679688,208.49621799238213,205.08623311867493,208.49621799238213,5917000
2010-12-17,210.44483947753906,212.3934028060348,206.79128323660956,207.52199448479547,11390000
2010-12-20,209.47052001953125,212.88050522915154,208.49623853106831,212.88050522915154,6283000
2010-12-21,211.4190673828125,211.90620809106784,209.71407490391886,211.90620809106784,4542000
2010-12-22,208.7398223876953,212.3933782054496,208.49625199984504,211.41909665404847,8850000
2010-12-23,210.20126342773438,210.931974656336,207.52198892286174,209.47055219913275,5094000
2010-12-24,206.3040771484375,211.9061949458567,206.3040771484375,211.175483928802,6628000
2010-12-27,201.1890869140625,206.54763402315376,200.70194626778147,206.06049337687273,8338000
2010-12-28,201.67626953125,203.8684028957201,200.2148472882699,201.43269915742,6069000
2010-12-29,199.72772216796875,203.38127806128526,199.72772216796875,202.16342609684642,6224000
2010-12-30,198.5098419189453,201.67625657532113,198.26627156076256,200.7019751425901,5644000
2010-12-31,203.38124084472656,205.32980363126288,199.24054492333693,199.727685619971,6645000
2011-01-03,202.1634063720703,205.81696190891495,201.67626563382436,205.329821170669,4683000
2011-01-04,203.62481689453125,206.30409080103823,203.62481689453125,205.08623902535325,6853000
2011-01-05,204.59910583496094,206.54766874767486,203.624824378604,205.32981692722865,8747000
2011-01-06,200.21487426757812,205.32985280726078,198.50988142101724,205.08628240060924,7931000
2011-01-07,189.98487854003906,199.2405521099384,187.5491749690129,199.2405521099384,21146000
2011-01-10,187.5491943359375,187.79276471819196,184.139208984375,187.5491943359375,6816000
2011-01-11,193.88201904296875,195.34344129706147,189.49775228069055,189.9848930320548,8594000
2011-01-12,202.1634063720703,202.65054711031627,197.77913972785674,198.75342120434865,12198000
2011-01-13,200.21487426757812,203.38128955404835,199.97130386092658,202.16343752079058,5819000
2011-01-14,197.53555297851562,200.45839716562068,196.56127158281396,200.21482681669525,5549000
2011-01-17,193.63845825195312,197.2920140680277,193.63845825195312,197.2920140680277,6723000
2011-01-18,194.85629272460938,197.291996383667,192.42058906555175,192.66415943145753,3866000
2011-01-19,195.58697509765625,197.77910806886285,194.12555311685185,197.04839707846065,4709000
2011-01-20,193.88201904296875,196.5612931754721,193.6384486672866,193.88201904296875,3002000
2011-01-21,192.6641387939453,193.39484981339137,189.9848650559764,190.47200573560713,3627000
2011-01-24,191.9334716796875,196.07416840374168,191.9334716796875,192.9077532618179,3226000
2011-01-25,192.90771484375,195.83055900804925,192.90771484375,194.8562776199495,3492000
2011-01-26,195.3434295654297,196.07414064859213,193.88200739910476,194.85628884332138,2950000
2011-01-27,197.7791290283203,200.45840294372857,195.83056618075065,196.31770689264306,7551000
2011-01-28,192.90771484375,196.804840396149,192.90771484375,196.804840396149,9783000
2011-02-08,179.51136779785156,185.11348646725534,179.51136779785156,185.11348646725534,20341000
2011-02-09,168.30714416503906,176.10139686153872,168.06357376827344,175.8578264647731,23307000
2011-02-10,172.20423889160156,173.90923135587485,168.55068361101596,168.55068361101596,11903000
2011-02-11,168.06358337402344,172.44785076638925,165.62787926715353,172.44785076638925,10932000
2011-02-14,169.52499389648438,171.71712743824926,169.52499389648438,170.4992754706021,5979000
2011-02-15,171.22996520996094,173.6656688402591,168.79426157966276,170.49925412087148,6696000
2011-02-16,169.52499389648438,172.2042682253081,169.28142350295494,171.2299866511904,4949000
2011-02-17,165.14068603515625,170.98637403640072,165.14068603515625,170.49923336963036,7439000
2011-02-18,167.08924865722656,168.06352999050486,166.1149673239483,166.60210799058743,4519000
2011-02-21,165.14068603515625,168.06353003577848,165.14068603515625,167.57638936900813,4845000
2011-02-22,161.48715209960938,162.94857429055605,158.564307717716,162.2178631950827,8531000
2011-02-23,162.7050018310547,166.60212762341527,161.487150020942,161.487150020942,8717000
2011-02-24,162.7050018310547,166.35855726139275,162.7050018310547,163.67928327914484,4803000
2011-02-25,162.7050018310547,165.3842758133026,159.78215748678426,164.16642400318992,9043000
2011-03-01,159.7821807861328,165.14072953200923,159.7821807861328,162.70502555661085,8099000
2011-03-02,168.30714416503906,170.49927773592958,161.7307434523675,161.7307434523675,14048000
2011-03-03,165.87144470214844,167.57643752581222,164.16645187848465,167.57643752581222,8817000
2011-03-04,163.4357147216797,167.57641092178184,163.1921443569678,167.57641092178184,5485000
2011-03-07,161.730712890625,162.70499429358057,160.02572043545274,161.24357218914722,5139000
2011-03-08,166.114990234375,167.57641243585044,161.73072362994867,161.73072362994867,6311000
2011-03-09,167.08924865722656,170.255662990381,167.08924865722656,169.5249519904223,6942000
2011-03-10,169.52499389648438,169.52499389648438,166.11500838707232,167.82000114177836,6148000
2011-03-11,168.06358337402344,169.0378650167714,166.6021609099015,168.5507241953974,4755000
2011-03-14,163.67930603027344,166.11500998905726,161.73074286324638,166.11500998905726,5175000
2011-03-15,155.15431213378906,166.11497782612895,152.23146794916508,163.67927433894232,11527000
2011-03-16,160.02574157714844,160.02574157714844,156.37218583337793,158.80788966255827,6099000
2011-03-17,167.576416015625,170.4992604810138,158.3207418752271,160.26930485215297,14017000
2011-03-18,168.7942352294922,170.49922750453757,166.11496165442088,170.49922750453757,8207000
2011-03-21,166.114990234375,168.7942642704133,166.114990234375,168.7942642704133,3674000
2011-03-22,169.52499389648438,172.93497940589643,167.57643074824892,167.57643074824892,7441000
2011-03-23,169.52499389648438,171.47355704471983,169.03785310942553,170.4992754706021,5213000
2011-03-24,166.84567260742188,171.22993845695996,166.84567260742188,170.49922748203696,5383000
2011-03-25,167.08924865722656,169.5249519904223,167.08924865722656,168.550670657144,4042000
2011-03-28,165.87144470214844,168.06357833257331,165.87144470214844,166.11501510552898,2466000
2011-03-29,166.114990234375,169.0378346373259,165.8714198674624,165.8714198674624,4663000
2011-03-30,163.4357147216797,166.84569982764617,163.4357147216797,166.1149887335105,5304000
2011-03-31,164.65357971191406,164.65357971191406,161.73073510164338,163.43572779096795,5177000
2011-04-01,167.08924865722656,167.08924865722656,164.1664046573917,165.38425632398958,3759000
2011-04-06,170.25564575195312,171.96063791255924,168.06351297403097,169.03779420866303,13675000
2011-04-07,170.9864044189453,171.47354517227564,168.79427102895883,171.47354517227564,5727000
2011-04-08,170.49923706054688,171.47351841517857,169.28138536725726,170.9863777378627,4402000
2011-04-11,172.44781494140625,172.44781494140625,168.55068918001854,170.4992520607124,3932000
2011-04-12,168.5506591796875,171.47350298049133,168.5506591796875,170.98636234702403,3186000
2011-04-13,169.2814178466797,169.5249882320706,166.35857322198882,168.06356591972516,2925000
2011-04-14,165.14068603515625,168.55067070254887,164.1664047016155,168.55067070254887,6957000
2011-04-15,163.67930603027344,166.84572117669242,163.67930603027344,164.1664468220302,4190000
2011-04-18,155.88504028320312,164.4100034236908,155.6414699077606,163.67929229736328,9125000
2011-04-19,150.5264892578125,153.93647445135517,150.03934851587783,153.4493337094205,10853000
2011-04-20,150.03933715820312,151.98789997843954,147.84720398543718,151.01361856832133,7843000
2011-04-21,153.2057342529297,154.18001555183545,151.50074197984463,152.96216392820327,5377000
2011-04-22,151.5007781982422,153.9364820277959,151.5007781982422,152.47505973006366,3480000
2011-04-25,148.82151794433594,152.96221484295086,148.82151794433594,151.98793321974736,2958000
2011-04-26,152.4750213623047,152.71859168396972,146.62933364234414,147.84718525066924,5446000
2011-04-27,156.1286163330078,160.2693128660205,154.9107644115335,154.9107644115335,11045000
2011-04-28,153.2057342529297,157.5900000980056,152.96216392820327,156.3721484743734,6056000
2011-04-29,154.18003845214844,156.37217170028325,151.50076448220588,152.9621866476291,5738000
2011-05-03,164.4099884033203,164.89712910970053,156.37216674804688,157.1028778076172,16655000
2011-05-04,167.576416015625,169.03783824831942,165.62785303869913,167.08927527139355,11869000
2011-05-05,169.2814178466797,169.7685586174615,165.871432451207,169.03784746128878,9219000
2011-05-06,169.2814178466797,169.2814178466797,166.35857322198882,169.2814178466797,7244000
2011-05-09,175.3706817626953,176.5885337193807,169.52499237060547,169.76856276194255,16713000
2011-05-10,171.7170867919922,174.39636048661902,171.7170867919922,174.39636048661902,6541000
2011-05-11,170.49923706054688,174.6399328177316,170.49923706054688,172.44779976981027,6371000
2011-05-12,171.7170867919922,172.4477977996177,169.2813834332405,169.52495376911568,4597000
2011-05-13,171.7170867919922,176.34492317362034,170.012094440866,171.473516456117,8588000
2011-05-16,168.30714416503906,173.9092632906482,168.30714416503906,172.93498170358572,5387000
2011-05-17,162.94857788085938,167.81998529134844,162.94857788085938,166.60213343872618,11825000
2011-05-18,165.6278533935547,165.6278533935547,163.67929041245404,163.67929041245404,4082000
2011-05-19,160.75643920898438,166.6021279074929,160.02572812167082,165.6278464577415,6583000
2011-05-20,154.9107666015625,160.75645590728183,154.9107666015625,160.26931513180523,8599000
2011-05-23,151.01361083984375,153.20574390042214,151.01361083984375,152.23146254016507,9343000
2011-05-24,152.96218872070312,157.34645527639205,152.96218872070312,152.96218872070312,7568000
2011-05-25,151.01361083984375,154.6671659408077,151.01361083984375,152.47503288022935,4869000
2011-05-26,149.7957763671875,153.2057615202617,148.82149489488057,152.96219115218494,7317000
2011-05-27,150.77005004882812,152.7186128927548,149.79576862686477,149.79576862686477,8517000
2011-05-30,154.42361450195312,155.39789598146072,151.98791080318415,153.20576265256864,6163000
2011-05-31,155.88504028320312,156.85932178497313,154.9107587814331,155.88504028320312,7316000
2011-06-01,160.75643920898438,161.2435799338601,156.8593134099787,156.8593134099787,8644000
2011-06-02,156.1286163330078,160.2693128660205,155.88504594871296,159.29503132884105,7074000
2011-06-03,155.6414794921875,157.83361300616195,155.39790910174588,157.10290183483713,3474000
2011-06-07,152.71859741210938,155.3978710509183,151.01360509650368,153.6928787353126,7157000
2011-06-08,153.93646240234375,154.91074380995352,151.98789958712422,153.20575134663642,6681000
2011-06-09,152.2314453125,154.1800078125,151.01359374999998,152.96215625,4867000
2011-06-10,149.06507873535156,152.47506419661778,149.06507873535156,152.47506419661778,10147000
2011-06-13,147.11651611328125,148.82150884969346,146.87294572236522,148.09079767694536,7611000
2011-06-14,148.0907745361328,148.57791524184378,147.36006347756637,147.60363383042184,5334000
2011-06-15,148.0907745361328,151.50075947610955,147.8472041832773,149.06505594755473,8962000
2011-06-16,144.92434692382812,146.62933924057904,144.92434692382812,146.62933924057904,8840000
2011-06-17,146.8729248046875,147.11649516091418,145.16793231110074,146.14221373600748,6249000
2011-06-20,143.70652770996094,148.57793542894265,143.70652770996094,148.57793542894265,5197000
2011-06-21,151.9879150390625,151.9879150390625,146.14222599909857,146.87293712909405,12779000
2011-06-22,156.3721466064453,156.8592872500791,153.44930274464258,155.39786531917773,12835000
2011-06-23,154.9107666015625,156.12861854025402,153.69291466287098,155.8850481525157,7518000
2011-06-24,151.5007781982422,155.39790432552815,151.5007781982422,155.39790432552815,9178000
2011-06-27,151.5007781982422,151.74434858119756,148.09079283686697,148.5779336027777,5842000
2011-06-28,150.5264892578125,152.96219296748583,150.5264892578125,151.9879114836165,4312000
2011-06-29,154.42361450195312,154.9107552417069,151.74434043330726,151.98791080318415,7352000
2011-06-30,151.9879150390625,155.3979003123748,151.50077428573218,154.6671891823793,6422000
2011-07-01,152.71859741210938,154.18001939691425,152.47502708130855,153.4493084045118,5073000
2011-07-04,152.96218872070312,153.9364701775229,149.55220362183394,153.449329449113,6528000
2011-07-05,150.5264892578125,152.71862259651851,150.5264892578125,151.50077074168183,4247000
2011-07-06,150.5264892578125,151.74434111264918,150.28291888684515,150.5264892578125,5337000
2011-07-07,148.33432006835938,151.25716381354871,148.33432006835938,151.0135935014496,13152000
2011-07-08,150.4198455810547,153.54816126038338,149.89845963449991,151.72331044744166,15273000
2011-07-11,143.38113403320312,150.41984424937854,143.38113403320312,150.41984424937854,9955000
2011-07-12,136.60311889648438,139.99212757139716,136.0817329464978,139.21004864641728,14323000
2011-07-13,128.78233337402344,138.68866671048679,127.21817547879238,137.12450881525572,24311000
2011-07-14,134.51756286621094,135.03894876879315,132.171326304591,134.51756286621094,16285000
2011-07-15,137.12449645996094,139.99211900950385,133.47479503326997,136.34241758281289,11987000
2011-07-18,130.8678741455078,136.0817336732173,130.8678741455078,136.0817336732173,9268000
2011-07-19,135.29965209960938,135.82103804218977,131.91064347283688,131.91064347283688,8394000
2011-07-20,141.81698608398438,143.12045102960923,137.38520526885986,138.42797722535977,16383000
2011-07-21,141.2956085205078,142.33838053910935,139.9921434972559,141.81699452980857,6328000
2011-07-22,144.42388916015625,148.59497621171312,143.38111739726705,146.50943268593468,16246000
2011-07-25,141.034912109375,144.6846140863274,140.77421911102124,144.42392108797364,8079000
2011-07-26,146.5094451904297,146.5094451904297,142.59905074584526,143.38112963476215,11211000
2011-07-27,144.42388916015625,148.0735903302685,143.90250327871163,146.77012562665698,10495000
2011-07-28,138.6886444091797,142.07765263722354,138.6886444091797,139.73141617165473,15781000
2011-07-29,134.7782745361328,138.9493623360905,132.95342362365133,137.12451142360902,12267000
2011-08-01,132.95343017578125,137.12451818129597,132.69273717543658,136.08174617991727,11313000
2011-08-02,134.7782745361328,136.0817394736196,129.82510777368304,130.86787972367247,14410000
2011-08-03,131.12857055664062,133.2141144223526,130.34649160699863,131.64995652306862,13505000
2011-08-04,123.82916259765625,132.69272370990953,123.82916259765624,131.3892588404605,15531000
2011-08-05,116.79045104980469,120.96153858729771,115.2262932232448,115.2262932232448,25219000
2011-08-08,120.44015502929688,122.52569883932799,117.3118393142502,121.48292693431242,17407000
2011-08-09,128.78233337402344,128.78233337402344,115.22629828202096,115.22629828202096,23417000
2011-08-10,133.47482299804688,136.08175313472748,131.9106649160385,132.95343697071075,21384000
2011-08-11,137.64588928222656,137.90658225435197,131.6499509233417,131.6499509233417,19309000
2011-08-12,133.99618530273438,141.55628136067077,133.73549233521933,140.25281652309553,16051000
2011-08-15,138.94937133789062,139.4707573466632,136.08174828964147,138.16729232473176,8661000
2011-08-16,136.86380004882812,140.77419433593752,136.86380004882812,140.2528084309896,8406000
2011-08-17,133.47482299804688,138.16729724407196,133.21412998437881,136.86383217573166,10503000
2011-08-18,132.4320526123047,136.08175484965167,131.91066657839798,131.91066657839798,10752000
2011-08-19,131.38925170898438,133.99618130638487,128.2609361921038,130.34647987002418,12974000
2011-08-22,140.25282287597656,140.51351585529991,132.953419454922,135.56034924815577,18708000
2011-08-23,141.81698608398438,142.33837206223433,137.64589825798484,140.7742141274845,16287000
2011-08-24,145.98806762695312,147.55222549438477,143.12044486999514,143.12044486999514,27358000
2011-08-25,146.5094451904297,151.98399741284788,146.5094451904297,148.59498889420806,23090000
2011-08-26,152.50540161132812,152.50540161132812,147.03084873297274,148.59500669821713,18647000
2011-08-29,150.6805419921875,152.50539284676415,149.89846305451178,152.50539284676415,11870000
2011-08-30,151.20193481445312,155.37302267140353,150.4198558412749,151.72332079657193,16937000
2011-08-31,151.98397827148438,153.2874429221832,149.3770489700867,152.76605706190367,12071000
2011-09-01,151.20193481445312,156.67648762670055,151.2019348144531,153.54817173398772,14672000
2011-09-02,153.02676391601562,154.33022868531728,150.15914142355194,151.20191323899328,12917000
2011-09-05,148.59500122070312,151.72331703587582,148.59500122070312,149.89846614369173,12593000
2011-09-06,142.8597412109375,146.50944262873517,142.5990482525234,145.98805671190695,19095000
2011-09-07,147.29153442382812,148.07361336767147,145.20599057357924,145.98806951742256,15492000
2011-09-08,147.8129425048828,148.855714586046,146.5094774034288,148.59502156575522,11070000
2011-09-09,147.29153442382812,150.68054318048257,146.7701484612659,147.55222740510925,11854000
2011-09-13,147.8129425048828,149.3771006266276,146.5094774034288,147.0308634440104,8302000
2011-09-14,145.7273712158203,151.7233095663818,139.73143286525885,149.898458764037,17942000
2011-09-15,154.59092712402344,155.11231305024276,149.63776082494007,151.20191860359796,19912000
2011-09-16,162.1510467529297,162.67243275535068,157.45857273114072,159.0227307384037,25158000
2011-09-19,161.36895751953125,163.97588736637343,160.06549259611015,161.10826453484702,10686000
2011-09-20,170.23252868652344,171.27530068460322,163.19381769948495,163.19381769948495,23738000
2011-09-21,176.7498321533203,177.79260402443134,172.57874466887617,175.18567434665377,32642000
2011-09-22,181.44232177734375,181.44232177734372,172.57876008132408,175.70707597403688,22362000
2011-09-23,168.9290771484375,176.74986775716147,168.9290771484375,176.48917473687067,25583000
2011-09-26,159.54409790039062,159.54409790039065,159.54409790039065,159.54409790039065,37780000
2011-09-27,170.4932098388672,170.4932098388672,166.84350809919724,169.9718238760572,15601000
2011-09-28,173.62152099609375,175.1856788429054,168.14696853225294,175.1856788429054,15246000
2011-09-29,171.27529907226562,174.92500103118758,170.23252708400221,171.53599206933148,9994000
2011-09-30,175.96774291992188,175.96774291992188,172.31804158528647,172.57873453776043,10018000
2011-10-03,169.450439453125,173.88222017728367,166.84350961538462,173.10014122596155,11813000
2011-10-04,170.4932098388672,170.4932098388672,162.41172741531233,163.19380635952731,12469000
2011-10-05,171.27529907226562,173.6215360458583,168.1469831074754,171.53599206933148,8725000
2011-10-06,172.057373046875,175.70707489938445,172.057373046875,175.70707489938445,9089000
2011-10-07,161.8903045654297,162.67238333144627,161.8903045654297,162.67238333144627,31041000
2011-10-11,166.84352111816406,166.84352111816406,163.45451209545135,164.23659110069275,12893000
2011-10-12,171.53599548339844,173.10015349692486,165.5400564315471,166.84352144281914,13089000
2011-10-13,175.1857147216797,175.9677938052586,171.0146262759254,173.10017049880253,16885000
2011-10-14,175.44638061523438,179.35677542835253,175.18568762769317,177.01053854048163,14359000
2011-10-17,175.1857147216797,178.57472408385502,173.62155655452182,178.3140310559954,8574000
2011-10-18,176.7498321533203,178.57468292776463,172.05735873332065,172.05735873332065,12517000
2011-10-19,171.01461791992188,178.31402234333316,169.97184585943455,178.31402234333316,12296000
2011-10-20,170.23252868652344,173.6215376802827,168.92906368892372,171.01460768508326,9530000
2011-10-21,173.10011291503906,173.10011291503906,166.8434823277485,171.0145693859422,8852000
2011-10-24,179.3567657470703,179.87815169400946,175.7070641184962,177.27122195931366,16472000
2011-10-25,176.7498321533203,179.87814776665343,176.7498321533203,178.83537589554237,13182000
2011-10-26,176.2284698486328,177.01054885683683,173.88223282402086,174.14292582675552,8497000
2011-10-27,170.4932098388672,175.70706946696708,169.9718238760572,174.6642975413471,15423000
2011-10-28,168.9290771484375,173.88224453396268,167.8863050672743,173.10016547309027,15284000
2011-10-31,165.8007354736328,167.88627931606842,164.23657759180608,166.84350739485063,16681000
2011-11-01,166.58282470703125,169.97183366038246,165.80074571779636,165.80074571779636,11985000
2011-11-02,169.97178649902344,169.9717864990234,163.71515632114526,164.23654216930177,9925000
2011-11-03,162.1510467529297,169.71114378803412,162.1510467529297,169.18975778561312,13078000
2011-11-04,167.3648681640625,167.88625404619356,165.01863169447284,166.84348228193147,9913000
2011-11-07,165.5400390625,168.40766178641732,165.5400390625,167.364889886811,4643000
2011-11-08,165.2793731689453,167.88630334511166,164.75798713371205,167.3649173098784,5118000
2011-11-09,165.8007354736328,169.45043719789516,165.8007354736328,167.36489335545951,6665000
2011-11-10,161.36895751953125,164.23658035105765,160.06549259611015,162.1510364735839,9961000
2011-11-11,162.93307495117188,165.27931123046875,160.06545283203124,162.67238203124998,10109000
2011-11-14,167.3648681640625,168.40763992832458,165.01863169447284,165.27932463553836,7300000
2011-11-15,164.23655700683594,168.40764416891432,163.97586405920603,166.8434864831349,6199000
2011-11-16,159.54409790039062,165.54003622017657,159.54409790039065,164.49726433847465,11517000
2011-11-17,160.8475799560547,160.8475799560547,155.37302699158604,156.93718498143423,11385000
2011-11-18,160.5868682861328,162.67241203010855,158.2406315741601,159.8047893821419,7458000
2011-11-21,156.93716430664062,162.67240951386003,156.93716430664062,160.58686580214388,9345000
2011-11-22,150.6805419921875,159.0227173273951,150.6805419921875,157.97994541049414,15431000
2011-11-23,148.07362365722656,152.24471164757097,148.07362365722656,148.85570265541614,10421000
2011-11-24,142.5990753173828,148.07362848313244,139.7314522305616,148.07362848313244,17250000
2011-11-25,142.5990753173828,150.15917254627513,141.55630328581145,147.03085645156108,12793000
2011-11-28,146.5094451904297,148.07360296826346,142.85974370881758,143.64182259773446,8627000
2011-11-29,147.29153442382812,148.5949993302337,145.46668355486034,147.55222740510925,7686000
2011-11-30,145.7273712158203,149.63776579227346,144.9452923005297,147.5522220181651,9506000
2011-12-01,149.89846801757812,152.24470490828804,149.3770820418648,151.72331893257473,9581000
2011-12-02,150.6805419921875,151.4626209298632,148.85569113761082,149.89846305451178,4254000
2011-12-05,146.24874877929688,150.6805290453362,146.24874877929688,150.15914313168452,5000000
2011-12-06,136.60311889648438,145.20598707126297,136.0817329464978,143.90252219629653,12792000
2011-12-07,137.3852081298828,138.94936609720594,131.91065524425179,135.0389711788981,15561000
2011-12-08,133.99618530273438,136.60311497788487,132.4320274976441,136.08172904285476,9243000
2011-12-09,135.56033325195312,136.34241209763746,129.30370248647836,130.34647428072415,10329000
2011-12-12,136.0817413330078,139.21005722572062,135.56035535088898,138.16728526148302,5725000
2011-12-13,140.25282287597656,140.25282287597653,135.56034924815577,135.56034924815577,9172000
2011-12-14,139.47076416015625,141.29561528000878,138.4279920916691,140.77422924576518,7036000
2011-12-15,133.73548889160156,138.68865514684606,133.73548889160156,138.16726922524137,10287000
2011-12-16,132.95343017578125,135.56036017922796,132.95343017578125,133.73550917681527,6472000
2011-12-19,126.95748901367188,131.9106559361765,126.69679601775057,131.38926994433393,8385000
2011-12-20,130.8678741455078,132.69272498020612,126.95747949972571,126.95747949972571,8076000
2011-12-21,139.99209594726562,139.99209594726562,138.16724553454523,139.7314030311627,10068000
2011-12-22,139.73143005371094,140.51350895326527,138.68865818763845,139.99212302022906,6939000
2011-12-23,146.7701416015625,149.11637832343473,142.59905409601188,143.38113300330264,13789000
2011-12-26,146.5094451904297,147.5522170423189,144.94528741259592,147.29152407934657,6778000
2011-12-27,145.46669006347656,146.77015502820308,144.42391809169538,145.98807604936718,5602000
2011-12-28,143.641845703125,147.0308547669011,142.5990736835016,145.98808274727767,8480000
2011-12-29,144.68458557128906,144.68458557128906,141.5562702075855,142.85973494246198,5451000
2011-12-30,144.68458557128906,147.0308220940667,143.90250673036317,146.50943620011614,5381000
2012-01-02,132.4320526123047,145.9880894938792,132.4320526123047,145.72739647692583,10596000
2012-01-03,135.82101440429688,146.50942436701507,135.82101440429688,145.46665266333525,16202000
2012-01-04,136.0817413330078,148.85569789491848,136.0817413330078,147.0308469575027,15873000
2012-01-05,147.03082275390625,147.81290159834194,145.46666506503493,147.81290159834194,13977000
2012-01-06,145.2059783935547,146.7701361500382,144.68459247472683,146.7701361500382,10342000
2012-01-09,139.21005249023438,143.90252616968047,138.94935950804293,143.38114020529758,11573000
2012-01-10,140.7742156982422,141.55629467434352,139.99213672214083,139.99213672214083,9138000
2012-01-11,143.12045288085938,144.42391784334444,141.03490894088327,141.8169879183743,7532000
2012-01-12,141.81698608398438,143.90252999698416,139.21005619273467,143.12045102960923,9214000
2012-01-13,141.81698608398438,143.12045102960923,140.25282814923455,143.12045102960923,12606000
2012-01-16,135.56033325195312,141.8169640174279,135.29964030339167,141.8169640174279,11933000
2012-01-17,137.12449645996094,138.68865421425707,133.73548799231932,135.5603387056648,12253000
2012-01-18,137.12449645996094,138.94934717330642,136.08172462376353,137.12449645996094,9011000
2012-01-30,145.7273712158203,145.7273712158203,138.68866097820467,140.25281880878592,17233000
2012-01-31,147.29153442382812,149.63777125535813,144.4239116297359,146.5094554799848,17012000
2012-02-01,150.15914916992188,151.7233069737752,144.68459685643512,147.03083356221515,12874000
2012-02-02,149.37710571289062,151.20195691706206,147.5522545087192,151.20195691706206,16478000
2012-02-03,152.50540161132812,155.8944105360243,149.11639268663194,149.11639268663194,18129000
2012-02-06,148.59500122070312,151.72331703587582,148.07361525150768,150.68054509748492,15976000
2012-02-07,148.59500122070312,150.68054509748492,146.2487643593236,147.03084331311678,10149000
2012-02-08,151.72332763671875,153.0267926507799,150.15916961984536,150.15916961984536,13012000
2012-02-09,152.50540161132812,155.3730245476095,150.94124364608373,151.72332262870592,14241000
2012-02-10,151.98397827148438,154.0695217126025,150.68051362078552,152.76605706190367,10118000
2012-02-13,162.41172790527344,162.41172790527344,151.723315635424,152.2447015998069,27414000
2012-02-14,164.75794982910156,169.18973012513752,163.71517799474017,164.75794982910156,25707000
2012-02-15,165.5400390625,168.40766178641732,165.01865311269682,167.364889886811,11977000
2012-02-16,157.97998046875,166.06146461814149,155.89443617213283,165.5400785439872,13059000
2012-02-17,157.97998046875,163.1938412102929,156.9372083204414,160.58691083952144,15374000
2012-02-20,160.5868682861328,162.15102609411463,157.9799386061631,159.8047893821419,7495000
2012-02-21,159.54409790039062,162.15102760464538,158.50132601868873,160.58686978209255,5680000
2012-02-22,163.1938018798828,164.49726675112788,158.50132834340053,158.50132834340053,12599000
2012-02-23,158.50132751464844,163.19380102659525,158.5013275146484,161.62964318927965,10805000
2012-02-24,157.4585723876953,159.54411639283035,156.4158003851278,158.50134439026283,6862000
2012-02-29,156.93716430664062,162.151023585931,156.41577837871156,161.62963765800197,14707000
2012-03-01,158.24063110351562,159.80478890684526,156.93716626740758,157.4585522018508,8453000
2012-03-02,164.23655700683594,165.01863584972563,159.80477689712765,160.06546984475756,19523000
2012-03-05,160.5868682861328,166.58280655006308,160.5868682861328,165.27934171007826,11543000
2012-03-06,163.71519470214844,163.71519470214844,159.5441069390364,161.62965082059242,12704000
2012-03-07,165.5400390625,167.88627583661415,161.62964443897636,162.67241633858265,18935000
2012-03-08,162.6724090576172,167.3648823958177,162.6724090576172,166.32211054288425,12788000
2012-03-09,161.62962341308594,164.2365528229744,161.62962341308594,162.67239517704132,11079000
2012-03-12,157.97998046875,162.93314817321576,157.97998046875,161.62968298783002,8555000
2012-03-13,158.24063110351562,160.3261748412885,157.979938136294,159.02271000518044,7582000
2012-03-14,159.54409790039062,162.15102760464538,159.28340492996517,159.54409790039065,9772000
2012-03-15,163.45448303222656,164.75794780919807,161.62963234446647,161.62963234446647,16734000
2012-03-16,161.10826110839844,163.45449792065665,160.58687515011883,163.19380494151685,9426000
2012-03-19,160.0654754638672,162.15101911811954,159.022703636741,161.62963320455643,6631000
2012-03-20,158.50132751464844,162.67241508082338,157.97994156887654,161.62964318927965,8234000
2012-03-21,157.71925354003906,159.8047973885024,156.15509565369157,158.76202546427075,8054000
2012-03-22,156.41580200195312,158.24065302530926,155.89441599527996,156.93718800862632,9373000
2012-03-23,154.3302459716797,156.93717580228238,153.2874740394386,156.41578983616182,11910000
2012-03-26,154.3302459716797,156.41578983616182,153.80886000555913,154.3302459716797,7129000
2012-03-27,153.80886840820312,155.89441238661945,153.80886840820312,155.89441238661945,5087000
2012-03-28,149.37710571289062,155.1123523545723,149.37710571289062,154.0695802379029,16865000
2012-03-29,142.8597412109375,147.81290742080577,139.73142570996808,147.81290742080577,24306000
2012-03-30,147.29153442382812,147.29153442382812,143.38113970461146,144.1632186484548,12545000
2012-04-02,144.1632080078125,147.2915235522858,143.6418220837336,147.2915235522858,6181000
2012-04-03,144.42388916015625,146.50943268593468,141.2955738714886,144.94527504160087,9414000
2012-04-05,143.12045288085938,143.90253185835041,140.25282996339226,141.29560193338028,5914000
2012-04-06,145.46669006347656,145.46669006347656,143.9025321058048,144.42391809169538,5692000
2012-04-09,142.33836364746094,144.68460041088062,142.07767067374763,142.59905662117424,3546000
2012-04-10,143.641845703125,145.20600373256013,142.33838067859574,143.90253870803087,3985000
2012-04-11,144.42388916015625,144.42388916015625,142.07765269365552,142.07765269365552,2783000
2012-04-12,144.94528198242188,146.24874674845083,142.8597383567755,144.42389607601027,6874000
2012-04-13,145.7273712158203,147.03083607463805,144.9452923005297,145.98806418758386,7282000
2012-04-16,147.03082275390625,149.89844518350372,144.42389327245402,144.94527916874446,8797000
2012-04-17,142.8597412109375,149.11637221287637,142.8597412109375,148.59498629604815,9857000
2012-04-18,144.68458557128906,146.50943620011614,143.90250673036317,145.98805030616555,6917000
2012-04-19,144.1632080078125,144.9452868939308,142.59905023557582,144.9452868939308,5519000
2012-04-20,135.56033325195312,144.1632005544809,135.56033325195312,144.1632005544809,18277000
2012-04-23,135.82101440429688,137.38517195981663,133.47477807101728,135.56032147837692,8278000
2012-04-24,134.51756286621094,136.6031064765398,133.99617696362873,135.56033467137536,7208000
2012-04-25,137.12449645996094,137.3851894190103,135.0389527875661,135.5603387056648,7584000
2012-04-26,133.99618530273438,138.16727278297515,133.99618530273438,138.16727278297515,7557000
2012-04-27,125.393310546875,135.82102867967126,124.87192464023518,134.5175639130717,18681000
2012-04-30,131.91067504882812,131.91067504882812,122.52572583586803,122.52572583586803,11718000
2012-05-02,139.21005249023438,140.25282441900018,129.82510513134218,133.21411389983103,20470000
2012-05-03,138.42796325683594,139.21004214529265,136.60311251710365,138.16727029401704,9581000
2012-05-04,141.2956085205078,141.5563015251582,137.38521345075208,137.90659946005283,10502000
2012-05-07,142.5990753173828,142.5990753173828,138.68868019899023,139.2100662147759,8885000
2012-05-08,138.16725158691406,143.9024959924086,138.16725158691406,143.9024959924086,8703000
2012-05-09,138.16725158691406,140.25279500709388,135.82101523921173,136.60309402177919,5789000
2012-05-10,137.64588928222656,139.73143305923,136.60311739372483,138.16727522647741,4252000
2012-05-11,137.12449645996094,139.2100401323558,137.12449645996094,138.42796125520772,5169000
2012-05-14,137.64588928222656,138.16727522647741,136.34242442159942,137.38519631010112,3544000
2012-05-15,140.25282287597656,140.25282287597653,135.82104222747915,135.82104222747915,6998000
2012-05-16,136.60311889648438,140.25282054639047,136.60311889648438,140.25282054639047,5931000
2012-05-17,142.07766723632812,143.90251800817086,137.90657975783043,139.21004459486096,9865000
2012-05-18,136.60311889648438,140.25282054639047,136.0817329464978,139.73143459640386,7114000
2012-05-21,136.60311889648438,139.73143459640386,136.60311889648438,137.64589079645754,3851000
2012-05-22,136.86380004882812,138.9493436686198,136.60310709635417,138.68865071614584,5561000
2012-05-23,131.91067504882812,135.56037752053484,131.38928898144147,135.56037752053484,7652000
2012-05-24,133.73548889160156,134.5175677740086,132.69271704839218,132.95341000919453,4533000
2012-05-25,132.69271850585938,135.038955178851,132.69271850585938,133.73549036052233,4538000
2012-05-28,135.03897094726562,135.03897094726562,129.8251110651318,133.2141199885188,6343000
2012-05-29,142.07766723632812,142.33836020373423,136.08172898598767,136.6031149207999,12274000
2012-05-30,139.21005249023438,141.8169823121489,139.21005249023438,141.8169823121489,8598000
2012-05-31,137.64588928222656,141.29559089198256,136.08173144947398,136.60311739372483,11705000
2012-06-01,134.25686645507812,139.47072534653745,133.4747876213592,137.12448884538074,7941000
2012-06-04,127.73955535888672,129.82509911984815,125.65401159792532,128.00024832900692,10192000
2012-06-05,132.4320526123047,132.69274562925804,130.86789451058453,132.17135959535133,7086000
2012-06-06,134.25686645507812,135.038945288797,131.64993700934843,132.95340173221328,5552000
2012-06-07,135.82101440429688,138.1672507375765,135.82101440429688,137.6458648857366,7412000
2012-06-08,132.4320526123047,136.60314088355838,131.91066657839798,136.08175484965167,7077000
2012-06-11,134.51756286621094,136.6031064765398,133.47479106104652,135.56033467137536,3711000
2012-06-12,132.95343017578125,133.21412317612592,131.38927217371324,131.38927217371324,3132000
2012-06-13,134.51756286621094,135.29964172008425,133.47479106104652,135.03894876879315,3492000
2012-06-14,136.0817413330078,138.16728526148302,134.256890395592,135.56035535088898,7635000
2012-06-15,138.16725158691406,140.25279500709388,136.60309402177919,137.12447987682415,9881000
2012-06-18,144.1632080078125,145.20597985597027,141.29558542537862,141.8169713494575,12323000
2012-06-19,143.12045288085938,144.68461083584145,141.5562949258773,144.16322485084743,6582000
2012-06-20,143.9025421142578,144.94531415856403,143.12046308102816,144.6846211474875,7187000
2012-06-21,141.2956085205078,143.90253856701165,141.03491551585742,143.3811525577109,4944000
2012-06-22,142.8597412109375,142.8597412109375,139.21003979313983,140.25281162679633,6090000
2012-06-25,146.24874877929688,150.15914313168452,144.94528399516767,144.94528399516767,19018000
2012-06-26,143.12045288085938,147.29154076081156,142.33837390336834,146.2487687908235,14172000
2012-06-27,141.81698608398438,143.90252999698416,141.29560010573445,143.90252999698416,8048000
2012-06-28,141.81698608398438,144.4239159752341,140.7742141274845,144.4239159752341,8759000
2012-06-29,142.33836364746094,142.59905662117424,141.03489877889444,142.33836364746094,6506000
2012-07-02,140.25282287597656,143.38113862785707,140.25282287597653,142.8597526692103,6282000
2012-07-03,142.5990753173828,142.5990753173828,141.03491727002577,141.29561027791863,5525000
2012-07-04,143.12045288085938,143.90253185835041,142.07768091087132,142.85975988836236,8376000
2012-07-05,142.8597412109375,143.902513044594,142.5990482525234,143.12043416935163,4092000
2012-07-06,142.33836364746094,144.68460041088062,141.81697770003433,143.38113554231413,5573000
2012-07-09,143.38113403320312,143.90251997514204,142.33836214932526,142.33836214932526,3554000
2012-07-10,138.16725158691406,143.9024959924086,137.6458657318691,143.9024959924086,7602000
2012-07-11,137.90660095214844,138.4279869670904,136.08174989985156,136.08174989985156,3032000
2012-07-12,133.47482299804688,138.16729724407196,132.6927439570427,138.16729724407196,6632000
2012-07-13,129.30372619628906,133.47481413810485,129.30372619628906,133.47481413810485,10841000
2012-07-16,131.7382049560547,132.82024360045762,130.92667597275252,132.54973393935688,9097000
2012-07-17,135.52532958984375,135.52532958984375,132.0087042711452,132.549723550945,7708000
2012-07-18,133.09075927734375,136.06636568395103,132.54973993068788,136.06636568395103,6525000
2012-07-19,134.17279052734375,135.2548291606288,133.9022808690225,135.2548291606288,4336000
2012-07-20,135.2548065185547,135.52531613159178,134.44327767944336,134.98429690551757,3603000
2012-07-23,131.7382049560547,133.09075326155835,131.46769529495396,133.09075326155835,4767000
2012-07-24,131.7382049560547,132.27922427825615,129.8446373283496,131.46769529495396,6101000
2012-07-25,130.38565063476562,131.46768922924502,129.84463133752595,129.84463133752595,6880000
2012-07-26,127.95104217529297,132.00868621890692,127.41002296947778,131.46766701309173,7374000
2012-07-27,129.84461975097656,130.9266582489014,129.03309087753297,130.38563899993898,9297000
2012-07-30,133.6317596435547,134.17277891336664,132.0087018341188,132.0087018341188,11363000
2012-07-31,137.95993041992188,137.95993041992188,131.7382080676509,133.6317757400812,21326000
2012-08-01,147.427734375,147.427734375,143.9111095183486,145.5341671444954,26785000
2012-08-02,147.427734375,147.427734375,147.427734375,147.427734375,0
2012-08-03,150.94439697265625,151.75592598863827,148.78031959670417,150.94439697265625,22962000
2012-08-06,148.78030395507812,153.3789678955078,148.78030395507812,153.10845825195312,11295000
2012-08-07,152.0264129638672,152.29692259547548,149.32131664778413,150.40335517421735,12396000
2012-08-08,152.56741333007812,156.08403810541682,152.56741333007812,153.64945172249003,17574000
2012-08-09,152.56741333007812,153.91996132059302,150.9443557414603,153.64945172249003,13200000
2012-08-10,153.64947509765625,156.35457149022062,152.83794617988693,153.64947509765625,13813000
2012-08-13,158.78916931152344,160.14171760208157,154.46101478173745,155.81356307229558,19765000
2012-08-14,157.43663024902344,160.14172698869737,156.35459155315385,160.14172698869737,11781000
2012-08-15,153.9199981689453,157.97764311188763,153.6494885060825,156.89560446043635,14278000
2012-08-16,157.97760009765625,158.24810968686455,153.6494466703232,154.73148502715645,11713000
2012-08-17,159.3301544189453,160.9532120191383,157.166077618688,157.43658721872018,11639000
2012-08-20,161.2237091064453,162.0352378435583,159.60065163221935,160.14167079029468,10003000
2012-08-21,162.30580139160156,165.55191741943358,161.49427238464355,163.92885940551758,16527000
2012-08-22,163.6583251953125,164.74036370900052,161.4942481679365,164.46985408057853,10160000
2012-08-23,168.79800415039062,168.79800415039062,162.57628284356534,164.4698501978165,21885000
2012-08-24,172.0441436767578,173.1261823162343,167.17496979911374,167.71598911885195,24626000
2012-08-27,172.58517456054688,172.58517456054688,169.33905842461184,172.0441552045577,10248000
2012-08-28,170.4210662841797,172.31463368733722,169.33902776808964,172.31463368733722,10274000
2012-08-29,173.12615966796875,173.66717891693116,168.52749605178835,171.50310192108157,14630000
2012-08-30,171.2325897216797,174.20819554622705,171.2325897216797,173.12615706457348,10775000
2012-08-31,173.12615966796875,173.12615966796875,170.69157304763795,172.04412117004395,7547000
2012-09-03,173.12615966796875,174.20819816589358,172.04412117004395,173.12615966796875,6244000
2012-09-04,175.83126831054688,176.9133068847656,173.12617187499998,173.12617187499998,9412000
2012-09-05,173.66717529296875,176.37227148133275,173.39666567413235,175.01972338715075,8343000
2012-09-06,169.88003540039062,174.7492083895738,169.88003540039062,173.66716994753307,10559000
2012-09-07,174.2082061767578,175.0197350875191,170.42107125987178,173.1261676290761,16504000
2012-09-10,182.32350158691406,182.32350158691406,175.01974113758664,175.29025078385803,20005000
2012-09-11,183.40553283691406,183.9465521078194,181.24145575329266,182.8645135660087,10049000
2012-09-12,182.052978515625,184.2170555262119,180.42992075768478,183.94654589988855,10102000
2012-09-13,180.97093200683594,182.86449930735589,180.15940316375597,180.70042239247596,7488000
2012-09-14,183.40553283691406,186.38113882689348,182.32349429510336,183.9465521078194,11760000
2012-09-17,179.34791564941406,183.4055607998533,177.72485758923838,183.4055607998533,11657000
2012-09-18,179.07740783691406,182.3235239910575,177.45434975984233,178.53638847789014,10608000
2012-09-19,176.64280700683594,178.26586495789417,175.01974905577774,177.99535529938444,13736000
2012-09-20,175.83126831054688,177.99534545898436,175.83126831054688,176.37228759765625,11042000
2012-09-21,173.9376983642578,175.83126584256232,171.5031116064377,175.83126584256232,13073000
2012-09-24,178.53636169433594,179.34789061112838,173.66718819358132,173.93769783251213,12987000
2012-09-25,176.37228393554688,181.2414574184301,176.37228393554688,180.97094778049214,7844000
2012-09-26,174.2082061767578,178.53636036748472,174.2082061767578,177.72483145672342,9349000
2012-09-27,175.83126831054688,175.83126831054688,173.66719116210936,174.74922973632812,6734000
2012-09-28,167.44546508789062,174.20820600420285,163.92883981140827,174.20820600420285,30406000
2012-10-01,169.0685272216797,169.0685272216797,165.28139221191407,166.3634307861328,11248000
2012-10-02,174.2082061767578,174.2082061767578,168.52750380142876,169.33903271219006,11063000
2012-10-03,173.9376983642578,174.74922728353118,171.7736212461955,173.66718872450002,6193000
2012-10-04,172.31463623046875,173.93769402855793,169.33903026730522,173.12616512951334,7258000
2012-10-05,175.83126831054688,178.8068743896484,175.56075866699217,176.37228759765625,15599000
2012-10-08,176.91329956054688,178.53635735468032,176.3722802958357,178.53635735468032,9280000
2012-10-09,175.29025268554688,178.53636847601996,172.04413689507376,177.4543298791956,10484000
2012-10-11,176.1017608642578,177.45430895077283,173.12615507392474,173.12615507392474,17480000
2012-10-12,173.12615966796875,175.8312559127808,172.04412117004395,175.8312559127808,9180000
2012-10-15,170.4210662841797,172.85565294538225,170.15055665515717,172.0441240583147,5977000
2012-10-16,171.77366638183594,173.66723435769867,171.50315667099838,172.04417609267347,9903000
2012-10-17,171.50311279296875,173.66718992600306,171.50311279296875,173.12617064274448,6422000
2012-10-18,173.12615966796875,173.93768854141237,172.31463079452516,173.66717891693116,5403000
2012-10-19,175.019775390625,175.019775390625,172.04416869928517,173.126207496136,4476000
2012-10-22,176.37228393554688,176.37228393554688,172.31463936647756,173.12616828029144,5534000
2012-10-23,174.47869873046875,177.18379483481712,174.47869873046875,176.9132852243823,3767000
2012-10-24,176.64280700683594,177.18382632385536,173.1261814462098,173.3966911047195,5700000
2012-10-25,173.66717529296875,176.64278110016915,173.12615605529595,176.64278110016915,6031000
2012-10-26,172.31463623046875,175.831261459662,172.31463623046875,175.831261459662,7021000
2012-10-29,178.26588439941406,179.34792315145907,173.39671001521154,173.6672197032228,16712000
2012-10-30,175.83126831054688,178.8068743896484,175.2902490234375,178.53636474609374,13314000
2012-10-31,175.56077575683594,175.8312854267232,173.12618872785055,175.8312854267232,8665000
2012-11-01,176.64280700683594,177.18382632385536,173.1261814462098,175.01974905577774,6188000
2012-11-02,175.83126831054688,177.72483581542969,173.93770080566406,177.45432617187498,5797000
2012-11-05,172.0441436767578,175.83127891492543,171.23261469715047,175.29025959518722,6819000
2012-11-06,167.71595764160156,173.1261498235887,165.55188076880668,173.1261498235887,13839000
2012-11-07,170.4210662841797,170.69157591320217,165.01087370372952,167.7159699939546,10004000
2012-11-08,171.50311279296875,172.5851513594859,168.25699709341728,169.33903565993444,10393000
2012-11-09,175.83126831054688,176.37228759765625,170.9620947265625,171.50311401367188,10157000
2012-11-12,174.2082061767578,177.454321819803,173.66718690291697,177.454321819803,4651000
2012-11-13,173.12615966796875,177.1838040351868,173.12615966796875,175.29023666381838,7471000
2012-11-14,172.0441436767578,173.3966919761034,168.2570084385902,173.3966919761034,8827000
2012-11-15,172.0441436767578,172.85567265636516,169.60955673793578,171.5031243570196,6274000
2012-11-16,170.4210662841797,173.39667220342724,170.42106628417966,171.2325951712472,5718000
2012-11-19,168.79800415039062,172.3146292368571,168.25698490631885,170.42106188260593,4647000
2012-11-20,166.63397216796875,170.42110789905897,165.82244308273516,169.8800885089032,6555000
2012-11-21,167.98648071289062,168.25699034366824,163.9288362512266,165.010874774337,5960000
2012-11-22,169.33901977539062,170.4210582404091,168.25698131037217,169.88003900789985,3517000
2012-11-23,173.12615966796875,173.66717891693116,170.42106342315674,170.96208267211915,6770000
2012-11-26,175.83126831054688,176.37228759765625,174.20821044921874,174.20821044921874,7733000
2012-11-27,175.56077575683594,177.18383377615956,175.01975641706142,176.642814436385,4816000
2012-11-28,175.29025268554688,175.56076233475295,173.39668514110423,174.20821408872249,3788000
2012-11-29,177.1837921142578,178.26583053938307,175.83124408285127,176.9132825079765,8199000
2012-11-30,178.80686950683594,180.97094659617738,177.72483096216524,178.53635987066826,13965000
2012-12-03,181.24142456054688,182.86448209392492,180.15938620496152,180.7004053827542,10802000
2012-12-04,179.61837768554688,181.24143531523555,177.9953200558582,181.24143531523555,8497000
2012-12-05,178.53636169433594,179.07738097219757,176.64279422182025,177.99534241647433,7404000
2012-12-06,175.019775390625,179.88894997645383,174.47875599219958,179.6184402772411,12452000
2012-12-07,175.019775390625,176.37232388668855,172.58518809771058,174.7492656914123,11081000
2012-12-10,172.0441436767578,174.74924027544898,171.23261469715047,174.74924027544898,9052000
2012-12-11,174.2082061767578,174.47871581367826,172.3146387183148,172.3146387183148,7240000
2012-12-12,184.21705627441406,184.48756590183612,176.10176745175266,176.3722770791747,21100000
2012-12-13,183.67608642578125,189.89780953004188,183.13506702541076,185.2991446268927,23230000
2012-12-14,183.67608642578125,185.2991446268927,181.5120088242993,182.86455732522552,10956000
2012-12-17,182.864501953125,185.56959813586354,181.7824634800296,185.56959813586354,8716000
2012-12-18,181.51197814941406,184.2170746941147,179.61841056812358,183.94656503964464,7202000
2012-12-19,176.91329956054688,180.42992478116935,176.3722802958357,180.15941514881376,13502000
2012-12-20,174.7492218017578,178.2658470082947,174.47871217048572,175.560750695574,9180000
2012-12-21,173.66717529296875,176.64278110016915,173.12615605529595,175.29023300598715,6691000
2012-12-24,171.77366638183594,173.39672464686114,170.42111782764823,171.23264696016085,4295000
2012-12-25,174.2082061767578,174.7492254505987,172.3146387183148,173.1261676290761,4040000
2012-12-26,173.9376983642578,175.56075620280453,173.9376983642578,175.29024656304674,4038000
2012-12-27,175.29025268554688,176.10178163316513,173.6671947903103,174.20821408872249,5380000
2012-12-28,175.019775390625,176.10181418747584,172.58518809771058,175.56079478905042,8646000
2013-01-02,175.83126831054688,175.83126831054688,174.20821044921874,175.56075866699217,7899000
2013-01-03,176.37228393554688,177.99534176317462,176.10177429760893,176.9133032114228,10614000
2013-01-04,165.28140258789062,169.8800668170136,164.74038326681733,166.63395089057386,24953000
2013-01-07,163.11729431152344,163.65831352980376,159.6006693927012,163.11729431152344,15684000
2013-01-08,163.6583251953125,163.92883482373452,161.76475779635848,162.3057770532025,10876000
2013-01-09,168.79800415039062,168.79800415039062,163.65832133170886,164.19934057578064,11564000
2013-01-10,169.88003540039062,171.50309306345167,167.7159585163092,171.50309306345167,12989000
2013-01-11,169.0685272216797,170.6915850830078,167.71597900390623,170.6915850830078,4408000
2013-01-14,168.79800415039062,168.79800415039062,165.8223983079959,168.79800415039062,4922000
2013-01-15,168.5275115966797,169.88005984384407,168.2570019472468,169.88005984384407,4592000
2013-01-16,167.44546508789062,169.88005181776302,162.8468012647983,169.88005181776302,10406000
2013-01-17,166.09292602539062,167.98649358594068,165.55190672237632,165.55190672237632,6855000
2013-01-18,167.1749725341797,167.71599186276924,164.4698758912318,166.9044628698849,5456000
2013-01-21,171.2325897216797,172.31462820333329,167.71596465630554,168.79800313795914,7654000
2013-01-22,172.31463623046875,173.12616512951334,170.69157843237954,172.5851458634836,6246000
2013-01-23,171.77366638183594,172.314685803511,170.96213724932332,172.314685803511,6051000
2013-01-24,172.58517456054688,172.85568423854147,169.6095681026064,170.96211649257936,5227000
2013-01-25,174.2082061767578,175.29024472443953,171.77361944447392,173.1261676290761,6957000
2013-01-28,175.83126831054688,176.37228759765625,174.47872009277341,175.83126831054688,6456000
2013-01-29,175.83126831054688,177.45432617187498,175.0197393798828,177.45432617187498,5494000
2013-01-30,175.83126831054688,176.9133068847656,175.0197393798828,176.37228759765625,7943000
2013-01-31,174.7492218017578,175.8312603268461,172.0441254890371,175.8312603268461,9457000
2013-02-01,175.56077575683594,175.8312854267232,173.93771773751234,174.4787370772869,6203000
2013-02-04,175.83126831054688,176.37228759765625,173.3966815185547,175.56075866699217,7545000
2013-02-05,176.37228393554688,176.64279357348485,174.74922610791916,175.56075502173303,9665000
2013-02-06,175.83126831054688,177.1838165283203,175.2902490234375,176.9133068847656,6058000
2013-02-18,175.83126831054688,177.99534545898436,175.2902490234375,177.45432617187498,5878000
2013-02-19,175.29025268554688,176.3722912823712,174.20821408872249,175.83127198395903,4416000
2013-02-20,176.37228393554688,177.4543224872987,175.83126465967098,176.9133032114228,5678000
2013-02-21,176.37228393554688,176.9133032114228,175.83126465967098,176.37228393554688,4398000
2013-02-22,176.91329956054688,176.91329956054685,175.56075139876899,176.3722802958357,3928000
2013-02-25,182.052978515625,183.6760362735652,176.10176673651094,177.45431486812777,12155000
2013-02-26,178.53636169433594,182.0529870004365,178.53636169433594,181.51196772257487,6866000
2013-02-27,180.42990112304688,181.5119395105914,179.34786273550236,179.6183723323885,6696000
2013-03-01,183.135009765625,183.9465386124446,182.05297130319886,182.86450015001847,8501000
2013-03-04,184.7581024169922,185.2991217505705,183.4055540830464,184.21708308341388,11957000
2013-03-05,188.00421142578125,190.43879833633093,185.02860520177606,186.11064382868705,16143000
2013-03-06,187.19265747070312,190.97979215941677,187.19265747070312,189.62724405630476,9676000
2013-03-07,187.19265747070312,188.54520557381514,186.1106189882135,187.19265747070312,5970000
2013-03-08,188.2747344970703,191.25034093308722,187.46320546906568,187.46320546906568,6786000
2013-03-11,189.3567657470703,190.43880440848213,188.8157464163644,190.43880440848213,9062000
2013-03-12,192.06185913085938,194.7669557383363,188.81574320188713,189.35676252338249,13112000
2013-03-13,190.70928955078125,194.49642437874002,190.43877992021277,193.68489548703457,5903000
2013-03-14,185.569580078125,191.5207911010386,185.569580078125,190.70926232518676,7212000
2013-03-15,184.7581024169922,188.27472808525118,184.7581024169922,188.27472808525118,6163000
2013-03-18,183.135009765625,184.75806745926423,183.135009765625,184.48755784365767,6392000
2013-03-19,183.94654846191406,186.38113513273353,183.40552920173198,185.84011587255142,7260000
2013-03-20,183.40553283691406,187.73368700415685,182.8645135660087,183.9465521078194,7925000
2013-03-21,179.61837768554688,185.02856978450913,179.61837768554688,185.02856978450913,10937000
2013-03-22,180.15939331054688,182.32347010706994,180.15939331054685,180.70041250967762,6201000
2013-03-25,183.135009765625,183.40551938123153,179.61838476274002,181.51195207198577,5198000
2013-03-26,183.94654846191406,185.02858698227828,182.86450994154987,183.94654846191406,5158000
2013-03-27,185.29910278320312,185.84012206140227,184.4875738659044,184.75808350500398,5664000
2013-03-28,183.94654846191406,186.6516447628246,183.40552920173198,186.6516447628246,5660000
2013-03-29,185.02859497070312,186.38114317955328,184.217066045393,186.38114317955328,3555000
2013-04-01,184.48756408691406,186.11062183547926,184.2170544621532,185.0285833364358,3338000
2013-04-02,188.2747344970703,189.89779255307954,184.7581087090503,185.29912806105338,8420000
2013-04-03,192.6028289794922,193.95537693580886,188.81569470180554,189.3567138843322,12078000
2013-04-08,189.3567657470703,190.43880440848213,187.19268842424663,189.8977850777762,10124000
2013-04-09,189.0862274169922,191.2503044117503,188.8157177926474,189.89775629002648,6903000
2013-04-10,190.70928955078125,191.25030881191822,188.81572213680187,190.97979918134973,7309000
2013-04-11,189.8977813720703,191.79134899258952,189.08625239184778,191.52083933251535,5133000
2013-04-12,186.9221954345703,189.89780201891224,186.9221954345703,189.89780201891224,4285000
2013-04-15,182.593994140625,188.81571542245368,182.3234845196759,186.6516384548611,6059000
2013-04-16,184.21705627441406,185.0285851566802,181.5119600001936,181.78246962761565,4887000
2013-04-17,187.73367309570312,188.27469232652646,183.1350096337046,184.48755771076299,4595000
2013-04-18,187.19265747070312,189.35673443568234,185.8401093675911,187.19265747070312,3336000
2013-04-19,193.68487548828125,193.68487548828125,188.81570264081049,188.81570264081049,14659000
2013-04-22,196.38998413085938,198.55406109097905,195.30794565079955,195.30794565079955,13071000
2013-04-23,197.47206115722656,197.47206115722653,193.6849257377729,197.47206115722653,5330000
2013-04-24,197.47206115722656,199.09511919413526,196.39002246595408,199.09511919413526,6322000
2013-04-25,195.84898376464844,196.9310223489835,195.03745482639712,196.9310223489835,4791000
2013-04-26,192.06185913085938,195.84899438132703,192.0618591308594,195.30797505983168,6500000
2013-04-29,195.57847595214844,195.57847595214847,192.3323601687103,193.14388911456984,4349000
2013-04-30,194.7669677734375,197.74257422553165,194.76696777343747,196.39002583821613,5423000
2013-05-02,198.0130615234375,198.0130615234375,191.5208299980789,195.84898434831797,7608000
2013-05-03,198.28355407714844,199.09508294785982,196.66049633572567,198.82457332428936,5917000
2013-05-06,201.52967834472656,202.07069761545065,199.63611089719222,199.63611089719222,7906000
2013-05-07,200.71817016601562,205.5873441053529,199.36562184953303,203.15275713568425,14252000
2013-05-08,203.42323303222656,205.316800360984,202.07068494025697,202.07068494025697,10314000
2013-05-09,202.88221740722656,205.5873136393229,202.34119816080727,205.5873136393229,5609000
2013-05-10,199.6361083984375,202.88222398215194,198.8245795025089,202.88222398215194,6830000
2013-05-13,199.6361083984375,200.17712766238992,198.2835602385565,198.2835602385565,3754000
2013-05-14,198.55409240722656,201.25918903402803,198.5540924072266,200.4476600459876,2868000
2013-05-15,198.82460021972656,200.44765818070394,198.0130712392379,198.5540905595637,4185000
2013-05-16,202.34120178222656,204.50527880663537,200.1771247578177,200.1771247578177,7909000
2013-05-17,205.0463104248047,206.66936829096412,203.9642718473651,203.9642718473651,9423000
2013-05-20,204.7758331298828,207.48093000081917,204.7758331298828,205.58736219116372,4775000
2013-05-21,204.2347869873047,206.9398835036928,203.42325803238822,205.58733524549874,4778000
2013-05-22,206.6693878173828,208.29244583689103,205.58734913771065,206.93989748730084,7835000
2013-05-23,200.1771697998047,205.04634420034046,200.17716979980466,203.96430544466583,10652000
2013-05-24,196.38998413085938,201.25915729112862,194.2259071707397,200.1771188110688,9839000
2013-05-27,194.7669677734375,196.11951616075302,193.68492906358506,196.11951616075302,5089000
2013-05-28,196.38998413085938,197.4720226109192,194.76692641076963,194.76692641076963,4459000
2013-05-29,196.9310302734375,197.7425592443445,196.11950130253047,197.7425592443445,4188000
2013-05-30,195.57847595214844,197.20153384386754,194.22592770904922,196.9310241952477,4781000
2013-05-31,201.2591552734375,201.2591552734375,196.38998216198337,198.0130398658014,9805000
2013-06-03,199.09510803222656,199.90663700518402,197.47205008631167,199.09510803222656,4472000
2013-06-04,199.6361083984375,201.80018545424713,199.6361083984375,200.44763729436613,4964000
2013-06-05,197.2015380859375,201.80020221139833,197.2015380859375,200.71816359364286,4757000
2013-06-06,198.28355407714844,199.36559257143028,196.66049633572567,197.2015155828666,4591000
2013-06-07,200.1771697998047,201.52971824439794,198.28360197737408,201.2592085554793,7080000
2013-06-10,203.42323303222656,203.9642522690144,201.2591560850752,202.88221379543873,6216000
2013-06-11,198.28355407714844,202.0706888071349,198.01304445357798,202.0706888071349,8348000
2013-06-13,195.3079376220703,197.20150488433416,194.76691840428063,196.11946644875482,5936000
2013-06-14,190.4387969970703,197.20153836770493,189.89777768741953,196.93102871287954,6777000
2013-06-17,191.52084350585938,192.87339183570302,189.35676617810955,190.97982417392194,6028000
2013-06-18,192.33230590820312,192.8733250528113,189.8977197574664,191.5207771912909,4694000
2013-06-19,190.16827392578125,193.6848991904116,190.16827392578122,193.4143895546708,5578000
2013-06-20,185.29910278320312,188.27470881329836,184.75808350500398,187.1926702569001,8083000
2013-06-21,178.53636169433594,182.0529870004365,173.39667855465052,180.15941952792082,16306000
2013-06-24,167.1749725341797,175.83128179161292,166.9044628698849,175.83128179161292,13220000
2013-06-25,169.88003540039062,173.12615072651272,163.38780474814638,167.17493929528885,15348000
2013-06-26,177.45433044433594,179.07738834474145,173.66719534338975,174.74923394366007,13416000
2013-06-27,177.45433044433594,179.6184076448766,175.29025324379526,178.53636904460626,11882000
2013-06-28,188.5452423095703,188.5452423095703,177.99536504978087,177.99536504978087,13758000
2013-07-01,186.65170288085938,187.46323202381961,183.6760960233384,185.02864459493884,8110000
2013-07-02,184.7581024169922,188.27472808525118,183.13504441625727,188.27472808525118,5872000
2013-07-03,181.51197814941406,188.81573882010582,181.51197814941403,188.54522916563576,8213000
2013-07-04,178.53636169433594,183.67604483402138,178.53636169433594,181.51196772257487,5709000
2013-07-05,186.9221954345703,187.73372450302722,180.7004725764008,181.78251133434335,9011000
2013-07-08,188.81573486328125,189.35675416088378,185.84012872646738,188.81573486328125,9452000
2013-07-09,191.2503204345703,191.79133972858608,189.35675290551518,190.4387914935467,5136000
2013-07-10,190.16827392578125,192.06184137596682,188.81572574707724,192.06184137596682,5279000
2013-07-11,189.3567657470703,192.60288173130579,189.35676574707028,191.7913527352469,7091000
2013-07-12,194.7669677734375,194.76696777343747,189.08626454671221,189.89779357910155,10846000
2013-07-15,193.68487548828125,195.30793310410485,192.87334668036945,194.7669138988303,7165000
2013-07-16,193.96238708496094,197.0147279403752,193.9623870849609,195.34981474651286,7279000
2013-07-17,188.69015502929688,192.5749523387236,188.69015502929688,190.91003920611215,7593000
2013-07-18,183.6954345703125,187.30274672954823,182.03052126604985,187.0252611788378,7742000
2013-07-19,178.97816467285156,182.30799099234645,174.81588177348291,179.25565019947612,11123000
2013-07-22,183.41793823242188,184.80536590437663,180.0881118197304,182.585481629249,5415000
2013-07-23,190.632568359375,193.4074237940093,185.36034303356988,185.36034303356988,8789000
2013-07-24,192.29751586914062,193.12997264779492,190.91008790471682,193.12997264779492,5539000
2013-07-25,197.01475524902344,197.56972639057,190.63258712123817,192.29750054587782,8415000
2013-07-26,198.67962646484375,201.73196709489025,196.73722788208693,198.67962646484378,7524000
2013-07-29,200.3445281982422,202.00944117495888,198.95710071764495,200.62201369436164,6120000
2013-07-30,197.2921905517578,200.34453105255858,195.34979205124824,200.34453105255858,5946000
2013-07-31,199.7895965576172,200.3445676591661,196.45976994832355,198.12468325297036,6499000
2013-08-01,200.8995361328125,203.11942050997064,197.2922240199305,201.7319927742468,6824000
2013-08-02,201.45449829101562,203.11941150003227,199.78958508199895,203.11941150003227,6256000
2013-08-05,198.95713806152344,202.56445018816194,198.12468141691457,202.56445018816194,4965000
2013-08-06,194.7948760986328,197.01476072653745,193.12996262770432,197.01476072653745,5465000
2013-08-07,194.23988342285156,198.4021666390555,193.6849123273577,195.34982561383927,5974000
2013-08-08,196.4597625732422,198.67964689610366,195.9047914925268,198.1246758153883,5014000
2013-08-09,194.7948760986328,196.1823039910732,193.4074482061924,196.1823039910732,3974000
2013-08-12,195.62728881835938,197.01471639863144,194.79483227019614,197.01471639863144,2631000
2013-08-13,203.1194305419922,203.1194305419922,197.56971932499786,198.6796615683967,10176000
2013-08-14,201.45449829101562,203.11941150003227,200.34455615167118,203.11941150003227,5124000
2013-08-15,199.7895965576172,203.1194231669108,198.6796543545193,199.78959655761716,5612000
2013-08-16,199.7895965576172,202.0094809638129,199.23462545606824,199.78959655761716,3843000
2013-08-19,208.1141357421875,210.33401985677085,202.00945442708334,202.56442545572918,11064000
2013-08-20,205.33934020996094,211.99899448704073,204.50688342532595,208.1141961587442,8948000
2013-08-22,204.22935485839844,206.72672468682993,203.67438378541365,206.72672468682993,6374000
2013-08-23,203.67437744140625,207.55917483129684,203.67437744140628,207.0042037755982,4123000
2013-08-26,203.95188903808594,208.94662917779416,203.95188903808594,208.11417248784278,5709000
2013-08-27,203.95188903808594,208.3916580511599,203.95188903808594,205.61680241798868,7217000
2013-08-28,203.1194305419922,207.0042283938882,203.1194305419922,203.1194305419922,7159000
2013-08-29,201.73202514648438,204.50688106321732,199.23465482142473,204.22939547154402,10285000
2013-08-30,203.67437744140625,203.67437744140628,199.78958005151568,202.56443533000896,6695000
2013-09-02,198.67962646484375,203.1193946540023,198.67962646484378,203.1193946540023,5924000
2013-09-03,201.73202514648438,202.28699632983097,200.06711159644462,200.8995683714645,6067000
2013-09-04,202.56446838378906,203.119439530046,200.8995549450182,201.17704051814667,4016000
2013-09-05,203.95188903808594,203.95188903808594,200.89954784159755,201.73200453154894,4963000
2013-09-06,205.0618133544922,206.4492410497188,202.84192904212964,203.11941458117496,7127000
2013-09-09,205.33934020996094,206.44928258947422,203.11945545093434,206.44928258947422,5659000
2013-09-10,204.78433227539062,206.72673109101086,202.56444791468178,206.44924554592225,5597000
2013-09-11,205.33934020996094,205.33934020996094,202.28699866629935,204.78436902020428,5083000
2013-09-12,207.5591583251953,208.11412933676,204.78430326737183,206.4492163020659,6276000
2013-09-13,205.61679077148438,208.3916462474828,205.61679077148438,207.8366751522831,4304000
2013-09-16,205.33934020996094,205.33934020996094,202.841969856056,204.78436902020428,4466000
2013-09-17,206.44923400878906,206.7267195383708,204.22934977213544,205.33929189046225,4503000
2013-09-18,205.33934020996094,206.44928258947422,205.33934020996094,206.44928258947422,3842000
2013-09-23,205.89430236816406,207.28173028169618,204.50687445463197,206.44927353357693,4378000
2013-09-24,205.0618133544922,207.5591832059001,204.50684227640156,207.5591832059001,4463000
2013-09-25,206.17172241210938,206.17172241210938,202.84189647813184,203.67435296162623,3696000
2013-09-26,206.44923400878906,206.44923400878906,203.67437871297201,203.67437871297201,5994000
2013-09-27,205.61679077148438,207.28170405708343,205.61679077148438,206.4492474142839,6506000
2013-09-30,202.8419189453125,204.78431762194342,200.34454921821563,204.5068320967104,5571000
2013-10-01,202.8419189453125,204.5068320967104,202.56443342007952,202.8419189453125,4476000
2013-10-02,204.22935485839844,206.17175361384514,204.22935485839844,204.7843259313832,5248000
2013-10-03,208.6691436767578,209.77908593035758,205.06183135255856,205.61680247935843,13404000
2013-10-04,210.61154174804688,210.61154174804685,208.9466283745445,209.2241139367949,8802000
2013-10-07,207.0041961669922,211.9989354846944,207.0041961669922,210.88899341409393,6433000
2013-10-08,210.0565643310547,211.44399210074462,207.55919434561284,207.83667989955083,7698000
2013-10-09,211.99896240234375,211.99896240234372,208.9466213206346,211.44399129657845,8347000
2013-10-11,213.38638305664062,215.05129631846097,212.8314119693672,214.49632523118754,8483000
2013-10-14,213.38638305664062,214.77381077482426,210.8890131639101,214.77381077482426,6041000
2013-10-15,218.65858459472656,218.65858459472656,213.94133086616014,215.32875843338556,10988000
2013-10-16,216.1612548828125,220.6010239176328,215.60628375346,219.21359609425147,8562000
2013-10-17,218.65858459472656,219.7685266485069,216.4387004871659,218.65858459472656,6192000
2013-10-18,219.21353149414062,220.04598794285255,218.10358956252472,220.04598794285255,3492000
2013-10-21,217.27120971679688,220.32355110490005,216.1612673938503,220.32355110490005,4853000
2013-10-22,217.27120971679688,217.27120971679688,213.66389716722043,215.32881065164034,5924000
2013-10-23,219.76853942871094,220.32351048787436,217.27116966247561,218.10362625122073,6210000
2013-10-24,218.65858459472656,219.21355562161673,217.27115702750115,219.21355562161673,4751000
2013-10-25,215.6062774658203,218.65861858824505,215.32879190923623,216.99370524874064,3099000
2013-10-28,216.99371337890625,218.38114121380974,215.05131441004136,215.60628554400276,2970000
2013-10-29,219.21353149414062,219.76850245994856,216.43867666510084,217.2711331138128,4223000
2013-10-30,219.21353149414062,221.15592987446843,217.82610407962073,220.3234734257565,4069000
2013-10-31,223.098388671875,223.09838867187503,218.6586197430815,220.04604753332947,7758000
2013-11-01,224.48582458496094,228.92559367440396,223.9308534487806,224.76331015305115,6689000
2013-11-04,240.0249481201172,240.0249481201172,229.48049953218143,229.75798502133762,21695000
2013-11-05,238.63755798339844,248.90452268733534,238.63755798339844,242.52235543894213,14893000
2013-11-06,239.74754333496094,242.52239916059708,236.140230761634,240.3025145000882,6275000
2013-11-07,238.36012268066406,242.52240654586777,237.80515149863692,242.24492095485417,3883000
2013-11-08,237.5276336669922,241.41243141388225,236.9726625602936,238.36009032704004,3750000
2013-11-11,236.41770935058594,240.8574785402683,236.41770935058594,236.41770935058594,4061000
2013-11-12,230.31301879882812,237.52764348409264,227.5381631506495,236.41770122482117,6620000
2013-11-13,228.9255828857422,234.1978084309896,228.92558288574222,230.86798177083335,7246000
2013-11-14,227.8156280517578,231.97791114649152,227.53814251210892,227.53814251210892,7198000
2013-11-15,227.8156280517578,231.4229400671937,227.81562805175784,228.64808467070458,6127000
2013-11-18,229.75802612304688,230.03551166184283,227.53814181267927,227.53814181267927,6486000
2013-11-19,239.47003173828125,239.74751729070107,230.8679796132677,231.97792182294685,9532000
2013-11-20,232.53285217285156,239.74747527129327,232.25536666906535,239.74747527129327,9138000
2013-11-21,230.31301879882812,235.3077589655497,228.9255909747388,235.3077589655497,7419000
2013-11-22,235.30772399902344,236.1401805697747,231.14544114526714,231.14544114526714,5893000
2013-11-25,237.5276336669922,239.74751809378648,236.6951770069443,238.63757588038933,5739000
2013-11-26,239.47003173828125,240.85745950038023,235.30774845198437,238.3600895286021,5966000
2013-11-27,237.80506896972656,241.41238040100598,237.80506896972656,241.41238040100598,2893000
2013-11-28,241.41238403320312,242.24484052986935,236.1401595543171,236.1401595543171,4981000
2013-11-29,241.96739196777344,243.07733413276324,240.57996426153622,243.07733413276324,5904000
2013-12-02,238.63755798339844,242.52235543894213,237.80510138578194,242.52235543894213,4370000
2013-12-03,241.1349334716797,241.41241901077257,238.3600780807513,239.19253469802982,3206000
2013-12-04,241.41238403320312,241.41238403320315,238.360043545427,240.85741303542568,3346000
2013-12-05,238.91506958007812,241.4124396453751,238.9150695800781,241.4124396453751,2445000
2013-12-06,238.63755798339844,240.5799567111703,237.5276158532431,238.63755798339844,3903000
2013-12-09,237.5276336669922,241.41243141388225,237.5276336669922,241.41243141388225,3757000
2013-12-10,238.36012268066406,239.47006504471838,236.41772354356902,239.47006504471838,2985000
2013-12-11,238.63755798339844,239.7475001135538,236.97264478816544,238.3600724508596,3681000
2013-12-12,233.64283752441406,237.52763529797915,228.64809752983038,236.41769307696055,6519000
2013-12-13,231.42294311523438,233.64282746166347,228.648087682198,233.64282746166347,5577000
2013-12-16,231.42294311523438,233.0878563750562,228.648087682198,233.0878563750562,4902000
2013-12-17,235.03024291992188,235.86269950641508,232.53287316044216,233.08784421810432,5343000
2013-12-18,231.9779510498047,236.9726916226474,231.97795104980472,236.69520603526723,4951000
2013-12-19,238.08261108398438,238.08261108398438,234.75278435553702,235.8627265983528,4724000
2013-12-20,240.0249481201172,240.85740458758582,237.52757871771135,238.63752067433617,5984000
2013-12-23,239.47003173828125,242.24488726247918,239.47003173828128,241.4124306052198,4279000
2013-12-24,237.25018310546875,240.85749583104896,237.25018310546875,240.85749583104896,2764000
2013-12-25,238.63755798339844,239.47001458101494,237.5276158532431,239.1925290484761,1856000
2013-12-26,237.80506896972656,238.91501094858177,237.52758347501276,238.36003995915416,1384000
2013-12-27,241.96739196777344,242.52236305026835,238.63756547280408,240.30247872028878,5866000
2013-12-30,246.68467712402344,247.517133852226,242.24490790694315,243.07736463514573,7132000
2013-12-31,246.1296844482422,248.07208331085516,244.74225668923296,247.51711220725147,4191000
2014-01-02,244.7421875,248.34949865362813,244.74218750000003,246.9620712868481,3756000
2014-01-03,241.68983459472656,245.85211647638087,240.3024073008418,245.85211647638087,3771000
2014-01-06,239.47003173828125,243.07734391973858,239.47003173828128,241.6899161576396,3237000
2014-01-07,232.25538635253906,238.91503900780899,232.25538635253906,238.63755348050609,11988000
2014-01-08,225.8732452392578,232.2554131022835,223.09838964663794,232.2554131022835,15774000
2014-01-09,228.64810180664062,230.31301516931032,226.15073176263604,226.9831884439709,8776000
2014-01-10,231.42294311523438,232.53288528844894,229.20305876880528,230.3130009420198,7060000
2014-01-13,230.59046936035156,234.19778115539918,230.59046936035156,233.0878390646153,4955000
2014-01-14,230.59046936035156,231.42292592843947,229.20304174687172,230.3129838376556,5648000
2014-01-15,232.53285217285156,233.087823180424,228.92554062363072,230.31296814256183,10755000
2014-01-16,231.9779510498047,234.7528069236062,231.4229798750444,233.0878933993253,5624000
2014-01-17,230.31301879882812,233.0878744470068,230.31301879882815,231.97793218773535,2498000
2014-01-20,227.53811645507812,231.4229135652868,225.87320340784586,230.31297153379862,5266000
2014-01-21,215.32879638671875,223.0983921326313,214.21885413730266,223.0983921326313,17256000
2014-01-22,221.43345642089844,222.54339855834655,213.10889039003757,213.66386145876163,10317000
2014-01-23,223.098388671875,225.0407875782222,221.98844643967664,221.98844643967664,5624000
2014-01-24,226.15072631835938,226.15072631835938,222.5434141194162,224.20832744200536,3889000
2014-01-27,222.2659454345703,225.5957723324665,220.04606083597287,223.93085888351843,7984000
2014-02-05,222.5434112548828,224.76329565642777,216.16124360044103,216.43872915063415,12088000
2014-02-06,226.15072631835938,227.53815408718364,223.9308418882405,226.98318297965395,7293000
2014-02-07,227.2606964111328,228.92560993795428,224.7633261209006,228.92560993795428,5837000
2014-02-10,227.53811645507812,230.03548602592656,226.1506889157179,229.7580005180545,2863000
2014-02-11,232.53285217285156,233.087823180424,226.42817108955475,227.53811310469962,5554000
2014-02-12,240.85743713378906,242.24486476704823,235.86269765405612,235.86269765405612,13075000
2014-02-13,238.08261108398438,240.8574666910238,237.52763996257647,240.8574666910238,4879000
2014-02-14,239.47003173828125,242.7998583673188,237.8051184237625,240.85745950038023,5243000
2014-02-17,238.08261108398438,241.13495225172775,237.80512552328042,241.13495225172775,3494000
2014-02-18,240.57997131347656,240.8574568628577,238.36008691842716,240.8574568628577,2678000
2014-02-19,241.41238403320312,241.41238403320315,239.19250004209323,241.41238403320315,2648000
2014-02-20,241.41238403320312,242.5223260287581,240.02495653875945,241.41238403320315,3914000
2014-02-21,241.96739196777344,242.52236305026835,240.57996426153622,242.52236305026835,3931000
2014-02-24,241.96739196777344,242.7998485915158,241.41242088527855,241.96739196777347,2858000
2014-02-25,247.2396240234375,248.07208066998106,243.0773407907197,243.0773407907197,9653000
2014-02-26,247.2396240234375,249.1820228653725,246.40716737689394,246.96213847458964,8131000
2014-02-27,246.962158203125,252.51186962341995,245.852215919066,248.62707162921348,9991000
2014-03-03,249.7369842529297,251.40189748128256,245.85218672010635,251.40189748128256,8013000
2014-03-04,246.962158203125,251.95689848139045,246.962158203125,250.84695619733145,4573000
2014-03-05,250.0144500732422,251.40187765411477,248.34953697619505,249.73696455706764,5231000
2014-03-06,258.06158447265625,258.06158447265625,250.2919883810064,250.56947395570816,10955000
2014-03-07,262.50128173828125,267.2185352156077,258.3389992582874,261.39133974361624,13983000
2014-03-10,261.94635009765625,265.83114766266385,261.1138934765832,264.7212055012331,4745000
2014-03-11,263.3337707519531,265.5536550154048,262.22382862022727,263.0562852190217,3695000
2014-03-12,253.06680297851562,260.0039412180583,253.06680297851565,255.28668721516928,7823000
2014-03-13,250.84690856933594,256.11913341758526,250.2919375326781,253.06679271596724,9183000
2014-03-14,255.28672790527344,256.11918462670366,248.6270741338315,249.73701642907184,5808000
2014-03-17,251.4019317626953,254.17678752166543,249.18204715551917,253.0668452180774,4471000
2014-03-18,251.4019317626953,253.89930194576843,249.18204715551917,252.51187406628335,4554000
2014-03-19,244.18728637695312,248.62705522017046,243.35482971884989,248.62705522017046,8919000
2014-03-20,246.1296844482422,248.07208331085516,243.3548289302237,243.63231448202555,6015000
2014-03-21,245.5746612548828,249.1819726631466,245.57466125488278,249.1819726631466,4530000
2014-03-24,246.40711975097656,246.68460524619164,240.30243885624517,245.29717777011632,5351000
2014-03-25,250.29197692871094,250.29197692871097,242.52238119256472,243.07735231657517,3920000
2014-03-26,253.89926147460938,255.00920360127432,251.95686275294568,253.06680487961063,5185000
2014-03-27,250.84690856933594,253.89924927095396,250.56942305100702,251.40187960599377,3561000
2014-03-28,246.962158203125,253.06684076544943,245.852215919066,249.73701391327248,4775000
2014-03-31,249.45950317382812,250.56944534590298,246.6846477436409,246.96213328665965,4268000
2014-04-01,257.22906494140625,257.22906494140625,248.9044997329465,249.18198523989517,5687000
2014-04-02,259.1715393066406,262.5013663641135,257.7841113660269,258.61656813039514,6507000
2014-04-03,254.17674255371094,261.946337304261,253.34428597329483,260.83639519703956,5591000
2014-04-07,255.84165954589844,256.67411613878096,250.84691998860322,251.9568621124466,9042000
2014-04-08,255.28672790527344,259.17152593861454,253.0668433147928,258.0615836433742,10188000
2014-04-09,256.11920166015625,257.50662962147885,255.28674488336264,255.8417160678917,5257000
2014-04-10,260.55889892578125,260.55889892578125,256.67410171070037,257.2290727414262,5112000
2014-04-11,258.06158447265625,258.33907004735806,256.9516421738491,258.06158447265625,3835000
2014-04-14,255.28672790527344,258.0615836433742,253.62181446241297,256.95164134813393,4942000
2014-04-15,253.34426879882812,256.3966093867658,251.40187024286777,255.28666735478848,4661000
2014-04-16,250.84690856933594,255.00919134426962,250.84690856933594,254.4542203076118,4250000
2014-04-17,256.11920166015625,259.72651435959506,252.5118889607174,253.62183132977552,6390000
2014-04-18,253.62176513671875,258.616504493897,253.62176513671878,258.616504493897,2073000
2014-04-21,260.2814025878906,261.9463156108409,254.17672150373969,254.73169251138978,3822000
2014-04-22,260.83642578125,263.61128137466756,260.83642578125,261.3913968999335,5527000
2014-04-23,262.2238464355469,264.1662452980324,259.72647646949406,263.0563030908978,4775000
2014-04-24,264.7211608886719,264.7211608886719,258.61648002960396,262.5012769399199,5457000
2014-04-25,260.2814025878906,270.54836622941724,259.72643158024056,266.3860836720416,11563000
2014-04-28,269.4384460449219,271.9358157816925,259.72645262414716,260.2814236767628,11030000
2014-04-29,268.32855224609375,272.2133503137725,266.9411243647799,270.82592243245864,7493000
2014-04-30,261.94635009765625,270.27091630838686,261.94635009765625,270.27091630838686,7464000
2014-05-02,280.2604064941406,280.2604064941406,277.4855509842977,280.2604064941406,20815000
2014-05-05,284.70013427734375,294.1346416510569,283.5901922333775,287.47498938725937,15410000
2014-05-06,282.4802551269531,288.02996544378914,280.81534203190233,285.25511028537113,8027000
2014-05-07,287.4750061035156,287.4750061035156,280.8153534524689,281.3703245067228,7455000
2014-05-08,284.1451721191406,293.57967978715897,283.59020107984543,291.3597956299782,8663000
2014-05-09,280.81536865234375,286.9200505795686,280.81536865234375,284.14519515810275,4004000
2014-05-12,273.8782043457031,280.81534224706337,273.6007188296487,280.81534224706337,8660000
2014-05-13,272.768310546875,278.5955074151195,270.82591159079345,275.2656806332655,9360000
2014-05-14,279.7054138183594,279.7054138183594,274.1557032267253,276.3755874633789,5902000
2014-05-15,277.4855651855469,282.48030535888677,277.20807962036133,280.26042083740236,3817000
2014-05-16,278.595458984375,278.595458984375,269.99340795995704,274.4331762306243,7868000
2014-05-19,273.0458068847656,281.92534532004254,273.0458068847656,279.1504895590185,5875000
2014-05-20,273.0458068847656,276.93060495019927,272.4908357325608,274.43323476527763,4734000
2014-05-21,271.1033630371094,275.2656459905962,270.8258775068769,273.87821833943394,5048000
2014-05-22,280.2604064941406,280.2604064941406,273.0457821685489,274.71069547445467,7338000
2014-05-23,276.653076171875,280.2603880978874,275.82061957356444,279.15044596680667,4988000
2014-05-26,274.4331970214844,278.5954800905666,274.4331970214844,277.4855379388113,4488000
2014-05-27,282.4802551269531,284.1451682220039,276.3755737784335,277.4855158418007,8464000
2014-05-28,281.92529296875,282.48026401790105,278.5954666738435,282.48026401790105,4976000
2014-05-29,276.3756103515625,279.1504658771806,275.26566814131525,279.1504658771806,7091000
2014-05-30,270.27093505859375,278.5955018468461,270.27093505859375,277.4855596084125,11017000
2014-06-03,273.0458068847656,276.0981482218921,271.6583790042536,275.54317706968726,6744000
2014-06-04,272.2133483886719,275.8206608545768,272.2133483886719,274.7107185573753,4716000
2014-06-05,281.3703918457031,282.4803342198479,271.6583960719363,272.49085285254483,10437000
2014-06-06,277.4855651855469,281.37036309814454,277.20807962036133,281.37036309814454,4568000
2014-06-09,282.4802551269531,285.25511028537113,281.3703130635859,283.0352261586367,5933000
2014-06-10,283.0352783203125,285.2551628561581,281.3703649184283,285.2551628561581,4646000
2014-06-11,280.81536865234375,281.92531082093006,278.59548431517106,279.15045539946425,3814000
2014-06-12,277.4855651855469,279.1504785766602,275.8206517944336,277.4855651855469,5864000
2014-06-13,277.4855651855469,280.26042083740236,276.65310848999025,277.4855651855469,4140000
2014-06-16,275.54315185546875,276.930579609021,273.6007530004957,275.8206374061792,5421000
2014-06-17,283.0352783203125,283.0352783203125,277.2080814137178,278.0405381146599,7880000
2014-06-18,284.70013427734375,285.81007632131,281.370308145445,285.2551052993269,8117000
2014-06-19,287.4750061035156,288.0299771577695,284.70015083224615,285.8100929407539,5292000
2014-06-20,282.4802551269531,287.4749944121055,282.4802551269531,286.36505234873835,4300000
2014-06-23,283.5902404785156,285.25515382770453,282.48029824572296,285.25515382770453,4252000
2014-06-24,280.2604064941406,284.7001753098894,280.2604064941406,283.03526200398363,2820000
2014-06-25,280.2604064941406,281.37034869807786,277.2080654333134,280.2604064941406,6152000
2014-06-26,285.8100891113281,286.92003120496435,282.4802628304194,283.03523387723754,4828000
2014-06-27,278.0404968261719,281.37032313546734,276.37558367152417,280.26038103236885,10514000
2014-06-30,280.2604064941406,280.2604064941406,278.04052208626626,280.2604064941406,3592000
2014-07-01,281.92529296875,283.03523506705216,275.54312590351253,277.4855245755413,5453000
2014-07-02,287.4750061035156,288.5849482120234,283.0352376694845,285.8100929407539,11825000
2014-07-03,296.9095458984375,302.45925703672606,285.25515250803153,288.0300080771758,17283000
2014-07-04,300.33538818359375,304.33224696170237,298.62244870726147,300.9063680090378,9000000
2014-07-07,303.1902770996094,303.1902770996094,295.196559812614,298.0514588436838,8069000
2014-07-08,298.05145263671875,301.477331402658,298.05145263671875,300.90635160833483,3753000
2014-07-09,296.33856201171875,299.764441341334,295.7675821234496,297.4805217882572,3573000
2014-07-10,294.0545959472656,298.6224343309125,292.3416565533981,298.05145453295665,6469000
2014-07-11,286.0609130859375,292.9126714832055,286.0609130859375,290.05777215101045,6856000
2014-07-14,287.2028503417969,287.7738301635499,280.35109248076,285.2044209656611,8715000
2014-07-15,283.2060241699219,287.77386326943673,283.2060241699219,287.20288338199737,6806000
2014-07-16,283.7769470214844,290.05772452095385,283.49145713514486,285.4898863395215,8698000
2014-07-17,282.635009765625,286.6318684895833,281.4930501302083,283.2059895833333,4836000
2014-07-18,287.77386474609375,288.9158245268322,281.20759600684755,282.06406584240136,4138000
2014-07-21,289.4867858886719,296.3385441345576,289.4867858886719,290.6287455963195,5975000
2014-07-22,295.19659423828125,295.19659423828125,291.7707150014733,294.6256143654799,4041000
2014-07-23,295.19659423828125,295.19659423828125,295.19659423828125,295.19659423828125,0
2014-07-24,292.9126281738281,298.0514462119654,292.9126281738281,296.9094866479349,4000000
2014-07-25,289.4867858886719,297.4805038422052,287.7738463272005,297.4805038422052,5326000
2014-07-28,287.2028503417969,292.34166873757454,286.06089069829073,291.1997090940684,3995000
2014-07-29,284.34796142578125,291.19971953242657,282.92051182023016,291.19971953242657,6022000
2014-07-30,286.63189697265625,288.3448365959988,284.3479774748662,286.06091709820873,4677000
2014-07-31,267.7895202636719,280.3510755852087,266.933050582658,280.3510755852087,21138000
2014-08-01,283.4914855957031,285.4899150007081,276.35423772068543,278.6381570406911,16694000
2014-08-04,280.922119140625,286.06093839319743,280.922119140625,284.6334886008162,6499000
2014-08-05,278.06719970703125,282.6350387165923,278.06719970703125,279.78013933561664,6429000
2014-08-06,287.2028503417969,288.344809985303,279.20913283725383,281.77854203514266,8115000
2014-08-07,280.922119140625,290.62877772881734,280.922119140625,288.34485806100736,6172000
2014-08-08,280.0656433105469,284.34799259664084,278.9236835009218,284.34799259664084,5038000
2014-08-11,282.635009765625,285.48990885416663,280.0656005859375,280.0656005859375,2951000
2014-08-12,279.49462890625,283.20599782941775,279.49462890625,283.20599782941775,3790000
2014-08-13,284.6334533691406,284.9189432922792,279.7801246757852,279.7801246757852,2764000
2014-08-14,285.4899597167969,288.34485931396483,284.91897979736325,288.34485931396483,3006000
2014-08-15,285.4899597167969,287.7738793945312,284.3479998779297,287.7738793945312,1374000
2014-08-18,285.4899597167969,287.20289947509764,284.6334898376465,286.63191955566407,1910000
2014-08-19,291.19976806640625,294.05466775333184,287.2029085047105,287.7738884420956,7055000
2014-08-20,292.3417053222656,294.0546450018883,290.0577857494354,291.7707254290581,3768000
2014-08-21,292.9126281738281,294.62556751987387,289.4867494817365,294.62556751987387,4208000
2014-08-22,290.62872314453125,294.0546020028165,288.34480390567444,294.0546020028165,5896000
2014-08-25,286.0609130859375,291.77071175032745,286.0609130859375,291.77071175032745,3140000
2014-08-26,282.635009765625,288.3448079427083,282.3495198567708,285.48990885416663,5977000
2014-08-27,286.0609130859375,287.2028728188155,282.6350338873035,284.9189533530595,6346000
2014-08-28,283.4914855957031,287.20285449071235,282.635015850701,287.20285449071235,2450000
2014-08-29,285.2044372558594,285.48992718304237,283.4914976927611,285.2044372558594,3012000
2014-09-01,294.0545959472656,295.19655554317734,285.4898989779278,286.6318585738395,10140000
2014-09-02,294.0545959472656,294.6255757452215,290.05773736157465,291.77067675544225,7419000
2014-09-03,293.4836120605469,298.05145038055537,291.7706726905437,295.7675312205511,7139000
2014-09-04,294.0545959472656,294.0545959472656,290.62871715953054,293.4836161493098,3420000
2014-09-05,292.9126281738281,296.9094866479349,292.34164839181284,296.9094866479349,5114000
2014-09-09,296.9095153808594,300.90637424175554,294.62559603177584,296.3385355435885,11249000
2014-09-10,292.9126281738281,295.7675270839044,292.34164839181284,294.05458773785864,3959000
2014-09-11,291.19976806640625,294.05466775333184,290.62878812902113,292.9127078785616,2791000
2014-09-12,288.9158020019531,290.6287415395141,285.4899229268312,290.0577616936605,6390000
2014-09-15,286.0609130859375,289.4867922845715,285.4899332194985,288.3448325516935,3430000
2014-09-16,283.7769470214844,287.2028256575586,283.7769470214844,286.06086611220053,3734000
2014-09-17,284.0625,288.34484924623115,284.0625,284.63347989949744,5542000
2014-09-18,285.4899597167969,287.7738793945312,284.6334898376465,284.6334898376465,2901000
2014-09-19,283.7769470214844,287.2028256575586,283.7769470214844,286.06086611220053,3980000
2014-09-22,282.0640563964844,286.6318953664679,280.92209665398843,285.204445688348,6535000
2014-09-23,270.07342529296875,279.7800811703059,270.07342529296875,279.7800811703059,11345000
2014-09-24,255.79901123046875,264.3637102672032,251.80215167999268,264.3637102672032,24858000
2014-09-25,257.2264099121094,262.93620813435376,256.94092000099715,257.5118998232216,11386000
2014-09-26,259.7958068847656,261.22325637314344,252.0875796475253,256.94090790800993,11617000
2014-09-29,254.0860595703125,259.7958586617802,252.65860979744556,259.7958586617802,12741000
2014-09-30,257.2264099121094,258.6538594676705,251.8021016009772,251.8021016009772,11052000
2014-10-01,261.2232971191406,261.50878706134733,255.79898821721315,257.5119278704534,7418000
2014-10-02,260.3668212890625,260.9378011603104,256.9409420615748,258.9393716109426,4973000
2014-10-03,259.7958068847656,260.93776647546787,258.6538472940633,258.9393371917389,3790000
2014-10-06,266.07659912109375,268.07502851363415,259.7958210302525,259.7958210302525,6213000
2014-10-07,260.0813293457031,263.22171861332413,257.22643001150226,259.79583941228304,7265000
2014-10-08,252.944091796875,255.79899125282168,252.37311190568568,253.2295817424697,11128000
2014-10-09,239.81153869628906,254.94250482831683,239.2405588422503,252.9440753391811,14118000
2014-10-13,230.10488891601562,234.10174802870074,226.39351973995085,228.96292916953414,17085000
2014-10-14,238.955078125,238.955078125,229.2484202322282,229.5339101702509,7959000
2014-10-15,243.80838012695312,251.23111769522103,240.95348106223472,244.66484984636867,12874000
2014-10-16,240.9534912109375,242.9519206404121,238.66957186296654,238.66957186296654,9667000
2014-10-17,239.81153869628906,245.23584730965752,234.9582099369594,242.666437966483,8526000
2014-10-20,238.66958618164062,244.664874829744,238.6695861816406,243.23742515162417,4402000
2014-10-21,239.81153869628906,244.37937752859932,239.81153869628906,242.666437966483,3987000
2014-10-22,242.9519500732422,244.95037974481997,241.23901035474694,244.95037974481997,2933000
2014-10-23,239.81153869628906,242.666437966483,239.81153869628906,242.666437966483,2409000
2014-10-24,239.24053955078125,242.38092849476524,238.66955974278414,242.38092849476524,2550000
2014-10-27,238.66958618164062,241.23899560225635,231.5323377910413,241.23899560225635,3784000
2014-10-28,242.6664581298828,244.37939783432904,238.95508877024932,240.95351842543658,3939000
2014-10-29,248.66168212890625,250.08913150966922,243.23737448200703,245.23580361507516,6045000
2014-10-30,244.66485595703125,248.37622483385903,242.6664265618163,248.37622483385903,3625000
2014-10-31,247.23426818847656,247.2342681884766,243.52289926647867,246.94877827139982,4080000
2014-11-03,249.80369567871094,252.37310511997768,248.66173592703683,248.94722586495536,5233000
2014-11-04,247.80523681640625,250.9456257622363,246.09229739140807,250.9456257622363,3868000
2014-11-05,243.52291870117188,247.8052677990823,243.52291870117188,246.6633080396395,3758000
2014-11-06,235.81466674804688,244.37936408756434,235.2436869254124,244.37936408756434,6324000
2014-11-07,243.80838012695312,247.23425900461524,236.38564255868525,236.38564255868525,9575000
2014-11-10,258.0828857421875,258.3683756600439,246.9487789457878,248.09073861721342,11470000
2014-11-11,254.37152099609375,260.36680936973903,254.37152099609372,259.79582952462994,6741000
2014-11-12,255.79901123046875,259.7958707809448,254.08607142312187,259.7958707809448,5159000
2014-11-13,259.2248840332031,259.7958639539811,256.0844944689242,259.7958639539811,4072000
2014-11-14,260.0813293457031,262.0797588796438,258.65387967860266,262.0797588796438,4934000
2014-11-17,255.79901123046875,261.50881058829174,254.65705135890417,261.50881058829174,4401000
2014-11-18,249.80369567871094,256.9409441266741,248.94722586495536,256.9409441266741,5259000
2014-11-19,251.23114013671875,253.51505959250713,249.23271061290396,249.51820054487752,7230000
2014-11-20,251.23114013671875,254.37152938842775,250.6601602727717,250.6601602727717,4371000
2014-11-21,254.0860595703125,255.51350934317944,250.94567007000526,254.65703947945926,4297000
2014-11-24,256.94097900390625,259.2248988172743,255.79901909722224,259.2248988172743,2369000
2014-11-25,256.94097900390625,258.6539188639323,254.08607923719617,256.94097900390625,4654000
2014-11-26,260.937744140625,261.5087238871034,257.7973555349938,259.2248049011898,4343000
2014-11-27,265.5056457519531,269.7879948769846,262.65074633526547,262.65074633526547,9114000
2014-11-28,265.5056457519531,269.50250493531587,264.9346658686156,268.9315250519783,4963000
2014-12-01,264.3636779785156,265.5056377106042,260.36681891620543,262.6507383803827,4926000
2014-12-02,258.6539001464844,261.7942896626117,258.6539001464844,260.6523298385654,4548000
2014-12-03,263.7926940917969,264.93465380647996,258.6538753757229,260.36681494774757,4594000
2014-12-04,266.6475830078125,269.2169922659177,264.6491535848417,265.5056233375435,6155000
2014-12-05,261.5087890625,265.79113822837064,259.22486950736896,265.50564828397927,7320000
2014-12-08,248.94723510742188,257.79742351147013,248.94723510742185,256.94095366591705,9072000
2014-12-09,250.0892333984375,252.65864333061322,248.0908034511897,250.08923339843747,6715000
2014-12-10,245.5212860107422,251.80206309473795,245.52128601074222,250.08912389001182,4601000
2014-12-11,247.80523681640625,248.376216624739,244.9503377747426,245.23582767890895,4064000
2014-12-12,251.5166015625,253.5150308598184,249.23268236556473,250.66013186364927,3834000
2014-12-15,250.94566345214844,252.3731131873711,248.3762539287476,251.23115339919295,3518000
2014-12-16,250.0892333984375,250.6602133833654,248.66178343611762,249.51825341350954,3722000
2014-12-17,251.23114013671875,252.94407972856004,250.0891804088246,250.0891804088246,7082000
2014-12-18,254.37152099609375,254.65701091864827,252.37309153821195,253.80054115098466,5552000
2014-12-19,260.937744140625,261.2232340138642,256.08441629555864,256.9408859152762,7647000
2014-12-22,259.7958068847656,262.65070586152126,257.2263978056855,262.65070586152126,3835000
2014-12-23,261.5087890625,262.6507488400655,258.6538896185862,262.6507488400655,2605000
2014-12-24,265.2201232910156,267.21855263766486,262.6507141310381,262.6507141310381,3684000
2014-12-25,263.50726318359375,265.7911831245133,262.93628319836387,265.50569313189834,1209000
2014-12-26,264.93463134765625,265.50561115659514,263.2216919208395,263.7926717297784,1152000
2014-12-29,266.9330749511719,267.7895447103735,264.363665673567,266.07660519197026,2886000
2014-12-30,263.7926940917969,268.6460228792001,263.7926940917969,266.9330833071754,2309000
2014-12-31,263.7926940917969,264.93465380647996,262.65073437711374,264.36367394913844,1675000
2015-01-05,263.7926940917969,266.6475933785046,262.65073437711374,262.65073437711374,2459000
2015-01-06,261.5087890625,263.792708617631,261.5087890625,262.6507488400655,5915000
2015-01-07,277.78173828125,278.0672282486511,266.3621395852068,267.21860948741005,13046000
2015-01-08,276.9252624511719,282.34957171567936,276.63977248988203,281.2076118705199,8367000
2015-01-09,278.63818359375,282.635042784644,278.63818359375,280.92210313140373,7473000
2015-01-12,278.63818359375,282.3495528424373,277.7817137671299,279.7801433625769,4567000
2015-01-13,275.78326416015625,278.63816337506466,274.64130447419285,276.9252238461196,4379000
2015-01-14,278.63818359375,280.92210313140373,276.63975399830304,278.9236735359567,6673000
2015-01-15,277.4962463378906,279.7801660608362,276.0687965110496,278.6382061993634,4218000
2015-01-16,271.5009460449219,277.21074512052485,270.9299661373616,276.0687853054043,5495000
2015-01-19,278.06719970703125,279.2091594594215,273.7848506355677,275.49779026415314,5005000
2015-01-20,279.7801208496094,279.7801208496094,276.35424181879785,278.6381611726722,3760000
2015-01-21,281.7785339355469,282.63500364355764,281.20755413020635,281.4930440328766,4347000
2015-01-22,282.9205322265625,284.3479819350719,280.63661269294744,283.2060221682644,5372000
2015-01-23,282.3495178222656,285.48990679703303,280.63657838148345,284.63343707664194,5234000
2015-01-26,287.77386474609375,288.34484463646294,282.06406584240136,282.06406584240136,6872000
2015-01-27,286.63189697265625,287.7738567215513,284.63346741208994,287.7738567215513,4814000
2015-01-28,286.63189697265625,287.7738567215513,284.63346741208994,286.63189697265625,2744000
2015-01-29,284.0625,285.20445979899495,281.4930904522613,283.77701005025125,3136000
2015-01-30,275.78326416015625,284.34796180488155,275.78326416015625,284.06247188339074,6713000
2015-02-02,275.4977722167969,279.2091411689403,274.0703226198187,279.2091411689403,3725000
2015-02-03,276.9252624511719,279.2091821414908,274.3558527995631,275.49781264472256,3138000
2015-02-04,276.9252624511719,281.7785917930996,276.35428252859214,280.92212190923004,4591000
2015-02-05,276.9252624511719,280.63663194794015,276.0687925673023,278.923692180201,4312000
2015-02-06,273.4993896484375,278.9236990464754,271.7864498385308,278.06722914152203,4475000
2015-02-09,278.63818359375,279.7801433625769,274.35583446064936,277.21073388271645,5017000
2015-02-10,259.2248840332031,259.2248840332031,259.2248840332031,259.2248840332031,8483000
2015-02-11,259.2248840332031,259.7958639539811,247.8052856176435,248.37626553842148,33523000
2015-02-12,261.5087890625,261.7942790068914,258.9393795629776,260.3668292849345,8398000
2015-02-13,262.0797424316406,262.65072226264635,260.3668029386234,261.5087626006349,5977000
2015-02-24,268.36053466796875,270.07347425095577,263.7926957800033,267.2185749459774,10989000
2015-02-25,270.35894775390625,271.78639731966075,268.64600827500084,270.07345784075534,5781000
2015-02-26,270.07342529296875,271.78636456544,268.64597589924267,271.78636456544,5566000
2015-03-02,272.357421875,272.357421875,270.64448211477986,271.78644195492666,5087000
2015-03-03,273.2138366699219,274.0703063773511,270.07344774268137,273.4993265723983,3844000
2015-03-04,271.5009460449219,274.0703556289432,271.21545609114173,272.92839581382265,3914000
2015-03-05,271.5009460449219,272.92839581382265,270.9299661373616,272.92839581382265,4026000
2015-03-06,268.64605712890625,270.07350695424583,266.64762737343085,268.64605712890625,6985000
2015-03-09,262.6507568359375,266.64761617909306,262.07977692977244,265.50565636676293,7085000
2015-03-10,262.6507568359375,264.0782066013502,260.3668372112772,260.3668372112772,6541000
2015-03-11,258.9393615722656,261.2232809687134,258.9393615722656,259.79583134593355,6111000
2015-03-12,258.9393615722656,261.7942608178254,256.3699522512619,256.6554421758179,6142000
2015-03-13,255.79901123046875,261.50881058829174,255.79901123046875,261.50881058829174,6080000
2015-03-16,246.663330078125,254.6570491084346,246.66333007812497,253.80057921232998,13722000
2015-03-17,245.5212860107422,248.37618468528572,243.2373670711074,245.52128601074222,13157000
2015-03-18,248.66168212890625,252.08756064273734,246.66325299583812,247.2342327481433,9237000
2015-03-19,247.80523681640625,251.51660557056903,247.80523681640625,250.0891560497372,6401000
2015-03-20,248.94723510742188,252.37311448963408,245.52135572520962,245.52135572520962,10052000
2015-03-23,250.3746337890625,251.80208324053947,248.66169444729013,250.3746337890625,7060000
2015-03-24,254.6570281982422,257.51192761750497,250.66016901127426,251.80212877897938,11538000
2015-03-25,252.944091796875,258.65389070876836,250.94566217771234,256.9409510352003,8918000
2015-03-26,251.23114013671875,251.5166300686923,246.66330122514205,248.3762408169833,11711000
2015-03-27,239.24053955078125,249.5181760947289,238.3840698387856,248.3762164787347,13931000
2015-03-30,238.66958618164062,241.5244855378803,237.24213650352075,240.6680157310084,9159000
2015-03-31,241.80992126464844,243.52286049438624,239.81149216328774,242.66639087951734,7113000
2015-04-01,239.52609252929688,243.2374622585947,237.81315265423638,243.2374622585947,5400000
2015-04-02,235.2436981201172,240.3825167683722,233.53075857069888,238.95506714385692,9989000
2015-04-07,240.38255310058594,241.23902300474478,235.24373367563277,235.24373367563277,11800000
2015-04-08,240.38255310058594,243.5229427491684,238.6696132922682,243.5229427491684,5969000
2015-04-09,240.9534912109375,244.09388031439758,240.38251137394477,243.23741055890846,5696000
2015-04-10,240.66802978515625,244.95037906958964,239.81155992826956,244.95037906958964,7566000
2015-04-13,239.52609252929688,240.95354242518067,238.66962259176663,239.81158250847363,4201000
2015-04-14,236.95663452148438,240.09702365369682,236.38565467926392,239.8115337325866,8017000
2015-04-15,227.5354461669922,234.67269353734952,227.5354461669922,234.10171374772094,14613000
2015-04-16,233.53082275390625,233.81631275727287,228.9629827000401,228.9629827000401,8235000
2015-04-17,228.9629364013672,231.81783585774332,228.67744645572955,230.67587607519286,7490000
2015-04-20,222.68211364746094,228.9628912118765,222.6821136474609,226.67897209754355,9072000
2015-04-21,223.25314331054688,226.39353279445484,223.25314331054688,223.25314331054688,8377000
2015-04-22,229.53392028808594,230.67588009051423,224.39510117715864,224.39510117715864,9177000
2015-04-23,230.10488891601562,232.6742983455989,229.53390904277487,230.67586878925633,6949000
2015-04-24,239.24053955078125,243.52288811075942,231.81780204681905,231.81780204681905,15904000
2015-04-27,234.3872528076172,242.09548158448158,234.1017628529185,239.24058203749476,7423000
2015-04-28,227.82093811035156,236.95661482655612,227.53544821297015,236.95661482655612,10019000
2015-04-29,228.6774444580078,231.81783383258718,228.39195451486424,228.9629344011514,5123000
2015-04-30,225.53700256347656,228.10641145344022,224.68053293348865,225.53700256347653,9158000
2015-05-04,216.9723358154297,219.82723497089586,211.83351733559056,211.83351733559056,17037000
2015-05-05,213.83192443847656,218.68525249649275,211.833495238117,215.8303536388362,9597000
2015-05-06,211.26260375976562,215.2594638308963,210.12064373944256,212.97554379025019,8291000
2015-05-07,210.40609741210938,212.1190371468077,208.97864763319413,210.69158736789245,8355000
2015-05-08,214.97390747070312,216.68684697246172,210.69155871630664,210.69155871630664,8499000
2015-05-11,211.26260375976562,218.11436388170395,211.2626037597656,218.11436388170395,6182000
2015-05-12,212.11900329589844,214.11743266746143,211.83351338567516,212.9754730265683,5812000
2015-05-13,226.96449279785156,226.96449279785156,214.68842589180426,216.40136546008992,15148000
2015-05-14,224.3950653076172,229.53388359710462,224.3950653076172,226.96447445236092,12611000
2015-05-15,222.68211364746094,230.10485076904294,222.6821136474609,227.24995187612677,5303000
2015-05-18,223.5386505126953,228.10649011448731,221.54022068691134,222.68218058735934,7013000
2015-05-19,223.82412719726562,225.5370669462243,221.5402075319874,223.82412719726562,6483000
2015-05-20,228.10643005371094,229.2483896534792,225.53702095423233,225.53702095423233,8304000
2015-05-21,228.3919219970703,230.39035131454466,226.10800277709959,226.39349267959594,7276000
2015-05-22,234.10174560546875,235.2437053401296,230.1048865341559,231.2468462688167,8970000
2015-05-25,226.96449279785156,233.53076114294663,226.39351294175634,231.53233164661336,6723000
2015-05-26,228.10643005371094,230.1048593533054,227.24996035388475,228.96289975353713,3141000
2015-05-27,228.3919219970703,230.10486141204834,228.10643209457396,228.10643209457396,4556000
2015-05-28,233.53082275390625,235.24376277410605,231.81788273370645,234.10180276063952,8893000
2015-05-29,236.67115783691406,236.67115783691406,234.1017484032202,234.1017484032202,10946000
2015-06-01,234.10174560546875,238.66958454411207,232.38880600347753,238.66958454411207,4976000
2015-06-02,234.10174560546875,236.67115500845563,232.95978587080793,235.52919527379478,5371000
2015-06-03,234.10174560546875,237.24213487578604,233.81625567180356,234.6727254727992,3678000
2015-06-04,230.10488891601562,234.10174802870074,230.1048889160156,234.10174802870074,5871000
2015-06-05,228.6774444580078,230.39038411686928,227.2499947422899,229.53391428743853,5602000
2015-06-08,228.6774444580078,230.1048941737257,226.1080349697156,228.39195451486424,3255000
2015-06-09,229.24838256835938,233.5307309351407,228.96289267724063,229.53387245947812,3626000
2015-06-10,230.390380859375,233.53077018955238,230.104890920268,231.2468506766961,4813000
2015-06-11,230.390380859375,232.38881043312423,228.96293116383987,230.96136073758908,4199000
2015-06-12,237.52760314941406,238.6695627799401,230.96133527388938,232.1032949044154,7263000
2015-06-15,233.53082275390625,239.52611282460555,232.67435274380634,238.66964281450564,5733000
2015-06-16,235.52920532226562,237.813124889027,234.6727354847301,234.95822543057528,4161000
2015-06-17,242.38095092773438,242.6664408581557,235.81468252804308,237.2421321801499,9555000
2015-06-18,241.239013671875,242.38097349990755,239.81156388683434,241.52450362888317,4858000
2015-06-22,247.80523681640625,248.94719643307172,242.66641854141167,242.66641854141167,8099000
2015-06-23,243.23741149902344,250.94563932821782,243.23741149902344,249.80367964981866,6742000
2015-06-24,240.66802978515625,242.95194940352073,240.09704988056512,242.66645945122517,5255000
2015-06-25,246.94871520996094,246.94871520996094,240.95342848232028,240.95342848232028,5915000
2015-06-26,242.6664581298828,246.0923375387753,240.95351842543658,244.37939783432904,6247000
2015-06-29,243.23741149902344,244.0938812578228,239.8115324638259,239.8115324638259,5090000
2015-06-30,240.9534912109375,243.23741055890846,240.38251137394477,243.23741055890846,4461000
2015-07-01,244.0939178466797,245.52136765864856,242.09548810992322,242.09548810992322,4018000
2015-07-02,240.38255310058594,243.80843271722136,240.38255310058594,242.38098287695658,4602000
2015-07-03,243.23741149902344,243.23741149902344,238.95506270502653,239.8115324638259,4670000
2015-07-06,239.24053955078125,242.38092849476524,239.24053955078122,240.3824991667754,3558000
2015-07-07,238.66958618164062,240.95350566663237,236.10017676102484,238.6695861816406,5591000
2015-07-08,230.10488891601562,236.95664739490442,228.3919492962934,236.67115745828403,11526000
2015-07-09,228.3919219970703,229.53388160705566,220.9691845321655,222.68212394714354,13737000
2015-07-10,228.3919219970703,228.3919219970703,228.3919219970703,228.3919219970703,0
2015-07-13,227.24996948242188,228.3919291280622,223.2531107226808,223.2531107226808,8025000
2015-07-14,222.1111602783203,228.39193858953246,222.1111602783203,226.10801920363713,12023000
2015-07-15,225.7423553466797,228.46578858812757,225.13714795969125,227.25537381415072,9487000
2015-07-16,223.321533203125,227.2553813489795,221.5059109819614,226.3475702383977,6949000
2015-07-17,220.90074157714844,223.62417537741467,219.3877227992228,223.32157162182952,6786000
2015-07-20,209.70440673828125,221.8085571993653,203.34972774621212,221.20334967631112,15727000
2015-07-21,216.0590362548828,216.05903625488278,207.28352918010464,207.28352918010464,7202000
2015-07-22,212.1251983642578,214.24342431083383,210.6121798309892,212.42780207091153,5943000
2015-07-23,206.98092651367188,213.3356040820741,204.86270065753783,212.12518930714035,8501000
2015-07-24,197.297607421875,206.98092557754987,197.297607421875,205.7705108080905,11124000
2015-07-27,192.15338134765625,201.8367013525775,192.15338134765625,197.29764510027067,9601000
2015-07-28,194.57418823242188,198.5080365170587,193.66637708981335,193.66637708981335,7958000
2015-07-29,195.1793975830078,199.11324590638628,194.27158643145896,194.87679386582488,6259000
2015-07-30,197.90281677246094,201.53406111690978,196.692401990978,200.32364633542684,8012000
2015-07-31,200.92881774902344,200.92881774902344,194.87674492525767,197.90278133714057,7007000
2015-08-03,180.95703125,180.95703125,180.95703125,180.95703125,5047000
2015-08-04,169.4580841064453,173.69453620910645,165.82683944702148,166.4320468902588,27160000
2015-08-05,163.40599060058594,173.99711962099428,162.1955758553964,173.99711962099428,16836000
2015-08-06,166.4320526123047,168.24767500443892,162.49820409601386,166.4320526123047,9617000
2015-08-07,168.24765014648438,170.97108333230875,161.59036902558032,165.22161327334615,9735000
2015-08-10,174.2997283935547,176.4179542594486,166.43203232023453,169.76067296663922,10242000
2015-08-11,171.87892150878906,180.04922235515758,171.8789215087891,179.14141115000552,8900000
2015-08-12,169.4580841064453,173.3919324874878,167.0372543334961,172.48412132263184,11023000
2015-08-13,169.1554718017578,171.2736977456081,167.6424532704362,169.45807550802215,8400000
2015-08-14,163.40599060058594,169.45806432653356,160.37995373761214,169.45806432653356,13702000
2015-08-17,160.37997436523438,162.19559671653892,159.16955946436468,162.19559671653892,7410000
2015-08-18,161.59036254882812,164.31379562549378,161.28775887364307,161.59036254882812,4985000
2015-08-19,157.95912170410156,161.89296956263283,157.95912170410156,160.6825548369309,6486000
2015-08-20,157.3539276123047,159.16954985398513,153.7226831289438,157.3539276123047,14019000
2015-08-21,153.72267150878906,155.53829361322357,152.51225677249937,154.02527519286147,12153000
2015-08-24,138.59249877929688,151.3018545625512,138.59249877929688,151.3018545625512,13145000
2015-08-25,142.22373962402344,145.24977663730053,137.38208040278008,137.9872878054355,18114000
2015-08-26,138.8950958251953,141.61852907666972,137.38207735215397,141.01332168745319,16231000
2015-08-27,139.19772338867188,144.03938333262568,137.98730840268342,142.5263646001401,19428000
2015-08-28,153.1174774169922,153.1174774169922,145.8549883695459,147.06540321078697,20465000
2015-08-31,151.9070587158203,154.93309574203187,149.1836253922299,154.32788833678956,13268000
2015-09-01,148.27581787109375,150.99925126056283,144.94717706174268,150.3940438406808,9367000
2015-09-02,147.06541442871094,148.27582936228058,145.55239576174887,146.7628106953185,8877000
2015-09-03,146.460205078125,150.0914498321281,145.85499761912448,147.06541253712552,6643000
2015-09-04,146.460205078125,153.7226945861312,146.460205078125,146.460205078125,13824000
2015-09-07,149.18362426757812,150.3940390689378,146.4601909645189,146.4601909645189,7237000
2015-09-08,154.32791137695312,155.84093011594285,151.30187389897364,151.30187389897364,11779000
2015-09-09,169.4580841064453,169.76068782806396,157.35393524169922,157.95914268493652,15555000
2015-09-10,165.22161865234375,167.64244822966748,163.40599646935098,166.12942974384015,10355000
2015-09-11,167.64244079589844,171.57628868461086,165.22161132592157,165.22161132592157,9878000
2015-09-14,167.64244079589844,171.27368500086376,166.43202606091,170.97108131711664,4999000
2015-09-15,164.01119995117188,167.6424442305336,163.40599257127826,167.03723685064,4268000
2015-09-16,167.03724670410156,167.33985041189885,164.61641704172328,166.7346429963043,6371000
2015-09-17,167.64244079589844,171.57628868461086,167.64244079589844,170.36587394962243,6692000
2015-09-18,168.55027770996094,169.7606926306788,167.64246651942256,169.45808890049932,5487000
2015-09-21,159.47215270996094,166.4320379325968,158.86694529929696,166.4320379325968,13017000
2015-09-22,157.3539276123047,158.8669461470384,154.93309795673076,157.3539276123047,12116000
2015-09-23,151.9070587158203,154.6304920394107,150.09143650009338,154.32788833678956,13089000
2015-09-24,142.8289337158203,153.1174586021294,142.8289337158203,151.90704390962247,20145000
2015-09-25,143.4341583251953,145.8549880015699,141.31593235836752,141.92113977746118,11612000
2015-09-29,143.4341583251953,143.4341583251953,143.4341583251953,143.4341583251953,0
2015-09-30,147.36801147460938,148.57842635325093,139.50031476343926,139.80291848309966,15034000
2015-10-01,151.60446166992188,153.117480249462,149.18363194265766,150.09144309038174,10776000
2015-10-02,150.999267578125,152.51228629133266,149.78885260755885,151.60447506340807,7712000
2015-10-05,147.06541442871094,151.30186669620466,146.4602069619261,150.99926296281225,11290000
2015-10-06,148.27581787109375,150.6966475506218,147.67061045121173,149.4862327108578,11247000
2015-10-07,156.1435089111328,156.1435089111328,148.88102012456852,149.78883122288906,15450000
2015-10-08,160.68255615234375,162.19557457185735,158.56433036502472,160.07734878453832,16673000
2015-10-12,161.2877960205078,164.31383346929783,159.7747772961128,162.80081474490282,9383000
2015-10-13,167.64244079589844,167.94504447964556,161.89297080470337,163.40598922343892,15168000
2015-10-14,164.9190216064453,167.64245499077194,164.31381418770607,167.64245499077194,7220000
2015-10-15,167.03724670410156,167.64245411969614,164.313813333926,166.12943558070972,7383000
2015-10-16,167.03724670410156,167.33985041189885,164.61641704172328,167.33985041189885,8034000
2015-10-19,165.8268280029297,168.55026130954715,164.91901690072388,168.24765760881186,4797000
2015-10-20,166.4320526123047,167.3398638083718,164.91903395219285,167.03726007634944,5026000
2015-10-21,160.07736206054688,166.73464365852803,159.16955093354943,166.43203994952887,10932000
2015-10-22,161.59036254882812,163.40598459993856,157.95911844660728,157.95911844660728,9351000
2015-10-23,161.59036254882812,164.91900297586392,160.985155198458,164.91900297586392,8189000
2015-10-26,164.31381225585938,164.91901966748316,162.19558631517612,162.8007937267999,5593000
2015-10-27,160.07736206054688,162.49819173254002,159.4721546425486,161.89298431454174,7108000
2015-10-28,154.93310546875,160.0773687362671,152.51227569580078,159.16955757141113,16425000
2015-10-29,153.1174774169922,156.7487219407153,152.8148737066819,156.7487219407153,6685000
2015-10-30,154.0252685546875,156.44609792293406,150.9992318443793,152.5122501995334,7042000
2015-11-02,163.40599060058594,164.0111979731807,157.05131318834094,157.05131318834094,18087000
2015-11-03,167.03724670410156,168.8528689508853,165.52422816511515,166.432039288507,17449000
2015-11-04,183.0752410888672,183.68044849742543,170.06328180486506,171.27369662198154,29579000
2015-11-05,179.74658203125,185.79865550031565,178.83877101089016,185.79865550031565,10867000
2015-11-06,174.2997283935547,179.7465949058533,174.2997283935547,179.7465949058533,14429000
2015-11-09,173.08932495117188,177.3257769604663,171.87891009137348,174.2997398109703,8403000
2015-11-10,172.78671264648438,177.02316444517228,170.97109044704672,170.97109044704672,10261000
2015-11-11,166.4320526123047,174.29974964488636,165.82684514825996,172.78673098477452,10949000
2015-11-12,164.61642456054688,168.2476692199707,160.37997245788574,166.4320468902588,8857000
2015-11-13,160.68255615234375,167.945044566009,160.37995246844102,164.31380035917635,9976000
2015-11-16,163.70863342285156,164.9190484574013,158.8669732846526,160.37999207783977,7832000
2015-11-17,160.68255615234375,166.1294224625927,160.37995246844102,165.82681877868995,9165000
2015-11-18,156.1435089111328,160.37996070329535,155.53830151225247,159.16954590553462,9502000
2015-11-19,160.37997436523438,160.37997436523438,154.93310731132075,156.14352221219045,8340000
2015-11-20,158.26173400878906,160.0773561962704,157.3539229150484,158.56433770670262,4671000
2015-11-23,166.4320526123047,166.4320526123047,157.35394065163354,159.77477050781252,13187000
2015-11-24,162.1956024169922,168.55028086989674,161.8929986811396,167.03726219063375,10319000
2015-11-25,158.866943359375,165.8268284970238,158.866943359375,164.01120628720238,9412000
2015-11-26,165.8268280029297,165.8268280029297,160.68256509043005,162.1955835941064,10174000
2015-11-27,161.59036254882812,165.52421032623405,161.28775887364307,165.221606651049,5556000
2015-11-30,157.65655517578125,160.07738519767423,155.53832890662488,159.16957393946436,12016000
2015-12-01,157.95912170410156,159.77474379265448,154.93308488984675,157.95912170410156,13792000
2015-12-02,162.80079650878906,164.01121135272058,158.86694826601163,159.1695519769945,11601000
2015-12-03,165.8268280029297,166.43203540440024,161.2877724919006,161.59037619263586,9698000
2015-12-04,162.80079650878906,164.01121135272058,161.59038166485755,163.40600393075482,5555000
2015-12-07,166.4320526123047,166.4320526123047,164.0112227561257,164.3138264881481,7250000
2015-12-08,163.40599060058594,166.43202746355976,162.8007832279912,165.826820090965,6731000
2015-12-09,159.77476501464844,164.31382083892822,159.77476501464844,163.70861339569092,5235000
2015-12-10,157.3539276123047,159.16954985398513,156.44611649146447,157.3539276123047,6552000
2015-12-11,155.8408966064453,159.7747444819478,155.8408966064453,157.95912238556204,5445000
2015-12-14,154.32791137695312,157.35394885493258,153.11749638576134,156.7487413593367,5006000
2015-12-15,156.7487335205078,158.56435591649824,154.63050739185232,154.63050739185232,6203000
2015-12-16,153.1174774169922,155.53830709947428,151.30185515513062,154.32789225823322,9756000
2015-12-17,156.7487335205078,157.65654471850303,153.420092461192,154.02529992652217,5357000
2015-12-18,156.7487335205078,157.35394098583797,154.93311112451738,156.44612978784275,5487000
2015-12-21,153.72267150878906,155.23568992915114,153.11746414064422,153.72267150878906,6898000
2015-12-22,157.65655517578125,161.89300771409398,156.14353641209811,156.14353641209811,8666000
2015-12-23,155.5382843017578,158.86692462728183,155.5382843017578,157.6565099634549,4871000
2015-12-24,154.0252685546875,157.65651260705735,154.0252685546875,156.74870159396488,3300000
2015-12-25,155.23568725585938,155.53829093472072,154.02527254041408,154.02527254041408,1982000
2015-12-28,157.05133056640625,157.95914172574965,155.84091568728175,156.14351940706288,2633000
2015-12-29,151.30186462402344,154.933109375,150.09144970703124,154.933109375,14275000
2015-12-30,150.39402770996094,151.9070460973851,149.1836130000216,151.30183874241544,7914000
2015-12-31,151.30186462402344,151.9070720825195,150.69665716552734,151.30186462402344,3131000
2016-01-04,148.27581787109375,152.51226981026787,148.27581787109375,151.90706239038585,5380000
2016-01-05,146.7628173828125,149.486251107442,146.46021363563145,148.2758361187178,4972000
2016-01-06,137.38209533691406,146.76281109780467,133.14564305780218,146.46020736358238,18427000
2016-01-07,124.6727294921875,136.77687798657465,124.06752206746815,136.47427427421496,21198000
2016-01-08,129.21177673339844,131.33000258148692,122.2518918039648,122.2518918039648,15233000
2016-01-11,126.48835754394531,127.39616872249037,123.15971655594674,126.48835754394531,10884000
2016-01-12,124.97532653808594,128.0013635002672,122.85710066455907,127.09355241161282,9085000
2016-01-13,124.97532653808594,127.39615610783095,123.46230805699531,127.09355241161282,10201000
2016-01-14,125.88313293457031,125.88313293457033,118.31804081109854,121.949285030365,14169000
2016-01-15,124.06752014160156,128.30397204887575,121.34408677263957,127.09355721822598,10837000
2016-01-18,127.09355926513672,128.00137040274484,121.04148501441591,121.64669243948799,7459000
2016-01-19,131.02740478515625,134.0534418471691,126.48834919213698,127.09355660453954,10276000
2016-01-20,127.09355926513672,130.42220010303316,127.09355926513672,130.42220010303316,7039000
2016-01-21,127.09355926513672,129.51438896542504,126.79095555260068,128.90918154035296,5090000
2016-01-22,128.303955078125,130.4221807515846,128.0013514104879,129.21176608103625,4294000
2016-01-25,129.81700134277344,131.33002000644214,129.5143976100397,130.72481254097465,3714000
2016-01-26,126.48835754394531,128.30397990103543,125.58054636540025,127.69877244867206,5465000
2016-01-27,127.69876098632812,128.60657208338733,127.09355358828866,127.69876098632812,2168000
2016-01-28,125.88313293457031,128.00135872914242,125.58052924963145,125.88313293457033,7225000
2016-01-29,129.51438903808594,130.11959646349754,121.94929622044073,124.97533334749882,13216000
2016-02-01,127.09355926513672,131.02740752810524,126.79095555260068,131.02740752810524,8530000
2016-02-02,128.303955078125,129.51436974867335,117.10761937555276,117.41022304318984,19680000
2016-02-03,121.04147338867188,126.18573600769044,121.04147338867189,124.97532127380371,15159000
2016-02-15,124.37012481689453,125.8831433669784,122.55450255679388,122.85710626681065,9801000
2016-02-16,128.00135803222656,128.9091690821005,125.27792488260472,126.18573593247868,10065000
2016-02-17,127.09355926513672,130.11959639049712,127.09355926513672,129.211785252889,6717000
2016-02-18,133.1456298828125,133.1456298828125,128.90917802290483,129.51438543146307,10812000
2016-02-19,133.44822692871094,134.9612453746147,131.93520848280718,134.35603799625318,5433000
2016-02-22,138.59249877929688,139.5003099066722,134.05344314242035,134.65865056067057,10789000
2016-02-23,139.80291748046875,140.40812491544915,137.9872951755276,140.10552119795895,8271000
2016-02-24,137.38209533691406,139.19771774224773,136.7768878684695,139.19771774224773,5317000
2016-02-25,141.92112731933594,142.2237310023196,138.5924868065157,139.197694172483,7704000
2016-02-26,142.8289337158203,143.73674473520055,140.71070800393315,141.61851902331338,5875000
2016-03-01,140.7107391357422,141.92115409604963,139.5003241754347,141.3159466158959,4833000
2016-03-02,141.61854553222656,142.82896045130542,141.31594180245685,142.5263567215357,4584000
2016-03-03,145.24978637695312,147.06540870666504,143.13156032562256,143.13156032562256,8696000
2016-03-04,145.24978637695312,145.85499382019043,143.73676776885986,145.85499382019043,3814000
2016-03-07,142.22373962402344,147.06539884526677,141.618532221368,146.46019144261135,4541000
2016-03-08,142.22373962402344,144.3419655333174,139.80291001340174,142.82894702667883,4585000
2016-03-09,144.34197998046875,144.34197998046875,139.1977165430097,141.01333893270112,5789000
2016-03-10,140.7107391357422,144.64458775674143,140.7107391357422,144.34198401666455,5187000
2016-03-11,145.85501098632812,146.4602185007942,141.61855838506548,141.92116214229853,7326000
2016-03-14,157.3539276123047,159.16954985398513,148.2758164039025,148.2758164039025,17164000
2016-03-15,150.09144592285156,160.37997245788574,149.48623847961426,159.16955757141113,13512000
2016-03-16,152.8148651123047,154.63048727205484,151.30184664584624,151.6044503391379,6006000
2016-03-17,152.8148651123047,157.3539205116801,152.512261419013,156.1435057385133,10104000
2016-03-18,156.1435089111328,156.1435089111328,153.11747191673103,153.7226793156114,7834000
2016-03-21,155.5382843017578,155.5382843017578,153.42005864006072,154.93307696984436,4711000
2016-03-22,150.09144592285156,155.23570919036865,147.3680124282837,155.23570919036865,7882000
2016-03-23,147.36801147460938,150.99925611053405,145.24978543698666,147.97321891393014,6204000
2016-03-24,148.88104248046875,149.78885371510577,146.76281626631575,147.36802375607374,4197000
2016-03-25,147.36801147460938,149.7888412318925,147.06540775494898,149.7888412318925,1801000
2016-03-28,145.24978637695312,147.67061614990234,144.03937149047852,147.3680124282837,3132000
2016-03-29,147.67062377929688,150.09145367731816,144.94719014402295,144.94719014402295,3917000
2016-03-30,150.999267578125,152.51228629133266,148.88104137963427,149.48624886491734,8398000
2016-03-31,149.48623657226562,152.20967003208423,147.36801054796229,151.9070663143266,5994000
2016-04-01,145.85501098632812,147.6706335297264,144.64459595739592,146.4602185007942,5715000
2016-04-06,139.80291748046875,144.34197324282164,139.80291748046875,144.03936952533144,8188000
2016-04-07,138.59249877929688,143.43415812529852,138.59249877929688,140.7107247431726,8538000
2016-04-08,138.8950958251953,140.10551060362837,137.9872847413705,137.9872847413705,5109000
2016-04-11,140.40811157226562,141.92113001593228,139.19769681733231,141.01331894973228,6181000
2016-04-12,134.35604858398438,141.6185376966322,134.05344487095738,141.0133302705782,6521000
2016-04-13,136.47425842285156,137.9872768089142,135.56644739121396,136.17165474563902,6713000
2016-04-14,139.80291748046875,141.6185397854099,138.59250261050798,140.40812491544915,6587000
2016-04-15,141.61854553222656,142.5263567215357,140.71073434291742,141.01333807268713,5190000
2016-04-18,141.92112731933594,142.8289383682869,139.50029785546667,142.8289383682869,2732000
2016-04-19,140.7107391357422,144.0393802765877,140.4081353956653,143.43417279643396,3016000
2016-04-20,140.40811157226562,143.43414845959893,140.1055078835323,142.52633739339896,4671000
2016-04-21,141.61854553222656,142.82896045130542,140.105526883378,141.61854553222656,3074000
2016-04-22,139.19772338867188,142.223760853643,137.98730840268342,141.9211571071459,3506000
2016-04-25,137.98728942871094,139.50030795314856,135.56645978961075,139.19770424826103,3629000
2016-04-26,143.13153076171875,143.73673807995013,139.19768319321486,139.19768319321486,12542000
2016-04-27,146.460205078125,148.88103491412707,141.92114913562114,143.4341677831224,11216000
2016-04-28,142.8289337158203,148.2757998321016,142.8289337158203,148.2757998321016,6520000
2016-04-29,139.19772338867188,141.61855336064878,138.89511964217476,141.61855336064878,5620000
2016-05-03,127.69876098632812,129.81698687946627,125.8831387922097,125.8831387922097,19708000
2016-05-04,121.94929504394531,127.69876552988814,121.04148391458591,127.09355811031521,17084000
2016-05-05,122.85711669921875,124.37013537778054,121.04149428494458,121.6467017563693,7907000
2016-05-06,116.19982147216797,121.64668810367586,116.19982147216797,121.34408440192541,24238000
2016-05-09,118.62066650390625,121.94930765580158,118.62066650390625,118.92327024498763,15365000
2016-05-10,123.46231842041016,123.46231842041016,119.22586631774902,120.43628120422363,9119000
2016-05-11,121.04147338867188,125.88313232421876,121.04147338867189,124.67271759033204,6334000
2016-05-12,121.04147338867188,122.85709548950196,121.04147338867189,121.34407707214356,3710000
2016-05-13,121.04147338867188,121.04147338867189,121.04147338867189,121.04147338867189,0
2016-05-16,121.94929504394531,126.79095440052875,121.94929504394531,126.48835069074228,10076000
2016-05-17,122.55449676513672,123.15970415656949,121.04147828655478,123.15970415656949,5011000
2016-05-18,123.15969848632812,123.4623021681127,121.34407639562058,121.64668007740516,4352000
2016-05-19,121.04147338867188,123.764906539917,121.04147338867189,123.46230285644532,4027000
2016-05-20,122.25191497802734,123.15972622786418,121.0414999782449,121.94931122808173,4002000
2016-05-23,127.09355926513672,128.30397411528088,122.85710728963215,123.46231471470423,8679000
2016-05-24,126.48835754394531,128.9091873533988,125.88315009158194,128.30397990103543,5241000
2016-05-25,127.69876098632812,129.51438318044654,127.39615728730838,128.90917578240706,4675000
2016-05-26,129.51438903808594,130.72480388890918,128.0013704745569,129.21178532538013,7984000
2016-05-27,128.60658264160156,131.0274124325023,128.00137519387638,130.72480870863973,4495000
2016-05-30,131.02740478515625,132.84302702236394,128.90917884174726,128.90917884174726,7906000
2016-05-31,133.1456298828125,136.1716669256037,131.935215065696,134.05344099564985,17211000
2016-06-01,134.35604858398438,134.96125601003837,132.84303001884942,133.14563373187642,4852000
2016-06-02,130.11956787109375,136.4742444415425,129.8169642248819,136.17164079533066,11610000
2016-06-03,132.5404510498047,132.5404510498047,130.7248284326841,130.7248284326841,5373000
2016-06-06,138.8950958251953,140.40811429823665,137.38207735215397,137.38207735215397,14843000
2016-06-07,141.01332092285156,143.4341504665915,139.80290615098158,142.82894308065653,12230000
2016-06-08,139.19772338867188,142.5263646001401,137.98730840268342,142.223760853643,12407000
2016-06-13,133.1456298828125,137.38208174272017,133.1456298828125,136.47427062988282,11112000
2016-06-14,136.17169189453125,137.38210693359375,132.23784301757811,133.145654296875,11772000
2016-06-15,139.5002899169922,140.4081009142828,136.17164959359323,136.17164959359323,9223000
2016-06-16,136.77687072753906,139.8029076905377,136.77687072753906,139.8029076905377,6747000
2016-06-17,137.38209533691406,138.59251027380316,137.07949160269177,137.9873028053586,7338000
2016-06-20,137.68467712402344,138.8950918679709,137.0794697520497,138.8950918679709,4113000
2016-06-21,138.8950958251953,140.10551060362837,137.68468104676222,138.28988843597875,6910000
2016-06-22,138.59249877929688,140.4081210340475,138.28989507017178,140.4081210340475,4715000
2016-06-23,137.98728942871094,138.8951005433735,137.38208201893588,138.59249683848597,2393000
2016-06-24,135.26385498046875,138.59249570705748,131.93521425388005,138.2898920046403,9056000
2016-06-27,137.07949829101562,138.59251703594956,134.3560645501345,135.26387579709487,4496000
2016-06-28,138.59249877929688,138.59249877929688,134.05344314242035,135.26385797892075,6877000
2016-06-29,143.73675537109375,146.1575849352385,138.59249254728618,139.1976999383224,15035000
2016-06-30,147.67062377929688,147.97322751654954,145.24979388127562,146.7628125675389,19654000
2016-07-01,148.27581787109375,149.7888364207988,147.0654030313297,149.18362900091677,14239000
2016-07-04,154.6304931640625,155.5383042785286,148.5784190676217,148.5784190676217,16697000
2016-07-05,148.27581787109375,153.72268465003188,148.27581787109375,153.72268465003188,10917000
2016-07-06,143.4341583251953,146.46019542066355,143.4341583251953,145.24978058247626,10624000
2016-07-07,144.03936767578125,146.15759367101333,143.73676396217667,144.947178816595,5129000
2016-07-08,144.03936767578125,144.03936767578125,144.03936767578125,144.03936767578125,0
2016-07-11,149.48623657226562,149.78884029002324,147.6706142657199,149.48623657226562,9885000
2016-07-12,150.09144592285156,151.60446453094482,149.7888422012329,150.69665336608887,8562000
2016-07-13,149.48623657226562,151.30185887881137,148.57842541899277,151.30185887881137,6293000
2016-07-14,148.88104248046875,149.78885371510577,148.27583499071076,149.78885371510577,12779000
2016-07-15,151.73193359375,152.0487017223382,149.51455669363256,150.14809295080897,13661000
2016-07-18,152.04872131347656,152.9990258216858,151.09841680526733,152.36548948287964,5036000
2016-07-19,152.04872131347656,152.68225765228271,150.78164863586426,152.68225765228271,4953000
2016-07-20,150.78163146972656,151.4151677364061,149.5145589363675,151.4151677364061,7431000
2016-07-21,149.1977996826172,152.3654812045411,148.5642633782324,151.73194490015632,8344000
2016-07-22,149.5145721435547,150.78164478883903,148.8810358209125,150.46487662751795,5202000
2016-07-25,149.5145721435547,151.09841295016014,148.56426765959142,150.78164478883903,3316000
2016-07-26,152.68226623535156,152.68226623535156,148.24751161440773,149.19781617603854,8590000
2016-07-27,152.04872131347656,155.84993934631348,151.4151849746704,155.84993934631348,14289000
2016-07-28,154.58285522460938,154.58285522460938,150.78163747318453,152.04871005699283,6107000
2016-07-29,154.26609802246094,155.84993886458068,153.31579351718912,155.21640252773278,6177000
2016-08-01,157.75054931640625,158.06731748772432,154.26609943190732,155.53317211717965,7985000
2016-08-02,158.38406372070312,159.01759997558594,156.4834549560547,158.06729559326172,8737000
2016-08-03,157.75054931640625,157.75054931640625,155.53317211717965,155.84994028849772,5517000
2016-08-04,153.63253784179688,159.0175958692413,151.73192912622824,159.0175958692413,14502000
2016-08-05,157.75054931640625,157.75054931640625,153.63256308927114,153.63256308927114,8164000
2016-08-08,157.4337615966797,159.01760225660604,157.11699346469442,159.01760225660604,5768000
2016-08-09,158.38406372070312,158.38406372070312,157.1169912109375,158.06729559326172,3950000
2016-08-10,158.38406372070312,159.01759997558594,157.4337593383789,159.01759997558594,3066000
2016-08-11,157.4337615966797,158.70083412462077,155.2163846727828,158.70083412462077,3896000
2016-08-12,157.75054931640625,159.01762200167857,156.800244802452,158.3840856590424,2999000
2016-08-15,157.75054931640625,158.7008538303605,156.800244802452,158.3840856590424,2509000
2016-08-16,158.06729125976562,158.06729125976562,155.53314630970928,158.06729125976562,3809000
2016-08-17,158.70083618164062,160.60144499818722,157.75053177336733,158.06729990945843,8736000
2016-08-18,158.38406372070312,159.65113623046875,157.7505274658203,159.01759997558594,3773000
2016-08-19,155.21640014648438,158.3840817821269,155.21640014648438,158.3840817821269,5360000
2016-08-22,153.9493408203125,157.1170227301955,153.3158044383359,155.2164135842657,5158000
2016-08-23,154.58285522460938,155.53315966246558,153.63255078675317,153.63255078675317,3854000
2016-08-24,152.68226623535156,155.533179920244,152.68226623535156,154.5828753586132,3420000
2016-08-25,153.9493408203125,154.5828772022891,152.99903624734762,153.3158044383359,4837000
2016-08-26,154.26609802246094,155.21640252773278,153.31579351718912,154.89963435930883,3444000
2016-08-29,154.8996124267578,155.53314867390202,153.3157718088973,155.21638055032992,4245000
2016-08-30,158.06729125976562,158.06729125976562,155.53314630970928,156.16668254722336,4230000
2016-08-31,158.38406372070312,159.01759997558594,156.8002230834961,158.06729559326172,6161000
2016-09-01,158.70083618164062,159.65114058991392,157.43376363727623,159.65114058991392,5590000
2016-09-02,155.21640014648438,159.0176181092554,155.21640014648438,158.3840817821269,4130000
2016-09-05,162.50205993652344,162.81882808454785,158.38407401220607,158.38407401220607,12917000
2016-09-06,160.60147094726562,162.5020800709019,159.9679345727202,162.5020800709019,6943000
2016-09-07,160.918212890625,165.03619865357408,160.60144475501355,161.55174916184794,8711000
2016-09-08,159.01760864257812,160.60144936610976,158.70084049787178,158.70084049787178,7615000
2016-09-09,155.21640014648438,156.48347280074137,153.94932749222735,156.16670463717713,7954000
2016-09-12,151.09837341308594,152.04867764838838,150.14806917778353,151.4151414915201,5499000
2016-09-13,151.73193359375,152.6822379795146,150.14809295080897,152.0487017223382,4518000
2016-09-14,152.04872131347656,154.58286666870117,151.4151849746704,151.4151849746704,6876000
2016-09-19,153.31578063964844,153.94931692328333,151.73193993056117,151.73193993056117,8097000
2016-09-20,155.53314208984375,157.11698264065683,154.2660696491933,155.21637397968115,9510000
2016-09-21,155.84994506835938,157.43378597352563,155.21640870629287,156.48348143042588,6637000
2016-09-22,155.53314208984375,157.43375075081946,154.89960586951852,157.11698264065683,4019000
2016-09-23,156.16668701171875,156.48345513953157,155.2163826282803,155.5331507560931,3347000
2016-09-26,154.58285522460938,155.2163915165135,154.2660870786573,154.89962337056144,4076000
2016-09-27,154.58285522460938,154.58285522460938,154.58285522460938,154.58285522460938,0
2016-09-28,154.58285522460938,154.58285522460938,154.58285522460938,154.58285522460938,0
2016-09-29,155.21640014648438,155.21640014648438,153.94932749222735,153.94932749222735,6015000
2016-09-30,152.365478515625,152.99901480882926,150.78163778261435,150.78163778261435,6825000
2016-10-03,152.68226623535156,153.94933898419265,152.04872986093102,152.68226623535156,4515000
2016-10-04,153.9493408203125,154.8996453932774,152.6822680563593,153.9493408203125,5241000
2016-10-05,156.48345947265625,157.1169957458249,152.99900997022868,152.99900997022868,6979000
2016-10-06,154.26609802246094,154.58286619088489,152.99902534876517,153.94932985403702,11331000
2016-10-07,152.68226623535156,153.63257079698238,151.41519348651047,153.3158026097721,5810000
2016-10-11,152.68226623535156,153.94933898419265,151.41519348651047,153.94933898419265,5989000
2016-10-12,152.04872131347656,152.36548948287964,150.46488046646118,152.04872131347656,5399000
2016-10-13,150.46484375,151.73191611842105,150.14807565789474,151.4151480263158,6782000
2016-10-14,149.83131408691406,150.78161840459003,148.88100976923806,149.83131408691406,6505000
2016-10-17,152.68226623535156,152.99903442256183,149.83135255045912,149.83135255045912,5843000
2016-10-18,152.04872131347656,153.31579399108887,150.78164863586426,153.31579399108887,3835000
2016-10-19,150.78163146972656,152.68224026976512,150.78163146972656,152.0487040030856,3336000
2016-10-20,149.5145721435547,152.0487174341234,149.5145721435547,150.14810846619687,3790000
2016-10-21,149.1977996826172,151.09840859577156,149.1977996826172,149.51456783480958,4276000
2016-10-24,150.78163146972656,151.4151677364061,149.83132706970727,150.14809520304703,3235000
2016-10-25,153.9493408203125,155.2164135842657,152.6822680563593,155.2164135842657,5873000
2016-10-26,152.365478515625,153.63255110203352,152.04871036902287,153.63255110203352,2860000
2016-10-27,151.4151611328125,153.3157698499608,151.0983930132878,152.36546549138663,2098000
2016-10-28,150.46484375,151.4151480263158,149.5145394736842,151.4151480263158,3400000
2016-10-31,152.04872131347656,152.68225765228271,150.1481122970581,150.1481122970581,4409000
2016-11-01,150.46484375,151.73191611842105,150.14807565789474,151.09837993421053,2866000
2016-11-02,149.83131408691406,150.78161840459003,149.51454598102205,149.83131408691406,2761000
2016-11-03,149.83131408691406,150.78161840459003,149.51454598102205,150.46485029869805,2720000
2016-11-04,143.17918395996094,149.51454608208311,142.2288796416426,148.8810098698709,10539000
2016-11-07,146.34689331054688,146.98042964522458,144.12951613917497,144.4462843065138,3873000
2016-11-08,144.44627380371094,145.0798100923237,143.1792012264854,145.0798100923237,4212000
2016-11-09,139.69476318359375,146.34689476376488,138.11092233117205,146.34689476376488,6929000
2016-11-10,140.64505004882812,143.81273135623417,140.32828191808753,142.54565883327174,5381000
2016-11-11,136.21029663085938,137.47736915765805,133.35938344556232,136.8438328942587,12770000
2016-11-14,138.4276885986328,139.061224930892,134.94323877120726,137.47738410024402,6339000
2016-11-15,136.84384155273438,137.7941460079617,136.21030524924947,136.21030524924947,5243000
2016-11-16,136.84384155273438,138.744450463189,135.26000079402218,138.42768231144657,5163000
2016-11-17,140.32827758789062,140.64504570885651,137.1605963782317,137.4773644991976,4248000
2016-11-18,143.812744140625,143.812744140625,139.06122175712417,139.37798991602423,4897000
2016-11-21,141.27859497070312,144.12950832212985,141.27859497070312,144.12950832212985,3170000
2016-11-22,144.76304626464844,145.39658257215237,141.91213288088073,142.54566918838466,6288000
2016-11-23,143.17918395996094,145.3965607027037,142.86241585385483,145.3965607027037,2849000
2016-11-24,140.64505004882812,142.54565883327174,140.64505004882812,142.22889070253115,3901000
2016-11-25,140.32827758789062,141.9121181927201,140.32827758789062,140.64504570885651,1956000
2016-11-28,141.59535217285156,142.8624246755169,140.32827967018622,140.64504779585258,3605000
2016-11-29,140.32827758789062,141.5953500717542,139.37797322499296,141.5953500717542,4482000
2016-11-30,140.32827758789062,143.17919067658366,140.32827758789062,141.9121181927201,8583000
2016-12-01,142.22889709472656,142.22889709472656,140.32828822486385,141.2785926597952,3836000
2016-12-02,142.54566955566406,143.17920586480034,140.6450606282552,141.91213324652776,4089000
2016-12-05,141.59535217285156,143.17919280118323,141.27858404718523,143.17919280118323,3164000
2016-12-06,143.17918395996094,144.44625638438538,142.54564774774872,143.17918395996094,4680000
2016-12-07,142.54566955566406,144.44627848307292,141.91213324652776,144.44627848307292,4604000
2016-12-08,145.71336364746094,145.71336364746094,142.86245001088017,143.1792181927225,7409000
2016-12-09,146.03012084960938,146.34688900763456,144.44628005948346,145.7133526915842,5121000
2016-12-12,145.39659118652344,147.61396839416105,145.07982301400378,146.98043204912173,4420000
2016-12-13,144.76304626464844,145.39658257215237,144.1295099571445,145.0798144184004,4146000
2016-12-14,142.54566955566406,145.71335110134547,141.59536509195962,145.39658294677733,7586000
2016-12-15,144.44627380371094,144.7630419480173,141.27859236064708,142.22889679356624,4676000
2016-12-16,143.17918395996094,145.0797925965976,143.17918395996094,143.81272017217316,4197000
2016-12-19,141.91213989257812,143.17921257019043,141.59537172317505,143.17921257019043,2637000
2016-12-20,139.06121826171875,140.64505901640803,136.21030490327806,140.64505901640803,8875000
2016-12-21,137.16061401367188,140.0115274689214,137.16061401367188,139.06122298383823,4953000
2016-12-22,137.4773712158203,138.42767562514624,136.84383494293633,137.16060307937832,4232000
2016-12-23,137.16061401367188,138.11091849875504,136.84384585197748,137.47738217536627,4036000
2016-12-26,136.84384155273438,137.1606097044768,135.5767689457646,135.5767689457646,3081000
2016-12-27,138.11090087890625,138.42766900018816,136.52706027249678,136.84382839377867,2065000
2016-12-28,138.4276885986328,139.061224930892,137.16061593411442,138.1109204325032,2979000
2016-12-29,137.16061401367188,138.42768666044944,136.84384585197748,138.11091849875504,3600000
2016-12-30,137.16061401367188,138.74445482214384,137.16061401367188,138.42768666044944,3796000
2017-01-03,138.11090087890625,138.11090087890625,137.16059651506058,137.79413275762437,3403000
2017-01-04,136.84384155273438,138.42768231144657,136.52707340099192,138.11091415970412,3332000
2017-01-05,138.11090087890625,138.11090087890625,136.52706027249678,136.52706027249678,3647000
2017-01-06,139.3779754638672,140.64504796808416,138.11090295965022,138.42767108570445,4246000
2017-01-09,137.4773712158203,140.01151630735615,137.4773712158203,139.69474817091418,2441000
2017-01-10,135.89353942871094,138.11091652894632,135.57677127153445,137.47738021459335,3954000
2017-01-11,136.52706909179688,136.84383723354117,134.94322838307534,135.89353280830827,3967000
2017-01-12,137.4773712158203,137.79413935226228,136.21029867005237,136.84383494293633,2714000
2017-01-13,136.21029663085938,136.21029663085938,134.626455972361,134.626455972361,3723000
2017-01-16,133.35939025878906,134.6264628503215,133.04262211090597,133.99292655455528,4837000
2017-01-17,135.260009765625,135.260009765625,133.3594007291057,133.67616890185892,3230000
2017-01-18,133.992919921875,135.25999245068707,133.676151789672,134.94322431848406,4684000
2017-01-19,134.94322204589844,134.94322204589844,133.9929176652935,134.30968579216182,3823000
2017-01-20,133.992919921875,134.94322431848406,133.676151789672,134.62645618628105,3661000
2017-01-23,135.89353942871094,136.21030758588742,134.626466800005,134.9432349571815,3686000
2017-01-24,135.260009765625,136.21031428388468,134.62647342011857,134.62647342011857,5771000
2017-02-02,129.55819702148438,131.4588062687433,128.6078923978549,129.55819702148438,17460000
2017-02-03,131.1420135498047,132.40908614448878,129.8749409551206,129.8749409551206,7663000
2017-02-06,134.30966186523438,135.5767341469819,130.5084450199919,131.7755173017394,9082000
2017-02-07,138.11090087890625,138.11090087890625,133.04261093839594,134.30968342352352,8804000
2017-02-08,135.260009765625,137.47738697489754,134.9432415928718,135.57677793837823,8490000
2017-02-09,136.21029663085938,136.52706476255904,135.25999223576034,136.21029663085938,4841000
2017-02-10,136.52706909179688,137.7941416587741,136.21030095005256,137.4773735170298,6355000
2017-02-13,137.4773712158203,138.11090748870427,136.52706680649436,137.4773712158203,5549000
2017-02-14,137.4773712158203,137.79413935226228,136.21029867005237,136.21029867005237,4604000
2017-02-15,137.16061401367188,138.11091849875504,136.52707769028308,137.47738217536627,5806000
2017-02-16,137.4773712158203,138.11090748870427,136.84383494293633,138.11090748870427,5237000
2017-02-17,142.54566955566406,143.8127421739366,137.7941472371419,137.7941472371419,15689000
2017-02-20,142.22889709472656,143.81273781961215,141.91212894974944,143.81273781961215,4617000
2017-02-21,142.86245727539062,145.71337105693942,142.54568907744076,142.86245727539062,6929000
2017-02-22,142.86245727539062,144.7630664630898,142.54568907744076,144.44629826513994,4512000
2017-02-23,142.22889709472656,143.49596967463503,141.59536080477233,143.17920152965792,5733000
2017-02-24,141.91213989257812,142.86244440078735,141.27860355377197,142.54567623138428,7611000
2017-03-01,142.54566955566406,144.44627848307292,141.91213324652776,143.17920586480034,7513000
2017-03-02,141.59535217285156,144.12949717818225,140.9618159215189,143.81272905251592,7700000
2017-03-03,139.06121826171875,141.5953634692216,138.42768195984303,141.27859531828375,7710000
2017-03-06,138.11090087890625,138.74443712147004,136.84382839377867,138.11090087890625,5254000
2017-03-07,138.11090087890625,138.11090087890625,136.84382839377867,136.84382839377867,4281000
2017-03-08,140.64505004882812,141.91212257179055,138.1109050029033,138.1109050029033,8795000
2017-03-09,138.11090087890625,140.64504584916142,138.11090087890625,140.64504584916142,4509000
2017-03-10,140.64505004882812,141.27858631030932,136.8438324799409,138.7444412643845,5633000
2017-03-13,140.9618377685547,142.54567864235867,139.6947650695115,142.54567864235867,5828000
2017-03-14,141.27859497070312,141.91213127102017,140.011522370069,141.27859497070312,5670000
2017-03-15,140.32827758789062,141.27858195078832,139.37797322499296,141.27858195078832,4497000
2017-03-16,142.22889709472656,143.17920152965792,140.9618245148181,141.2785926597952,5465000
2017-03-17,142.86245727539062,143.1792254733405,141.91215268154102,142.54568907744076,5994000
2017-03-20,143.17918395996094,143.17918395996094,141.9121115355365,142.54564774774872,4087000
2017-03-21,145.71336364746094,146.66366819298784,143.49598637456478,143.8127545564071,11710000
2017-03-22,144.12950134277344,144.44626947759272,142.54566066867702,143.81273320795415,4936000
2017-03-23,141.91213989257812,144.12951707839966,141.59537172317505,143.4959807395935,5857000
2017-03-24,141.27859497070312,141.59536312086163,140.64505867038605,140.64505867038605,3290000
2017-03-27,141.91213989257812,142.54567623138428,140.01153087615967,140.64506721496582,3507000
2017-03-28,141.27859497070312,142.54566757133722,140.011522370069,142.54566757133722,3138000
2017-03-29,138.74444580078125,140.96182278846499,138.1109095185859,140.6450546473673,7769000
2017-03-30,138.4276885986328,139.69476126315118,138.1109204325032,138.4276885986328,3256000
2017-03-31,136.21029663085938,138.42767355275708,135.8935284991597,137.79413728935774,7071000
2017-04-05,139.3779754638672,139.3779754638672,135.57675795121625,135.57675795121625,6211000
2017-04-06,137.4773712158203,139.06121189803022,136.84383494293633,138.74444376158823,4412000
2017-04-07,137.16061401367188,138.42768666044944,136.21030952858868,137.47738217536627,3697000
2017-04-10,137.4773712158203,138.74444376158823,136.84383494293633,137.16060307937832,3905000
2017-04-11,134.30966186523438,137.4773425696031,134.30966186523438,137.4773425696031,4660000
2017-04-12,135.5767364501953,136.84380875346818,134.30966414692247,134.30966414692247,4489000
2017-04-13,134.94322204589844,136.52706268023996,134.94322204589844,135.25999017276675,3610000
2017-04-14,134.30966186523438,135.89350221741876,134.30966186523438,135.5767341469819,2310000
2017-04-17,133.67613220214844,135.25997263108385,133.04259603057426,134.3096683737226,2315000
2017-04-18,134.62646484375,135.26000114889706,133.35939223345588,135.26000114889706,3701000
2017-04-19,135.5767364501953,137.79411298092282,134.30966414692247,134.62643222274068,5889000
2017-04-20,136.21029663085938,137.16060102595839,134.94322410406068,135.57676036746003,3633000
2017-04-21,136.21029663085938,137.47736915765805,135.57676036746003,137.16060102595839,2407000
2017-04-24,136.21029663085938,136.8438328942587,135.57676036746003,136.52706476255904,1672000
2017-04-25,136.21029663085938,136.52706476255904,135.57676036746003,136.52706476255904,4827000
2017-04-26,135.260009765625,136.21031428388468,134.30970524736534,136.21031428388468,5084000
2017-04-27,137.4773712158203,137.79413935226228,135.5767623971684,135.5767623971684,3602000
2017-04-28,137.4773712158203,138.11090748870427,136.52706680649436,137.16060307937832,3397000
2017-05-02,140.32827758789062,141.9121181927201,135.89352389436812,135.89352389436812,11417000
2017-05-03,138.4276885986328,140.01152942928078,137.47738410024402,139.3779930970216,4582000
2017-05-04,138.11090087890625,138.74443712147004,137.16059651506058,138.11090087890625,2374000
2017-05-05,136.84384155273438,137.7941460079617,136.84384155273438,137.47737785621925,1229000
2017-05-08,134.62646484375,136.8438419117647,134.30969669117647,136.8438419117647,4760000
2017-05-09,131.77554321289062,134.6264564074003,131.77554321289062,133.6761520092304,5119000
2017-05-10,132.40907287597656,133.67614534368926,130.50846417440752,133.0426091098329,4413000
2017-05-11,135.260009765625,135.89354611113146,132.0923280380928,132.0923280380928,6470000
2017-05-12,135.89353942871094,135.89353942871094,133.99293048565204,135.26000311435797,4692000
2017-05-15,135.89353942871094,136.21030758588742,134.9432349571815,135.57677127153445,3073000
2017-05-16,133.992919921875,136.84383311170214,133.992919921875,135.89352871509308,5407000
2017-05-17,134.94322204589844,135.25999017276675,133.9929176652935,134.30968579216182,3570000
2017-05-18,134.94322204589844,135.25999017276675,133.0426132846886,133.3593814115569,4654000
2017-05-19,134.62646484375,134.94323299632353,134.30969669117647,134.94323299632353,1824000
2017-05-22,132.40907287597656,134.3096815775456,132.09230475904837,134.3096815775456,4181000
2017-05-23,131.77554321289062,132.40907947833722,131.77554321289062,131.77554321289062,4239000
2017-05-24,137.16061401367188,138.42768666044944,134.30970055842235,135.26000504350552,15510000
2017-05-25,144.76304626464844,146.0301188796563,140.01152395836894,142.2289010346327,23568000
2017-05-26,145.39659118652344,146.3468957040824,144.1295184964448,145.39659118652344,12758000
2017-05-31,145.71336364746094,146.98043637483016,145.07982728377632,145.71336364746094,11672000
2017-06-01,144.44627380371094,146.34688266954922,144.12950565940454,145.71334638093646,5294000
2017-06-02,148.24749755859375,149.51457018729968,145.3965841440054,145.71335230118189,11260000
2017-06-05,153.9493408203125,154.2661090113008,150.78165891042954,151.09842710141783,12226000
2017-06-06,155.21640014648438,155.84993647361287,152.04871851084184,155.84993647361287,9704000
2017-06-07,159.65115356445312,160.2846898881216,153.94932665143693,155.5331674606081,17411000
2017-06-08,160.918212890625,163.45235797551675,156.80022712767595,158.0672996701218,16218000
2017-06-09,158.70083618164062,161.55174940646052,158.70083618164062,159.65114058991392,9941000
2017-06-12,157.4337615966797,159.3343703885913,155.84992093675334,156.80022533270915,6066000
2017-06-13,156.48345947265625,159.6511408384995,156.16669133607192,157.43376388240924,5346000
2017-06-14,158.38406372070312,159.01759997558594,155.53315057373047,157.4337593383789,6611000
2017-06-15,159.01760864257812,159.65114493199079,157.43376791904646,158.06730420845912,5915000
2017-06-16,160.28468322753906,160.28468322753906,156.48346544348675,157.75053803817084,7998000
2017-06-19,161.86851501464844,163.45235567036906,160.28467435892782,160.28467435892782,5502000
2017-06-20,163.13558959960938,163.13558959960938,161.55174892388501,162.50205332931964,5509000
2017-06-21,170.738037109375,172.95541421469156,164.71944210923007,164.71944210923007,21193000
2017-06-22,171.68833923339844,173.58894815480136,169.7877303119955,172.32187554053274,9182000
2017-06-23,168.20387268066406,172.32185826418313,168.20387268066406,170.73801765513736,6092000
2017-06-26,170.738037109375,171.37157342517975,167.25358737244898,167.57035553035135,7799000
2017-06-27,171.05477905273438,172.95538770887586,169.78770661530672,171.05477905273438,5658000
2017-06-28,167.25357055664062,169.78771556507456,166.62003430453214,169.15417931296608,6603000
2017-06-29,169.47096252441406,170.42126698716777,168.2038899074091,169.1541943701628,5434000
2017-06-30,165.0362091064453,166.93681804049265,164.0859046394216,166.6200498848181,10253000
2017-07-03,169.47096252441406,171.3715714499215,166.6200491361529,166.6200491361529,9996000
2017-07-04,166.9368133544922,170.10449482231937,166.9368133544922,168.8374222351885,5134000
2017-07-05,167.88711547851562,168.8374199057525,165.66973848162957,166.93681105127874,9453000
2017-07-06,165.2740936279297,168.86700870679772,165.2740936279297,168.54038006326428,9471000
2017-07-07,163.31430053710938,164.29418634033203,162.33441473388672,163.9675577392578,4608000
2017-07-10,161.3545379638672,164.9474527768278,160.7012807251471,164.2941955381077,5385000
2017-07-11,165.92733764648438,166.90722349872738,162.0077942375123,162.98768008975532,6013000
2017-07-12,166.25396728515625,167.5604817628392,164.9474528074733,165.9273386657355,5388000
2017-07-13,164.620849609375,167.23387896825398,164.620849609375,166.58062162853423,3417000
2017-07-14,166.25396728515625,166.58059590457697,164.9474528074733,165.9273386657355,2618000
2017-07-17,166.25396728515625,167.23385314341846,164.9474528074733,167.23385314341846,2962000
2017-07-18,163.96755981445312,166.25396005090965,162.33441678841277,166.25396005090965,4379000
2017-07-19,170.50013732910156,171.80665179139353,164.6208222487877,164.6208222487877,13654000
2017-07-20,169.19361877441406,171.80664763579497,168.54036155906886,170.50013320510453,5329000
2017-07-21,166.9072265625,169.84688417318984,166.9072265625,169.19362692636986,3599000
2017-07-24,165.60073852539062,166.2539958765756,162.66108044505825,165.27410984979812,5577000
2017-07-25,167.23385620117188,167.8871134519577,163.96756994724274,165.6007130742073,7255000
2017-07-26,169.19361877441406,172.4599048511402,168.54036155906886,169.19361877441406,13047000
2017-07-27,171.806640625,173.43978359672053,167.8870974928707,169.19361187024714,11908000
2017-07-28,174.0930633544922,176.3794638113054,170.50014835092855,171.80666289767896,13178000
2017-07-31,173.76641845703125,177.03270451825364,170.50013239580886,173.43978985090902,9531000
2017-08-01,191.07774353027344,191.07774353027344,179.64574178059897,181.6055135091146,27522000
2017-08-02,195.97715759277344,197.93692916870117,194.34401461283366,195.97715759277344,25444000
2017-08-03,190.09786987304688,194.34404222416305,190.09786987304688,193.36415629698237,8943000
2017-08-04,189.44461059570312,192.3842683463261,188.1380960398707,190.75112515153558,6986000
2017-08-07,188.79132080078125,190.75109229698313,187.1581778872797,189.44457796618187,11135000
2017-08-08,187.4848175048828,188.79133191258236,182.91201707793445,187.15818890295793,12713000
2017-08-09,185.52503967285156,187.1581826277182,184.21852530895822,184.21852530895822,5732000
2017-08-10,182.9120635986328,188.13812255859375,182.2588062286377,185.52509307861328,6899000
2017-08-11,186.83157348632812,187.15820211130423,180.29900098680616,182.58540136163884,6111000
2017-08-14,182.9120635986328,186.1783504486084,182.9120635986328,186.1783504486084,4581000
2017-08-15,177.35934448242188,185.52506015840814,177.0327158553824,183.56528839617144,11565000
2017-08-16,178.3392333984375,180.29900519402474,176.37946160285028,178.01260476583963,7302000
2017-08-17,177.68597412109375,179.6457458944882,176.70608823439656,179.3191172655891,5031000
2017-08-18,174.74632263183594,176.0528371935693,172.78655078923592,173.76643671053594,5741000
2017-08-21,177.68597412109375,178.3392313788919,172.45991605870864,173.76643057430493,5997487
2017-08-22,176.7061004638672,179.3191296759022,176.37947181236282,178.0126150698847,4224979
2017-08-23,177.03273010253906,182.25878855575056,176.70610144921335,180.29901663579625,7304257
2017-08-24,178.3392333984375,178.99249066363325,176.37946160285028,176.37946160285028,3828042
2017-08-25,175.7261962890625,178.3392252301638,175.7261962890625,178.01259661252615,5926124
2017-08-28,177.35934448242188,177.68597310946132,175.0729440931457,176.3794586013035,2632943
2017-08-29,174.41970825195312,176.37948025478406,174.41970825195312,176.05285158764556,3518006
2017-08-30,175.39956665039062,177.68596696054468,175.07293803465433,176.70608111333578,3422299
2017-08-31,176.7061004638672,179.97238697891095,176.7061004638672,177.35935776687595,9081408
2017-09-01,177.68597412109375,179.3191172655891,177.0327168632956,179.3191172655891,4452924
2017-09-04,177.03273010253906,177.35935875586478,175.39958683591047,176.70610144921335,2430050
2017-09-05,182.5854034423828,182.5854034423828,177.03271675451072,178.0126026406058,6238464
2017-09-06,177.35934448242188,181.93214526097418,177.0327158553824,181.93214526097418,7551773
2017-09-07,178.01260375976562,181.27889006728427,177.3593464982619,177.3593464982619,5622648
2017-09-08,179.31912231445312,180.29900822873975,177.03272184778433,179.9723795906442,5445804
2017-09-11,182.25880432128906,182.58543300286843,179.6457748686541,180.29903223181284,6872066
2017-09-12,179.9723663330078,184.87179554352528,179.64573771897332,184.21853831545627,6680350
2017-09-13,179.645751953125,181.27889515269885,178.3392373934659,180.95226651278406,4256271
2017-09-14,187.4848175048828,192.38424653375606,178.0125880490612,178.0125880490612,17341006
2017-09-15,190.75111389160156,192.38425698998856,189.44459941289196,192.05762837031116,13364831
2017-09-18,191.07774353027344,197.2836873372396,191.07774353027344,195.65054423014323,7120717
2017-09-19,191.40438842773438,194.34404627048116,190.7511311293462,193.0375316737048,6135117
2017-09-20,189.44461059570312,192.057639707368,184.5451810113315,190.75112515153558,8499483
2017-09-21,191.73097229003906,192.38422943583137,186.17828655080456,186.17828655080456,6051869
2017-09-22,186.83157348632812,192.3842601109218,186.83157348632812,191.7310028609696,4793035
2017-09-25,186.50494384765625,189.44460145646346,183.56528623884907,186.83157247085705,4673144
2017-09-26,184.21853637695312,188.7913369253172,184.21853637695312,186.50493665113518,3600978
2017-09-27,187.8114471435547,189.4445901621943,185.85167552118716,186.1783041249151,6917649
2017-09-28,190.09786987304688,192.05764172740817,188.13809801868555,188.79135530347267,8607612
2017-09-29,185.8516845703125,190.09785662552173,185.8516845703125,189.44459938625877,7326675
2017-10-02,188.13807678222656,191.73099144299826,187.81144817670187,191.40436283747357,4691717
2017-10-03,188.13807678222656,189.11796259880066,186.5049337546031,188.79133399327597,4003475
2017-10-05,186.17832946777344,189.7712445978533,185.85170081958438,189.4446159496642,5068194
2017-10-06,190.09786987304688,192.71089901219528,188.13809801868555,188.79135530347267,10976211
2017-10-11,199.89674377441406,200.22337244071213,193.36417044845282,194.67068511364508,18218715
2017-10-12,198.26358032226562,201.85649528691954,197.93695168911526,201.2032380206188,16332612
2017-10-13,210.3488311767578,210.3488311767578,201.2032298212466,201.85648706092599,25082732
2017-10-16,212.96188354492188,215.57491279087185,207.73582505302196,209.3689683317407,18159999
2017-10-17,209.69558715820312,213.6151308434032,209.3689585177698,212.9618735625365,8698007
2017-10-18,205.4493865966797,210.34881552982785,204.14287221450684,209.69555833874142,8309166
2017-10-19,206.7559356689453,211.3287367737877,206.42930701859942,207.0825643192912,7519592
2017-10-20,204.4695281982422,208.71570050906828,204.46952819824216,206.75592867330238,7447318
2017-10-23,209.36895751953125,210.67547207503534,208.06244296402716,209.69558615840728,6564806
2017-10-24,210.02220153808594,210.6754587745963,205.7760295007685,208.0624298285548,4263073
2017-10-25,214.2683868408203,218.18793050254266,212.9618722869129,214.2683868408203,11984238
2017-10-26,221.12757873535156,221.78083598420045,212.96186312474035,213.61512037358926,9927715
2017-10-27,215.5748748779297,226.0269900235263,215.57487487792972,221.1275610490279,12505057
2017-10-30,218.51458740234375,220.14773080594873,213.28852851080788,218.84121608306475,7630413
2017-10-31,223.74063110351562,228.6400609816948,217.53468659115535,219.494458542427,14831751
2017-11-01,220.80096435546875,228.96668049287513,220.80096435546875,228.96668049287513,13411322
2017-11-02,219.4944305419922,224.72048841203963,219.4944305419922,220.4743163926261,6780834
2017-11-03,218.84115600585938,223.08732768955514,216.88138445953822,220.8009275521805,8807838
2017-11-06,214.2683868408203,217.20804458711206,211.00210045605172,216.55478731015833,13130766
2017-11-07,220.4743194580078,221.12757670084636,215.57489013671875,215.57489013671875,7730251
2017-11-08,219.8210906982422,221.45423401695126,216.88143272456585,220.147719361984,4448375
2017-11-09,216.22811889648438,222.76069046435398,214.26834742612348,219.82103325881266,5387287
2017-11-10,212.96188354492188,212.96188354492188,200.8766232824033,211.00211161045942,15697597
2017-11-13,207.40916442871094,211.9819649043046,207.40916442871094,211.3287076935055,6588631
2017-11-14,212.96188354492188,217.20805606959058,210.34885429897193,212.96188354492188,8063450
2017-11-15,210.3488311767578,212.30860289579593,208.3890594577197,211.0020884164372,5776318
2017-11-16,209.36895751953125,212.30861526941547,208.7157002417792,210.3488434361593,4947048
2017-11-17,215.2482452392578,215.574873835979,212.30858786876718,213.6151022556519,6854773
2017-11-20,209.0423126220703,218.1879137992859,208.38905539512635,218.1879137992859,6000173
2017-11-21,210.3488311767578,211.32871703627688,206.42928773868158,209.36894531723877,6266273
2017-11-22,213.61514282226562,216.88142940976206,210.67548489351887,211.65537086976778,7402234
2017-11-23,213.61514282226562,217.86131538601097,213.288514163516,216.5548007510124,4104085
2017-11-24,212.96188354492188,215.57491279087185,211.65536892194692,215.57491279087185,3238485
2017-11-27,215.90150451660156,216.2281331164754,211.98196131811562,214.26836151723242,3919596
2017-11-28,216.22811889648438,220.14766183720613,214.59497600451695,220.14766183720613,7460233
2017-11-29,218.51458740234375,219.82110212522772,216.8814439987388,218.51458740234375,4474461
2017-11-30,212.96188354492188,219.82108531554053,208.0624537087657,219.49445665979678,9772780
2017-12-01,205.77609252929688,214.92169664171007,203.81632021949406,213.28855305020772,7919572
2017-12-04,209.0423126220703,209.36894123554228,205.77602648735046,205.77602648735046,4552823
2017-12-05,207.73582458496094,209.04233920499212,205.7760526549141,207.73582458496094,2998874
2017-12-06,187.15823364257812,207.7358404828616,187.15823364257812,207.7358404828616,17346883
2017-12-07,187.8114471435547,191.40436178456181,185.85167552118716,188.79133295473844,11079895
2017-12-08,193.36416625976562,194.34405223743335,187.8114790529818,190.09787966753984,7051528
2017-12-11,195.6505584716797,196.95707305245884,193.36415795531616,194.3440438909005,3470565
2017-12-12,193.36416625976562,195.97719553354622,190.09787966753984,195.65056687432366,3935176
2017-12-13,190.09786987304688,195.3239281513437,190.09786987304688,194.67067086655658,4712816
2017-12-14,189.11798095703125,193.03752460380912,188.79135231979978,190.4244955059572,4395536
2017-12-15,186.17832946777344,188.79135865328607,180.29901380037006,187.81147270871884,12426779
2017-12-18,187.8114471435547,188.79133295473844,182.91201808763586,186.1783041249151,5170946
2017-12-19,192.05760192871094,192.05760192871094,187.81143045749792,188.791316181624,5989588
2017-12-20,191.07774353027344,192.05762939453126,188.13808593750002,192.05762939453126,2430748
2017-12-21,189.44461059570312,193.36415426320045,189.44461059570312,191.40438242945177,2601721
2017-12-22,189.771240234375,191.73101207844772,188.79135431233863,191.07775479709014,2119223
2017-12-25,187.4848175048828,190.42447492220677,186.83156030103305,190.0978463202819,1436728
2017-12-26,182.9120635986328,188.13812255859375,180.95229148864746,187.8114938735962,5960186
2017-12-27,184.87181091308594,185.19843955427513,180.62563857762638,182.91203906595075,4375518
2017-12-28,186.83157348632812,187.81145936125642,183.56528723656714,183.56528723656714,4585851
2017-12-29,192.05760192871094,192.05760192871094,187.48480188278924,188.4646876069153,5105493
2018-01-02,190.42454528808594,191.73106017857026,188.7914016749806,191.40443145594918,2537800
2018-01-03,196.30380249023438,197.61031698268187,192.7108876360038,192.7108876360038,8196202
2018-01-04,200.5500030517578,200.5500030517578,194.67068700138054,196.63045901817296,6783498
2018-01-05,195.97715759277344,202.50972951253254,194.0173860168457,202.50972951253254,4965501
2018-01-08,194.67062377929688,199.8966807935062,193.36410952574454,198.59016653995386,4142031
2018-01-09,198.59022521972656,198.59022521972656,193.36416666131268,194.01742398111443,5147465
2018-01-10,202.1831512451172,203.1630372769998,197.283721085704,198.91686447217506,6727283
2018-01-11,199.89674377441406,202.1831444385005,197.61034311032762,202.1831444385005,3775458
2018-01-12,202.1831512451172,203.48966595429403,200.55000785864613,201.85652256782296,4794414
2018-01-15,204.4695281982422,204.46952819824216,201.5298704445933,203.81627091965353,4350414
2018-01-16,203.8162841796875,205.122798821865,201.8565122164213,203.16302685859876,3804847
2018-01-17,200.2233428955078,201.20322874980883,198.26357118690578,201.20322874980883,5779149
2018-01-18,208.71568298339844,210.02219743086883,200.54996768670836,201.52985352231116,8785766
2018-01-19,208.38906860351562,209.69558314021478,205.12278226176772,209.69558314021478,7447305
2018-01-22,208.38906860351562,208.38906860351562,203.81626772506857,207.08255406681647,5523851
2018-01-23,207.73582458496094,211.32873979004674,207.08256727494532,208.06245323996873,10049361
2018-01-24,200.87660217285156,206.42928873697917,200.87660217285156,205.77603149414062,7768626
2018-01-25,199.57005310058594,207.08251009127903,199.57005310058594,201.20319592464966,8777131
2018-01-26,201.20326232910156,201.52989100171374,196.3038322399189,196.3038322399189,7022277
2018-01-29,201.20326232910156,205.1228064004477,200.55000498387722,205.1228064004477,4417172
2018-01-30,195.3239288330078,199.57010119894278,194.99730018947434,199.57010119894278,6738505
2018-01-31,195.3239288330078,198.5902152683424,192.71089968474016,192.71089968474016,7733732
2018-02-01,200.5500030517578,203.16303240748104,200.2233743822924,202.50977506855023,13138201
2018-02-02,198.91680908203125,200.22332342739762,196.95703756398166,198.59018049568965,5242656
2018-02-05,195.3239288330078,196.63044340714166,192.71089968474016,192.71089968474016,5583969
2018-02-06,187.15823364257812,190.75114912262762,182.25880344251064,189.44463440260964,11116800
2018-02-07,185.8516845703125,192.71088558257358,185.8516845703125,191.07774248441618,7676256
2018-02-08,186.83157348632812,188.46471661120862,184.87180173647153,186.17831623637593,4649916
2018-02-09,184.87181091308594,186.83158276022112,176.37946624216679,178.01260944811278,8477304
2018-02-12,186.17832946777344,188.79135865328607,184.87181487501715,187.15821541234067,5525043
2018-02-21,198.91680908203125,198.91680908203125,190.75109442349137,191.73098018251616,11124413
2018-02-22,197.28366088867188,199.89668950971387,194.99726084526012,195.97714657815087,6376415
2018-02-23,196.30380249023438,197.28368835957,195.65054524401063,195.9771738671225,6134549
2018-02-26,193.69076538085938,198.91682313143903,193.69076538085938,198.91682313143903,3613576
2018-02-27,196.6304168701172,200.54996006354145,196.6304168701172,197.28367406902123,7542774
2018-03-01,195.6505584716797,197.6103303428484,192.38427201973178,196.63044440726406,9324203
2018-03-02,197.61032104492188,200.5499787133587,193.36414885717974,193.36414885717974,11009432
2018-03-05,192.71087646484375,197.93693413168697,192.71087646484375,197.61030552750927,6953028
2018-03-06,196.6304168701172,197.93693126792527,193.69075947504896,195.3239024723091,7629162
2018-03-07,195.97715759277344,200.87658653259277,194.34401461283366,194.34401461283366,10376719
2018-03-08,202.1831512451172,202.18315124511716,197.6103497629982,198.59023579488084,11617109
2018-03-09,202.83636474609375,204.14287917279967,200.87659310603487,202.1831075327408,6950746
2018-03-12,207.08255004882812,210.67546495503805,203.48963514261817,203.81626377045544,12539320
2018-03-13,208.38906860351562,209.36895450603998,207.08255406681647,207.08255406681647,10215713
2018-03-14,204.79615783691406,208.3890728866845,204.79615783691406,208.3890728866845,6017705
2018-03-15,207.73582458496094,209.69559651500774,204.79616668989073,204.79616668989073,8616499
2018-03-16,207.08255004882812,210.67546495503805,207.08255004882812,210.3488363272008,12301493
2018-03-19,218.18789672851562,224.7204684868544,209.36892485475826,210.02218203059212,18084889
2018-03-20,223.74063110351562,224.72051707915145,218.84120122533645,218.84120122533645,16137222
2018-03-21,219.4944305419922,227.33351734706335,218.84117330823625,227.33351734706335,12857200
2018-03-22,219.4944305419922,223.41397394452775,218.84117330823625,221.45420224325997,5677495
2018-03-23,214.2683868408203,218.18793050254266,211.00210045605172,211.65535773300545,6414475
2018-03-26,226.68023681640625,227.0068653997152,214.26835065066643,214.59497923397538,11777725
2018-03-27,223.74063110351562,225.37377439624203,218.1879439082459,224.0672597620609,12445408
2018-03-28,217.53468322753906,223.08737033695073,217.53468322753906,220.8009697624871,6333805
2018-03-29,216.22811889648438,222.76069046435398,216.22811889648438,220.47429041559963,6376204
2018-03-30,222.1074981689453,226.3536709280575,221.12761214761173,221.4542408213896,10060735
2018-04-02,219.8210906982422,224.39389199062762,219.49446203450037,224.39389199062762,3080504
2018-04-03,214.2683868408203,218.18793050254266,213.28850092538974,217.86130186406578,7879106
2018-04-09,213.9417724609375,217.53468772364025,213.94177246093747,216.22817308265743,6830784
2018-04-10,213.61514282226562,216.22817209226278,212.96188550476634,215.57491477476347,4614776
2018-04-11,221.4542236328125,224.06725282022035,215.24827931271895,215.57490796114493,9473560
2018-04-12,216.5548095703125,223.4140116833993,215.901552226209,221.78086832314054,5856142
2018-04-13,219.4944305419922,220.80094500950406,218.18791607448034,218.84117330823625,4800170
2018-04-16,223.4139404296875,226.0269689727248,221.12754045452988,222.10742615816886,7684952
2018-04-17,222.1074981689453,225.37378490672393,219.49446877872242,225.37378490672393,5928455
2018-04-18,236.47918701171875,243.66501866124614,225.37381082608556,225.37381082608556,25903106
2018-04-19,235.49923706054688,244.6448384997914,233.53946532356588,241.70518089431994,16688689
2018-04-20,231.5796661376953,236.4790948994237,229.29326604888874,233.21280905827143,9243973
2018-04-23,228.9666290283203,237.13234333032887,228.9666290283203,232.55954332120407,8170123
2018-04-24,223.0873565673828,231.25307240074235,215.57489800069203,229.94655786740483,10638684
2018-04-25,220.14772033691406,226.02703631030346,218.51457701097257,221.12760633247896,7676548
2018-04-26,211.3287353515625,225.04713857376595,209.695592110824,222.76073803673202,12585799
2018-04-27,221.78085327148438,221.78085327148438,212.63525107472213,220.14771002206254,8263068
2018-04-30,222.1074981689453,222.76075551650104,213.61515265072094,214.26840999827667,10315708
2018-05-02,216.22811889648438,224.0672047779279,215.5748617396974,223.08731904274745,8872980
2018-05-03,209.0423126220703,214.92162766456605,203.81625480651854,214.26837043762205,12988126
2018-05-04,212.63522338867188,214.26836642545123,205.7760226341986,205.7760226341986,5703448
2018-05-07,208.06240844726562,217.208008818574,207.08252269319686,216.8813802338844,7252344
2018-05-08,212.30860900878906,212.96186626727766,208.38906545785758,208.38906545785758,5086816
2018-05-09,214.2683868408203,215.9015300332046,210.67547181757485,212.63524364843602,4851243
2018-05-10,215.2482452392578,216.55475962614253,212.96184506220953,214.26835944909425,4467038
2018-05-11,208.71568298339844,215.9015124444857,207.0825399240604,215.24825522075048,8255872
2018-05-14,209.0423126220703,212.96185598373413,207.73579816818236,212.30859875679016,5333227
2018-05-15,208.38906860351562,211.65535494526353,208.06243996934083,211.65535494526353,3385594
2018-05-16,208.38906860351562,210.34884040856437,205.77603953011732,209.04232587186522,3594624
2018-05-17,202.509765625,208.0624527469758,200.54999369959677,208.0624527469758,8766504
2018-05-18,204.4695281982422,205.77604275541944,200.54998452671038,203.48964228035922,5357335
2018-05-21,205.1227569580078,207.08252852130087,204.79612836412562,206.10264273965433,3005338
2018-05-22,209.36895751953125,210.3488434361593,204.46952793639088,205.77604249189497,6695276
2018-05-23,209.0423126220703,211.0020843029022,207.4091695547104,211.0020843029022,6434676
2018-05-24,210.3488311767578,211.0020884164372,207.73580221804033,211.0020884164372,3680555
2018-05-25,211.65533447265625,213.28847748556254,208.38904844684365,210.3488200623312,4871678
2018-05-28,208.06240844726562,212.63520863291978,208.0624084472656,211.65532287885105,3884905
2018-05-29,205.77609252929688,208.71575099400113,205.77609252929688,208.38912227570066,2389488
2018-05-30,202.509765625,204.79616620463707,202.50976562499997,204.14290889616933,4860062
2018-05-31,203.48965454101562,204.46954051793867,201.52988258716957,204.46954051793867,9847970
2018-06-01,208.38906860351562,208.38906860351562,204.46952499341816,204.79615362759293,3291068
2018-06-04,215.2482452392578,215.90150243270017,208.71567330483418,208.71567330483418,8387494
2018-06-05,212.30860900878906,215.90152393047626,211.98198037954478,215.90152393047626,3675678
2018-06-06,216.22811889648438,218.18789036684527,213.61509026933652,215.24823316130392,5458800
2018-06-07,216.22811889648438,216.88137605327134,214.26834742612348,216.22811889648438,3642395
2018-06-08,215.5748748779297,215.57487487792972,213.28847468983045,214.9216176813299,3650689
2018-06-11,217.20806884765625,218.51458354749178,215.90155414782075,216.22818282277962,3276621
2018-06-12,211.65533447265625,215.9015063062126,211.00207726749372,214.92162049846885,3746024
2018-06-13,209.36895751953125,212.9618725471675,209.36895751953125,210.67547207503534,3460873
2018-06-14,205.77609252929688,210.67552330380394,205.77609252929688,209.0423797123016,3719428
2018-06-15,205.77609252929688,208.0624935574002,204.14294893779453,206.4293499658978,5146049
2018-06-19,203.8162841796875,207.73582810621997,203.16302685859876,203.48965551914313,4618793
2018-06-20,202.509765625,204.4695375504032,201.85650831653223,203.81628024193546,5514714
2018-06-21,203.8162841796875,204.79617016132062,202.83639819805438,203.8162841796875,3846807
2018-06-22,202.83636474609375,203.16299335277023,201.20322171271135,202.50973613941727,3055482
2018-06-25,202.509765625,203.16302293346772,200.54999369959677,200.54999369959677,2755202
2018-06-26,193.69076538085938,199.5700803502615,191.40436511498075,199.24345174085028,10955073
2018-06-27,193.69076538085938,197.2836800843829,193.36413677144813,194.0173939902706,6254777
2018-06-28,194.0174102783203,195.32392482564907,190.75112390999843,192.71089573099155,4398790
2018-06-29,195.97715759277344,197.28367197672526,194.99727180480957,194.99727180480957,4915252
2018-07-02,199.24346923828125,204.1428988097144,196.6304401335169,196.6304401335169,5731591
2018-07-03,198.91680908203125,201.85646635910558,197.93692332300645,199.24343766837282,3859712
2018-07-04,194.67062377929688,200.22330935689428,194.0173666525207,198.26353797656577,3724168
2018-07-05,183.89190673828125,192.71087917510823,183.2386495207385,192.71087917510823,9890612
2018-07-06,186.17832946777344,188.1381013569079,184.21855757863898,184.21855757863898,9758208
2018-07-09,184.4857940673828,189.2248786856275,183.4702759349018,188.2093605531465,6556647
2018-07-10,189.56338500976562,189.56338500976562,185.5013124738421,185.83981851850237,4572871
2018-07-11,186.8553466796875,188.5478769938151,185.16281636555988,187.53235880533853,3684846
2018-07-12,191.59442138671875,192.94844556613018,186.8553367587787,186.8553367587787,4540240
2018-07-13,192.9484405517578,193.62545262386922,190.2403922633121,190.5788982993678,3278038
2018-07-16,191.2559051513672,193.9639533658998,191.2559051513672,192.94843528545007,1847940
2018-07-17,193.28692626953125,194.6409502714194,191.59439626717108,191.59439626717108,3209658
2018-07-18,190.2404022216797,195.31799302830814,190.2404022216797,194.30247486698244,4952897
2018-07-19,192.27139282226562,192.60989879554427,190.57886295587247,191.932886848987,2521955
2018-07-20,189.56338500976562,192.271433367048,189.56338500976562,190.91740918840682,3062839
2018-07-23,183.80877685546875,188.5478613416134,183.47027082074413,188.5478613416134,10295269
2018-07-24,172.63809204101562,182.79327392578125,171.96107991536456,182.79327392578125,18761099
2018-07-25,177.71566772460938,178.73118582589285,171.96106515066964,172.63807721819197,7951621
2018-07-26,178.05418395996094,178.05418395996094,175.3461355347144,175.3461355347144,6681232
2018-07-27,181.10073852539062,183.80878695193852,178.05418404552424,178.05418404552424,7011218
2018-07-30,176.02313232421875,179.40819256122296,175.00761425311748,178.3926744901217,6547869
2018-07-31,171.96107482910156,173.99211114598072,169.25302640659604,173.31509904035434,11840789
2018-08-01,186.17832946777344,187.87085973566226,179.40820839621801,179.40820839621801,15825338
2018-08-02,182.11624145507812,187.53233785522914,182.11624145507812,186.85532580521027,9247991
2018-08-03,185.5012969970703,185.5012969970703,183.47026089856226,184.14727293139828,4041440
2018-08-06,184.82427978515625,185.5012917990213,182.7932437435611,185.16278579208875,2324777
2018-08-07,186.51683044433594,188.20936066615388,183.80878208942727,184.82430022251802,5155603
2018-08-08,187.87083435058594,188.2093403584248,186.17830431139146,187.53232834274704,4605097
2018-08-09,186.17832946777344,187.19384762850675,184.1472931463068,186.85534157492896,3245805
2018-08-10,185.8397979736328,187.1938220025846,184.48577394468103,184.48577394468103,1925377
2018-08-13,178.39266967773438,181.77772982342194,174.66910351747808,179.40818772144067,5137482
2018-08-14,179.40817260742188,180.76219655162882,178.39265464926666,178.39265464926666,2505500
2018-08-15,176.02313232421875,178.7311805138221,176.02313232421875,178.3926744901217,2342251
2018-08-16,167.56048583984375,171.28405219184026,166.5449677438447,169.25301599984215,12296116
2018-08-17,167.22198486328125,170.94555132784822,166.54497277881453,169.59152715891477,7505316
2018-08-20,167.22198486328125,168.91451507444805,165.19094860988108,168.91451507444805,5106423
2018-08-21,166.20648193359375,167.22200015314726,165.86797586040925,166.54498800677825,3879372
2018-08-22,167.56048583984375,168.91450996784246,165.19094361584595,167.22197980784406,6912322
2018-08-23,171.28404235839844,171.28404235839844,167.8989822327384,167.8989822327384,5146562
2018-08-24,169.25302124023438,171.28405749511717,167.22198498535155,171.28405749511717,2873118
2018-08-27,167.56048583984375,168.57600393584278,166.206461711845,168.23749790384312,3028194
2018-08-28,170.60704040527344,173.3150886656746,167.56048611232214,167.56048611232214,10553025
2018-08-29,173.31509399414062,173.65360003709793,171.2840577363968,172.2995758652687,5288321
2018-08-30,173.31509399414062,175.00762420892715,172.638081908226,173.99210608005524,4274480
2018-08-31,170.26852416992188,172.6380662557856,168.2374880963244,172.6380662557856,5802520
2018-09-03,168.9145050048828,171.28404715925993,168.57599898282893,170.94554113720605,2545530
2018-09-04,171.62254333496094,172.6380613428601,169.25300131652952,169.25300131652952,4155461
2018-09-05,171.96107482910156,173.31509904035434,170.6070506178488,171.62256877628838,3409310
2018-09-06,172.63809204101562,173.9921162923177,169.2530314127604,170.945561726888,3895939
2018-09-07,167.8990020751953,172.29958075861776,166.2064718123405,171.2840626009049,6183361
2018-09-10,164.1754150390625,169.93001721568945,161.12886094555412,168.57599317413016,6448148
2018-09-11,165.19094848632812,167.22198473820922,163.15991223444703,166.54497265424885,4864726
2018-09-12,165.19094848632812,166.88347869622902,163.8369243184074,166.88347869622902,3333026
2018-09-13,163.8369140625,166.20645620803202,163.8369140625,166.20645620803202,3132346
2018-09-14,166.20648193359375,166.88349407996276,164.5139515676712,165.52946978722474,3522752
2018-09-17,164.8524169921875,165.86793496133856,163.83689902303644,165.19092298190452,1585951
2018-09-18,165.52943420410156,166.8834582057711,164.5139162028494,164.5139162028494,3103033
2018-09-19,165.86793518066406,168.2374771118164,164.51391122000558,166.8834531511579,3740889
2018-09-20,161.12889099121094,165.8679760203642,160.79038491769998,164.85245779983137,5312721
2018-09-21,164.51393127441406,165.19094333727173,162.8214011172699,163.49841318012756,4163227
2018-09-25,164.8524169921875,165.19092298190452,163.15988704360242,163.15988704360242,2246605
2018-09-26,163.49839782714844,165.86793982464334,163.15989182750633,165.52943382500123,3087089
2018-09-27,163.49839782714844,163.83690382679058,161.8058678289378,163.15989182750633,2935735
2018-09-28,166.88348388671875,166.88348388671875,164.51394151915886,165.52945967668452,5847255
2018-10-01,169.25302124023438,170.60704541015625,168.23750311279295,168.23750311279295,4200741
2018-10-02,165.86793518066406,169.9300070626395,164.51391122000558,169.25299508231026,5612236
2018-10-03,166.5449676513672,166.88347368317892,163.15990733324998,166.20646161955548,2859111
2018-10-04,163.8369140625,167.89898631198346,163.8369140625,167.89898631198346,4069030
2018-10-05,158.75930786132812,163.15988569117303,157.40528391368352,162.48287371735074,9232507
2018-10-08,158.0823211669922,159.43634533116344,157.40530908490658,158.75933324907783,5331698
2018-10-09,154.697265625,158.7593382453501,154.697265625,158.42083219365426,4308219
2018-10-11,142.51101684570312,142.51101684570312,140.14147499791233,140.47998097616815,15727317
2018-10-12,148.94265747070312,149.61966955011542,142.17253667658025,142.17253667658025,7413236
2018-10-15,149.61964416503906,153.34320997005136,146.23458434230062,147.92711425366986,7201028
2018-10-16,150.2966766357422,153.68173692033096,150.2966766357422,150.63518266420107,3697987
2018-10-17,151.98919677734375,153.34322080208622,151.65069077115814,152.666208789715,3131048
2018-10-18,152.32772827148438,153.68175252278644,151.65071614583331,152.32772827148438,2586243
2018-10-19,150.6351776123047,150.6351776123047,147.92712947545428,149.9581655780921,3881788
2018-10-22,149.9581756591797,151.65070585849324,148.94265753959158,149.28116357945427,2304109
2018-10-23,144.8805694580078,150.29666551251276,144.8805694580078,148.94264149888653,3750442
2018-10-24,144.8805694580078,146.23459347163404,139.46447340350284,143.52654544438155,5893975
2018-10-25,142.1725616455078,143.5265860421317,139.46451285226004,140.48003114972795,6389358
2018-10-26,136.75643920898438,144.54207807484238,135.74092109604635,143.52655996190438,8450095
2018-10-29,140.81851196289062,140.81851196289062,135.06390931056094,139.46448780940128,7011609
2018-10-30,140.1414794921875,143.52653938330312,139.46446751396437,141.49550344863374,3914023
2018-10-31,154.02024841308594,154.02024841308594,142.84954907763134,143.526561158568,10063937
2018-11-01,151.31219482421875,155.03576113980355,147.92713453732347,153.68173702504544,9439080
2018-11-02,154.02024841308594,156.05128465589584,151.989212170276,153.34323633214927,7303536
2018-11-05,155.71278381347656,155.71278381347656,151.65071119225541,152.66622934756072,4228811
2018-11-06,155.71278381347656,161.1288806417714,153.34324145109755,158.08232617585554,5864560
2018-11-07,159.09783935546875,159.77485143783244,155.71277894365028,155.71277894365028,3622354
2018-11-08,159.09783935546875,162.48289976728722,157.74381519074134,161.80588768492353,3624731
2018-11-09,154.697265625,158.7593382453501,153.34324141821665,158.7593382453501,4578760
2018-11-12,158.75930786132812,159.4363198351504,153.6817180576609,154.3587300314832,4708588
2018-11-13,156.38978576660156,158.4208219453886,153.343231498421,154.0202435580167,4335995
2018-11-14,155.71278381347656,157.7438201240871,155.0357717099397,156.3897959170134,2604260
2018-11-15,156.72830200195312,159.09784436483363,155.37427779459284,156.72830200195312,2904993
2018-11-16,148.94265747070312,154.3587541060014,148.94265747070312,152.32771786776456,8579017
2018-11-19,151.31219482421875,152.32771291028732,148.94265262339206,150.29667673815015,3132386
2018-11-20,152.32772827148438,152.66623433430988,149.2811737060547,150.63519795735675,3009250
2018-11-21,150.9736785888672,151.9891966062811,148.9426425540394,150.9736785888672,3603281
2018-11-22,150.6351776123047,152.32770769783622,150.2966715951984,151.3121896465173,2248076
2018-11-23,150.2966766357422,151.6507007495777,150.2966766357422,151.6507007495777,1497480
2018-11-26,154.35873413085938,156.0512641103644,150.9736741718493,151.6506861636513,3783404
2018-11-27,157.06678771972656,157.06678771972656,152.32770360749345,154.35873965559335,3213824
2018-11-28,160.11334228515625,160.11334228515625,156.38977618550143,157.0667882036205,3988176
2018-11-29,156.72830200195312,163.49842303875457,156.72830200195312,162.48290488323434,4820111
2018-11-30,160.79034423828125,161.12885022615131,156.3897663959704,157.74379034745067,6659593
2018-12-03,166.20648193359375,167.22200015314726,164.1754454944867,164.5139515676712,7403178
2018-12-04,170.60704040527344,170.9455464378236,165.8679559495714,167.89899214487227,9478331
2018-12-05,165.52943420410156,167.2219642061885,165.19092820368417,166.8834582057711,4806496
2018-12-06,155.37425231933594,162.1443722461044,155.0357463229975,161.80586624976598,8273167
2018-12-07,158.0823211669922,160.11335741324905,157.40530908490658,158.0823211669922,4605911
2018-12-10,155.03578186035156,158.42084259966055,154.35876971248976,155.37428793428245,3089071
2018-12-11,154.35873413085938,155.3742521185624,153.00471014725534,153.68172213905734,2707930
2018-12-12,157.74380493164062,159.09782900830706,155.71276881664096,156.7282868741408,2520059
2018-12-13,160.79034423828125,161.12885022615131,158.08229633532073,158.08229633532073,2655290
2018-12-14,159.7748565673828,162.48290498377915,157.74382025508558,161.80589287968007,3424139
2018-12-17,159.09783935546875,161.80588768492353,158.42082727310506,161.80588768492353,2126768
2018-12-18,158.75930786132812,160.1133318089727,158.0822958875058,158.42080187441695,2176231
2018-12-19,159.7748565673828,159.7748565673828,157.40531420303603,157.40531420303603,2708347
2018-12-20,152.32772827148438,156.38980102539062,151.3122100830078,155.37428283691406,9002120
2018-12-21,151.31219482421875,153.0047249676664,149.95817070946063,151.65070085290827,4508734
2018-12-24,152.32772827148438,152.66623433430988,150.63519795735675,151.3122100830078,1674367
2018-12-25,149.61964416503906,150.29665612958675,148.2656202359437,149.61964416503906,1528188
2018-12-26,148.94265747070312,151.31219974864612,148.94265747070312,150.29668162952768,897303
2018-12-27,152.32772827148438,153.68175252278644,150.97370402018228,151.98922220865884,2969386
2018-12-28,155.37425231933594,155.37425231933594,151.31218036327488,151.31218036327488,3415320
2019-01-02,149.28114318847656,155.3742510737205,149.28114318847656,155.3742510737205,4284014
2019-01-03,151.31219482421875,153.0047249676664,149.6196646807711,151.65070085290827,3718829
2019-01-04,146.91162109375,147.92713921190958,144.54207881804436,147.92713921190958,5603944
2019-01-07,148.26565551757812,149.95818583170572,147.25013732910156,149.6196797688802,7008819
2019-01-08,150.2966766357422,150.63518266420107,147.92713443653003,149.61966457882443,4626012
2019-01-09,153.0047149658203,156.72828103799736,151.65069093957413,152.66620895925877,8817353
2019-01-10,153.0047149658203,154.35873899206652,150.97367892645102,153.0047149658203,2881535
2019-01-11,154.02024841308594,155.0357665344909,153.00473029168097,153.6817423726176,2023139
2019-01-14,156.72830200195312,158.4208322611535,155.7127838464329,156.72830200195312,4203075
2019-01-15,157.74380493164062,158.08231095080723,156.7282868741408,158.08231095080723,4528299
2019-01-16,160.45187377929688,161.1288859049479,157.06681315104166,157.7438252766927,4396761
2019-01-17,160.45187377929688,161.80589803059894,158.75934346516925,160.79037984212238,2919704
2019-01-18,165.19094848632812,165.5294545283083,161.8058880665263,162.1443941085065,6656676
2019-01-21,165.52943420410156,168.57598820785802,164.8524222032668,167.2219642061885,4437388
2019-01-22,163.8369140625,167.89898631198346,163.15990202091942,166.8834682496126,4435260
2019-01-23,163.159912109375,163.159912109375,160.45186377560944,162.82140606765432,3064991
2019-01-24,165.52943420410156,167.89897620702325,163.83690420201464,164.175410202432,6357578
2019-01-25,167.8990020751953,168.9145202329082,165.86796575976956,166.88348391748244,6383195
2019-01-28,168.23748779296875,168.57599380462463,166.88346374634526,167.56047576965702,3686061
2019-01-29,166.20648193359375,167.8990122995163,165.1909637140402,165.86797586040925,4277832
2019-01-30,164.51393127441406,166.20646143155824,163.49841318012756,166.20646143155824,5074048
2019-02-11,175.6846466064453,175.6846466064453,168.91452534993488,170.945561726888,19458668
2019-02-12,174.33062744140625,175.6846517322133,173.31510922330096,173.9921213687045,5978205
2019-02-13,175.3461151123047,177.03864518095628,173.6535850436531,175.68462112603498,5523900
2019-02-14,172.97657775878906,175.34611991986836,172.97657775878906,173.99209582782305,3051493
2019-02-15,170.60704040527344,174.66911279587518,169.591522307623,172.29957056802417,4364578
2019-02-18,171.62254333496094,172.29955534022704,169.93001332179563,172.29955534022704,3331721
2019-02-19,169.25302124023438,170.94555145263672,168.57600915527343,170.60704541015625,3357988
2019-02-20,172.97657775878906,174.6691078738457,170.26852957469842,170.26852957469842,7741067
2019-02-21,175.3461151123047,175.68462112603498,171.62254896127118,171.9610549750015,6115313
2019-02-22,178.73118591308594,183.47027038805413,175.68463160774925,176.02313764167556,16461969
2019-02-25,191.2559051513672,191.2559051513672,183.1317605077693,183.47026653458587,20111509
2019-02-26,187.19383239746094,198.36453125662226,187.19383239746094,191.93291676195363,15256458
2019-02-27,189.56338500976562,190.91740918840682,185.5013124738421,189.56338500976562,9345510
2019-03-04,187.53231811523438,191.93289597714423,187.53231811523438,189.56335405150045,7891170
2019-03-05,184.82427978515625,188.88635186834648,184.1472677712912,186.51680981981883,5726149
2019-03-06,189.56338500976562,190.57890314374652,185.5013124738421,185.5013124738421,9119054
2019-03-07,185.5012969970703,188.88635716125043,184.4857789478163,187.8708391119964,4456436
2019-03-08,181.10073852539062,183.80878695193852,180.08522036543516,182.79326879198305,7604720
2019-03-11,182.79324340820312,184.48577343976055,181.10071337664567,181.10071337664567,3485628
2019-03-12,183.13174438476562,186.85531035192352,182.79323838775127,185.83979236088044,4929135
2019-03-13,184.82427978515625,185.16278579208875,182.11623172969607,182.7932437435611,2627183
2019-03-14,184.4857940673828,188.2093605531465,183.80878197906213,184.14728802322247,4932937
2019-03-15,186.8553466796875,187.53235880533853,185.16281636555988,185.5013224283854,4467807
2019-03-18,188.20933532714844,190.57887731867729,186.8553113319891,189.5633593223078,4328819
2019-03-19,186.51683044433594,187.53234857742672,184.14728813379085,187.19384253306313,5706614
2019-03-20,185.8397979736328,186.5168099881087,184.82427995191895,186.5168099881087,3167594
2019-03-21,187.87083435058594,189.22485838194152,185.83979830355256,185.83979830355256,4524736
2019-03-22,192.27139282226562,193.6254167153802,188.88633308947928,189.56334503603654,13172848
2019-03-25,187.19383239746094,188.88636252763692,186.85532637142575,187.19383239746094,5459643
2019-03-26,190.2404022216797,190.57890827545492,188.54787195280352,188.88637800657875,3638168
2019-03-27,189.22488403320312,189.90189614065645,188.20936587202314,189.5633900869298,2680720
2019-03-28,187.19383239746094,191.93291676195363,187.19383239746094,188.5478565016017,4616705
2019-03-29,191.2559051513672,191.2559051513672,187.53233885638483,188.88636296365112,5403033
2019-04-01,193.28692626953125,194.30244427094735,192.27140826811515,192.60991426858718,6930601
2019-04-02,196.6719970703125,197.3490091084203,194.97946697504304,196.33349105125862,9730324
2019-04-03,196.6719970703125,197.3490091084203,194.30245493693525,195.9949850322047,6655692
2019-04-08,199.3800506591797,199.3800506591797,195.6564843480575,195.6564843480575,8345644
2019-04-09,202.7650909423828,203.10359693727827,197.0104890291599,199.0415249985327,9914612
2019-04-10,203.10362243652344,206.15017677307128,201.7495982869466,203.10362243652344,12409630
2019-04-11,197.34898376464844,205.13462120304794,197.01047778906585,201.74956144722208,12174619
2019-04-12,198.7030487060547,201.07259102452554,197.6875305695672,199.04155475155054,6379713
2019-04-15,200.7340545654297,202.4265845364704,200.0570425770134,201.74957254805412,7192887
2019-04-16,203.10362243652344,204.11914054870604,201.41109224955238,202.42661036173502,8003479
2019-04-17,195.31797790527344,202.42660448414819,194.6409658501425,199.38005023605902,19673897
2019-04-18,197.01051330566406,198.7030434887024,195.6564891592334,195.99499519584106,10977862
2019-04-19,196.33349609375,199.04154431573275,195.31797801050647,198.70303828798492,3333798
2019-04-22,195.65646362304688,198.70301755489362,195.31795763061947,197.6874995776114,3197270
2019-04-23,196.33349609375,196.67200212149785,192.94843581627154,196.67200212149785,4918551
2019-04-24,195.99497985839844,197.6875099089891,194.3024498078078,197.6875099089891,3863399
2019-04-25,194.97947692871094,197.01051314671835,193.62545278337268,195.99499503771463,3703193
2019-04-26,196.33349609375,196.33349609375,191.932917733028,193.62544787176725,3850978
2019-04-29,194.64097595214844,197.3490243132218,193.9639638618801,195.99500013268513,4219363
2019-04-30,200.0570831298828,200.0570831298828,194.30248006184894,196.33351643880206,8621796
2019-05-02,201.7496337890625,208.18124963133124,201.74963378906247,208.18124963133124,21971303
2019-05-03,209.1967315673828,209.87374364365266,203.78063495722404,205.81167118603358,18605013
2019-05-06,207.16571044921875,207.16571044921875,203.78064982096353,205.81168619791666,12178296
2019-05-07,210.55076599121094,211.90479020980396,207.84271755402497,209.19674177261797,12299811
2019-05-08,209.87374877929688,210.5507608721333,206.15018226869643,208.51972459362398,9096385
2019-05-09,203.10362243652344,212.58179148356118,203.10362243652344,210.55075525919594,9556606
2019-05-10,202.08810424804688,206.8271887697766,198.36453783811635,205.13465858344455,7160414
2019-05-13,193.96397399902344,203.1036376953125,193.28696187337238,203.1036376953125,8021402
2019-05-14,195.65646362304688,195.65646362304688,187.19381381236147,188.88634377449856,8106651
2019-05-15,196.33349609375,198.70303828798492,194.64096595501078,196.33349609375,5782386
2019-05-16,194.97947692871094,197.68752521938748,193.62545278337268,196.33350107404922,4927890
2019-05-17,197.01051330566406,200.73407970834842,195.6564891592334,197.34901934227173,8935427
2019-05-20,196.33349609375,198.36453226023707,193.96395389951508,197.34901417699353,5080134
2019-05-21,196.6719970703125,198.02602114652808,193.96394891788134,194.30245493693525,5504726
2019-05-22,194.64097595214844,196.67201222295347,193.9639638618801,196.3335061778193,3821414
2019-05-23,197.68746948242188,199.7185051277892,195.65643383705452,197.01045760063275,9875909
2019-05-24,194.30247497558594,199.38006578505247,193.62546286765706,199.38006578505247,5171759
2019-05-27,190.2404022216797,195.31799302830814,187.1938477377026,194.30247486698244,7623986
2019-05-28,189.90187072753906,191.93290677810097,189.22485871068508,191.594400769674,7631484
2019-05-29,189.90187072753906,189.90187072753906,186.17830463484222,187.87083467697715,5039512
2019-05-30,200.7340545654297,202.08807854226225,192.6099107044342,192.6099107044342,10940177
2019-05-31,210.55076599121094,211.90479020980396,201.07259646106,202.08811462500472,15580408
2019-06-03,212.581787109375,214.27431726151968,205.81166650079618,208.85822077465664,13144705
2019-06-04,210.55076599121094,215.28985075628646,210.55076599121097,213.93582653769346,8772745
2019-06-05,211.90476989746094,216.30534818606634,211.56626387526052,214.61281807506427,9334896
2019-06-06,207.8426971435547,211.2277573576191,206.82717907933537,211.2277573576191,6168786
2019-06-10,213.93582153320312,214.27432757993287,209.8737489724461,211.9047852528246,8082018
2019-06-11,208.51971435546875,212.58178671304282,208.51971435546875,209.87373847466012,8924969
2019-06-12,209.5352325439453,211.56626872369276,207.50419636419784,208.8582204840295,4458590
2019-06-13,209.5352325439453,214.27431696335603,208.8582204840295,209.5352325439453,6906886
2019-06-14,207.8426971435547,211.56626337902554,207.16568510074183,210.55074531480622,4800518
2019-06-17,203.442138671875,207.84271737858776,203.1036326175125,206.4886931611377,6753100
2019-06-18,208.85821533203125,209.19672135363908,205.81166113756078,205.81166113756078,6585570
2019-06-19,208.85821533203125,213.25879361293303,208.1812032888156,212.9202875913252,8115800
2019-06-20,209.87374877929688,211.90478505780618,208.51972459362398,210.5507608721333,4674213
2019-06-21,212.2433319091797,213.93586246666916,209.87378912869443,211.227813574686,9233348
2019-06-24,213.59730529785156,213.59730529785156,209.87373896143893,210.88925705318783,4462509
2019-06-25,210.88925170898438,213.25879386301793,209.19672159896044,212.24327579700355,3262743
2019-06-26,210.21221923828125,211.90474918383904,209.53520726005812,211.5662431947275,3335968
2019-06-27,211.90476989746094,213.597300008463,211.56626387526052,212.58178194186175,5353416
2019-06-28,212.581787109375,213.59730520066182,210.55075092680133,212.581787109375,4236184
2019-07-01,212.581787109375,214.61282329194864,211.56626901808818,213.25879917023286,8268252
2019-07-02,215.96681213378906,215.96681213378903,212.2432464073444,212.58175238247574,7758935
2019-07-03,214.95130920410156,221.04441718154067,213.9357912078617,217.99786319282111,8818515
2019-07-04,215.96681213378906,216.98233005918303,214.95129420839504,216.64382408405172,4090644
2019-07-05,217.3208770751953,217.9978891533112,215.62834687990565,216.30535895802151,6690938
2019-07-08,218.71395874023438,219.7587706450444,217.32087620048765,217.32087620048765,5706740
2019-07-09,218.36570739746094,220.10706072598933,218.01743673175525,219.0622487288723,3738897
2019-07-10,221.50013732910156,222.19667864145723,219.7587840482124,220.8035960167459,4383939
2019-07-11,224.63453674316406,225.67934854196946,222.19664254595142,222.89318374515503,6720950
2019-07-12,221.50013732910156,224.28630257852421,221.50013732910156,223.9380319223464,3205923
2019-07-15,219.0622100830078,222.19664552139741,218.36566887447677,221.8483749171319,5194708
2019-07-16,218.71395874023438,221.15185318479112,218.017417470361,219.7587706450444,5075568
2019-07-17,215.9278106689453,218.71397596789944,214.8829986818375,218.0174346431609,6807470
2019-07-18,210.35545349121094,216.6243246217437,209.65891225448507,216.6243246217437,9600433
2019-07-19,212.0968017578125,214.5346960308908,210.70371931605348,214.18642542045106,7333715
2019-07-22,214.88294982910156,215.57949099548438,212.7933263299531,213.1415969131445,7018764
2019-07-23,219.0622100830078,219.41048068727332,215.92777464461818,215.92777464461818,7586407
2019-07-24,214.5347137451172,219.75877333306647,214.18644310592057,219.41050269386986,8478357
2019-07-25,218.0174102783203,218.0174102783203,214.53470404384234,215.92778653763352,5465905
2019-07-26,218.36570739746094,219.410519394578,214.53473007469847,215.5795420718155,4494969
2019-07-29,222.1966552734375,222.54492589298835,215.92778412152234,216.62432536062403,9083924
2019-07-30,226.7242431640625,228.46559679819507,223.2415358957973,224.28634807627688,17119494
2019-07-31,219.0622100830078,224.2862691469905,215.23123343608717,224.2862691469905,17759819
2019-08-01,218.71395874023438,228.1172658835247,218.71395874023438,221.5001238197278,24478906
2019-08-02,220.10702514648438,220.4552957558934,215.57950722416746,216.27604844298546,13587337
2019-08-05,217.3208465576172,219.75874066964175,215.23122303302472,218.01738773248135,9440893
2019-08-06,215.23123168945312,218.0173965009671,211.74852567506068,212.44506687793918,10117433
2019-08-07,221.50013732910156,222.54494929763507,217.6691601111454,218.01743076732325,13326307
2019-08-08,220.45529174804688,223.24145657266672,219.06220933573692,220.45529174804688,7096959
2019-08-12,224.98280334472656,224.98280334472656,221.50009741059768,221.84836800401055,8148041
2019-08-13,221.50013732910156,224.28630257852421,220.8035960167459,223.9380319223464,3973869
2019-08-14,222.54490661621094,224.9828007418971,221.84836543744345,224.28625956312965,3991080
2019-08-15,220.45529174804688,220.80356235112436,218.36566812958196,219.06220933573692,5250867
2019-08-16,224.2862548828125,226.02760779339334,220.8035490616508,220.8035490616508,7821353
2019-08-19,245.87908935546875,245.87908935546872,227.42074412056812,228.46555611499645,30578217
2019-08-20,244.48599243164062,246.57561629857773,241.6998272757245,244.83426307613013,13464762
2019-08-21,241.6997833251953,248.31692436723958,241.6997833251953,244.4859479744771,10778561
2019-08-22,240.3067169189453,245.1825053781703,238.56536389779356,243.09288175278817,8555639
2019-08-23,238.5653839111328,245.18252594662408,238.5653839111328,242.0480902456019,6822420
2019-08-26,238.91366577148438,239.95847772092233,234.03787667410714,235.08268862354512,5118378
2019-08-27,240.65501403808594,242.39636725109668,238.91366082507517,241.6998259658924,8036958
2019-08-28,254.93411254882812,255.97892448550363,247.27215834654092,247.62042899209942,20997331
2019-08-29,254.58583068847656,254.93410131869337,251.79966564674223,253.88928942804299,8415969
2019-08-30,255.97891235351562,260.15815990214446,254.2375592082536,258.06853612783004,10421568
2019-09-02,258.0685119628906,258.76505315577293,253.5409942091557,255.97888838424373,5317803
2019-09-03,253.541015625,258.0685337611607,252.84447437328296,258.0685337611607,4462940
2019-09-04,254.23757934570312,257.02374459880673,252.14795540587542,254.23757934570312,6296489
2019-09-05,255.97891235351562,257.3719948697252,253.8892885792012,256.6754536116204,4485683
2019-09-06,260.8547058105469,263.29260025737443,256.32718755215285,258.4168113637193,13658238
2019-09-10,263.2926025390625,266.07876764529595,261.55124934766656,264.68568509217926,9046222
2019-09-11,260.8547058105469,264.33741216315764,259.4616232695026,261.8995177163301,7368588
2019-09-12,261.2029724121094,266.77530249023437,259.8098898925781,265.3822199707031,9749513
2019-09-16,266.0787658691406,267.8201190489125,261.55124760173373,261.55124760173373,10976486
2019-09-17,266.7752685546875,270.2579744104928,266.42699796910694,268.16835089700965,8723754
2019-09-18,266.0787658691406,267.4718484129581,263.98914205341435,266.7753071410493,7371028
2019-09-19,265.033935546875,270.25799472322603,265.033935546875,269.56145349971257,7618232
2019-09-20,269.21319580078125,270.2580076861659,265.7304895161657,265.7304895161657,9000253
2019-09-23,270.25799560546875,272.34761928283064,267.82010131521326,268.5166425410005,4616257
2019-09-24,269.5614318847656,270.95451422008745,267.8200789656134,270.25797305242656,4040265
2019-09-25,264.6856384277344,268.16834419652037,263.98909727397717,266.42699131212737,8943671
2019-09-26,261.8995056152344,267.4718355219415,260.5064231385576,266.0787530452647,8219250
2019-09-27,257.0237121582031,263.29258318645196,256.67544154552263,261.89950073573,9126978
2019-10-01,262.2477722167969,262.2477722167969,257.023713009291,257.3719836231247,7399613
2019-10-02,259.1133728027344,261.55126743931925,259.1133728027344,260.5064554522114,3950924
2019-10-03,264.3373718261719,265.3821835725204,255.97887785538381,259.1133130944293,8891382
2019-10-04,268.5166320800781,269.5614438780551,266.07873788479856,266.4270084841242,7691915
2019-10-07,267.4718322753906,270.2579971949259,265.73047920068103,269.21318535010016,5092932
2019-10-08,267.8200988769531,268.51664009639904,266.7752870477842,267.47182826723014,5088917
2019-10-09,259.1133728027344,266.427056712489,259.1133728027344,266.0787860501197,8426727
2019-10-14,258.0685119628906,261.202947330861,256.3271589806849,258.41678255933175,14688516
2019-10-15,255.63063049316406,258.7650660169222,254.93408926566227,257.7202541756695,9994456
2019-10-16,250.7548370361328,259.1133316040039,250.05829582214355,257.7202491760254,12208364
2019-10-17,258.41680908203125,259.1133503464033,252.14793770268278,253.5410202314269,8885926
2019-10-18,257.7202453613281,260.50641017604516,257.02370415764887,260.15813957420556,5956854
2019-10-21,257.0237121582031,260.8546888976885,256.67544154552263,259.8098770596471,4570574
2019-10-22,258.76507568359375,259.113346310355,255.97891066950393,257.37199317654887,4971040
2019-10-23,259.1133728027344,259.1133728027344,256.32720750378024,258.0685608156266,4064705
2019-10-24,265.73052978515625,265.73052978515625,261.89955229153014,262.24782297276886,12750908
2019-10-25,263.9891357421875,268.8649245289825,263.9891357421875,268.1683832737261,8223640
2019-10-28,269.5614318847656,269.5614318847656,265.3821848788003,266.4269966302916,7243786
2019-10-29,273.74072265625,275.48207585380885,268.5166630635735,273.74072265625,13551380
2019-10-30,276.1785888671875,277.91994188652666,271.3028004130379,273.74069464011274,11199167
2019-10-31,284.1888122558594,286.97497708189724,275.48204717449113,276.1785883810006,24038661
2019-11-01,282.0992431640625,288.01984456380205,281.05443115234374,285.5819498697917,10009206
2019-11-04,286.97503662109375,286.97503662109375,281.75097648842825,282.09924716393925,8229135
2019-11-05,296.0299987792969,296.7265399528952,286.6266929357192,286.6266929357192,11961184
2019-11-06,302.2989196777344,302.2989196777344,294.636965492354,296.3783187163041,13339309
2019-11-07,296.0299987792969,300.2092458208869,293.2438340849035,298.1196223000919,11874714
2019-11-08,288.3680419921875,298.1196182914402,286.2784184994905,296.0299947987432,13226485
2019-11-11,281.05438232421875,286.9749826953609,280.7061117141516,286.9749826953609,8447587
2019-11-12,285.5818786621094,287.32323158078077,282.0991728247666,282.0991728247666,5316072
2019-11-13,284.1888122558594,288.7163300981709,281.40264742982157,281.40264742982157,4982554
2019-11-14,285.93017578125,287.6715288615256,282.0991990046437,285.23363454913977,4877989
2019-11-15,293.9404296875,296.72659489780807,288.0198286155954,288.36809926688386,9736952
2019-11-18,292.1990661621094,293.2438780792564,290.1094423278154,291.5025248840114,3777538
2019-11-19,293.24383544921875,294.63691780289673,290.4576707418627,292.54729427237976,3798032
2019-11-20,288.7163391113281,293.24385709497983,287.671527268947,293.24385709497983,6027873
2019-11-21,283.4922790527344,287.32325579669026,277.22340801717024,285.58190273125575,11718815
2019-11-22,286.2784423828125,286.9749836051551,281.4026538264142,281.4026538264142,7319917
2019-11-25,291.5025329589844,294.28869814855653,289.7611797155018,292.54734490507394,9091715
2019-11-26,292.54736328125,297.77142333984375,291.50255126953124,296.0300699869792,11090564
2019-11-27,294.2886657714844,296.72656004414756,292.54731271958207,295.33347760262575,5952772
2019-11-28,300.55755615234375,301.2540974180502,294.6369553938387,296.03003792525163,9884036
2019-11-29,293.59210205078125,304.38849014517535,292.5472902997109,302.29886664303456,11552430
2019-12-02,290.10943603515625,296.0300367705676,286.9750003517032,291.5025185611354,6767586
2019-12-03,291.15423583984375,296.03002447831005,290.10942398874386,290.10942398874386,7340205
2019-12-04,295.6817932128906,295.6817932128906,290.10946259874896,291.15427458890053,6065565
2019-12-05,292.54736328125,296.726611328125,292.54736328125,296.0300699869792,5727907
2019-12-06,289.06463623046875,293.94042527532,289.06463623046875,292.8956133371376,5191845
2019-12-09,297.0748596191406,297.77140090781387,291.154258665418,291.85079995409126,7316273
2019-12-10,296.0299987792969,297.42308112649357,294.98518701889935,297.42308112649357,3291268
2019-12-11,298.8161926269531,298.8161926269531,294.63694517762514,294.63694517762514,3798435
2019-12-12,297.7713928222656,301.25409917106407,297.07485155250595,299.86101663154466,6398487
2019-12-13,301.25408935546875,302.2989012260657,298.1196537436777,299.8610068613394,8981136
2019-12-16,307.8712158203125,308.91602763870725,301.6023449099442,303.34369794060206,46360
2019-12-17,320.7572326660156,323.1951269425217,308.5677612834852,309.26430250534406,16791241
2019-12-18,317.9710693359375,320.4089636243839,315.53317504749106,320.4089636243839,11668129
2019-12-19,316.5779724121094,317.62278420224834,314.4883488318314,317.27451360553533,9032898
2019-12-20,310.6573791503906,316.57797942567834,307.87121431496115,316.57797942567834,14087688
2019-12-23,312.74700927734375,313.4435505006786,307.8712207139999,310.30911499567185,3462155
2019-12-24,309.96087646484375,312.05050035112356,309.61260581713043,312.05050035112356,3108958
2019-12-25,314.8366394042969,315.533180641917,309.2643095033359,309.2643095033359,2911788
2019-12-26,312.74700927734375,320.75723334569443,312.74700927734375,320.0606921223596,5855027
2019-12-27,311.0056457519531,315.1848929513075,310.657375152007,314.4883517514151,4173840
2019-12-30,311.0056457519531,311.70218695184553,309.96083395211457,311.0056457519531,2869387
2019-12-31,308.916015625,311.00563918052427,307.17466266206316,308.916015625,5710571
2020-01-02,307.52294921875,310.65738471475083,306.8264079974165,309.9608434934173,6237434
2020-01-03,302.64715576171875,310.309109072142,294.63693184627624,309.96083846712276,12375266
2020-01-06,295.3335266113281,300.55758663393414,295.3335266113281,298.119691956718,8448516
2020-01-07,296.7265319824219,300.20923775686344,291.15420274331535,298.1196142921985,11707155
2020-01-08,299.86102294921875,304.04027065582807,295.33350460039196,296.72658716926173,9695448
2020-01-09,304.3885192871094,305.7816017552426,301.25408373380964,302.99543681897615,6951194
2020-01-10,300.9058532714844,307.1747252146403,296.72660530938043,306.1299132241143,7683248
2020-01-13,293.9404296875,302.9954666210012,293.9404296875,300.90584271327015,10239998
2020-01-14,289.7611389160156,295.6817391102131,287.3232447184049,294.28865671157837,19437055
2020-01-15,289.7611389160156,291.85076251396765,283.14399752250085,284.8853505207942,25888092
2020-01-16,293.24383544921875,294.9851883913162,289.06458838818475,291.85075309554077,13075722
2020-01-17,292.8955993652344,298.11965880694487,291.5025168474449,298.11965880694487,8525316
2020-01-20,291.85076904296875,293.94039268766784,290.4576866131694,293.24385147276814,5654773
2020-01-30,267.1235656738281,278.96476675976055,266.4270244334792,278.61649613958605,22330256
2020-01-31,270.25799560546875,273.7407017344052,266.07874825074504,268.16837192810686,10276123
2020-02-03,266.0787658691406,269.56147222868435,259.8098944219619,262.2477888736425,10441301
2020-02-04,271.99932861328125,304.7367638112946,271.99932861328125,303.343681462443,9425276
2020-02-05,265.3822021484375,271.99934367182374,263.64084911596746,271.99934367182374,16153382
2020-02-06,266.0787658691406,271.9993666803649,264.6856833253231,265.38222459723187,10150866
2020-02-07,265.3822021484375,268.51663760688365,263.98911972246145,265.0339315419435,10226510
2020-02-10,264.6856384277344,269.21315592715615,261.2029326589484,262.9442855433414,10628172
2020-02-11,271.65106201171875,272.6958737886869,266.0787325345553,266.0787325345553,11236133
2020-02-12,279.6613464355469,281.054429107704,275.1338277510361,277.2234517592718,13580808
2020-02-13,284.537109375,286.9750038249694,283.14402683216036,284.537109375,15438270
2020-02-14,282.4474792480469,284.1888323876772,281.05439673634254,283.4922911318251,9177582
2020-02-17,277.22344970703125,278.2682617034145,274.4372843833425,276.87517904157016,9199824
2020-02-18,273.0441589355469,276.1785944335315,273.0441589355469,274.4372413790956,7500223
2020-02-19,270.6062927246094,275.83035242971766,269.90975143059495,275.13381113570324,9008260
2020-02-20,274.437255859375,274.437255859375,269.90973767895383,272.6959027130592,8177571
2020-02-21,270.25799560546875,274.4372429601925,270.25799560546875,274.4372429601925,7800080
2020-02-24,262.5960693359375,267.8201290707373,261.89952803796416,266.4270464747907,13066425
2020-02-25,263.640869140625,266.775304837145,258.416809646425,260.8547040770517,10230047
2020-02-26,261.2029724121094,264.6856787109375,259.8098898925781,261.2029724121094,10856144
2020-02-27,250.7548370361328,263.29257888793944,250.7548370361328,261.899496459961,14733370
2020-03-02,252.84446716308594,256.3271733223571,246.22732546047075,247.9686785401063,11499602
2020-03-03,259.1133728027344,263.64089141353486,258.41683147799586,259.8099141274729,10014005
2020-03-04,258.0685119628906,259.46159434865524,253.5409942091557,258.76505315577293,10894688
2020-03-05,268.16839599609375,268.16839599609375,261.89952440137984,262.94433633383215,10735601
2020-03-06,263.640869140625,266.4270342041983,262.24778660883834,264.68568103946495,7373406
2020-03-09,255.28236389160156,258.4167994646226,251.45138708013144,256.6754463684998,11472891
2020-03-10,260.1581726074219,260.1581726074219,252.14794774802334,253.19275968620576,11832469
2020-03-11,252.84446716308594,262.5960444090452,252.1479259312317,260.15815009755534,9371669
2020-03-12,234.0378875732422,249.71006754466464,234.0378875732422,247.9687142145066,19239208
2020-03-13,237.5205841064453,242.3963732229999,212.4450972213074,214.18645047721975,23633277
2020-03-16,222.89320373535156,238.56538212299344,222.89320373535156,231.9482401371002,12157253
2020-03-17,219.75875854492188,228.81379455469678,214.53469930851327,214.53469930851327,14275860
2020-03-18,210.00717163085938,223.93799561963945,210.00717163085938,219.75874842300544,14031612
2020-03-19,190.852294921875,207.91755486926894,190.1557536995324,202.69349570169936,25712419
2020-03-20,209.65892028808594,209.65892028808594,199.90734260026798,206.17621397100808,17041676
2020-03-23,214.5347137451172,218.71396141547663,206.17621840439836,213.83817246672396,20264004
2020-03-24,229.85858154296875,235.77918137059066,227.07241691820548,234.03782848011363,13337078
2020-03-25,232.9930419921875,245.87905477800356,229.8586064496917,242.39634861967488,20283591
2020-03-26,239.26190185546875,240.30671365396427,228.46551327101528,236.12746645998226,11554093
2020-03-27,236.82400512695312,250.40655836217545,234.38611095652863,250.40655836217545,13224545
2020-03-30,234.38613891601562,234.38613891601562,224.98283170838945,229.5103499935428,10694349
2020-03-31,228.1172332763672,239.26189200131947,227.0724215209029,236.12745673492665,10806002
2020-04-01,232.64476013183594,232.64476013183594,226.7241599488401,231.94821893383642,6557209
2020-04-06,237.5205841064453,241.00329061827003,234.38614824580307,241.00329061827003,8234391
2020-04-07,241.6997833251953,243.78940681215667,241.00324216287487,242.39632448751576,8655322
2020-04-08,243.441162109375,245.1825152002861,240.30672654573496,241.0032677820994,6885590
2020-04-09,244.8342742919922,247.9687102359864,242.04810900844177,247.9687102359864,8237776
2020-04-10,243.78941345214844,245.53076640537807,242.39633108956474,245.53076640537807,6619621
2020-04-13,244.8342742919922,246.923898254655,242.74465032932937,243.09292098977318,7148004
2020-04-14,254.58583068847656,256.6754544697773,246.2273355632735,246.5756061934903,13428196
2020-04-15,254.58583068847656,258.06853699064453,253.1927481676094,257.72026636042773,8618815
2020-04-16,251.79965209960938,254.58581699144463,251.1031108766506,251.45138148812998,6466648
2020-04-17,256.3271484375,263.9891012440557,252.8444426163383,263.9891012440557,13317197
2020-04-20,257.7202453613281,260.15813957420556,255.2823511484507,258.4167865650074,5552576
2020-04-21,246.22731018066406,255.6306162271675,245.18249839771926,255.6306162271675,11227460
2020-04-22,241.00328063964844,245.1825282807984,238.21711554554847,243.78944573374844,12064371
2020-04-23,244.48599243164062,244.48599243164062,239.61020340878738,242.04809792021402,8791011
2020-04-24,242.74461364746094,245.87904911780117,242.39634303964533,244.48596668653883,6025467
2020-04-27,259.1133728027344,260.5064554522114,247.62044094454856,248.66525293165637,13194986
2020-04-28,261.2029724121094,261.2029724121094,253.19274792480468,260.8547017822265,10595852
2020-04-29,277.22344970703125,278.6165323688756,269.2132244014261,278.6165323688756,31507975
2020-04-30,289.06463623046875,289.4129068765295,282.09922330925264,286.9750123541039,21757679
2020-05-04,278.2682189941406,282.09919572622516,277.2234071581176,281.40265450220977,11748303
2020-05-05,279.6613464355469,282.44751177986114,275.8303690871147,281.054429107704,7287899
2020-05-06,284.1888122558594,285.2336240656236,279.6612944135479,282.099188636331,8553772
2020-05-07,286.2784423828125,289.06460727218297,286.2784423828125,286.9749836051551,8084230
2020-05-08,286.62677001953125,291.15428886552627,286.62677001953125,289.06466478275934,6577964
2020-05-11,285.5818786621094,289.41285508318646,283.4922551597037,289.41285508318646,6480940
2020-05-12,283.4922790527344,285.2336321181689,281.402655374213,284.18882027890817,5093041
2020-05-13,292.54736328125,292.54736328125,283.49232584635416,284.5371378580729,10514740
2020-05-14,286.2784423828125,291.8507721615534,283.1440068822708,290.4576897168682,8304088
2020-05-15,286.2784423828125,289.41287788335427,281.7509244375855,288.36806604984037,5763797
2020-05-18,306.826416015625,314.8366402702895,304.0402510574809,314.8366402702895,25249990
2020-05-19,321.80206298828125,323.1951455120401,319.0158979407637,322.150333619221,21999164
2020-05-20,327.37445068359375,333.64332314349235,323.19520237699464,325.2848265302942,18417567
2020-05-21,323.54339599609375,328.76745513488964,320.75723112206924,327.3743726978774,9007736
2020-05-22,307.8712158203125,316.92625157973345,306.4781333957862,311.0056512754967,15401024
2020-05-25,320.408935546875,320.408935546875,312.74698274031925,314.4883356509001,11317742
2020-05-26,320.408935546875,325.9812648607337,319.0158532184103,320.408935546875,6684259
2020-05-27,323.54339599609375,324.58820782385294,320.0606899035631,323.8916666053468,8149230
2020-05-28,320.408935546875,326.677806024966,315.8814179793648,325.9812648607337,10968535
2020-05-29,322.49859619140625,325.28476116930176,315.8814543689044,320.4089724579846,9537183
2020-06-01,321.45379638671875,327.3743971869075,320.4089844808031,325.9813146456866,8722266
2020-06-02,337.822509765625,341.6534866804929,333.99153285075704,339.9121335373711,17040745
2020-06-03,341.3052062988281,343.74310062953407,339.2155825867945,342.6982887735172,9435845
2020-06-04,341.3052062988281,343.39483001086177,335.73287640007175,337.8225001121054,8177190
2020-06-05,344.09136962890625,346.5292639481394,342.0017459267064,343.39482839483964,8352917
2020-06-08,344.43963623046875,351.75331910290544,343.39482439154926,345.1361774564151,9669114
2020-06-09,346.5292663574219,347.92234883524065,339.563853968328,342.00174830451084,7942284
2020-06-10,348.2706604003906,350.360284362793,344.7879537963867,345.1362244567871,6677972
2020-06-11,345.832763671875,354.53953012887087,345.48449301359517,348.2706582798338,10694186
2020-06-12,343.04656982421875,345.13619359979776,329.4640152829553,329.4640152829553,11862920
2020-06-15,343.04656982421875,351.75333555579795,343.04656982421875,346.8775467461136,7204482
2020-06-16,355.2360534667969,355.2360534667969,342.35003976260913,342.6983104032629,11665647
2020-06-17,355.2360534667969,359.41530115464155,351.75334706025967,355.93259474810435,6203179
2020-06-18,357.32568359375,358.71876618086014,353.84297712597464,358.71876618086014,5395592
2020-06-19,380.3115234375,390.06310096153845,360.8083683894231,362.20145089285717,21698522
2020-06-22,401.207763671875,401.207763671875,380.31152598063153,385.187314775255,17770887
2020-06-23,399.814697265625,413.7455229543227,388.67003671466676,403.9939449722343,15468824
2020-06-24,403.9939270019531,406.7800920157597,395.6354319605334,398.42159697434,9137582
2020-06-29,393.5458068847656,401.2077606471239,392.15272438251867,394.2423481358891,11967207
2020-06-30,403.29736328125,403.29736328125,395.6354099201209,396.331951134769,9477547
2020-07-01,401.904296875,413.74549799610054,400.51121439016464,410.9593330264298,7577668
2020-07-02,399.814697265625,405.3870275411041,399.1181559811901,401.90432111892966,6018098
2020-07-03,407.4766540527344,408.86973663069244,400.51124116294403,400.51124116294403,8709502
2020-07-06,417.7616882324219,417.7616882324219,411.37823289440524,416.34314260175154,7257983
2020-07-07,438.3305969238281,448.2604162716171,422.0173222810319,424.145140712701,19356242
2020-07-08,468.8293762207031,478.0499237106715,443.29555240232895,446.13264393770385,21759399
2020-07-09,461.7366638183594,470.2479387274535,453.93466181835635,468.8293929092712,17160954
2020-07-10,436.9120788574219,458.89953737135056,436.9120788574219,454.64390023962244,16945547
2020-07-13,446.1325378417969,453.2252649934948,438.33053797492926,444.00471969628757,10446840
2020-07-14,433.36572265625,445.4233614208265,432.6564497877455,444.714088552322,9142920
2020-07-15,431.9471130371094,438.330567909579,424.1451126374243,434.0749313279326,14629162
2020-07-16,424.8544006347656,434.0749468922814,424.8544006347656,426.272946212845,7417218
2020-07-17,430.5285339355469,431.23780664384265,422.7265341442931,424.1450795608847,8994459
2020-07-20,426.2729797363281,433.36570818452,418.47097844331716,431.9471624948816,9008151
2020-07-21,451.80682373046875,456.06246100265525,434.07500176302494,434.07500176302494,15777808
2020-07-22,470.9571838378906,475.21282104124504,461.73663656395604,467.4108195017619,17852109
2020-07-23,480.177734375,487.2704630954579,463.15518544590105,466.70154980613,17281987
2020-07-24,478.75909423828125,498.6187307400173,475.21273057725693,480.17763970269095,24419901
2020-07-27,516.3505859375,522.7340409834306,490.1074929708963,492.944584102421,21292219
2020-07-28,482.30548095703125,541.1751205444336,482.30548095703125,525.5711196899414,36040539
2020-07-29,483.7240905761719,492.23536489716025,473.0849976749364,484.43336343625424,14464939
2020-07-30,484.4333190917969,492.23531983851694,475.21277275476416,486.561137477266,13693896
2020-07-31,497.2002258300781,501.4558625704212,475.2127693383058,480.88695165876317,14518563
2020-08-03,493.6539306640625,526.9897564416644,492.94465777517735,526.9897564416644,25733096
2020-08-04,519.187744140625,519.187744140625,496.4910121563354,498.6188307798625,19226303
2020-08-05,517.7691650390625,524.1526204984482,512.0949824084975,521.3155291831657,13000226
2020-08-06,519.187744140625,534.0824745053151,517.7691983916069,522.0248356386612,12890678
2020-08-07,500.03729248046875,522.0247478945035,499.32801972517734,517.7691113627549,14627882
2020-08-10,500.74664306640625,506.42082599067146,493.65391441107465,493.65391441107465,11142754
2020-08-11,491.5260314941406,502.16512308492287,490.10748594870296,495.0723953577347,9919208
2020-08-12,482.30548095703125,489.39820861816406,478.0498443603516,485.1425720214844,11113131
2020-08-13,485.142578125,497.9094880756579,475.9220320495249,496.4909425255848,11410405
2020-08-14,482.30548095703125,484.4332992553711,475.21275329589844,475.21275329589844,9672925
2020-08-17,485.85186767578125,488.688958873888,480.17768527956775,485.1425948762546,6056362
2020-08-18,437.6213073730469,455.3531269586647,437.6213073730469,437.6213073730469,42330663
2020-08-19,431.9471130371094,444.0047500184408,429.11002198267846,438.330567909579,23597107
2020-08-20,400.7391662597656,433.3657178490563,390.80934621085106,427.6915349639622,34165307
2020-08-21,428.4007873535156,429.8193330070041,412.0875123383983,413.5060579918868,21528784
2020-08-24,414.92462158203125,425.563714443109,413.5060758672209,424.8544415857038,14910954
2020-08-25,417.7616882324219,421.30805230909783,414.215324155746,419.88950667842744,9904789
2020-08-26,409.95965576171875,415.6338378483861,406.4132919575516,414.9245650875527,10781130
2020-08-27,395.7742614746094,415.63390183534244,393.6464428645308,413.5060832252639,14917596
2020-08-28,407.12261962890625,407.8318924854026,392.2278896424828,395.77425392496457,13150295
2020-08-31,394.3556823730469,413.5060482436805,391.518591132953,411.37822981361006,17151699
2020-09-01,408.5411376953125,409.25041050381134,392.22786309983996,396.4834999508328,10727355
2020-09-02,422.72662353515625,431.9471706928023,418.47098638547345,429.1100792596804,18844801
2020-09-03,427.69146728515625,436.2027402659554,424.14510354315667,435.4934675175555,13478883
2020-09-04,427.69146728515625,432.65637652395577,412.7967395687578,417.76164880755726,13800424
2020-09-07,424.1451110839844,434.7842024991345,420.59874727893435,431.2378386940845,7040189
2020-09-08,428.4007873535156,435.49351562095796,424.14515039305024,426.9822417000272,6683057
2020-09-09,422.0173645019531,424.85445602801667,415.6339085683102,421.30809162043727,10096718
2020-09-10,424.8544006347656,430.528582947083,424.14512784572594,426.272946212845,7278603
2020-09-11,422.0173645019531,427.6915475540802,415.6339085683102,424.1451831465008,7587495
2020-09-14,431.9471130371094,432.6563858007171,417.7616577649547,422.72656711020886,8675428
2020-09-15,433.36572265625,435.4935412617635,427.69153970821395,431.947176919241,7364558
2020-09-16,437.6213073730469,445.42330799071874,436.9120345896222,438.3305801564716,10590991
2020-09-17,424.8544006347656,433.36567410324176,420.59876390052756,432.65640131420207,12572944
2020-09-18,433.36572265625,433.36572265625,419.18026528615997,424.85444823419596,11400876
2020-09-21,436.9120788574219,442.58626169972604,432.65644172569375,435.49353314684583,8107351
2020-09-22,427.69146728515625,436.2027402659554,426.98219453675637,435.4934675175555,7610728
2020-09-23,437.6213073730469,439.0398529398963,431.9471251056492,431.9471251056492,6545842
2020-09-24,425.563720703125,436.9120865885417,425.563720703125,429.81935791015627,8632965
2020-09-25,414.92462158203125,431.23789730235046,412.0875301524105,429.1100787301349,7846337
2020-09-28,427.69146728515625,430.528558278756,412.08746682035786,413.50601231715774,7734975
2020-09-29,432.6564025878906,435.49349375240143,429.8193114233799,429.8193114233799,5464334
2020-09-30,430.5285339355469,438.3305337268006,430.5285339355468,436.2027156019132,5974893
2020-10-05,433.36572265625,437.62135986727696,432.6564497877455,435.4935412617635,5000804
2020-10-06,436.2027893066406,439.03988061920415,434.074970822218,438.3306077910633,3949603
2020-10-07,458.8995056152344,466.70150648349954,434.78423020423287,437.6213214290566,17770203
2020-10-08,475.2127685546875,480.17767807690063,461.0273127769356,468.12004066581153,15485367
2020-10-12,506.4207458496094,512.0949278759356,495.7816545502478,503.5836548364463,21415450
2020-10-13,495.78167724609375,505.00222346097104,491.52604053153505,505.00222346097104,7920165
2020-10-14,488.68896484375,495.072420117471,487.2704192273676,490.81678326832366,5713855
2020-10-15,488.68896484375,501.45587539119197,488.68896484375,491.5260560765149,6967919
2020-10-16,482.30548095703125,492.94457244873047,482.30548095703125,488.6889358520508,5020630
2020-10-19,490.81683349609375,492.94465213841784,484.43337756912143,484.43337756912143,3933553
2020-10-20,494.36309814453125,494.36309814453125,484.43327981738145,487.9796435056492,4936501
2020-10-21,490.1075439453125,503.583728221667,487.2704525187116,499.3280910817656,5171741
2020-10-22,487.97967529296875,493.6538575638172,485.85185694140057,487.9796752929687,5090155
2020-10-23,480.88702392578125,492.23539027211234,480.88702392578125,488.6890257888839,4854113
2020-10-26,478.04986572265625,486.5611392963534,476.6313201270401,482.30550250950483,4322931
2020-10-27,485.85186767578125,487.9796860743613,476.63132128193433,478.0498668809877,6036221
2020-10-28,483.0148620605469,488.68904546213923,478.75922450935263,485.85195376134305,6105449
2020-10-29,485.142578125,487.2703964501097,472.37566817434214,475.2127592744883,4525881
2020-10-30,480.88702392578125,483.724115512364,475.21284075261565,480.88702392578125,6372434
2020-11-02,463.15509033203125,489.39818120842506,461.0272721528642,489.39818120842506,13777031
2020-11-03,471.6664733886719,479.4684752041236,468.12010892710293,468.8293818194167,8253830
2020-11-04,480.177734375,485.85191735136635,468.82936842226735,475.92209714272525,9284414
2020-11-05,493.6539306640625,493.6539306640625,481.596291553015,485.8519288863259,11678906
2020-11-06,496.49090576171875,499.3279966517857,490.81672398158486,497.20017848423555,7345707
2020-11-09,497.90948486328125,506.42075810880743,491.52602992913666,503.5836670269654,6544760
2020-11-10,486.5611267089844,497.909491180331,483.01476281168857,497.909491180331,6006693
2020-11-11,479.4684143066406,483.7240511200132,469.538595075438,469.538595075438,7981123
2020-11-12,477.34063720703125,484.4333658430941,475.9220914798187,480.1777286614564,4170904
2020-11-13,478.75909423828125,480.17763970269095,473.0849123806423,475.9220033094618,4677318
2020-11-16,492.23529052734375,492.944563280265,483.0147447393676,485.85183575105253,6299216
2020-11-17,493.6539306640625,498.6188408862585,490.1075662196368,497.20029510848826,6367119
2020-11-18,516.3505859375,516.3505859375,497.2002207997081,497.9094935825893,21063886
2020-11-19,519.8970336914062,523.443398177705,515.6413963078477,519.1877607941465,8842836
2020-11-20,529.8267822265625,534.7916918324339,512.804235006432,519.1876902139809,11419475
2020-11-23,526.9896850585938,537.6287769507592,523.4433210945386,534.7916857795151,7022977
2020-11-24,526.2804565429688,533.3731850678066,520.6062737230984,533.3731850678066,5754058
2020-11-25,513.5134887695312,530.5360353585764,513.5134887695312,529.1174898094894,7106689
2020-11-26,517.7691650390625,522.7340748408069,514.2228008949594,519.8969835255244,3654252
2020-11-27,514.2227783203125,518.4784151064116,511.3856871295797,514.2227783203125,3418735
2020-11-30,499.3280944824219,509.25791454315186,498.61882162094116,504.29300451278687,13232551
2020-12-01,494.36309814453125,502.16509825872043,491.526007193917,496.4909163574919,8450506
2020-12-02,505.0022888183594,508.5486532061288,492.94464989994356,500.74665155303614,8354076
2020-12-03,496.49090576171875,507.1299965994699,495.0723603166853,507.1299965994699,6972483
2020-12-04,500.03729248046875,501.4558379910517,493.6538376828458,496.49092870401154,5398397
2020-12-07,499.3280944824219,502.1651859283447,492.94463872909546,500.0373673439026,5457769
2020-12-08,517.7691650390625,518.4784378678831,497.9095258320848,498.6187986609054,10014080
2020-12-09,520.6063232421875,529.1175982815693,517.7692315623935,521.315596162136,7869170
2020-12-10,502.8744201660156,517.769149113105,500.74660174500286,517.769149113105,7733557
2020-12-11,501.45587158203125,512.0949636240829,497.2002347652106,510.676418018476,7453209
2020-12-14,497.90948486328125,503.5836670269654,495.7816665518997,500.7465759451233,3884022
2020-12-15,497.2002258300781,500.746589780364,493.65386187979226,497.9094986201353,5077673
2020-12-16,497.2002258300781,506.4207721008214,497.2002258300781,504.29295373064986,6247245
2020-12-17,499.3280944824219,504.29300451278687,495.7817301750183,498.61882162094116,5996672
2020-12-18,495.78167724609375,502.16513231793186,495.78167724609375,499.32804117489275,4853449
2020-12-21,502.1651306152344,502.1651306152344,488.6889477314922,495.07240278168587,5371824
2020-12-22,498.6188049316406,512.094988848712,498.6188049316406,502.16516912034365,6412332
2020-12-23,510.6763916015625,512.0949371337891,500.0373001098633,502.1651184082031,5329119
2020-12-24,506.4207458496094,514.2227461358078,506.4207458496094,513.5134733825171,3320736
2020-12-25,507.1300354003906,512.0949448378769,505.0022170700393,510.6763992843094,2209747
2020-12-28,524.8618774414062,525.5711502487595,512.804239716401,513.5135125237542,10540685
2020-12-29,520.6063232421875,529.1175982815693,520.6063232421875,525.5712336818268,4566021
2020-12-30,529.1174926757812,529.1174926757812,521.3154921135379,524.8618560054666,5614368
2020-12-31,529.8267822265625,534.0824190315951,526.2804182223687,529.8267822265625,4626983
2021-01-04,561.7440795898438,565.9997165564336,533.3731664792456,535.5009849625404,13995441
2021-01-05,565.2903442382812,570.2552531588182,549.6863447737364,564.5810715353474,9187166
2021-01-06,561.7440795898438,577.3480818006727,556.7791697954891,568.8368078674933,9257326
2021-01-07,566.7090454101562,573.0925014911218,556.7792248397656,563.162680920731,7450197
2021-01-08,594.37060546875,598.6262422620823,568.836784708756,574.5109670998658,13239667
2021-01-11,603.5911254882812,607.1374893278129,592.24276120178,597.9169433450306,7932068
2021-01-12,600.0447998046875,615.6488016908614,597.207708552656,607.8468007477745,10297170
2021-01-13,626.9971313476562,637.6362229429219,602.8818570650541,606.4282209301427,15302374
2021-01-14,610.6838989257812,624.8693553468214,605.7189891784171,618.4858999573534,11167095
2021-01-15,602.8818359375,625.5785638786764,597.2076539522059,622.7414728860293,9779613
2021-01-18,598.6262817382812,603.5911916579115,579.4759149054215,602.8819188122501,8819889
2021-01-19,623.4508666992188,624.160139585111,605.7190445519145,610.6839547531597,7901499
2021-01-20,618.4859008789062,636.9269942537361,617.0673552346886,627.7064475663211,11007193
2021-01-21,662.4608764648438,663.1701493518511,629.8343236625067,631.2528694365213,17528460
2021-01-22,650.4031982421875,670.9721107274911,644.0197426433002,648.275379709225,16199876
2021-01-25,645.4382934570312,656.077386206323,631.9621093079285,650.4032034067008,8944898
2021-01-26,617.7766723632812,653.9495888851266,617.7766723632812,648.2754059013077,9931150
2021-01-27,636.2175903320312,641.8917717396748,617.7765007571898,624.8692275167442,10941305
2021-01-28,616.3580932617188,624.1600944422469,612.102456254158,614.2302747579384,17650820
2021-01-29,620.6137084960938,640.4733471679688,620.6137084960938,630.5435278320313,17441562
2021-02-01,641.891845703125,644.728936733857,620.6136629726346,628.4156633071477,13528273
2021-02-02,660.3330688476562,675.2277997239192,652.53106696009,656.0774314544383,14420674
2021-02-03,673.8091430664062,680.1925981059827,668.1349608090048,671.6813247198808,10829429
2021-02-04,670.9720458984375,675.9369553289756,648.9845898489115,661.7514998131523,13169744
2021-02-05,673.8091430664062,700.0522360068873,673.8091430664062,677.3555069772821,15290557
2021-02-17,695.08740234375,716.3655881297832,688.70394660794,709.2728595344388,11840037
2021-02-18,693.6688232421875,700.0522786707966,686.5760949881774,695.0873688929895,6292915
2021-02-19,683.7388916015625,691.5408914019953,675.9368918011297,688.7038005654742,7255611
2021-02-22,674.5184326171875,695.0873438116128,674.5184326171875,689.4131614131506,7422176
2021-02-23,684.4482421875,686.5760605569949,661.042240123057,670.2627863908679,7807365
2021-02-24,666.7164916992188,685.8668590139836,666.7164916992188,672.3906746072972,7540161
2021-02-25,669.5535888671875,677.3555904323772,659.6237686933098,673.8092260845638,7139928
2021-02-26,635.5083618164062,660.3329071998596,635.5083618164062,654.6587253979275,15220271
2021-03-02,638.3455810546875,666.0072229003906,638.3455810546875,652.5310384114583,13479811
2021-03-03,659.623779296875,659.623779296875,634.7992284631216,648.9846860824092,8671779
2021-03-04,636.2175903320312,651.821589203051,634.7990449801204,651.821589203051,12248552
2021-03-05,626.287841796875,632.6712965830266,617.067295994656,622.0322052727739,10351724
2021-03-08,614.9395751953125,644.7290355853969,614.230302328882,639.0548526539523,9488584
2021-03-09,623.4508666992188,627.7065040145718,605.7190445519145,609.9746818672675,9399408
2021-03-10,612.811767578125,632.6714081940828,609.9746760615596,631.2528624358001,9346906
2021-03-11,629.834228515625,634.7991379746446,613.5209545788465,616.3580456982862,9451838
2021-03-12,637.63623046875,648.9845949709747,632.6713209990266,638.345503250139,7841829
2021-03-15,643.3104248046875,648.2753343676784,638.3455152416965,638.3455152416965,6825630
2021-03-16,651.8217163085938,651.8217163085938,642.6011697231621,650.4031706800658,6741317
2021-03-17,644.0197143554688,656.0773521793046,639.7640774764678,655.3680793661377,5862315
2021-03-18,640.4733276367188,652.5309650340878,640.4733276367188,648.2753283056046,4563993
2021-03-19,627.7064819335938,635.5084834039549,624.1601176288842,634.7992105430129,7668776
2021-03-22,624.8693237304688,631.9620515821199,618.4858686639826,624.1600509453036,7131194
2021-03-23,617.0673828125,632.6713855962644,617.0673828125,631.2528398886494,8388784
2021-03-24,634.0899047851562,634.7991776093007,614.2302657091111,618.485902653978,6887986
2021-03-25,673.099853515625,673.8091262801304,635.5083969968388,641.182579112882,16360212
2021-03-26,668.84423828125,677.3555117270347,659.6236920483166,674.5184205784398,11651662
2021-03-29,667.4257202148438,687.9946318899027,667.4257202148438,675.9369940114199,9564671
2021-03-30,688.7039184570312,692.9595554402879,667.4257335407482,679.4833716599753,12406387
2021-03-31,687.2853393554688,697.9244312959559,680.9018841911765,689.4131577435662,9109221
2021-04-01,681.6112060546875,698.6337543848773,681.6112060546875,693.6688444552386,5681893
2021-04-07,707.854248046875,716.3655215704847,700.7615201105336,712.819157602314,5493804
2021-04-08,723.4583129882812,730.5510415469898,698.633763032801,700.7615816004136,8021763
2021-04-09,708.5635375976562,730.5509947203062,708.5635375976562,727.0046306682659,6402048
2021-04-12,680.9019165039062,712.8191938400269,678.06482518514,707.1450112024943,10334862
2021-04-13,681.6112060546875,697.9244815377862,675.2277504308662,690.1224802197825,9547951
2021-04-14,684.4482421875,687.2853333468264,663.1700584925518,684.4482421875,8708863
2021-04-15,698.6337280273438,698.6337280273438,678.7740890580385,688.7039085426911,5936707
2021-04-16,691.5410766601562,702.1801701472356,685.8668934670472,702.1801701472356,6313141
2021-04-19,683.0296630859375,698.6336636964157,682.3203903309158,698.6336636964157,4552119
2021-04-20,707.854248046875,716.3655215704847,683.02970026968,685.1575186505825,9725033
2021-04-21,700.7615356445312,716.3655374503811,697.2151715977473,716.3655374503811,6691346
2021-04-22,697.9244995117188,716.3655940110121,697.9244995117188,708.5635924920803,5787315
2021-04-23,734.0973510742188,734.0973510742188,695.0873469108544,695.0873469108544,10968902
2021-04-26,758.9219360351562,773.1073927834769,730.5510225385149,758.9219360351562,11328469
2021-04-27,755.3755493164062,780.2000978854901,748.2828211538109,762.4682774790017,8213859
2021-04-28,766.0145874023438,773.1073150634766,748.2827682495117,762.4682235717773,8985602
2021-04-29,840.4884643554688,840.4884643554688,840.4884643554688,840.4884643554688,6156406
2021-05-03,783.7464599609375,833.3955569720376,766.0146395998304,833.3955569720376,24923162
2021-05-04,769.56103515625,783.7464920254897,727.0046645485312,780.2001278081798,18013299
2021-05-05,712.8192138671875,780.2001345810013,708.563576769473,773.1074060848103,13757415
2021-05-06,748.2827758789062,755.3755036123556,709.2727733449349,730.5509565452829,14573730
2021-05-07,751.8290405273438,755.3754039260576,723.4581333376326,748.2826771286299,9285007
2021-05-10,694.3781127929688,727.004663547286,694.3781127929688,719.9119351224344,18810805
2021-05-11,646.1475219726562,664.5886148061239,636.9269755559224,639.0547939597841,24921478
2021-05-12,629.834228515625,651.821684691283,582.3129522650091,638.3455018739443,31011290
2021-05-13,619.1951293945312,641.8918580779505,610.6838561382491,628.4156754221704,16643374
2021-05-14,634.7991943359375,652.5310154067737,629.8342844361033,634.089921493104,11830221
2021-05-17,648.275390625,664.5886663190646,616.3581120931347,624.1601135120351,16218012
2021-05-18,705.0171508789062,705.0171508789062,652.5309645961709,666.7164203482615,16219814
2021-05-19,668.84423828125,703.5986048515376,668.84423828125,697.215149767199,12478300
2021-05-20,659.623779296875,673.0999640351982,656.7866877730174,665.29796234459,10698579
2021-05-21,677.3555908203125,690.1225024797529,663.8794062909031,681.611228040126,13762585
2021-05-24,668.84423828125,680.1926028756296,665.2978743455063,673.809147791291,6032351
2021-05-25,675.2277221679688,687.2853600638254,671.6813580809521,677.3555406201787,8682040
2021-05-26,674.5184326171875,686.5760702139196,671.6813414179564,680.9018878154574,5834656
2021-05-27,663.1701049804688,675.2277432528409,660.3330136222636,670.2628333759818,9218405
2021-05-28,681.6112060546875,686.5761159843262,665.2979305715888,673.8092047366838,7578285
2021-05-31,705.7264404296875,716.3655324964667,680.1926194694173,688.7038931228407,9520375
2021-06-01,692.9595336914062,719.9119004061181,692.2502608831244,712.8191723232992,7203678
2021-06-02,680.192626953125,700.7615385085376,678.7740813286138,695.7966288227483,6983814
2021-06-03,695.7966918945312,697.9245105241781,684.4483258697479,686.5761444993948,4708980
2021-06-04,692.9595336914062,692.9595336914062,685.1575328003055,688.7038968417149,4043131
2021-06-07,690.1224365234375,692.2502549299845,672.3906164688784,688.7038909190727,5332777
2021-06-08,685.1575317382812,692.9595326172886,685.1575317382812,691.5409870029237,3549078
2021-06-09,685.8667602539062,697.9243971973566,683.0296692083886,683.0296692083886,3936851
2021-06-10,707.854248046875,712.819157602314,692.959519380558,695.0873377614604,9017839
2021-06-11,695.08740234375,716.3655881297832,695.08740234375,712.819223832111,5961361
2021-06-15,701.4707641601562,712.8191283932831,698.6336731018745,703.5985824538675,5175020
2021-06-16,698.6337280273438,705.7264562306669,695.7966367460144,705.7264562306669,4946749
2021-06-17,693.6688232421875,694.3780960675884,686.5760949881774,693.6688232421875,6201886
2021-06-18,684.4482421875,702.1800619332902,684.4482421875,695.0873340349741,5918101
2021-06-21,651.1123657226562,681.6110930931076,651.1123657226562,680.9018203635621,11173057
2021-06-22,640.4733276367188,649.6938738817656,631.2527813916719,639.7640548486382,13992257
2021-06-23,667.4257202148438,667.4257202148438,636.926989110446,640.4733531923528,8867351
2021-06-24,658.9144897460938,671.6814012804638,657.4959440200527,670.2628555544226,3484444
2021-06-25,657.4959106445312,675.2277313199501,657.4959106445312,666.7164573957491,4975532
2021-06-28,663.1701049804688,663.1701049804688,653.9495580663018,658.914467943161,3842050
2021-06-29,663.1701049804688,673.099924734187,663.1701049804688,668.1350148573279,5371399
2021-06-30,682.3204345703125,693.6687993864508,668.8442513511484,670.2627969531657,10422047
2021-07-01,677.3555908203125,692.2503210896597,672.3906807305301,688.7039567398151,5520582
2021-07-02,678.7741088867188,683.7390187740824,675.9370175225109,683.0297459330305,4595609
2021-07-05,678.7741088867188,691.5410200256539,678.7741088867188,680.9019274098747,7408825
2021-07-06,680.2496948242188,693.5300576298977,678.7740989569211,691.3166638289512,6914325
2021-07-07,676.5607299804688,684.6765075483916,676.5607299804688,683.200911626951,5159765
2021-07-08,678.7741088867188,685.4142903866975,674.3473212200662,678.7741088867188,5934229
2021-07-09,678.0362548828125,685.4142337172283,672.1338718152798,675.0850633490461,5129084
2021-07-12,689.841064453125,694.2678520325034,686.152074803643,693.530054102607,5646291
2021-07-13,683.2008666992188,696.481229118858,683.2008666992188,693.5300374700493,6948022
2021-07-14,686.1520385742188,692.0544217017389,682.4630491195186,685.4142406832786,3359604
2021-07-15,701.6458129882812,702.3836108988893,686.1520568655116,689.841046418552,7385920
2021-07-16,706.0726318359375,708.2860256661443,694.2678647415019,699.4324503453174,5866395
2021-07-19,678.0362548828125,697.2189998522936,675.0850633490461,694.2678083185273,6987035
2021-07-20,678.7741088867188,684.6764924422554,675.0851191645083,676.5607150533925,3114282
2021-07-21,672.8717041015625,686.8898646036785,668.4449165745785,683.2008749978585,4941452
2021-07-22,678.0362548828125,686.8898294841114,675.0850633490461,675.0850633490461,4204358
2021-07-23,688.365478515625,689.1032764561562,681.725297050844,687.6276805750938,4496889
2021-07-26,680.9874267578125,693.5299904142402,678.7740331713841,693.5299904142402,4293853
2021-07-27,692.054443359375,699.4324224996669,681.7252725629664,684.6764642190832,7973169
2021-07-28,656.6401977539062,687.6277127040906,654.4268038288931,686.8899147290862,16290546
2021-07-29,688.365478515625,689.8410743966874,666.2315402996885,675.0851155860631,9074984
2021-07-30,671.3961791992188,691.3167251754594,669.1827852018587,689.8411291772193,5727104
2021-08-02,689.1032104492188,689.1032104492188,678.774040271179,681.725231750619,3940140
2021-08-03,692.054443359375,699.4324224996669,686.1520600471416,699.4324224996669,2919205
2021-08-04,700.9080200195312,703.1214137669613,694.2678387772409,699.4324241879111,6059477
2021-08-05,709.0238037109375,711.2371974790258,702.3836224066728,708.2860057882414,6733053
2021-08-06,690.578857421875,706.0726138383915,689.841059497279,705.3348159137954,3774421
2021-08-09,679.5118408203125,684.6764259296959,672.1338620926218,684.6764259296959,4368676
2021-08-10,680.2496948242188,686.1520782934094,675.8229072223257,686.1520782934094,2445401
2021-08-11,671.3961791992188,675.8229671939389,668.4449872027387,673.6095731965788,4502303
2021-08-12,666.9693603515625,680.9875216863852,664.7559664565905,680.9875216863852,4215356
2021-08-13,671.3961791992188,675.8229671939389,664.7559972071386,670.6583812000988,4646391
2021-08-16,664.7559814453125,677.2985471329598,664.0181834636861,671.3961632799493,3692905
2021-08-17,664.7559814453125,664.7559814453125,664.7559814453125,664.7559814453125,0
2021-08-18,672.8717041015625,672.8717041015625,638.1952018068548,641.8841914126748,6008564
2021-08-19,655.1644897460938,674.3472338152362,650.7377026532148,669.9204467223572,5483659
2021-08-20,644.0975952148438,666.9693311273984,641.8842014168546,663.2803414640831,5459224
2021-08-23,672.1338500976562,675.0850415360653,650.7377121691908,650.7377121691908,5262045
2021-08-24,670.6583251953125,678.7741025079071,666.2315375702609,678.7741025079071,2822689
2021-08-25,672.1338500976562,675.0850415360653,664.0180736420315,675.0850415360653,3927236
2021-08-26,655.1644897460938,669.1826488735439,641.8841284674568,668.4448510247308,9234116
2021-08-27,661.0669555664062,661.0669555664062,644.097602912358,644.097602912358,5490911
2021-08-30,672.8717041015625,672.8717041015625,662.5425332052666,665.4937248899226,4109689
2021-08-31,664.7559814453125,676.5607491513335,652.9512137392913,676.5607491513335,7520536
2021-09-01,683.9386596679688,686.1520533885771,668.4449036237105,676.5606805992744,9142513
2021-09-02,688.365478515625,697.2190538019996,683.9386908724377,686.1520846940314,5703535
2021-09-03,678.0362548828125,692.0544146682025,676.5606591159293,692.0544146682025,5908319
2021-09-06,661.0669555664062,676.5607123374939,660.3291576249259,669.1827329226903,8142260
2021-09-07,666.2315063476562,669.1826979593845,661.8047189300638,664.7559105417921,3726008
2021-09-08,672.8717041015625,674.3472999438906,660.3291394417746,663.2803311264306,4347700
2021-09-09,664.7559814453125,669.9205673166966,662.5425875004335,666.231577408565,6296716
2021-09-10,682.4630737304688,682.4630737304688,665.4937216269004,666.2315195444468,4767470
2021-09-13,683.9386596679688,687.627649202316,677.2984785061439,677.2984785061439,2943072
2021-09-14,698.6946411132812,700.170236976245,687.6276721410541,687.6276721410541,8030381
2021-09-15,689.841064453125,697.2190437520889,684.6764789438503,695.7434478922961,5098265
2021-09-16,690.578857421875,690.578857421875,683.2008781759148,686.152069874299,2831392
2021-09-17,693.5300903320312,702.3836659532913,690.5788984582779,693.5300903320312,7222343
2021-09-22,672.1338500976562,682.4630201320879,664.0180736420315,677.2984351148721,8331836
2021-09-23,675.085205078125,679.5119933081455,667.7072246947575,678.0363972314719,5235288
2021-09-24,678.7741088867188,680.987502720045,672.871725331182,677.2985129978346,4824937
2021-09-27,707.5482177734375,707.5482177734375,679.51189631839,679.51189631839,10615379
2021-09-28,706.0726318359375,714.9262071567643,697.2190565151108,707.548227722742,7201265
2021-09-29,673.6094360351562,695.7433715018099,673.6094360351562,693.5299779551444,8299794
2021-09-30,667.7070922851562,675.0850712054342,661.0669112569061,673.6094754213786,7633321
2021-10-01,652.951171875,667.7071305614406,650.7377780720338,667.7071305614406,6270815
2021-10-04,658.11572265625,663.2803079237317,647.7865521212864,658.11572265625,4562934
2021-10-05,639.6707763671875,647.7865532299777,630.8172016077801,643.359765850274,8653551
2021-10-06,642.6219482421875,656.6401078479298,642.6219482421875,645.5731397381332,5342508
2021-10-07,672.1338500976562,674.3472436764631,651.4755100287931,652.9511057479976,6379657
2021-10-08,671.3961791992188,682.4631491860191,668.4449872027387,678.036361191299,4246459
2021-10-12,654.4268188476562,669.9205766783223,652.9512228637833,669.1827786863859,6289120
2021-10-13,635.9818725585938,658.8536104348309,635.9818725585938,657.3780144428156,5526679
2021-10-14,619.750244140625,644.0975751604353,619.0124462309338,641.8841814313616,8578196
2021-10-15,632.292724609375,633.768320232734,624.9147464925794,629.3415333626567,6129997
2021-10-18,639.6707763671875,647.7865532299777,634.5061910908665,635.9817868841011,5973592
2021-10-19,662.54248046875,664.0180761936247,643.3597360453786,647.0487253575654,5917354
2021-10-20,664.7559814453125,677.2985471329598,664.7559814453125,671.3961632799493,4486883
2021-10-21,673.6094360351562,681.7252123729293,666.2314575462717,672.8716381862678,5875235
2021-10-22,683.2008666992188,683.2008666992188,668.4449084551751,673.6094938405904,4483378
2021-10-25,692.054443359375,696.4812308435502,675.8228892507329,684.6764642190832,5129397
2021-10-26,697.9568481445312,702.3836357648983,693.5300605241642,701.6458378281704,6282515
2021-10-27,695.005615234375,706.810381522857,687.6276363040738,700.1702004855858,7944259
2021-10-28,690.578857421875,698.6946345924313,683.9386761005109,695.0056449694512,3776228
2021-10-29,673.6094360351562,692.7921801062561,673.6094360351562,692.0543822573676,5373611
2021-11-01,680.2496948242188,686.1520782934094,676.5607051559746,682.4630886251653,2927412
2021-11-02,684.676513671875,689.103301475788,678.0363319660056,685.4143116391939,2920555
2021-11-03,687.627685546875,692.7922711679353,685.4142917092778,689.1032814386066,3049201
2021-11-04,684.676513671875,697.2190791162951,683.2009177372373,697.2190791162951,2340539
2021-11-05,693.5300903320312,693.5300903320312,683.938716742333,692.7922923635929,3449046
2021-11-08,723.0419921875,725.2553860411352,696.4812659438776,698.6946597975128,10466167
2021-11-09,721.5663452148438,737.7978989926828,720.0907494168584,737.7978989926828,6868045
2021-11-10,706.8103637695312,721.5663212595007,706.8103637695312,717.1395340125098,3495810
2021-11-11,703.8592529296875,708.2860406839623,690.5788896668632,690.5788896668632,3783645
2021-11-12,725.25537109375,728.9443607737792,705.3348268215921,711.2372103096388,4282008
2021-11-15,756.2428588867188,763.6208379978087,737.797911108994,745.1758902200839,11093470
2021-11-16,763.620849609375,770.998828832654,745.1759015511775,756.242870386096,5633120
2021-11-17,759.931884765625,793.1327923524727,752.5539053018811,782.0658231568568,6797429
2021-11-18,800.5107421875,811.5777109735022,774.6878150201612,782.0657942108295,12481999
2021-11-19,804.1997680664062,826.3337066370414,782.0658294957713,822.6447168752688,9960213
2021-11-22,796.8217163085938,818.9556528727214,796.8217163085938,811.5776740180122,4887612
2021-11-23,778.3767700195312,804.1996960391366,774.6877805881591,789.4437383136478,6036742
2021-11-24,767.3098754882812,782.0658346322866,756.2429061302772,770.9988652742826,4207454
2021-11-25,763.620849609375,778.376808055933,752.5538807744565,770.998828832654,2988005
2021-11-26,741.4869384765625,756.2428974512205,734.8467569379665,752.553907707556,4249254
2021-11-29,759.931884765625,759.931884765625,731.1577648570237,736.3223504816444,3787113
2021-11-30,745.1759033203125,782.0657995242883,745.1759033203125,774.6878202834931,8133035
2021-12-01,785.7547607421875,789.4437502292401,745.1758763846098,752.5538553587148,6353875
2021-12-02,796.8217163085938,800.5107057359484,767.309800889757,770.9987903171116,7112276
2021-12-03,782.0657348632812,804.1996707556383,778.3767455478884,796.8216921248526,4662507
2021-12-06,800.5107421875,800.5107421875,767.3098358294931,782.0657942108295,4605648
2021-12-07,785.7547607421875,796.8217292033451,774.6877922810299,782.065771255135,6117755
2021-12-08,807.8887329101562,818.955701854131,796.8217639661815,800.5107536141732,7323171
2021-12-09,800.5107421875,811.5777109735022,793.1327629968317,807.8887213781682,2463930
2021-12-10,793.1326904296875,800.5106689453125,785.7547119140625,793.1326904296875,2943248
2021-12-13,793.1326904296875,807.8886474609375,789.443701171875,789.443701171875,3276917
2021-12-14,789.4437866210938,793.1327762782016,774.687827992662,789.4437866210938,4130770
2021-12-15,782.0657348632812,793.1327028094597,770.9987669171028,785.7547241786741,2981924
2021-12-16,804.1997680664062,804.1997680664062,793.1327987810888,800.5107783046337,3810497
2021-12-17,793.1326904296875,807.8886474609375,789.443701171875,793.1326904296875,4197118
2021-12-20,778.3767700195312,793.13272774502,778.3767700195312,789.4437383136478,3226773
2021-12-21,804.1997680664062,818.9557271134963,789.4438090193163,818.9557271134963,4406508
2021-12-22,800.5107421875,807.8887213781682,796.8217525921658,807.8887213781682,1329910
2021-12-23,807.8887329101562,815.2667122061395,800.5107536141732,804.1997432621647,2693726
2021-12-24,826.3336181640625,833.7115968976702,807.8886713300433,811.577660696847,4983433
2021-12-27,844.7786865234375,874.2906057032956,826.3337370360263,830.0227269335085,8440835
2021-12-28,866.9125366210938,870.6015261386302,852.1565785509474,855.845568068484,4928695
2021-12-29,874.2906494140625,885.3576196598101,863.2236791683149,870.6016593321466,5074409
2021-12-30,877.9796142578125,885.3575942095589,866.9126443301931,885.3575942095589,3809725
2022-01-03,848.4677734375,896.4246475883152,844.7787831182064,889.0466669497282,7374387
2022-01-04,859.5346069335938,866.9125863922512,844.7786480162789,859.5346069335939,6688764
2022-01-05,866.9125366210938,877.9795051737034,848.4675890334108,863.2235471035572,7020406
2022-01-06,837.4006958007812,852.1566551981518,818.955746554068,848.4676653488092,8129690
2022-01-07,811.5778198242188,844.7787306352095,804.1998396439986,833.7117603648793,8258414
2022-01-10,807.8887329101562,807.8887329101562,789.4437846701984,796.8217639661815,7069419
2022-01-11,796.8217163085938,807.8886845906576,785.75474802653,804.199695163303,4406422
2022-01-12,800.5107421875,807.8887213781682,789.4437734014977,807.8887213781682,3016339
2022-01-13,811.5778198242188,818.955800004439,800.5108495538885,804.1998396439986,5047874
2022-01-14,785.7547607421875,804.1997081774501,778.3767817680825,804.1997081774501,5581491
2022-01-17,822.6447143554688,826.3337041059417,789.4438066012121,793.1327963516851,5457933
2022-01-18,815.2667236328125,844.7786412303803,815.2667236328125,818.9557133325085,4858889
2022-01-19,811.5778198242188,826.3337801846591,804.1998396439986,807.8888297341086,4742173
2022-01-20,804.1997680664062,818.9557271134963,789.4438090193163,815.2667373517238,5235983
2022-01-21,789.4437866210938,796.8217659353095,778.3768176497699,782.0658073068779,5844178
2022-01-24,804.1997680664062,804.1997680664062,774.6878499722262,782.0658294957713,5048568
2022-01-25,800.5107421875,804.1997317828341,789.4437734014977,796.8217525921658,4466066
2022-01-26,793.1326904296875,807.8886474609375,789.443701171875,789.443701171875,5129604
2022-02-07,811.5778198242188,833.7117603648793,793.1328693736683,833.7117603648793,18787872
2022-02-08,807.8887329101562,830.0226707981058,804.1997432621647,830.0226707981058,8746495
2022-02-09,833.7117309570312,837.4007209170181,807.8888012371233,830.0227409970445,7950712
2022-02-10,855.8456420898438,859.5346319264379,830.0227132336847,841.0896827434672,8574392
2022-02-11,848.4677734375,863.2237347146739,844.7787831182064,848.4677734375,4989740
2022-02-14,815.2667236328125,830.0226824315964,811.5777339331165,826.3336927319004,5433143
2022-02-15,811.5778198242188,826.3337801846591,804.1998396439986,818.955800004439,3248639
2022-02-16,833.7117309570312,833.7117309570312,822.6447610770707,833.7117309570312,2903544
2022-02-17,833.7117309570312,837.4007209170181,826.3337510370576,833.7117309570312,3007009
2022-02-18,826.3336181640625,830.0226075308664,815.2666500636509,822.6446287972586,2500405
2022-02-21,833.7117309570312,837.4007209170181,818.9557711170838,822.6447610770707,3088278
2022-02-22,818.9556274414062,826.3336060670046,804.1996701902098,822.6446167542055,4745273
2022-02-23,826.3336181640625,826.3336181640625,811.577660696847,818.9556394304548,3540429
2022-02-24,782.0657348632812,815.2666387018168,778.3767455478884,807.888660071031,7867454
2022-02-25,800.5107421875,807.8887213781682,782.0657942108295,793.1327629968317,7091202
2022-03-01,811.5778198242188,826.3337801846591,807.8888297341086,815.2668099143289,5420606
2022-03-02,796.8217163085938,815.2666634453668,789.4437374538846,815.2666634453668,3632197
2022-03-03,796.8217163085938,811.5776740180122,785.75474802653,800.5107057359484,3799148
2022-03-04,756.2428588867188,782.0657857755336,756.2428588867188,782.0657857755336,6254448
2022-03-07,717.1395263671875,734.1088772997443,715.6639306339216,726.7308986334153,10685986
2022-03-08,710.4993896484375,727.4687416338104,695.7434314002871,697.2190272251022,7230258
2022-03-09,712.7127685546875,720.0907475252329,705.3347895841421,716.4017580399602,5981552
2022-03-10,734.1089477539062,741.4869271283173,724.5175745671718,730.4199580667007,5820879
2022-03-11,710.4993896484375,737.7979124075156,709.0237938236224,737.7979124075156,5586320
2022-03-14,696.4813232421875,719.3530616113694,689.1033431230965,717.8774655875512,8517631
2022-03-15,666.9693603515625,689.8410972662732,664.7559664565905,688.3655013362919,9349160
2022-03-16,669.1826782226562,686.889827370775,664.018093054455,686.1520294896035,7483037
2022-03-17,714.1884155273438,721.5663950265931,700.1702544787698,701.6458503786197,9344377
2022-03-18,714.9261474609375,718.6151368699207,704.5969771157846,716.4017432245307,6554769
2022-03-21,721.5663452148438,726.7309305077926,720.8285473158511,726.7309305077926,3910421
2022-03-22,719.35302734375,723.0420172275641,713.4506435296474,716.4018354366988,3925166
2022-03-23,720.8285522460938,734.1089145187955,720.0907543420548,728.9443291905226,4105013
2022-03-24,717.1395263671875,721.566313566985,713.4505370340229,721.566313566985,4654086
2022-03-25,716.4017944335938,720.0907841062693,711.975006826383,719.3529861717342,3500490
2022-03-28,711.2371826171875,711.2371826171875,697.9568202861611,700.908011915278,2654466
2022-03-29,672.8717041015625,701.6458230269583,666.2315228110866,686.8898646036785,12940484
2022-03-30,675.085205078125,680.987589384819,666.231628618084,672.8718109631147,11058276
2022-03-31,667.7070922851562,678.0362627735454,664.0181028250173,664.0181028250173,8375072
2022-04-01,664.0181274414062,666.9693191189236,658.8535420057508,664.0181274414062,9228783
2022-04-06,650.7376708984375,651.4754687112476,630.817129952567,633.030523390997,13328503
2022-04-07,627.128173828125,643.3597265625,627.128173828125,633.030556640625,12287176
2022-04-08,619.750244140625,633.7684044247583,615.3234566824777,627.8660211472285,12711666
2022-04-11,616.799072265625,624.9148495322779,613.8478805322967,619.0124660656213,6163957
2022-04-12,621.225830078125,625.6526174658551,612.3722553026648,619.7502342822149,7748278
2022-04-13,649.26220703125,650.737802956321,624.914874267578,626.3904701926491,10111374
2022-04-14,635.2440185546875,644.8353916571392,635.2440185546875,644.8353916571392,6220281
2022-04-15,613.8477783203125,628.6037345299353,613.1099805098313,627.8659367194542,7092675
2022-04-18,614.585693359375,622.7014708227041,610.1589056521046,610.1589056521046,3933699
2022-04-19,618.2747192382812,635.9818711019075,618.2747192382812,630.8172851416831,6253901
2022-04-20,631.5549926757812,631.5549926757812,620.4880243461822,624.9148116780218,5489289
2022-04-21,640.4086303710938,643.3598222161219,627.1282670684674,630.0794589134955,4505663
2022-04-22,630.0794677734375,632.2928616883324,624.1770840003842,625.6526799436475,5736473
2022-04-25,617.536865234375,618.2746631617756,613.1100776699709,614.5856735247722,5934807
2022-04-26,614.585693359375,617.536885164222,608.6833097496811,614.585693359375,6976630
2022-04-27,596.1407470703125,602.0431307046721,588.0249695730681,594.6651511617226,8488189
2022-04-28,610.8966674804688,629.3416151700965,605.732082127373,616.0612528335645,12449177
2022-04-29,612.372314453125,627.1282738375377,612.372314453125,627.1282738375377,6664286
2022-05-03,604.9942626953125,614.5856351526772,596.1406881192836,612.37224150867,8296427
2022-05-04,611.6343994140625,616.0611863820774,608.6832081020525,611.6343994140625,3551729
2022-05-05,620.488037109375,625.652622436088,617.5368454941105,621.9636329170073,5091069
2022-05-06,615.3235473632812,615.3235473632812,596.14079888433,596.8785969027513,5655744
2022-05-09,599.8297729492188,610.1589449311241,599.8297729492188,605.732156938879,3073344
2022-05-10,604.9942626953125,607.9454542206555,590.9761029499333,590.9761029499333,5843583
2022-05-11,611.6343994140625,613.1099950700675,599.8296341660227,600.5674319940252,3755757
2022-05-12,604.9942626953125,616.0612309153487,604.9942626953125,610.8966457459985,4101437
2022-05-13,621.963623046875,623.4392188310907,610.896654665258,613.1100483415814,4569731
2022-05-16,608.6832885742188,633.0306201171876,608.6832885742188,626.3904387872869,4950541
2022-05-17,620.488037109375,624.9148245322718,612.3722601673975,618.2746433979266,4006249
2022-05-18,630.8173217773438,630.8173217773438,623.439341405679,630.0795237401773,5390518
2022-05-19,623.439208984375,624.9148047452848,616.0612301798262,619.0124217016457,4799600
2022-05-20,624.177001953125,627.1281934517214,616.7990232066342,620.4880125798796,3499866
2022-05-23,621.963623046875,632.2927935363842,621.963623046875,630.0793998600608,3192724
2022-05-24,612.372314453125,625.6526778990964,612.372314453125,625.6526778990964,2917189
2022-05-25,621.963623046875,625.652612507414,609.4210588810424,614.585644125797,3229937
2022-05-26,614.585693359375,626.3904605787628,613.8478954081634,626.3904605787628,3458958
2022-05-27,627.8660278320312,628.6038257495777,618.2746549039274,621.2258465741132,3283990
2022-05-30,647.78662109375,647.78662109375,637.4574494589978,638.1952474329086,5134164
2022-05-31,667.7070922851562,667.7070922851562,639.6707723881,646.3109534163501,10189792
2022-06-01,667.7070922851562,672.8716775293509,661.0669112569061,666.2314965011007,5234259
2022-06-02,662.54248046875,668.4448633682489,661.8046826063127,663.2802783311873,3858451
2022-06-06,667.7070922851562,672.8716775293509,656.6401239047393,661.0669112569061,5605415
2022-06-07,656.6401977539062,664.7559754789545,656.6401977539062,664.0181775039501,5521169
2022-06-08,686.1520385742188,688.3654322470388,664.0181018460181,666.2314955188382,10296010
2022-06-09,681.7252807617188,689.841057913644,678.7740890701097,683.9386745304257,5894187
2022-06-10,686.1520385742188,689.1032301379788,674.3472723191784,675.0850702101184,4826273
2022-06-13,654.4268188476562,669.1827786863859,652.9512228637833,665.4937887267034,8704050
2022-06-14,649.26220703125,650.737802956321,638.9330355557528,641.8842274058949,6417629
2022-06-15,652.2133178710938,658.8534987091479,647.7865306457244,649.2621263875142,5010720
2022-06-16,644.0975952148438,669.9205228580505,641.1464034841915,668.4449269927245,4915525
2022-06-17,613.110107421875,631.5550565019555,613.110107421875,624.9148748331265,12964828
2022-06-20,619.750244140625,628.6038190569196,613.8478608630953,618.2746483212426,6893103
2022-06-21,640.4086303710938,640.4086303710938,624.9148731846964,635.2440446422946,7304422
2022-06-22,595.4028930664062,628.6037978842356,593.927297296725,625.652606344873,14514935
2022-06-23,558.9008178710938,600.270834868809,550.789049832326,592.970243633918,30393472
2022-06-24,543.4884643554688,564.5790614797107,542.6772875429979,553.2225861051189,14518315
2022-06-27,549.9779052734375,563.7679117478452,549.9779052734375,555.6561432334878,10153354
2022-06-28,528.076171875,549.9779485887096,524.0202872983871,543.488533266129,16181238
2022-06-29,536.1879272460938,541.8661655073988,519.1532124621785,522.3979200400671,13465426
2022-06-30,528.076171875,536.9991179435484,524.8314642137096,531.3208795362904,9682997
2022-07-01,496.4402770996094,531.3208848043205,494.81792325287864,528.8873540342244,10051624
2022-07-04,495.6291198730469,505.3632433402753,491.57323509503505,494.0067659618421,8976016
2022-07-05,498.8737487792969,511.04140118854804,484.2725658881955,506.1743402248476,8934695
2022-07-06,490.7620544433594,502.11853173626355,489.13970054437306,500.49617783727723,7663311
2022-07-07,515.9085083007812,517.5308621004692,491.5732013054614,496.44026270452537,8633974
2022-07-08,528.076171875,532.9432333669355,520.7755796370967,527.2649949596774,9061449
2022-07-11,516.7196655273438,532.1320260375785,515.0973117894243,531.3208491686188,5102748
2022-07-12,498.06256103515625,510.2302131777089,493.19550017813515,509.4190363682054,7334318
2022-07-13,514.2861328125,528.8873163939274,511.8526022155954,527.2649626626577,6616953
2022-07-14,524.0202026367188,528.887263342323,506.98549016710405,510.23019730417354,5473704
2022-07-15,525.642578125,528.8872853973766,517.5308099440587,524.0202244888117,7738288
2022-07-18,536.1879272460938,545.9220499797595,527.2649814069,528.8873351958443,7836261
2022-07-19,536.9990844726562,541.0549687964678,531.32084641932,533.754377013607,4680873
2022-07-20,544.2996826171875,557.2785126050786,541.0549751202146,551.6002744853763,8066906
2022-07-21,580.8026123046875,580.8026123046875,549.977892657232,552.4114231557154,11439799
2022-07-22,571.879638671875,584.858467350953,568.6349315021055,582.4249369736259,8280121
2022-07-25,558.089599609375,566.2013670455577,557.2784228657567,563.767836814703,5931222
2022-07-26,552.4114379882812,564.5790908074064,547.5443768606312,550.7890842790646,5330274
2022-07-27,549.166748046875,549.166748046875,535.3767410796713,536.1879179600951,6598262
2022-07-28,553.2225952148438,562.1455402989541,549.9778879115308,562.1455402989541,4665061
2022-07-29,554.0337524414062,569.4461115869211,548.3555148614796,559.7119900213328,6916095
2022-08-01,562.956787109375,564.5791409627161,546.7332485759637,554.8450178426693,6377879
2022-08-02,554.0337524414062,559.7119900213328,545.1108076729502,550.7890452528768,6108080
2022-08-03,556.4673461914062,558.9008768598818,549.9779310754715,555.6561693019144,3556948
2022-08-04,554.8449096679688,561.3343238161322,551.600202593887,558.9007935105709,3455237
2022-08-05,581.6138305664062,581.6138305664062,566.2014696448417,567.8238234260591,6982355
2022-08-08,575.1243896484375,584.0473350449577,572.6908590857502,578.3690970653539,5059785
2022-08-09,562.956787109375,572.6909102294219,559.7120794026928,569.4462025227396,5278814
2022-08-10,541.8661499023438,551.6002723556792,541.8661499023438,549.1667417423454,6321671
2022-08-11,543.4884643554688,548.3555252302938,537.8102266681727,543.4884643554688,9025318
2022-08-12,554.8449096679688,554.8449096679688,543.4884349086828,546.7331419827646,4446417
2022-08-15,572.6908569335938,575.1243874871359,556.4673199099792,558.0896736123407,4793921
2022-08-16,572.6908569335938,581.6138022965818,571.8796800824131,575.1243874871359,5340783
2022-08-17,570.2573852539062,576.7468007333248,567.012677514197,573.5020929936155,4656601
2022-08-18,569.4461669921875,571.8796976203593,560.5232213555578,569.4461669921875,4104406
2022-08-19,562.1455688476562,568.6349837838485,562.1455688476562,568.6349837838485,4021243
2022-08-22,549.166748046875,554.0338093294175,548.3555711664512,553.2226324489937,3039000
2022-08-23,548.3555297851562,550.7890602427826,539.4325847738593,541.8661152314858,3485299
2022-08-24,541.054931640625,554.0337605855276,541.054931640625,551.6002301583584,3956917
2022-08-25,543.4884643554688,549.1667020427647,540.2437571055854,543.4884643554688,2981905
2022-08-26,549.9779052734375,557.2784969363593,547.5443747191302,550.7890821248733,2900649
2022-08-29,529.698486328125,534.5655474582455,528.0761326180848,532.9431937482054,4654505
2022-08-30,532.9432373046875,535.3767680686359,525.6426450128425,529.6985296194231,4506040
2022-08-31,541.054931640625,544.2996388768506,528.8872795047789,531.3208099319481,4221631
2022-09-01,525.642578125,536.1878767602237,521.5866940345293,531.320815851659,7093281
2022-09-02,502.9296569824219,523.2090786349388,502.9296569824219,519.1531943044355,9474700
2022-09-05,511.8525390625,516.7195996558042,499.68488757923933,499.68488757923933,5842744
2022-09-06,510.230224609375,515.9084624031201,508.6078709540193,513.4749319200864,3988122
2022-09-07,502.1184387207031,506.98549951605725,494.0066707284462,502.9296155199288,5069764
2022-09-08,505.3631591796875,507.796689641227,500.49609825660866,504.5519823591744,3336148
2022-09-12,508.60791015625,520.7755635092703,507.79673326604865,514.2861483876595,5000340
2022-09-13,507.7967529296875,515.9085221458167,506.9855760080746,511.8526375377521,4327108
2022-09-14,498.8737487792969,500.4961024338637,488.32845002461255,489.13962685189597,6129131
2022-09-15,499.6849365234375,502.92964390345986,495.62905229840965,495.62905229840965,3490200
2022-09-16,486.70611572265625,495.6290611775716,486.70611572265625,492.3843537394206,7961748
2022-09-19,489.9508361816406,495.62907434930867,487.5173055383543,491.5731899438315,4262713
2022-09-20,490.7620544433594,495.62911614031833,489.13970054437306,492.3844083423457,3209089
2022-09-21,490.7620544433594,494.81793919082514,487.51734664538674,494.81793919082514,4305556
2022-09-22,479.405517578125,486.7061092163705,476.16081018334916,485.0837555189826,5520105
2022-09-23,470.4825744628906,481.83905039820183,470.4825744628907,479.4055198406351,4137245
2022-09-26,461.5595397949219,467.2377766641037,457.50365631693484,464.80424657731146,5078590
2022-09-27,460.7484130859375,465.6154737875495,456.6925291679275,463.1819434367435,4395712
2022-09-28,442.0914001464844,467.23788345756884,442.0914001464844,463.99317593355795,7153489
2022-09-29,440.4690246582031,456.69256147802645,438.0354941352296,452.6366772730706,7957861
2022-09-30,446.9584655761719,449.39199624174086,432.35728158275793,434.7908122483269,5765497
2022-10-03,444.52490234375,451.0143169765055,438.84666454008897,440.46901819827787,3207800
2022-10-04,464.8043518066406,464.8043518066406,457.50375989344735,457.50375989344735,4417460
2022-10-05,485.8948669433594,493.1954575986018,480.21662976705966,483.4613367249452,9523847
2022-10-06,476.16082763671875,489.95083456997975,474.5384738798645,489.13965769155266,6813772
2022-10-07,459.1261291503906,472.1049596564087,457.50377533713834,471.2937827497826,5990213
2022-10-11,448.58074951171875,458.3148706584468,438.84662836499064,442.90251217612735,8035781
2022-10-12,445.3360900878906,451.8255048796996,438.8466752960817,451.8255048796996,6779101
2022-10-13,441.2801818847656,449.3919499341179,436.41312105515425,446.147242714377,6734775
2022-10-14,474.5384826660156,476.9720133463542,453.44788343641494,455.8814141167535,9168365
2022-10-17,468.86016845703125,470.482521981104,458.3148705505582,460.7484008366674,6538416
2022-10-18,476.9720153808594,482.6502536592029,467.2378926179847,481.0278998653905,6492274
2022-10-19,468.0490417480469,479.4055176310151,468.0490417480469,474.5384565383144,5843559
2022-10-20,462.3708190917969,462.3708190917969,452.63669658460117,459.1261115893983,8517491
2022-10-21,459.937255859375,469.6713776765046,458.3149022231867,459.937255859375,4956286
2022-10-24,476.9720153808594,483.4614305561092,474.5384846901407,476.1608384839531,5684321
2022-10-25,456.69256591796875,480.21669453541296,456.69256591796875,479.4055176865356,6381937
2022-10-26,469.67138671875,472.1049172198834,458.31491104679407,461.5596183816386,6518295
2022-10-27,477.7831726074219,480.21670319795203,472.91611142636157,477.7831726074219,6051076
2022-10-28,458.3149719238281,474.5385107529902,457.50379498237004,472.10497992861593,6036461
2022-10-31,478.5943603515625,489.9508366988877,467.2378840042373,474.5384759418035,16334090
2022-11-01,485.8948669433594,489.9507506407163,478.5942762881169,480.21662976705966,7663380
2022-11-02,485.8948669433594,492.38428085913046,481.0278065065311,482.6501599854738,6657914
2022-11-03,486.70611572265625,488.3284694417318,476.16081654866537,476.16081654866537,6358739
2022-11-04,484.2725830078125,486.706113575691,475.3496375922582,486.706113575691,4370544
2022-11-07,502.9296569824219,505.3631875807239,487.5172965265089,493.1955345892137,8093011
2022-11-08,502.9296569824219,512.66377937563,499.68494951801915,512.66377937563,7837433
2022-11-09,527.2649536132812,532.1320147235576,507.79670917217544,509.41906287560096,12019117
2022-11-10,535.3766479492188,535.3766479492188,519.9642899021958,525.6425270774148,7154267
2022-11-11,567.8237915039062,567.8237915039062,551.6002546037947,566.2014378138952,15760682
2022-11-14,565.3902587890625,575.9355577334783,562.9567282634281,571.8796735240876,9563892
2022-11-15,585.669677734375,596.2149766409497,567.8237872770949,571.0684946329641,13610403
2022-11-16,591.347900390625,598.6484917534722,583.2361322096837,593.7814308449074,9978727
2022-11-17,588.1032104492188,600.2708630792025,580.8026188712284,600.2708630792025,6790953
2022-11-18,585.669677734375,601.8932145137206,580.8026167005713,593.7814461240478,5407566
2022-11-21,584.0472412109375,585.6695946587457,575.1242972479927,580.8025343153212,4344910
2022-11-22,578.3690185546875,579.9913720429195,570.2572511135278,573.5019580899917,6221790
2022-11-23,571.879638671875,585.6696441433953,571.879638671875,585.6696441433953,3108090
2022-11-24,590.5366821289062,597.0260962182349,576.7466771890829,579.9913842337472,7357285
2022-11-25,589.7255249023438,597.0261159946699,586.4808177501989,591.3478784784162,5668842
2022-11-28,570.2573852539062,583.2362162127434,570.2573852539062,570.2573852539062,5409513
2022-11-29,578.3690185546875,582.4249022752674,563.7678371606,563.7678371606,5090965
2022-11-30,594.5926513671875,598.6485357557768,576.7467600573947,579.1802906905483,9170864
2022-12-01,601.08203125,613.2496837044534,598.6485007591093,608.3826227226721,6799631
2022-12-02,599.459716796875,606.7603087470399,592.15912484671,592.15912484671,4024014
2022-12-05,599.459716796875,612.4385469305015,599.459716796875,599.459716796875,4458434
2022-12-06,588.1032104492188,603.5155704471982,584.0473262392242,599.4596862372036,4949511
2022-12-07,580.8026123046875,590.5367342986208,578.3690818062042,581.6137891375153,5243678
2022-12-08,571.879638671875,588.1031745207225,571.879638671875,587.2919977282801,4093975
2022-12-09,591.347900390625,591.347900390625,576.7467176649305,579.1802481192129,4352527
2022-12-12,577.5579223632812,580.8026297922885,571.8796843625187,579.9914529350367,4940725
2022-12-13,575.1243896484375,585.6696887534159,574.3132127942084,581.6138044822703,5634859
2022-12-14,582.425048828125,587.2921105174966,579.1803410352106,581.6138718798964,4944047
2022-12-15,552.4114379882812,572.6908593534898,552.4114379882812,570.2573287896648,13507515
2022-12-16,535.3766479492188,539.4325316458037,528.0760572953658,529.6984107739997,12668262
2022-12-19,532.1320190429688,536.999080192752,527.2649578931855,527.2649578931855,6529791
2022-12-20,524.0202026367188,535.3766776164618,524.0202026367188,527.2649097737882,5800713
2022-12-21,530.5097045898438,536.1879430181755,524.020289243179,526.4538199981783,4667715
2022-12-22,536.1879272460938,541.8661655073988,536.1879272460938,539.4326348239823,4043075
2022-12-23,535.3766479492188,536.1878246885358,525.6425270774148,528.0760572953658,2381097
2022-12-26,528.076171875,536.1879410282259,528.076171875,536.1879410282259,1464464
2022-12-27,532.1320190429688,538.6214339093464,529.6984884680771,530.5096653263743,1927473
2022-12-28,517.53076171875,526.4537058863147,503.7407570961501,526.4537058863147,8725713
2022-12-29,510.230224609375,511.8525782647307,505.3631636433078,511.04140143705285,3623909
2022-12-30,506.98553466796875,519.1531875,506.98553466796875,515.0973032226563,2332797
2023-01-03,522.3978271484375,523.209003898668,503.74076189313615,505.3631153935971,4451795
2023-01-04,515.9085083007812,522.3979234995332,515.0973314009373,518.3420390003132,2734185
2023-01-05,511.8525390625,519.9643067180072,506.98547846919575,517.530776421355,5231120
2023-01-06,535.3766479492188,535.3766479492188,514.2860527269768,514.2860527269768,6890898
2023-01-09,547.5443115234375,547.5443115234375,539.4325439453124,544.2996044921875,6953372
2023-01-10,562.956787109375,564.5791409627161,552.4114870626576,554.8450178426693,8579851
2023-01-11,573.5020751953125,573.5020751953125,562.9567753685245,567.8238368270421,6807896
2023-01-12,579.9913940429688,584.047277917395,574.3131566187718,575.9355101685424,6154916
2023-01-13,562.956787109375,588.9144487628332,560.5232563293633,585.669741056151,6607197
2023-01-16,571.0685424804688,577.5579577359287,568.6350117596713,573.5020732012662,4831796
2023-01-17,562.1455688476562,575.1243987200409,562.1455688476562,572.6908681189688,4423459
2023-01-30,599.459716796875,599.459716796875,575.1244102963252,595.4038323801167,14092868
2023-01-31,582.425048828125,610.0050650678969,580.8026949316678,595.4038799997824,10849696
2023-02-01,587.2919921875,590.5366993266574,582.4249314787638,587.2919921875,5742796
2023-02-02,605.9490966796875,610.8161576971951,597.837328317175,605.9490966796875,11004915
2023-02-03,609.1937255859375,610.8160790495485,601.0819582678824,601.893134999688,6331833
2023-02-06,592.97021484375,607.5713966046084,592.1590380792578,604.3266895466398,7504061
2023-02-07,581.6138305664062,599.4597221597967,580.8026536757976,599.4597221597967,7083578
2023-02-08,603.5155639648438,605.949094464702,588.1032041324082,588.9143809656942,7726469
2023-02-09,607.5714721679688,607.5714721679688,597.0261729180575,600.2708803795687,3943535
2023-02-10,600.2708129882812,607.5714039570577,599.4596362139728,607.5714039570577,3178891
2023-02-13,592.97021484375,597.8372754307028,588.9143310212893,596.2149219017185,4083761
2023-02-14,593.781494140625,601.893263186262,592.9703172360613,597.8373786634435,3253855
2023-02-15,575.935546875,592.1590834066901,574.313193221831,592.1590834066901,6560069
2023-02-16,576.7467041015625,582.4249416946863,572.6908201064742,580.8025880966509,5055383
2023-02-17,586.4808349609375,586.4808349609375,573.5020059714839,574.3131827833247,3496855
2023-02-20,588.914306640625,593.7813670260847,583.2360695242553,588.103129909715,2557688
2023-02-21,588.1032104492188,595.403802027209,587.2920336072198,590.5367409752155,2680312
2023-02-22,578.3690185546875,585.6696092517312,578.3690185546875,582.4249022752674,4226425
2023-02-23,604.3267211914062,604.3267211914062,585.6696546311347,587.2920082450713,7415265
2023-02-24,586.4808349609375,610.0049625043223,586.4808349609375,609.1937856924815,8014012
2023-03-01,641.640869140625,644.8855764434853,592.9702595977204,597.837320552011,15610514
2023-03-02,628.6620483398438,640.8297008883569,627.0396946667087,640.8297008883569,9407400
2023-03-03,628.6620483398438,640.0185240517893,625.4173409935736,631.0955788495464,6400777
2023-03-06,635.962646484375,644.8855917794364,630.2844085693359,636.7738233293807,7426468
2023-03-07,639.2073974609375,640.8297512615998,635.1515129592818,640.0185743612686,5137242
2023-03-08,622.9837646484375,635.9625930786133,620.5502343177795,634.3402395248413,8327224
2023-03-09,622.172607421875,628.6620218408776,622.172607421875,623.7949610266256,5235081
2023-03-10,613.2496948242188,617.3055790492467,610.816164289202,615.6832253592355,5780275
2023-03-13,619.7391357421875,619.7391357421875,602.7044212780698,613.2497207082379,4934528
2023-03-14,617.3055419921875,622.98377956636,607.5714204364631,607.5714204364631,4970598
2023-03-15,614.8720092773438,627.0396611759719,614.0608324841019,621.3614236232788,5204405
2023-03-16,613.2496948242188,620.550286429269,606.7602800641741,609.1938105991909,5857200
2023-03-17,627.039794921875,630.2845027869299,621.3615561580287,624.6062640230838,6673769
2023-03-20,624.6061401367188,632.7179081904424,622.983786525974,627.0396705528359,5239975
2023-03-21,625.4173583984375,631.906773271573,618.927943525302,629.4732426941472,5224780
2023-03-22,633.529052734375,636.773759790633,629.4731689140525,630.284345678117,5008621
2023-03-23,643.26318359375,644.0743603700347,631.0955319494798,632.7178855020492,4688952
2023-03-24,640.8296508789062,644.074357971964,636.773767012584,640.8296508789062,4299481
2023-03-27,632.7179565429688,640.8297252165966,631.906779675606,640.0185483492338,3000386
2023-03-28,621.3613891601562,632.7178636356682,621.3613891601562,628.661979894414,3940649
2023-03-29,627.039794921875,628.6621488544025,620.550379191765,627.8509718881387,2913723
2023-03-30,631.0956420898438,635.1515266791101,628.6621113362839,632.7179959255503,2970689
2023-03-31,638.396240234375,640.0185940850341,631.0956479064088,631.0956479064088,4356288
2023-04-06,610.816162109375,630.2844063200323,609.1938084251535,627.8508757937002,8692104
2023-04-07,607.5714721679688,610.0050027641022,602.704410975702,607.5714721679688,4322843
2023-04-10,601.893310546875,608.3827262940111,599.4597796416989,606.7603723572271,5720960
2023-04-11,613.2496948242188,615.6832253592355,602.7043958391463,602.7043958391463,4506545
2023-04-12,614.8720092773438,616.4943628638275,610.0049485178924,613.24965569086,3537841
2023-04-13,608.3826904296875,616.4944596354167,607.5715135091145,615.6832827148438,5072055
2023-04-14,606.7603149414062,614.8720838577352,605.1379611581405,611.6273762912036,4358117
2023-04-17,575.1243896484375,575.9355665026666,562.9567368350009,571.8796822315211,14011693
2023-04-18,558.089599609375,570.2572507636492,555.6560693785202,569.4460740200309,13970100
2023-04-19,547.5443115234375,555.6560791015625,547.5443115234375,553.222548828125,10748670
2023-04-20,545.9219970703125,554.8449420447158,536.1878752800543,536.1878752800543,9881462
2023-04-21,539.4326171875,550.7890933388159,539.4326171875,548.3555627349624,5084036
2023-04-24,548.3555297851562,552.4114138812002,537.8102311354417,537.8102311354417,4674121
2023-04-25,527.2649536132812,549.9779054612379,527.2649536132812,549.9779054612379,8340199
2023-04-26,526.4536743164062,528.8872043979922,517.5307306839248,519.9642607655106,7111965
2023-04-27,536.9990844726562,541.0549687964678,529.6984926897953,530.5096695545577,4627385
2023-04-28,539.4326171875,546.7332089990601,537.8102634515977,541.8661477913535,6381645
2023-05-02,544.2996826171875,545.9220363656739,530.5096757550531,530.5096757550531,6341076
2023-05-03,551.6002197265625,551.6002197265625,541.8660982019761,546.7331589642693,6487920
2023-05-04,541.8661499023438,546.7332111290115,540.2437961601212,546.7332111290115,5568985
2023-05-05,547.5443115234375,549.9778417968749,545.11078125,547.5443115234375,3164748
2023-05-08,547.5443115234375,554.8449023437499,546.733134765625,552.4113720703125,2957572
2023-05-09,549.166748046875,552.41145556857,546.7332174056038,552.41145556857,2163899
2023-05-10,541.8661499023438,549.1667417423454,540.2437961601212,549.1667417423454,3766277
2023-05-11,541.8661499023438,546.7332111290115,538.6214424178986,540.2437961601212,3130043
2023-05-12,545.9219970703125,548.355527517877,536.1878752800543,545.9219970703125,5100737
2023-05-15,551.6002197265625,553.2225733139935,545.9219821705537,548.3555125517004,3589435
2023-05-16,551.6002197265625,558.0896340762868,551.6002197265625,558.0896340762868,3763602
2023-05-17,555.6560668945312,558.9007738544993,549.1666529745951,551.6001831945712,7787494
2023-05-18,558.9008178710938,562.9567018904776,555.6561106555866,559.7119946749705,4371571
2023-05-19,566.201416015625,566.201416015625,559.7120015054172,560.5231783191932,4968629
2023-05-22,571.879638671875,575.1243458416444,568.6349315021055,569.4461082945478,4440987
2023-05-23,580.8026123046875,585.6696733016541,574.3131976420653,575.9355513077209,5240558
2023-05-24,576.7467041015625,578.3690576995979,568.6349361113859,578.3690576995979,5640355
2023-05-25,574.313232421875,582.425001241393,572.6908786579713,574.313232421875,4666860
2023-05-26,592.1590576171875,597.8372951559825,574.3131682095462,574.3131682095462,10749900
2023-05-29,598.6484985351562,614.8720350808245,598.6484985351562,612.4385045989742,10036727
2023-05-30,618.9279174804688,627.0396857305404,614.0608565304258,615.6832101804401,16298604
2023-05-31,615.6832275390625,622.172642322083,606.7602822124095,614.0608738433074,12027736
2023-06-01,606.7603149414062,617.305614532634,606.7603149414062,612.4385531828366,6202943
2023-06-02,609.1937255859375,618.1166696357981,608.382548854132,611.627255781354,6399171
2023-06-05,615.6832275390625,622.172642322083,614.0608738433074,614.0608738433074,5242068
2023-06-06,614.0609130859375,619.7391513839581,610.0050285873514,616.4944437850892,4171308
2023-06-07,622.9837646484375,623.7949414253235,613.2496433258057,615.6831736564636,5292636
2023-06-08,622.9837646484375,628.6620020866394,618.9278807640076,624.6061182022095,7246478
2023-06-09,619.7391357421875,624.6061970176497,617.3056051044564,622.9838432591623,4570550
2023-06-12,622.172607421875,623.7949610266256,618.9279002123737,623.7949610266256,3852674
2023-06-13,631.90673828125,634.3402687239249,622.9837933247753,624.6061469532253,7182494
2023-06-14,632.7179565429688,634.3403102776944,629.4732490735176,633.5291334103316,5287535
2023-06-15,621.3613891601562,631.9066868874174,620.5502124119054,630.2843333909157,7917545
2023-06-16,609.1937255859375,620.5501998312146,609.1937255859375,616.494316172187,10097247
2023-06-19,636.7738647460938,643.2632799282196,619.7391498930135,623.7950343818421,19694676
2023-06-20,620.61328125,651.1499694735891,620.61328125,635.8816253617945,24572675
2023-06-21,622.4096069335938,625.1040208164231,613.4282273241623,618.8170550898212,11451567
2023-06-26,615.224365234375,619.7150540317062,615.224365234375,617.9187785127737,4552895
2023-06-27,611.6318969726562,617.918862139776,610.7337590916391,610.7337590916391,4553912
2023-06-28,624.205810546875,626.002086260679,615.2244319778553,621.5113969761691,4150494
2023-06-29,625.10400390625,633.1872453360721,624.2058659696031,632.2891073994252,4275815
2023-06-30,617.9188232421875,621.5113745401072,616.1225475932276,621.5113745401072,4338115
2023-07-03,620.61328125,626.9002464725037,619.7151433610709,621.5114191389291,2906690
2023-07-04,628.6964721679688,630.4927478027344,620.6132318115234,625.1039208984375,3753123
2023-07-05,626.0020751953125,631.3909022414701,625.1039373542862,631.3909022414701,3610090
2023-07-06,619.715087890625,627.7983281674592,617.9188122735507,621.5113635076992,4200756
2023-07-07,612.530029296875,616.1225807883523,610.7337535511364,616.1225807883523,4297744
2023-07-10,604.44677734375,616.1225694766902,604.44677734375,610.7337423384101,5647752
2023-07-11,616.1226196289062,617.0207575583944,607.1412403340242,612.5300679109534,3372502
2023-07-12,615.224365234375,618.81691627224,610.7336764370438,618.81691627224,3890508
2023-07-13,610.7337646484375,622.4095572078929,610.7337646484375,621.511419318704,5058111
2023-07-14,621.5114135742188,626.9002408595444,615.2244484080056,616.1225862888932,6044895
2023-07-17,613.4281005859375,621.5113405643759,611.6318250351734,621.5113405643759,4271120
2023-07-18,613.4281005859375,616.1225139120836,608.9374117090273,610.7336872597914,4684651
2023-07-19,625.10400390625,627.7984177161907,618.8170383497215,619.7151762863685,6185652
2023-07-20,621.5114135742188,626.0021029786568,618.816999931556,626.0021029786568,2484977
2023-07-21,612.530029296875,613.4281671697444,585.5858931107955,608.0393399325285,11417157
2023-07-24,606.2429809570312,619.7150472005209,604.4467054578994,609.8355319552952,7400747
2023-07-25,597.2616577148438,609.8355873509457,597.2616577148438,606.2430360263452,6931420
2023-07-26,588.2802734375,601.7523407681298,587.3821356154581,597.2616516579199,6972659
2023-07-27,590.9747314453125,593.669145114516,587.3821798863744,590.9747314453125,4674341
2023-07-28,590.9747314453125,598.1598345631886,588.280317776109,592.7710072247816,4178929
2023-07-31,619.715087890625,626.900190358922,614.3262610394022,620.6132256991622,16722852
2023-08-01,640.3722534179688,642.1685290236293,624.2057729670242,628.6964619811755,13914572
2023-08-02,636.77978515625,646.6593022743301,632.2890955571228,639.4741989157264,8947248
2023-08-04,634.0853271484375,638.5760164341913,627.7983621483821,637.6778785770406,6732210
2023-08-07,634.0853271484375,639.4741542913421,631.3909135769852,636.7797407198898,3488590
2023-08-08,619.715087890625,633.187155018682,619.715087890625,633.187155018682,5604493
2023-08-09,629.5946655273438,630.492803423959,616.1225970781138,618.8170107679598,3176525
2023-08-10,622.4096069335938,631.3909865430251,617.9189171288781,630.4928485820819,4319324
2023-08-11,609.8355712890625,618.8169493640119,606.2430200590828,617.918811556517,4857156
2023-08-14,603.5486450195312,604.4467828841437,598.1598178318568,603.5486450195312,3498430
2023-08-15,608.9375,614.3263274336283,607.1412241887905,612.5300516224189,2734494
2023-08-16,618.8169555664062,626.900195914879,613.4281286674245,626.900195914879,5944886
2023-08-17,605.3449096679688,611.6318746051732,604.4467718197967,610.7337367570011,4594977
2023-08-18,605.3449096679688,609.8355989088291,600.8542204271084,601.7523582752805,3179069
2023-08-21,600.8541870117188,609.8355649939567,599.0579114152712,608.9374271957329,2683227
2023-08-22,603.5486450195312,612.5300236656552,599.9560935610816,606.2430586133684,3686021
2023-08-23,602.6505126953125,607.1412020596591,601.7523748224432,603.5486505681819,2048921
2023-08-24,620.61328125,621.5114191389291,610.7337644717801,612.5300402496382,5599510
2023-08-25,623.3076782226562,624.2058160875304,617.0207131685372,621.511402492908,5624927
2023-08-28,629.5946655273438,636.7797687002663,626.9002518374978,628.6965276307284,5872295
2023-08-29,637.6778564453125,643.0666834011884,630.492753837478,641.2704077492298,5186169
2023-08-30,636.77978515625,642.1686126752028,630.4928197174718,641.2704747553773,4253988
2023-08-31,633.1871948242188,641.2704356092088,632.2890569592198,633.1871948242188,5761753
2023-09-01,637.6778564453125,639.4741320972711,629.5946160114987,634.9834429673746,2955148
2023-09-04,638.5759887695312,640.3722644060138,633.1871618600837,640.3722644060138,2380158
2023-09-05,644.863037109375,644.863037109375,638.5760715665259,639.4742095012186,4791289
2023-09-06,639.4741821289062,648.4555610913909,639.4741821289062,647.5574231951424,3074614
2023-09-07,643.9649047851562,644.8630427276739,635.8816633024974,636.779801245015,3205892
2023-09-08,636.77978515625,637.6779230760754,629.5946817976463,633.1872334769482,4421983
2023-09-11,641.2703857421875,642.1685235373446,635.8815589712448,642.1685235373446,2101421
2023-09-12,653.8442993164062,654.7424370901925,636.7796816144671,637.6778193882534,6513877
2023-09-13,657.4369506835938,668.214605612833,654.7425369512839,663.7239160589833,9197173
2023-09-14,658.3350830078125,660.1313588141095,651.149979782625,660.1313588141095,5527046
2023-09-15,685.2791748046875,685.2791748046875,661.9275908663889,665.5201422415117,16255632
2023-09-18,702.3438720703125,711.3252515085518,673.6034578679468,674.5015958117707,11994826
2023-09-19,694.2606201171875,702.3438614898326,686.1773787445424,702.3438614898326,6244891
2023-09-20,681.6866455078125,687.9736106178977,674.501542524858,687.0754727450285,5042205
2023-09-21,670.0108642578125,684.3810704617334,668.2145884823224,675.3996915842829,5034920
2023-09-22,670.0108642578125,671.8071400333026,653.8443822784014,660.1313474926169,7559485
2023-09-25,678.0941162109375,684.3810815268006,665.5201855792116,665.5201855792116,4563725
2023-09-26,661.9276123046875,678.0940940163352,661.0294744318182,671.80712890625,3845914
2023-09-27,661.9276123046875,661.9276123046875,653.8443714488636,653.8443714488636,3824756
2023-09-28,660.13134765625,665.5201749840562,655.6406582164116,663.7238992081208,3769234
2023-10-02,669.1126708984375,671.807084338297,664.6219818320051,670.9089465250105,3898779
2023-10-03,693.3624877929688,704.1401430436366,687.9736601676348,688.8717981051905,10288796
2023-10-04,700.5475463867188,703.2419600266677,686.1773403069913,692.464305466872,7599174
2023-10-05,705.9363403320312,705.9363403320312,696.9549619563056,703.2419268193136,5604602
2023-10-06,705.9363403320312,709.5288916823215,701.4456511441684,709.5288916823215,2927223
2023-10-11,731.084228515625,732.8805042613636,709.5289195667614,709.5289195667614,12439451
2023-10-12,731.9823608398438,735.5749123040883,723.0009821792322,733.7786365719661,6769337
2023-10-13,756.2320556640625,756.2320556640625,734.6767476641368,736.4730233307972,9828945
2023-10-16,754.4358520507812,762.519093322754,747.2507486979167,752.6395762125651,5765614
2023-10-17,740.9637451171875,767.0097434303977,736.473055752841,758.9265025745739,8242227
2023-10-18,730.1860961914062,738.2693371086543,718.5103037553813,718.5103037553813,7594780
2023-10-19,745.4544067382812,752.639509453831,728.3897877888508,728.3897877888508,7509749
2023-10-20,743.6581420898438,751.7413827647333,729.2879364455955,746.3525556481402,8501964
2023-10-23,737.3712158203125,744.556319019536,732.8805263207978,740.9637674199242,5304563
2023-10-24,732.8804321289062,739.1673966202081,722.1027787152458,737.3711210512647,5036466
2023-10-25,738.269287109375,747.2506652980535,732.8804601961679,734.6767358339036,6474280
2023-10-26,733.7786254882812,733.7786254882812,728.3897983733121,731.9823497832915,5446904
2023-10-27,719.408447265625,740.0656186602685,718.5103093789014,740.0656186602685,6956960
2023-10-30,769.7040405273438,775.9910046856768,734.6766687880597,735.5748065249645,16172619
2023-10-31,756.2320556640625,773.2966744973371,749.0469529974206,772.3985366640069,10786996
2023-11-01,759.8246459960938,768.8060247903738,747.2507156841017,767.0097490315178,6856015
2023-11-02,779.5836791992188,787.6669201125748,767.9078867688157,775.0929898029099,9692237
2023-11-03,781.3799438476562,786.7687710466056,775.9911166487069,783.1762195806393,5567970
2023-11-06,792.1575317382812,799.3426340669732,784.0742916185029,789.4631183650218,7264020
2023-11-07,797.54638671875,807.4259027704462,789.4631463128168,799.342662364513,7077114
2023-11-08,820.8980102539062,822.6942859875035,803.8333907847332,806.5278043851289,9312449
2023-11-09,812.8147583007812,819.9998611365893,807.4259311739253,819.9998611365893,6788362
2023-11-10,793.953857421875,811.916614377121,793.953857421875,808.3240629860718,7551994
2023-11-13,813.712890625,830.7775097440673,812.814752776628,816.4073041701158,9498188
2023-11-14,812.8147583007812,823.5924125544932,810.1203447373532,822.6942747000172,4757053
2023-11-15,815.5091552734375,830.7774984889093,808.3240525838037,830.7774984889093,8426367
2023-11-16,802.037109375,820.898004444289,800.2408336541154,820.898004444289,7645459
2023-11-17,811.9166259765625,812.8147638371561,802.0371095100336,804.7315230918142,4816081
2023-11-20,819.1016845703125,829.8793383146588,811.9165820740817,826.2867870665433,6970538
2023-11-21,831.6756591796875,838.860762066769,821.7961427099503,828.0831077361468,9543750
2023-11-22,846.0458984375,846.0458984375,830.777554198182,833.4719678874734,6417661
2023-11-23,835.2681884765625,854.1290830550655,834.370050639491,854.1290830550655,5187583
2023-11-24,848.7402954101562,853.2309848038608,837.0645029865245,839.7589166227472,4498302
2023-11-27,836.1663818359375,854.1291397701144,836.1663818359375,849.6384502865702,5615291
2023-11-28,846.0458984375,846.0458984375,830.777554198182,834.3701057839039,5645888
2023-11-29,851.4346923828125,852.3328302439758,840.6570380488528,845.1477273546693,5118355
2023-11-30,848.7402954101562,855.9253984400835,843.3514681377109,852.33284692512,7275320
2023-12-01,850.5365600585938,850.5365600585938,842.4533192555026,846.0458707235431,3387061
2023-12-04,837.962646484375,849.6384389863009,835.2682328300845,848.7403011015374,5071102
2023-12-05,834.3701171875,837.9626688223224,827.1850139178553,830.7775655526776,5175120
2023-12-06,832.5737915039062,837.9626186333813,830.7775157940812,830.7775157940812,3093275
2023-12-07,836.1663818359375,846.9440365964437,832.5738302491021,837.9626576293552,3018069
2023-12-08,846.9439697265625,849.6383832039535,841.5551427717805,845.1476940749685,4934438
2023-12-11,845.147705078125,847.8421185905951,837.0644645407147,846.045842915615,5648215
2023-12-12,843.3515014648438,853.2310185214075,839.7589498079116,853.2310185214075,4510280
2023-12-13,857.7216796875,857.7216796875,843.3514735356675,847.8421629581152,5889291
2023-12-14,867.6011962890625,870.2956099421341,855.9254037924188,863.1105068672764,6610988
2023-12-15,894.5452880859375,896.341563764825,872.0918420998447,875.6843934576195,11839614
2023-12-18,888.25830078125,895.4434033153753,881.0731982471247,893.647127681844,4783607
2023-12-19,890.9528198242188,892.7490956706386,877.4807509760703,877.4807509760703,5008169
2023-12-20,882.8695068359375,893.6471610394282,882.8695068359375,891.8508853388464,6393160
2023-12-21,876.5825805664062,882.8695457958784,872.9900290067078,872.9900290067078,4418453
2023-12-22,889.156494140625,889.156494140625,879.2769775390625,880.1751154119319,3285155
2023-12-25,893.647216796875,896.3416305158606,886.4621135462469,890.0546651715609,3304233
2023-12-26,898.1378784179688,902.6285678100586,893.6471890258789,897.2397405395508,3241620
2023-12-27,934.0634155273438,943.044794522799,907.119278540978,907.119278540978,8561649
2023-12-28,920.59130859375,947.5354444550305,920.59130859375,938.5540658346038,5447955
2023-12-29,911.6099853515625,925.0820541006003,907.1192957685498,920.5913645175877,5039654
2024-01-02,881.0732421875,911.6099294804409,880.1751043259429,907.1192401726555,10009034
2024-01-03,855.9253540039062,877.4806619746237,855.9253540039062,876.5825241425105,12547023
2024-01-04,855.5565795898438,873.0733630081703,850.0249637735301,866.6198112224711,8449251
2024-01-05,849.10302734375,862.0101309081501,849.10302734375,856.4785150948358,5524580
2024-01-08,848.18115234375,862.93212890625,846.3372802734375,857.4005126953125,5553064
2024-01-09,855.5565795898438,866.6198112224711,853.7127076510726,864.7759392836998,5782533
2024-01-10,851.8688354492188,862.0101311093284,850.024963511017,862.0101311093284,4252336
2024-01-11,848.18115234375,863.8540649414062,848.18115234375,859.244384765625,6787619
2024-01-12,853.7127685546875,856.4785766601562,844.493408203125,848.18115234375,4733940
2024-01-15,850.0249633789062,862.0101309753551,847.2591554720335,862.0101309753551,4242507
2024-01-16,825.1327514648438,845.4153442382812,825.1327514648438,843.5714721679688,10182511
2024-01-17,810.3817138671875,832.5081770444486,810.3817138671875,820.5230094900988,11463245
2024-01-18,826.9765625,826.9765625,814.9913949275362,814.9913949275362,6754372
2024-01-19,848.18115234375,848.18115234375,836.1959838867188,848.18115234375,9037844
2024-01-22,850.0249633789062,869.3856187270159,848.181091440991,855.5565791926518,9381596
2024-01-23,839.8836669921875,850.0249626419285,838.039795055871,846.3372187692954,6015511
2024-01-24,862.93212890625,862.93212890625,843.5714721679688,844.493408203125,7798880
2024-01-25,869.3856201171875,875.8391719102101,860.1662604128695,865.6978762354603,8962616
2024-01-26,862.93212890625,865.6979370117188,855.556640625,862.93212890625,5273128
2024-01-29,864.7759399414062,871.2294917320138,853.7127083003649,871.2294917320138,7026602
2024-01-30,887.8243408203125,897.0437005380728,864.7759415259119,864.7759415259119,9478077
2024-01-31,890.5901489257812,900.7314446174827,883.2146611499984,899.8095086455098,9080284
2024-02-01,857.4005126953125,876.7611694335938,850.0250244140625,876.7611694335938,16712977
2024-02-02,862.93212890625,862.93212890625,853.7127685546875,858.3224487304688,7360212
2024-02-05,863.8540649414062,866.619873046875,855.556640625,856.4785766601562,5742677
2024-02-15,896.121826171875,906.2631225585938,876.7611694335938,906.2631225585938,11678406
2024-02-16,894.2778930664062,900.7314448720401,887.8243412607724,899.8095088998067,4417821
2024-02-19,887.8243408203125,897.0437005380728,876.7611091590003,897.0437005380728,4193442
2024-02-20,905.3411865234375,908.1069946289062,885.05859375,885.05859375,7570527
2024-02-21,904.4192504882812,909.0289306640625,896.121826171875,896.121826171875,5334177
2024-02-22,935.7650756835938,940.374755859375,910.872802734375,910.872802734375,10182733
2024-02-23,1014.1295166015625,1014.1295166015625,931.155283425071,954.203681529652,23431414
2024-02-26,1027.9586181640625,1032.5682980661434,977.2521392411714,1004.9102186536575,12036894
2024-02-27,1027.9586181640625,1069.4457372827915,1018.7392583599004,1037.1779779682245,17137848
2024-02-29,1051.0069580078125,1055.6166376481976,1023.3488801655017,1027.9585598058868,9126357
2024-03-01,1018.7393798828125,1074.0555453063137,1009.5200189788957,1074.0555453063137,12066326
2024-03-04,1060.2264404296875,1064.8361206054688,1018.7393188476562,1027.9586791992188,12304302
2024-03-05,1064.8360595703125,1069.4457394818724,1041.7876600125135,1060.2263796587526,8416339
2024-03-06,1097.1038818359375,1106.3232421875,1051.007080078125,1055.6167602539062,9634661
2024-03-07,1133.9813232421875,1161.639404296875,1120.1522827148438,1124.761962890625,15008514
2024-03-08,1133.9813232421875,1175.4684448242188,1101.7135620117188,1161.639404296875,16121484
2024-03-11,1129.37158203125,1147.8103017378826,1110.9328623246174,1138.5909418845663,5703039
2024-03-12,1120.1522216796875,1129.371581528903,1097.1038220566486,1106.3231819058642,5088394
2024-03-13,1120.1522216796875,1161.6393410011574,1115.5425417550798,1147.810301227334,6917876
2024-03-14,1060.2264404296875,1133.9813232421875,1051.007080078125,1124.761962890625,12529434
2024-03-15,1046.3973388671875,1060.2263785878993,1032.5682991464757,1046.3973388671875,8516381
2024-03-18,1078.6651611328125,1087.884521484375,1046.3973999023438,1046.3973999023438,5901035
2024-03-19,1060.2264404296875,1074.0554809570312,1046.3973999023438,1060.2264404296875,8740357
2024-03-20,1041.7877197265625,1083.2748413085938,1032.568359375,1055.6167602539062,6032629
2024-03-21,1051.0069580078125,1069.445676569353,1037.177919086657,1069.445676569353,6391070
2024-03-22,1037.1781005859375,1055.616822374132,1023.3490592447918,1051.0071419270835,5827756
2024-03-25,1032.5682373046875,1051.0069558279854,1027.958557673863,1032.5682373046875,3241531
2024-03-26,1041.7877197265625,1078.6651611328125,1032.568359375,1051.007080078125,6534083
2024-03-27,1074.055419921875,1083.2747797495306,1037.1779806112527,1046.3973404389083,5980133
2024-03-28,1069.4456787109375,1087.884397309402,1046.397280462857,1069.4456787109375,6926740
2024-03-29,1092.494140625,1092.494140625,1069.4457410337552,1069.4457410337552,4051000
2024-04-01,1069.4456787109375,1106.3231159078664,1064.8359990613212,1097.103756608634,5359025
2024-04-02,1074.055419921875,1092.4941395771862,1069.4457400080473,1078.665099835703,4164058
2024-04-03,1069.4456787109375,1083.2747176597857,1051.006960112473,1060.2263194117052,4100953
2024-04-08,1060.2264404296875,1087.884521484375,1055.6167602539062,1083.2748413085938,4066781
2024-04-09,1069.4456787109375,1083.2747176597857,1060.2263194117052,1069.4456787109375,3322521
2024-04-10,1101.713623046875,1120.152344771509,1074.055540459924,1078.6652208910825,6393274
2024-04-11,1106.3231201171875,1133.9811981201171,1092.4940811157226,1110.9327997843425,6271331
2024-04-12,1087.8843994140625,1106.3231180481991,1074.05536043846,1097.103758731131,5214036
2024-04-15,1023.3489379882812,1069.4457369967624,1023.3489379882812,1069.4457369967624,9187015
2024-04-16,972.6425170898438,1004.9102783203125,972.6425170898438,981.8618774414062,12016661
2024-04-17,968.0328369140625,991.0812377929688,963.4231567382812,981.8618774414062,7727084
2024-04-18,968.0328369140625,977.252197265625,940.374755859375,963.4231567382812,7168984
2024-04-19,915.482421875,949.5940529015609,894.2778944801107,940.3746931646525,15661098
2024-04-22,890.5901489257812,911.7946762811571,890.5901489257812,907.1849964212928,9091869
2024-04-23,896.121826171875,911.7947387695312,894.2779541015625,911.7947387695312,5846136
2024-04-24,931.1553344726562,940.3746942199102,916.4043588770498,917.3262948517752,6229216
2024-04-25,904.4192504882812,926.5457153320312,899.8095703125,918.248291015625,6053259
2024-04-26,926.5457153320312,926.5457153320312,909.9508666992188,913.6386108398438,5747819
2024-04-29,935.7650756835938,972.6425170898438,926.5457153320312,972.6425170898438,7963720
2024-04-30,914.5604858398438,949.594052837741,914.5604858398438,935.7650132333079,5868406
2024-05-02,921.93603515625,940.374755859375,905.3411865234375,912.7166748046875,5401225
2024-05-03,958.8134155273438,968.0327752920297,949.5940557626577,958.8134155273438,6598170
2024-05-06,954.2037963867188,977.252197265625,954.2037963867188,977.252197265625,4516638
2024-05-07,963.423095703125,972.642455470619,954.2037359356309,968.0327755868719,3178782
2024-05-08,1009.5199584960938,1014.129638671875,977.252197265625,995.69091796875,9985063
2024-05-09,1009.5199584960938,1037.1780395507812,1004.9102783203125,1014.129638671875,7792270
2024-05-10,1009.5199584960938,1018.7393188476562,995.69091796875,1018.7393188476562,4456276
2024-05-13,1027.9586181640625,1032.5682980661434,1014.1295784578194,1027.9586181640625,4025166
2024-05-14,1064.8360595703125,1069.4457394818724,1023.3489403662743,1027.9586202778341,7534580
2024-05-15,1064.8360595703125,1083.2747792165517,1055.6166997471928,1078.6650993049918,5522444
2024-05-16,1097.1038818359375,1115.5426025390625,1083.2748413085938,1087.884521484375,10020318
2024-05-17,1074.055419921875,1092.4941395771862,1074.055419921875,1087.8844596633585,6360397
2024-05-20,1097.1038818359375,1101.7135620117188,1074.0554809570312,1074.0554809570312,6031212
2024-05-21,1083.27490234375,1097.1039436502658,1074.0555414727394,1087.8845827792552,3369008
2024-05-22,1092.494140625,1097.103820543249,1069.4457410337552,1097.103820543249,4429872
2024-05-23,1110.932861328125,1115.5425412506484,1092.4941416380316,1101.7135014830783,6200782
2024-05-24,1101.713623046875,1110.932983909192,1097.1039426157165,1097.1039426157165,3253977
2024-05-27,1184.687744140625,1207.7361438320768,1138.5909447577212,1152.4199845725925,14370057
2024-05-28,1207.7362060546875,1216.95556640625,1184.6878051757812,1198.516845703125,10026387
2024-05-29,1189.2974853515625,1212.3458862304688,1175.4684448242188,1207.7362060546875,7857214
2024-05-30,1189.2974853515625,1198.516845703125,1152.4200439453125,1157.0297241210938,8407440
2024-05-31,1138.5909423828125,1212.345821241618,1129.3715825254617,1212.345821241618,14212589
2024-06-03,1170.858642578125,1170.858642578125,1143.2005644069882,1166.2489628829355,6293578
2024-06-04,1143.20068359375,1170.8587646484375,1124.761962890625,1161.639404296875,6985162
2024-06-05,1133.9813232421875,1147.8103637695312,1124.761962890625,1143.20068359375,5828522
2024-06-06,1189.2974853515625,1198.516845703125,1138.5910034179688,1157.0297241210938,9895619
2024-06-07,1175.46826171875,1189.2973000919117,1170.8585822610294,1189.2973000919117,4931241
2024-06-11,1170.858642578125,1180.078001968504,1152.4199237973671,1170.858642578125,5557895
2024-06-12,1198.516845703125,1207.7362060546875,1166.2490844726562,1170.8587646484375,7741796
2024-06-13,1276.88134765625,1290.7103875225632,1221.5651881909973,1235.3942280573103,13075007
2024-06-14,1286.1007080078125,1286.1007080078125,1258.4426282657091,1286.1007080078125,5947681
2024-06-17,1272.271728515625,1281.4910888671875,1258.4426879882812,1267.6620483398438,4297102
2024-06-18,1295.3201904296875,1295.3201904296875,1267.6621080717582,1267.6621080717582,7677930
2024-06-19,1369.074951171875,1369.074951171875,1309.1491115582912,1313.758791528567,11552021
2024-06-20,1382.9039306640625,1382.9039306640625,1346.026492513021,1369.0748913574218,6213796
2024-06-21,1373.6846923828125,1378.2943725585938,1332.1975708007812,1355.2459716796875,10724486
2024-06-24,1299.9296875,1350.6361646719859,1295.320007757092,1341.4168051861702,9093868
2024-06-25,1276.88134765625,1290.7103875225632,1258.442627834499,1263.0523077899368,9382535
2024-06-26,1295.3201904296875,1318.3685923946286,1286.1008296437112,1286.1008296437112,4993229
2024-06-27,1286.1007080078125,1299.9297478788642,1272.2716681367608,1272.2716681367608,4724876
2024-06-28,1290.71044921875,1295.3201293945312,1267.6620483398438,1290.71044921875,6843642
2024-07-01,1304.5394287109375,1327.587828511484,1295.3200687907188,1295.3200687907188,5023006
2024-07-02,1299.9296875,1304.5393672429077,1281.4909685283687,1299.9296875,5090265
2024-07-03,1295.3201904296875,1318.3685923946286,1281.4911492507229,1318.3685923946286,6361645
2024-07-04,1295.7020263671875,1319.2602450284091,1295.7020263671875,1300.4136700994318,7642964
2024-07-05,1272.143798828125,1305.125304723669,1258.0088677300348,1300.4136610243056,6406820
2024-07-08,1338.1068115234375,1338.1068115234375,1258.0088685801331,1262.7205122826804,7726110
2024-07-09,1375.7999267578125,1375.7999267578125,1333.3951344947293,1366.3766395882385,9654123
2024-07-10,1352.24169921875,1375.7999169751743,1328.6834814623257,1371.0882734238894,5443505
2024-07-11,1338.1068115234375,1375.799961143816,1333.3951678208903,1352.2417426310794,5250273
2024-07-12,1281.5670166015625,1305.125233818503,1272.1437297147863,1286.2786600449506,6871306
2024-07-15,1276.85546875,1300.4136877306273,1272.1438249538746,1290.9904001383763,3536752
2024-07-16,1267.43212890625,1286.278703313778,1248.585554498722,1276.855416110014,5001135
2024-07-17,1248.5855712890625,1267.4321459500295,1229.7389966280955,1258.0088586195461,5978911
2024-07-18,1206.1807861328125,1215.604073524475,1177.9109239578247,1196.75749874115,9831726
2024-07-19,1187.334228515625,1210.8924473353795,1187.334228515625,1187.334228515625,5871057
2024-07-22,1154.3526611328125,1187.3341657366072,1126.0828000438457,1182.6225222217795,7245311
2024-07-23,1201.468994140625,1201.468994140625,1168.4874923406862,1182.6224216835171,6430338
2024-07-26,1173.1993408203125,1182.6226286983874,1116.6596135518637,1121.3712574909011,10242503
2024-07-29,1168.4876708984375,1206.1808215725805,1159.0643832299018,1192.045890069777,5100068
2024-07-30,1182.62255859375,1182.62255859375,1140.2177656561255,1159.0643402950698,4423237
2024-07-31,1149.64111328125,1163.7760450019211,1130.7945376536884,1159.0644010950307,7379704
2024-08-01,1111.94775390625,1163.7758271815412,1111.94775390625,1144.9292550814353,12041919
2024-08-02,1027.1383056640625,1074.2547417036983,1027.1383056640625,1064.8314544957711,13774887
2024-08-05,933.8477783203125,961.1753116919463,924.4244909507837,937.6170932681241,22181134
2024-08-06,1013.00341796875,1027.1383493822675,975.3102675327035,1027.1383493822675,16439278
2024-08-07,1083.6781005859375,1083.6781005859375,1017.7150857676631,1027.1383735988452,10529284
2024-08-08,1050.696533203125,1074.254751436379,1036.5616022631727,1055.4081768497758,8053732
2024-08-09,1060.119873046875,1088.389736328125,1055.4082291666666,1083.6780924479167,6961644
2024-08-12,1107.236328125,1107.236328125,1074.2548204787233,1078.9664644281916,4578908
2024-08-13,1093.1011962890625,1116.6594117263269,1083.677910114157,1111.947768638874,3784683
2024-08-14,1116.6595458984375,1121.3711895520173,1102.5246149376978,1107.2362585912776,4435983
2024-08-15,1088.3896484375,1111.947865936147,1088.3896484375,1102.5245789366884,3064248
2024-08-16,1159.0643310546875,1168.4876182990345,1116.6595384551258,1116.6595384551258,6964050
2024-08-19,1182.62255859375,1192.0458459132221,1159.0643402950698,1168.4876276145417,5847224
2024-08-20,1177.910888671875,1196.757462890625,1168.4876015625,1196.757462890625,4293705
2024-08-21,1149.64111328125,1168.4876889088114,1140.2178254674693,1149.64111328125,4500318
2024-08-22,1159.0643310546875,1168.4876182990345,1144.929400188167,1159.0643310546875,3022975
2024-08-23,1154.3526611328125,1154.3526611328125,1121.371156529018,1135.5060870735012,4222716
2024-08-26,1144.929443359375,1173.1993061583719,1140.217799559542,1173.1993061583719,3699292
2024-08-27,1140.2177734375,1144.9294171293905,1121.371198669938,1130.794486053719,3877314
2024-08-28,1130.79443359375,1149.641007486979,1116.6595031738282,1135.5060770670573,4610835
2024-08-29,1177.910888671875,1182.6225322265625,1107.2362353515625,1107.2362353515625,5404585
2024-08-30,1168.4876708984375,1187.334246235509,1154.3527393956338,1187.334246235509,5810148
2024-09-02,1154.3526611328125,1177.9108787069515,1144.929374103157,1168.487591677296,3182122
2024-09-03,1149.64111328125,1154.3527571881402,1130.7945376536884,1154.3527571881402,3422128
2024-09-04,1069.5430908203125,1102.5245958235819,1064.8314472484167,1069.5430908203125,9683111
2024-09-05,1045.98486328125,1064.8314373944256,1041.273219752956,1055.408150337838,9051905
2024-09-06,1078.9664306640625,1083.678074466089,1041.2732802478508,1045.9849240498772,5102862
2024-09-09,1041.2733154296875,1050.696603352128,1027.1383835460265,1036.5616714684672,7139369
2024-09-10,1064.83154296875,1064.83154296875,1036.5616789961284,1050.696610982439,5579319
2024-09-11,1045.98486328125,1069.5430809227196,1045.98486328125,1060.1197938661317,4019795
2024-09-12,1088.3896484375,1088.3896484375,1069.5430744385822,1083.6780049377705,4341122
2024-09-13,1060.119873046875,1097.8130240885416,1060.119873046875,1093.1013802083332,3453407
2024-09-16,1064.83154296875,1064.83154296875,1036.5616789961284,1055.4082549778761,3682733
2024-09-18,1041.2733154296875,1055.4082473133485,1031.850027507247,1050.696603352128,7064375
2024-09-19,1055.4080810546875,1064.8313674926758,1017.7149353027344,1041.273151397705,7749361
2024-09-20,1060.119873046875,1088.389736328125,1060.119873046875,1078.9664485677083,8871960
2024-09-23,1078.9664306640625,1083.678074466089,1055.4082116539303,1060.1198554559567,4490555
2024-09-24,1126.0828857421875,1126.0828857421875,1069.5431592614082,1069.5431592614082,6847737
2024-09-25,1154.3526611328125,1159.0643046476403,1135.5060870735012,1149.6410176179847,10887978
2024-09-26,1196.7574462890625,1206.1807332677165,1159.0642983744463,1163.7759418637734,9413246
2024-09-27,1187.334228515625,1229.739022391183,1177.9109409877233,1206.1808035714287,8955853
2024-09-30,1107.236328125,1163.776055518617,1107.236328125,1163.776055518617,8477410
2024-10-01,1140.2177734375,1159.064348205062,1121.371198669938,1126.0828423618284,6000269
2024-10-04,1159.0643310546875,1168.4876182990345,1130.7944693216464,1130.7944693216464,6956378
2024-10-07,1177.910888671875,1220.3156806640625,1159.064314453125,1177.910888671875,8959497
2024-10-08,1154.3526611328125,1177.9108787069515,1154.3526611328125,1168.487591677296,4347108
2024-10-09,1173.1993408203125,1201.469204454537,1168.4876968812753,1187.3342726374249,5544071
2024-10-11,1225.02734375,1234.4506310096153,1192.045838341346,1192.045838341346,9881759
2024-10-14,1215.6041259765625,1234.4507015730983,1210.8924820774284,1234.4507015730983,3998990
2024-10-15,1225.02734375,1234.4506310096153,1215.6040564903847,1234.4506310096153,5915032
2024-10-16,1201.468994140625,1220.3155665977329,1187.334064797794,1187.334064797794,6461649
2024-10-17,1201.468994140625,1220.3155665977329,1192.045707912071,1220.3155665977329,4139436
2024-10-18,1229.739013671875,1253.2972323245929,1220.3157262107877,1225.0273699413312,8327410
2024-10-21,1253.2972412109375,1267.43217250279,1234.4506661551338,1234.4506661551338,6320618
2024-10-22,1234.45068359375,1239.1623274242604,1220.3157521022185,1234.45068359375,5200879
2024-10-23,1225.02734375,1248.5855618990386,1201.4691256009617,1206.1807692307693,5399321
2024-10-24,1196.7574462890625,1229.7389507143516,1196.7574462890625,1225.0273072250245,4473596
2024-10-25,1239.162109375,1248.5853953778517,1196.7573223621673,1196.7573223621673,6810511
2024-10-28,1258.0087890625,1262.7204324672284,1239.162215443586,1253.2971456577716,5375094
2024-10-29,1225.02734375,1239.1622746394232,1210.892412860577,1239.1622746394232,5336390
2024-10-30,1215.6041259765625,1239.1623454722323,1210.8924820774284,1215.6041259765625,5429739
2024-11-01,1215.6041259765625,1225.0274137748304,1149.641111388687,1149.641111388687,7755216
2024-11-04,1220.3155517578125,1229.7388378717724,1206.1806225868727,1210.8922656438526,3429980
2024-11-05,1215.6041259765625,1225.0274137748304,1206.1808381782946,1210.8924820774284,3613551
2024-11-06,1229.739013671875,1243.8739448635056,1215.6040824802442,1215.6040824802442,3781856
2024-11-07,1229.739013671875,1253.2972323245929,1225.0273699413312,1253.2972323245929,4276840
2024-11-08,1206.1807861328125,1243.873935699463,1206.1807861328125,1234.4506483078003,4130119
2024-11-11,1220.3155517578125,1234.4504809287525,1206.1806225868727,1225.0271948147924,2805531
2024-11-12,1192.0458984375,1220.3157616415513,1192.0458984375,1206.1808300395255,4165815
2024-11-13,1182.62255859375,1201.4691332326943,1182.62255859375,1192.0458459132221,4020882
2024-11-14,1163.7760009765625,1192.0458633484627,1159.0643572479125,1187.3342196198128,4261333
2024-11-15,1196.7574462890625,1201.4690897783894,1159.0642983744463,1168.4875853531003,4250152
2024-11-18,1168.4876708984375,1192.045890069777,1159.0643832299018,1187.334246235509,3884093
2024-11-19,1210.8924560546875,1215.6040998525657,1173.1993056716622,1182.6225932674186,4308916
2024-11-20,1201.468994140625,1201.468994140625,1201.468994140625,1201.468994140625,4926471
2024-11-21,1192.0458984375,1196.7575423048418,1182.6226107028162,1192.0458984375,2583520
2024-11-22,1234.45068359375,1234.45068359375,1196.757532949666,1206.180820610687,6124283
2024-11-25,1206.1807861328125,1253.2972230911255,1206.1807861328125,1248.5855793952942,7448148
2024-11-26,1206.1807861328125,1215.604073524475,1196.75749874115,1206.1807861328125,3208553
2024-11-27,1177.910888671875,1210.8923935546875,1177.910888671875,1196.757462890625,2932917
2024-11-28,1182.62255859375,1192.0458459132221,1168.4876276145417,1187.334202253486,4205695
2024-11-29,1182.62255859375,1196.757489572958,1154.3526966353336,1163.7759839548057,4141261
2024-12-02,1234.45068359375,1239.1623274242604,1196.757532949666,1201.4691767801767,4380160
2024-12-03,1239.162109375,1253.2970383792774,1220.3155373692966,1248.5853953778517,5954597
2024-12-04,1243.8739013671875,1248.5855449329722,1229.7389706698332,1239.1622578014026,4729113
2024-12-05,1248.5855712890625,1258.0088586195461,1234.4506402933373,1248.5855712890625,5251677
2024-12-06,1229.739013671875,1262.72051978568,1225.0273699413312,1248.5855885940493,4223587
2024-12-09,1248.5855712890625,1248.5855712890625,1225.027352962854,1243.8739276238207,4075270
2024-12-10,1272.143798828125,1281.5670862268519,1234.4506492332175,1239.162292932581,5824301
2024-12-11,1272.143798828125,1276.8554425274883,1229.7390055338542,1243.8739366319444,6205868
2024-12-12,1300.4136962890625,1319.2602715975995,1290.9904086347938,1290.9904086347938,7666196
2024-12-13,1328.6834716796875,1328.6834716796875,1286.2786800303356,1305.1252540967143,6323798
2024-12-16,1305.125244140625,1356.9533224277977,1305.125244140625,1352.2416789471458,7194809
2024-12-17,1342.8184814453125,1361.6650566234923,1309.8369748834978,1309.8369748834978,8783456
2024-12-18,1338.1068115234375,1347.5300989285322,1323.9718804157956,1347.5300989285322,5995195
2024-12-19,1338.1068115234375,1347.5300989285322,1314.5485930107009,1319.2602367132483,6353336
2024-12-20,1309.8369140625,1342.8184190928507,1309.8369140625,1338.1067755170864,5544646
2024-12-23,1328.6834716796875,1342.8184022294713,1319.2601846464981,1323.9718281630928,4295456
2024-12-24,1323.971923828125,1347.530143113323,1323.971923828125,1347.530143113323,3196077
2024-12-25,1328.6834716796875,1347.530045746066,1328.6834716796875,1338.1067587128766,2381315
2024-12-26,1338.1068115234375,1347.5300989285322,1333.3951678208903,1338.1068115234375,2351336
2024-12-27,1347.530029296875,1356.953316215035,1338.1067423787151,1338.1067423787151,2283253
2024-12-30,1338.1068115234375,1352.2417426310794,1338.1068115234375,1347.5300989285322,2765852
2024-12-31,1333.3951416015625,1342.8184288213615,1319.260210771864,1328.683497991663,3224086
2025-01-02,1298.761474609375,1346.8637514467594,1284.3307915581597,1342.0535237630208,6820305
2025-01-03,1313.192138671875,1318.0023662860576,1284.3307729867788,1313.192138671875,5752498
2025-01-06,1370.9149169921875,1370.9149169921875,1337.2433225397479,1337.2433225397479,6907233
2025-01-07,1433.447998046875,1443.0684544096057,1361.2945753263948,1390.1559444145869,12307998
2025-01-08,1414.20703125,1443.068399234694,1404.5865752551022,1443.068399234694,10805038
2025-01-09,1385.3455810546875,1423.8274027506511,1385.3455810546875,1414.2069473266602,7021298
2025-01-10,1409.396728515625,1438.25809496987,1390.1558175461284,1404.586500773251,7157266
2025-01-13,1337.2432861328125,1404.5864732042492,1332.4330584848528,1380.5353349644504,9742772
2025-01-14,1346.86376953125,1361.2944527762277,1327.6228585379463,1332.4330862862723,5279672
2025-01-15,1366.104736328125,1390.1558760522116,1337.2433686592208,1337.2433686592208,6417175
2025-01-16,1404.5865478515625,1414.207003658765,1375.7251804299551,1394.96609204436,7314623
2025-01-17,1375.72509765625,1399.7762357271633,1366.1046424278845,1394.9660081129807,5488719
2025-01-20,1390.15576171875,1399.7762168171496,1370.9148515219506,1370.9148515219506,3956489
2025-01-21,1409.396728515625,1419.0171840003734,1380.53536206138,1385.3455898037544,4428280
2025-01-22,1409.396728515625,1438.25809496987,1409.396728515625,1423.8274117427475,6502859
2025-02-03,1443.068359375,1467.1194986979167,1361.2944856770835,1366.1047135416668,18533177
2025-02-04,1433.447998046875,1471.9298234977978,1423.8275416841443,1452.6889107723364,8166768
2025-02-05,1467.119384765625,1471.9296122566598,1433.4477923283812,1447.8784748014855,9064753
2025-02-06,1467.119384765625,1510.4114321849383,1462.30915727459,1471.9296122566598,9371366
2025-02-07,1467.119384765625,1471.9296122566598,1447.8784748014855,1467.119384765625,6741142
2025-02-10,1423.827392578125,1452.6887586438977,1419.0171649004963,1447.878530966269,8922872
2025-02-11,1452.6888427734375,1471.9297545982513,1433.4479309486237,1433.4479309486237,8486272
2025-02-12,1428.6375732421875,1481.550075954861,1423.8273457228536,1471.929620916193,7865557
2025-02-13,1462.3092041015625,1462.3092041015625,1428.6376105860659,1438.2580658762079,4576098
2025-02-14,1447.8785400390625,1476.7399062856882,1447.8785400390625,1457.4989954546045,4726126
2025-02-17,1486.3603515625,1486.3603515625,1452.6887578377832,1457.4989855127426,7603778
2025-02-18,1476.739990234375,1491.1706741780333,1462.3093062907167,1491.1706741780333,5362376
2025-02-19,1481.5501708984375,1486.3603987260299,1467.1194874156604,1476.7399430708451,4447177
2025-02-20,1443.068359375,1486.36041015625,1443.068359375,1486.36041015625,6855773
2025-02-21,1452.6888427734375,1467.119526642048,1433.4479309486237,1443.0683868610306,5655119
2025-02-24,1486.3603515625,1486.3603515625,1438.2580748129044,1443.068302487864,6371982
2025-02-25,1491.170654296875,1500.7911101310483,1452.6888309601813,1467.1195147114415,7905273
2025-02-26,1500.791015625,1515.221698467548,1467.1194223257212,1495.9807880108174,7032006
2025-02-27,1457.4990234375,1515.2217570389853,1457.4990234375,1495.98084583849,10335277
2025-03-03,1414.20703125,1438.258171237245,1409.396803252551,1433.447943239796,10588492
2025-03-04,1447.8785400390625,1452.6887677468335,1380.5353521302688,1380.5353521302688,7871467
2025-03-05,1447.8785400390625,1471.9296785779172,1433.4478569157495,1447.8785400390625,6356979
2025-03-06,1438.2581787109375,1452.6888627782714,1428.6377226660484,1447.8786347558266,3089136
2025-03-07,1409.396728515625,1428.6376394851216,1394.9660452885025,1419.0171840003734,5464123
2025-03-10,1342.0535888671875,1404.5865517893144,1342.0535888671875,1394.966095955141,9828231
2025-03-11,1332.43310546875,1337.2433332863268,1269.9001438402527,1269.9001438402527,10078176
2025-03-12,1356.4842529296875,1370.9149364714926,1322.8126579988086,1322.8126579988086,7914116
2025-03-13,1337.2432861328125,1385.34556261241,1337.2432861328125,1375.7251073164905,6948447
2025-03-14,1346.86376953125,1375.7251360212053,1337.2433140345981,1346.86376953125,7153832
2025-03-17,1370.9149169921875,1385.3456003289473,1361.2944614343476,1361.2944614343476,4878893
2025-03-18,1419.0172119140625,1443.0683510990466,1390.1558448920816,1394.9660727290784,10224305
2025-03-19,1409.396728515625,1457.4990059393665,1404.586500773251,1443.068322712244,7855359
2025-03-20,1428.6375732421875,1443.0682558001893,1409.3966631648516,1438.2580282808553,6419295
2025-03-21,1423.827392578125,1443.0683032886402,1419.0171649004963,1438.2580756110115,4597519
2025-03-24,1423.827392578125,1447.878530966269,1423.827392578125,1443.0683032886402,3925730
2025-03-25,1467.119384765625,1481.5500672387295,1447.8784748014855,1447.8784748014855,7987673
2025-03-26,1457.4990234375,1481.5501624381188,1457.4990234375,1476.739934637995,3637846
2025-03-27,1428.6375732421875,1452.6887108388573,1423.8273457228536,1443.0682558001893,4779867
2025-03-28,1409.396728515625,1438.25809496987,1399.7762730308768,1414.206956257999,4529681
2025-03-31,1337.2432861328125,1385.34556261241,1337.2432861328125,1366.104652020571,7884707
2025-04-01,1404.5865478515625,1404.5865478515625,1356.48426881555,1356.48426881555,6469737
2025-04-02,1380.535400390625,1404.5865397702528,1380.535400390625,1404.5865397702528,4501455
2025-04-07,1245.8489990234375,1245.8489990234375,1245.8489990234375,1245.8489990234375,1801849
2025-04-08,1212.177490234375,1250.6593153211804,1178.5058932834202,1207.3672620985242,18444110
2025-04-09,1140.0240478515625,1207.367240551655,1096.7319954015031,1202.5570125016482,19089246
2025-04-10,1250.6593017578125,1250.6593017578125,1250.6593017578125,1250.6593017578125,1930024
2025-04-11,1332.43310546875,1342.0535611039033,1202.5569543941788,1231.418321299639,16846917
2025-04-14,1346.86376953125,1370.9149082728793,1332.4330862862723,1356.4842250279016,12574667
2025-04-15,1332.43310546875,1361.2944723742103,1322.8126498335967,1351.674016739057,6567345
2025-04-16,1313.192138671875,1332.4330491286057,1313.192138671875,1318.0023662860576,5403460
2025-04-17,1289.14111328125,1298.761569350513,1265.0899731080922,1289.14111328125,6686132
2025-04-18,1313.192138671875,1327.622821514423,1293.9512282151443,1298.761455829327,3455357
2025-04-21,1293.9512939453125,1303.571749662378,1274.7103825111815,1303.571749662378,3022376
2025-04-22,1250.6593017578125,1303.5718106783352,1250.6593017578125,1279.5206702599157,4954354
2025-04-23,1318.0023193359375,1322.8125467787693,1289.1409546789462,1289.1409546789462,6070924
2025-04-24,1279.5205078125,1322.812555069314,1274.7102803395208,1322.812555069314,6035060
2025-04-25,1327.6229248046875,1337.243380781533,1318.0024688278418,1322.8126968162646,6909233
2025-04-28,1298.761474609375,1337.2432960792826,1298.761474609375,1332.433068395544,5231320
2025-04-29,1318.0023193359375,1318.0023193359375,1284.3307272361142,1298.76140956461,5633730
2025-04-30,1298.761474609375,1318.0023853443288,1298.761474609375,1318.0023853443288,5374395
2025-05-02,1250.6593017578125,1318.002494929387,1241.0388455904447,1318.002494929387,16309878
2025-05-05,1245.8489990234375,1284.3308213870957,1241.03877122798,1260.2796824098093,7202362
2025-05-06,1231.4183349609375,1250.6592464447021,1226.6081070899963,1245.849018573761,6945409
2025-05-07,1226.6080322265625,1250.6591701133577,1216.9875770718443,1236.2284873812807,5876206
2025-05-08,1241.0386962890625,1255.4693788040515,1226.6080137740732,1236.228468784066,5977244
2025-05-09,1274.7103271484375,1274.7103271484375,1231.4182783018869,1245.848961250737,6464226
2025-05-12,1265.08984375,1274.7102988355514,1255.4693886644486,1269.9000712927757,5139679
2025-05-13,1303.57177734375,1313.192233265106,1293.951321422394,1298.761549383072,9166229
2025-05-14,1308.3819580078125,1322.8126413681928,1293.9512746474322,1318.0024135813994,6039143
2025-05-15,1318.0023193359375,1327.6227742216013,1298.76140956461,1313.1920918931055,5523760
2025-05-16,1313.192138671875,1322.8125939002402,1308.3819110576924,1313.192138671875,3498707
2025-05-19,1260.2796630859375,1298.761484859554,1260.2796630859375,1293.9512571378518,7045364
2025-05-20,1265.08984375,1298.7614365494296,1265.08984375,1279.5205263783268,5662042
2025-05-21,1289.14111328125,1293.9513413158816,1269.9002011427237,1274.7104291773553,4399231
2025-05-22,1274.7103271484375,1289.1410100972878,1269.9000994988207,1274.7103271484375,3287944
2025-05-23,1265.08984375,1289.1409814638782,1260.2796162072243,1284.3307539211025,4277084
2025-05-26,1231.4183349609375,1255.4694743156433,1226.6081070899963,1255.4694743156433,7140240
2025-05-27,1231.4183349609375,1241.0387907028198,1221.7978792190552,1231.4183349609375,6424061
2025-05-28,1231.4183349609375,1255.4694743156433,1221.7978792190552,1250.6592464447021,7908648
2025-05-29,1212.177490234375,1255.4695434570312,1212.177490234375,1236.2286309136284,19212826
2025-06-02,1212.177490234375,1221.7979465060764,1183.3161214192708,1202.5570339626736,10666133
2025-06-03,1226.6080322265625,1241.0387149586397,1216.9875770718443,1221.7978046492035,5610470
2025-06-04,1226.6080322265625,1241.0387149586397,1212.1773494944853,1231.4182598039215,10297345
2025-06-05,1197.7467041015625,1216.9876150108246,1188.1262486469313,1212.177387283509,15362134
2025-06-06,1231.4183349609375,1231.4183349609375,1197.7467398643494,1202.5569677352905,10710374
2025-06-09,1236.228515625,1250.6591986867704,1226.6080602504865,1241.0387433122569,7952617
2025-06-10,1284.330810546875,1284.330810546875,1250.6592162628745,1250.6592162628745,11338136
2025-06-11,1265.08984375,1293.951209006654,1255.4693886644486,1289.1409814638782,11700995
2025-06-12,1236.228515625,1255.4694263740273,1231.4182879377431,1250.6591986867704,10502334
2025-06-13,1202.556884765625,1216.9875673828126,1202.556884765625,1207.3671123046875,8841922
2025-06-16,1207.3671875,1221.7978710159362,1202.5569596613545,1212.1774153386455,4129774
2025-06-17,1226.6080322265625,1231.4182598039215,1212.1773494944853,1212.1773494944853,5360829
2025-06-18,1236.228515625,1241.0387433122569,1212.177377188716,1216.9876048759727,5525157
2025-06-19,1216.9876708984375,1236.228582691298,1216.9876708984375,1231.418354743083,4766573
2025-06-20,1202.556884765625,1226.6080224609375,1197.7466572265625,1216.9875673828126,5271667
2025-06-23,1207.3671875,1212.1774153386455,1178.5058204681275,1183.316048306773,4404035
2025-06-24,1221.7978515625,1236.2285348486712,1212.1773960383857,1226.6080793245571,4477491
2025-06-25,1245.8489990234375,1250.6592268188947,1231.4183156370657,1231.4183156370657,5945025
2025-06-26,1241.0386962890625,1250.659151299055,1236.228468784066,1245.848923794059,5174101
2025-06-27,1236.228515625,1250.6591986867704,1231.4182879377431,1236.228515625,5856843
2025-06-30,1202.556884765625,1250.65916015625,1202.556884765625,1241.038705078125,7763199
2025-07-01,1226.6080322265625,1255.469397690717,1216.9875770718443,1216.9875770718443,8523024
2025-07-02,1245.8489990234375,1250.6592268188947,1226.6080878416083,1245.8489990234375,6784867
2025-07-03,1245.8492431640625,1275.2787528451033,1245.8492431640625,1275.2787528451033,11618186
2025-07-04,1265.4688720703125,1280.1836263967114,1260.5639539615129,1265.4688720703125,7096708
2025-07-07,1255.6590576171875,1275.278730392456,1255.6590576171875,1275.278730392456,4446172
2025-07-08,1245.8492431640625,1255.6590797244094,1240.944324883889,1255.6590797244094,3529215
2025-07-09,1329.2327880859375,1334.137706123155,1255.6590175276754,1255.6590175276754,13138793
2025-07-10,1373.3770751953125,1373.3770751953125,1334.137730189732,1348.8524845668246,11433007
2025-07-11,1392.9967041015625,1392.9967041015625,1363.567196268431,1378.2819501849967,9744661
2025-07-14,1358.662353515625,1383.1869447343186,1358.662353515625,1383.1869447343186,5631886
2025-07-15,1368.47216796875,1378.282004298275,1353.7574134744625,1358.662331639225,4329964
2025-07-16,1383.1868896484375,1388.0918076968362,1368.4721355032414,1368.4721355032414,5897943
2025-07-17,1363.5672607421875,1392.996769966839,1358.662342538079,1378.2820153545133,5213698
2025-07-18,1383.1868896484375,1383.1868896484375,1373.37705355164,1378.2819716000388,4870093
2025-07-21,1397.901611328125,1417.5212830660635,1383.186857524671,1388.0917754591555,5766633
2025-07-22,1402.8065185546875,1427.3311080399094,1397.901600657643,1412.6163543487762,7721986
2025-07-23,1402.8065185546875,1427.3311080399094,1397.901600657643,1427.3311080399094,4835003
2025-07-24,1402.8065185546875,1422.426190142865,1392.9966827605988,1417.5212722458207,4937526
2025-07-25,1402.8065185546875,1417.5212722458207,1388.0917648635543,1402.8065185546875,5748883
2025-07-28,1373.3770751953125,1412.616420200893,1358.6623208182198,1407.7115020751953,6885421
2025-07-29,1334.1376953125,1368.472121294807,1324.3278593175553,1363.5672032973346,9487581
2025-07-30,1353.7574462890625,1358.6623645727184,1334.1377731544385,1339.0426914380944,5594339
2025-07-31,1343.947509765625,1358.662263522183,1314.5180022525092,1334.1376739279196,8942761
2025-08-04,1304.708251953125,1324.327924914826,1304.708251953125,1314.5180884339754,4830756
2025-08-05,1314.51806640625,1329.2328208809467,1314.51806640625,1324.3279027227145,3718187
2025-08-06,1294.8983154296875,1324.3278225985441,1294.8983154296875,1314.517986875592,5412343
2025-08-07,1329.2327880859375,1339.0426241603725,1319.4229520115025,1319.4229520115025,5024691
2025-08-08,1324.327880859375,1334.137717013889,1309.6131266276043,1329.232798936632,5016534
2025-08-11,1329.2327880859375,1343.9475421975899,1314.5180339742851,1324.3278700487201,3478971
2025-08-12,1334.1376953125,1343.947531307445,1324.3278593175553,1334.1376953125,3238403
2025-08-13,1343.947509765625,1358.662263522183,1334.1376739279196,1343.947509765625,7678115
2025-08-14,1363.5672607421875,1368.472178946296,1339.0426697216446,1343.9475879257532,4387884
2025-08-15,1343.947509765625,1373.3770172787408,1343.947509765625,1368.4720993598883,4043678
2025-08-18,1383.1868896484375,1383.1868896484375,1348.8524633096465,1348.8524633096465,5827468
2025-08-19,1363.5672607421875,1402.8066063750562,1363.5672607421875,1388.0918517627304,6127596
2025-08-20,1329.2327880859375,1363.5672143464599,1324.3278700487201,1353.7573782720249,6525541
2025-08-21,1339.0426025390625,1348.8524384550994,1319.4229307069882,1324.3278486650067,4264972
2025-08-22,1339.0426025390625,1348.8524384550994,1329.2327666230253,1339.0426025390625,2686120
2025-08-25,1383.1868896484375,1383.1868896484375,1353.7573813580452,1358.662299406444,4859204
2025-08-26,1373.3770751953125,1383.1869114467074,1353.7574026925222,1378.28199332101,5024316
2025-08-27,1373.3770751953125,1383.1869114467074,1368.472157069615,1378.28199332101,3355567
2025-08-28,1358.662353515625,1378.28202649058,1358.662353515625,1368.4721900031025,3766722
2025-08-29,1343.947509765625,1378.2819351975936,1343.947509765625,1363.5671814410355,3723539
2025-09-01,1334.1376953125,1353.7573673023896,1324.3278593175553,1343.947531307445,3659694
2025-09-02,1334.1376953125,1353.7573673023896,1334.1376953125,1334.1376953125,3283160
2025-09-03,1368.47216796875,1373.3770861335126,1343.9475771449374,1353.7574134744625,4604408
2025-09-04,1358.662353515625,1378.28202649058,1353.7574352718864,1378.28202649058,3400107
2025-09-05,1407.7115478515625,1407.7115478515625,1368.4722015699858,1373.3771198551829,8668643
2025-09-08,1402.8065185546875,1432.2360259369536,1397.901600657643,1422.426190142865,6384542
2025-09-09,1481.2852783203125,1486.190196460446,1407.7115062183102,1417.5213424985773,10954327
2025-09-10,1461.66552734375,1491.0950346057048,1456.7606094667576,1491.0950346057048,6557814
2025-09-11,1451.855712890625,1481.2852205843537,1451.855712890625,1476.380302635399,4509127
2025-09-12,1456.7606201171875,1471.475373855745,1442.04586637863,1466.5704559428925,4172705
2025-09-15,1456.7606201171875,1466.5704559428925,1451.855702204335,1461.6655380300401,2733745
2025-09-16,1505.809814453125,1515.619650377901,1466.5704707540208,1471.4753887164088,8152357
2025-09-17,1481.2852783203125,1515.619705301247,1481.2852783203125,1515.619705301247,4695051
2025-09-18,1481.2852783203125,1500.9049508808464,1466.5705238999121,1496.0000327407129,3539535
2025-09-19,1412.616455078125,1476.3803922865125,1412.616455078125,1471.4754740397134,13241946
2025-09-22,1378.281982421875,1402.806572856428,1373.3770643349644,1397.9016547695173,8578839
2025-09-23,1348.8524169921875,1378.281924272017,1348.8524169921875,1363.5671706321023,10776401
2025-09-24,1304.708251953125,1329.2328431552514,1304.708251953125,1319.4230066744008,11129639
2025-09-25,1319.4229736328125,1339.0426461031889,1304.7082192800303,1304.7082192800303,7547381
2025-09-26,1285.0885009765625,1324.3278445178316,1285.0885009765625,1319.4229265751728,6728741
2025-09-30,1289.993408203125,1299.803244006951,1265.4688186935598,1285.088490301212,7200191
2025-10-01,1260.56396484375,1280.183637448322,1260.56396484375,1280.183637448322,6432244
2025-10-02,1255.6590576171875,1275.278730392456,1255.6590576171875,1265.4688940048218,8209274
2025-10-03,1294.8983154296875,1299.8032332911637,1260.563890399355,1260.563890399355,6383512
2025-10-07,1299.8033447265625,1309.6131812905367,1280.1836715986144,1299.8033447265625,7016903
2025-10-08,1309.6131591796875,1324.3279137772122,1299.8033227813378,1304.7082409805128,5034301
2025-10-09,1319.4229736328125,1343.947564220783,1309.6131373976243,1324.3278917504067,4738227
2025-10-13,1289.993408203125,1304.708161908864,1275.278654497386,1304.708161908864,7286313
2025-10-14,1280.18359375,1314.5180196360154,1275.2786757662836,1304.7081836685825,5520842
2025-10-15,1289.993408203125,1304.708161908864,1275.278654497386,1299.803244006951,4146372
2025-10-16,1304.708251953125,1314.5180884339754,1294.8984154722743,1294.8984154722743,3748755
2025-10-17,1304.708251953125,1334.1377613956765,1299.8033337126997,1314.5180884339754,6827509
2025-10-20,1314.51806640625,1319.4229845644822,1299.803311931553,1309.6131482480178,3287582
2025-10-21,1314.51806640625,1329.2328208809467,1309.6131482480178,1324.3279027227145,3905400
2025-10-22,1304.708251953125,1319.4230066744008,1299.8033337126997,1309.61317019355,3704329
2025-10-23,1270.373779296875,1304.7082057643581,1265.4688612300915,1299.8032876975747,7752802
2025-10-27,1309.6131591796875,1314.5180773788625,1285.0885681838133,1294.898404582163,5678203
2025-10-28,1289.993408203125,1309.6130798107772,1285.088490301212,1304.708161908864,4800134
2025-10-29,1275.2786865234375,1304.7081946739784,1275.2786865234375,1280.1836045485277,7886343
2025-10-30,1285.0885009765625,1299.8032548045383,1275.278665091245,1280.183583033904,5190139
2025-10-31,1285.0885009765625,1299.8032548045383,1265.468829205928,1275.278665091245,7057671
2025-11-03,1275.2786865234375,1299.8032766488882,1255.659014423077,1285.0885225736179,10235098
2025-11-04,1289.993408203125,1289.993408203125,1260.5639007916468,1265.4688186935598,6324011
2025-11-05,1304.708251953125,1304.708251953125,1260.5639877892975,1270.373824270148,6722398
2025-11-06,1265.4688720703125,1304.7082169407097,1265.4688720703125,1294.8983807231104,7307681
2025-11-07,1236.039306640625,1270.3737318250867,1236.039306640625,1260.5638960580977,7288497
2025-11-10,1226.2294921875,1236.0393281249999,1226.2294921875,1226.2294921875,5195821
2025-11-11,1216.419677734375,1245.8491860666584,1216.419677734375,1226.2295138451361,5414867
2025-11-12,1221.3245849609375,1236.0393389966116,1216.4196669490461,1216.4196669490461,4199743
2025-11-13,1221.3245849609375,1231.1344209847202,1211.514748937155,1216.4196669490461,2865882
2025-11-14,1206.60986328125,1231.1344539983486,1201.7049451378302,1206.60986328125,4154705
2025-11-17,1206.60986328125,1226.2295358549288,1201.7049451378302,1206.60986328125,4804227
2025-11-18,1147.7508544921875,1196.8000363080928,1147.7508544921875,1196.8000363080928,9021735
2025-11-19,1137.9410400390625,1172.2754679712755,1128.1312034870016,1128.1312034870016,6293318
2025-11-20,1162.465576171875,1182.0852483435522,1147.750822043117,1157.5606581289558,7131739
2025-11-21,1123.2261962890625,1133.0360320645127,1108.511442625887,1108.511442625887,7293277
2025-11-24,1128.131103515625,1147.7507748811142,1123.2261856742527,1133.0360213569973,9436199
2025-11-25,1162.465576171875,1182.0852483435522,1152.6557400860365,1152.6557400860365,6872636
2025-11-26,1275.2786865234375,1275.2786865234375,1191.895080096905,1196.7999981219953,11771497
2025-11-27,1314.51806640625,1343.9475753556437,1299.803311931553,1334.137739039179,19171766
2025-11-28,1368.47216796875,1383.1869224630377,1339.0426589801748,1348.8524953096999,17773470
2025-12-01,1417.5213623046875,1422.4262805133542,1373.3770984266869,1392.9967712613538,19274425
2025-12-02,1388.091796875,1432.236058966431,1383.186878864841,1417.521304935954,11326485
2025-12-03,1373.3770751953125,1407.7115020751953,1373.3770751953125,1378.28199332101,9738032
2025-12-04,1378.281982421875,1388.0918185956962,1358.6623100742327,1378.281982421875,6241494
2025-12-05,1397.901611328125,1417.5212830660635,1378.2819395901863,1392.9966933936403,7682537
2025-12-08,1412.616455078125,1412.616455078125,1378.2820273505315,1402.8066185845269,5746578
2025-12-09,1392.9967041015625,1412.616375990317,1388.091786129374,1407.7114580181283,4993367
2025-12-10,1432.236083984375,1432.236083984375,1397.9016573135166,1407.7114935051904,8224726
2025-12-11,1368.47216796875,1422.426267781138,1368.47216796875,1417.5213496163756,8965596
2025-12-12,1378.281982421875,1388.0918185956962,1353.757391987322,1363.5672281611432,5029971
2025-12-15,1392.9967041015625,1422.426211934694,1358.6622782962422,1358.6622782962422,9540796
2025-12-16,1392.9967041015625,1422.426211934694,1388.091786129374,1392.9967041015625,8922061
2025-12-17,1397.901611328125,1427.331118935033,1397.901611328125,1407.7114471970942,8490679
2025-12-18,1392.9967041015625,1417.5212939625055,1388.091786129374,1397.9016220737512,5247800
2025-12-19,1383.1868896484375,1417.5213159872285,1383.1868896484375,1412.6163979388298,8034656
2025-12-22,1373.3770751953125,1407.7115020751953,1363.5672389439173,1402.8065839494977,5675053
2025-12-23,1363.5672607421875,1378.2820153545133,1353.7574243339702,1378.2820153545133,5114619
2025-12-24,1353.7574462890625,1373.3771194236865,1353.7574462890625,1368.4722011400306,3022674
2025-12-26,1358.662353515625,1368.4721900031025,1353.7574352718864,1363.5672717593636,3000352
2025-12-29,1392.9967041015625,1397.9016220737512,1353.7573603240537,1363.567196268431,6343754
2025-12-30,1392.9967041015625,1402.8065400459398,1373.3770322128082,1378.2819501849967,4276067
2025-12-31,1402.8065185546875,1422.426190142865,1388.0917648635543,1392.9966827605988,6354048
2026-01-02,1442.0458984375,1466.5704885469813,1412.6163903061224,1422.426226349915,11449412
2026-01-05,1496.0,1500.9049180327868,1466.5704918032786,1481.2852459016394,13343442
2026-01-06,1485.0,1505.0,1480.0,1505.0,7914854
2026-01-07,1490.0,1505.0,1475.0,1490.0,7065696
2026-01-08,1445.0,1500.0,1435.0,1495.0,8133244
2026-01-09,1420.0,1460.0,1415.0,1455.0,7989973
2026-01-12,1445.0,1450.0,1425.0,1445.0,4084929
2026-01-13,1485.0,1485.0,1450.0,1455.0,9900355
2026-01-14,1500.0,1500.0,1480.0,1485.0,6058106
2026-01-15,1490.0,1500.0,1465.0,1500.0,7795923
2026-01-16,1505.0,1525.0,1490.0,1500.0,10170235
2026-01-19,1485.0,1510.0,1465.0,1510.0,5649790
2026-01-20,1485.0,1500.0,1470.0,1480.0,5623268
2026-01-21,1465.0,1495.0,1450.0,1470.0,8433519
2026-01-22,1485.0,1525.0,1465.0,1495.0,7732602
2026-01-23,1630.0,1630.0,1525.0,1525.0,21949189
2026-01-26,1770.0,1790.0,1720.0,1740.0,23813770
2026-01-27,1775.0,1820.0,1750.0,1755.0,11706065
2026-01-28,1780.0,1800.0,1740.0,1755.0,9806198
2026-01-29,1780.0,1815.0,1770.0,1780.0,9803415
2026-01-30,1760.0,1775.0,1735.0,1770.0,10669850
2026-02-02,1705.0,1740.0,1685.0,1715.0,8793337
2026-02-03,1795.0,1805.0,1720.0,1740.0,11037015
2026-02-04,1800.0,1810.0,1740.0,1760.0,11261034
2026-02-05,1770.0,1800.0,1740.0,1750.0,15699947
2026-02-06,1710.0,1755.0,1690.0,1745.0,10786108
2026-02-09,1830.0,1870.0,1760.0,1760.0,11613075
2026-02-10,1845.0,1865.0,1820.0,1860.0,10813438
2026-02-11,1855.0,1865.0,1795.0,1795.0,8232637
2026-02-23,1795.0,1880.0,1790.0,1880.0,15948909
2026-02-24,1825.0,1825.0,1795.0,1810.0,6740003
2026-02-25,1870.0,1870.0,1830.0,1840.0,7857623
2026-02-26,1945.0,1975.0,1850.0,1895.0,13692370
2026-03-02,1900.0,1945.0,1880.0,1945.0,8811661
2026-03-03,1815.0,1910.0,1815.0,1900.0,9621376
2026-03-04,1720.0,1780.0,1715.0,1760.0,11024269
2026-03-05,1775.0,1800.0,1750.0,1760.0,7826693
2026-03-06,1765.0,1790.0,1735.0,1745.0,4418206
2026-03-09,1665.0,1665.0,1610.0,1620.0,11475137
2026-03-10,1705.0,1730.0,1685.0,1730.0,5273491
2026-03-11,1765.0,1780.0,1720.0,1760.0,5783121
2026-03-12,1785.0,1815.0,1735.0,1745.0,6354849
2026-03-13,1720.0,1745.0,1720.0,1730.0,6467628
2026-03-16,1710.0,1740.0,1710.0,1720.0,4423319
2026-03-17,1730.0,1740.0,1715.0,1730.0,4260491
2026-03-18,1730.0,1745.0,1725.0,1730.0,6009078
2026-03-19,1680.0,1705.0,1665.0,1700.0,6764438
2026-03-20,1700.0,1715.0,1655.0,1685.0,7874444
2026-03-23,1625.0,1645.0,1600.0,1630.0,6372639
2026-03-24,1620.0,1665.0,1600.0,1655.0,5324085
2026-03-25,1620.0,1665.0,1620.0,1665.0,5839950
2026-03-26,1590.0,1640.0,1590.0,1610.0,7031916
2026-03-27,1585.0,1585.0,1545.0,1560.0,6833766
2026-03-30,1510.0,1555.0,1505.0,1540.0,7235491
2026-03-31,1490.0,1540.0,1490.0,1525.0,10218910
2026-04-01,1465.0,1550.0,1460.0,1550.0,10756280
2026-04-02,1465.0,1510.0,1445.0,1500.0,8691522
2026-04-07,1470.0,1480.0,1430.0,1480.0,6910617
2026-04-08,1580.0,1585.0,1505.0,1520.0,12976420
2026-04-09,1575.0,1600.0,1550.0,1600.0,8061675
2026-04-10,1575.0,1605.0,1570.0,1600.0,5381936
2026-04-13,1620.0,1665.0,1620.0,1645.0,8802674
2026-04-14,1720.0,1745.0,1640.0,1645.0,11909857
2026-04-15,1790.0,1845.0,1770.0,1805.0,20848384
2026-04-16,1895.0,1930.0,1810.0,1850.0,16504496
2026-04-17,1925.0,1955.0,1885.0,1930.0,15450213
2026-04-20,1900.0,1965.0,1895.0,1960.0,11027820
2026-04-21,2090.0,2090.0,1925.0,1930.0,17347421
2026-04-22,2295.0,2295.0,2110.0,2120.0,23044579
2026-04-23,2215.0,2335.0,2170.0,2325.0,28172336
2026-04-24,2435.0,2435.0,2330.0,2340.0,21684950
2026-04-27,2435.0,2575.0,2410.0,2470.0,23842383
2026-04-28,2615.0,2675.0,2485.0,2490.0,22923298
2026-04-29,2575.0,2595.0,2500.0,2550.0,11761568
2026-04-30,2610.0,2685.0,2565.0,2665.0,16785387
2026-05-04,2870.0,2870.0,2870.0,2870.0,3450749
2026-05-05,3155.0,3155.0,3155.0,3155.0,8515330
2026-05-06,3430.0,3470.0,3155.0,3470.0,36338977
2026-05-07,3420.0,3430.0,3295.0,3430.0,7619708
2026-05-08,3630.0,3670.0,3320.0,3320.0,8599780
2026-05-11,3880.0,3985.0,3565.0,3575.0,7943859
2026-05-12,3700.0,3910.0,3700.0,3835.0,9538278
2026-05-13,3495.0,3680.0,3400.0,3625.0,8651831
2026-05-14,3405.0,3590.0,3385.0,3585.0,6305692
2026-05-15,3260.0,3555.0,3200.0,3425.0,6680609
